12221	
	1.402621235e-31	0.07146684193	5.604868873e-31	0.1429422474	0.07139102652
	0.1431264625	0.3571717238	0.07127373539	3.051411526e-31	6.689497053e-31
	0.5707481256	0.9265881056	0.3568447728	0.5703890769	0.1433463031
	0.3569116759	0.07138819743	0.1430110088	0.07148774799	3.663105426e-31
	7.936100246e-31	1.281227849	0.9263479508	1.281388698	1.778095456
	0.5705138579	0.9265868286	0.570599559	0.3571090924	0.1430146659
	0.1431541131	0.3569461289	0.07129450023	4.317041788e-31	0.07132645621
	9.382885312e-31	2.272603526	2.908258347	1.777943693	2.272485843
	1.281245765	0.9265211925	1.28132564	1.778098435	0.5707308925
	0.5706125361	0.3569142659	0.9264660859	0.1430655899	0.1430528074
	0.07135897563	0.3570042774	5.084288601e-31	0.07135842346	1.101198838e-30
	3.540414591	4.312592115	2.90813752	3.540335316	2.272569594
	2.90826122	2.272509349	1.778003391	1.778055093	0.9265397797
	1.281374141	1.281320247	0.5706757552	0.9264649907	0.5706346323
	0.356909994	0.3569318234	0.1431051183	0.1430025805	0.07137246896
	1.282451739e-30	5.951881456e-31	0.07139822343	5.079776615	5.985549369
	4.312499184	5.079711306	3.540388172	4.312590834	3.540346238
	2.908176383	2.272590802	2.908238359	1.778036906	2.272571234
	1.281359331	1.777992907	1.281440068	0.9264657134	0.356969353
	0.5706155157	0.5706160478	0.9265136556	0.143000905	0.3569134401
	0.07139163637	0.1429897564	6.900339492e-31	1.480298658e-30	0.07140375903
	6.884541059	6.884595561	7.920521598	5.985471256	5.07975013
	5.985546746	5.079725165	4.312529809	3.540417776	4.31257985
	2.908183211	3.540378589	2.272587832	2.908192505	2.272653005
	1.778044262	1.281368999	1.281390084	1.778008461	0.9264614983
	0.5706676878	0.3569342321	0.9264746055	0.570596804	0.1429253965
	0.3569464607	0.07142326457	0.1429330359	0.07142305601	7.921577237e-31
	1.690311282e-30	8.947743184	10.10987213	7.920456693	8.947693846
	6.884551782	5.985501283	6.884571991	7.920518237	5.079779554
	5.985534922	4.312519444	5.079748356	3.540415078	4.312554629
	3.540434322	2.908213716	2.272652872	2.272613349	2.908172414
	1.77800052	1.28136525	1.281362222	1.778029449	0.9264997818
	0.3569093049	0.5706197755	0.926458643	0.5706172566	0.1428810698
	0.1429265893	0.3569221612	0.07143102431	8.994180386e-31	0.0714394927
	1.907014552e-30	11.26107723	12.54495836	10.10981662	11.26103193
	8.947722013	10.10986884	8.947704179	7.920484052	7.920507131
	5.985489249	6.884573301	6.884595015	4.312540771	5.079786633
	5.985521673	5.079775348	3.540467361	3.540417761	4.312527775
	2.908202813	2.272611893	2.272627805	2.908189001	1.778002471
	1.28140278	1.281360016	1.778002965	0.9264755964	0.9264833518
	0.5705901512	0.3569250521	0.5705828539	0.1428815641	0.07143159443
	0.1428685953	0.3568992217	0.07143681649	2.122924011e-30	1.007733343e-30
	13.81547125	15.21616771	12.54491035	13.81542876	11.26105837
	12.54495524	11.26104113	10.10984177	8.947741207	10.10985794
	7.920474207	8.947724758	5.985494706	6.884605679	7.920497089
	6.884589936	4.31255587	5.079803843	5.079781362	5.985506643
	3.540452074	3.540439096	2.908176352	4.312521559	2.272620984
	2.272614369	2.908193451	1.778021502	1.281381682	1.777994118
	0.9264579935	1.281378246	0.9264699782	0.5705659871	0.3569079116
	0.5705978528	0.1428413048	0.3569046445	0.07143871718	0.1428394717
	2.32790353e-30	1.113026963e-30	0.07143784587	16.60084934	18.1129547
	15.2161252	16.60080929	13.81545409	15.21616484	13.81543745
	12.54493319	11.26107508	12.54494521	10.10983413	11.26106073
	8.947750401	10.10984874	8.947738472	7.920473365	5.985510789
	6.884601598	6.88460566	7.920491427	4.312539466	5.079819671
	5.07978927	5.985489156	2.908183382	3.540429316	3.540444545
	4.31253497	2.272642006	2.272621468	2.908174124	1.778002571
	1.778006314	0.9264731973	1.281361692	1.281372438	0.5705754427
	0.9264531161	0.3568853135	0.5705666495	0.142833455	0.1428155106
	0.3568892124	0.07143813851	2.511008346e-30	1.210357097e-30	0.07144014756
	19.60622541	21.22388338	18.11291645	19.60618723	16.60083361
	18.11295197	16.60081736	15.21614623	13.8154694	15.21615544
	12.54492671	13.81545593	10.10983233	11.26108214	12.54493638
	11.26107424	8.947740713	8.947754567	10.109847	7.920479809
	7.920478382	6.88462283	6.884604219	5.985514899	5.985489772
	4.312524107	5.079802935	5.0798054	4.312532085	3.54044359
	3.540438704	2.908190179	1.777992381	2.272626513	2.272637234
	2.908171832	1.777995396	1.281378402	1.281364879	0.926464919
	0.5705445454	0.5705493448	0.9264593373	0.3568833146	0.1428079397
	0.07143403642	0.3568693296	0.142814269	2.661175005e-30	1.293781889e-30
	0.07143562308	22.81974589	24.53667212	21.22384829	22.81970941
	19.60621071	21.22388083	19.60619496	18.11293594	16.60084779
	18.1129433	15.21614042	16.60083475	13.81547519	15.21614719
	13.81546896	12.54492578	11.26107387	11.26108705	12.54493511
	10.10983191	8.947752875	8.947753656	10.10984123	7.92049052
	6.88462857	6.884614461	7.920468009	5.985498752	5.985498459
	5.079806709	4.312531355	5.07979301	2.90817479	3.540454297
	3.540449341	4.312519051	2.908176816	2.272623057	2.272634316
	1.77800066	1.281372368	1.281370773	0.926450792	1.777984587
	0.5705389365	0.926453173	0.5705282873	0.3568716743	0.142793245
	0.3568633887	0.07143388918	0.1427955219	0.07143299393	2.767933022e-30
	1.358030295e-30	26.22873656	28.03824278	24.53663962	26.22870144
	22.81973215	24.53666972	22.81971662	21.22386659	19.60622404
	21.2238726	18.11293045	19.60621143	15.21614004	16.60085291
	18.11293566	16.60084726	13.81546906	13.81547902	15.21614575
	12.54492322	11.26107711	11.26108923	12.54493372	10.10983852
	8.947768567	8.947756007	7.920487439	10.10983024	6.884615187
	7.920471665	6.884625126	5.985491009	5.079806277	5.985492976
	4.312530774	5.07980696	2.908169872	4.312519726	3.540445145
	3.540459757	2.272635255	2.272636498	2.908167774	1.777993654
	1.281357069	0.9264519641	1.281368011	1.777987302	0.9264410969
	0.5705232819	0.3568554305	0.570518365	0.1427833776	0.07143274644
	0.1427860717	0.3568528946	0.07143226549	1.398693133e-30	2.8233898e-30
	29.81971824	29.81975208	31.71477157	28.03821219	26.22872352
	28.03824052	26.22870837	24.53665682	22.81974462	24.53666204
	21.22386145	22.81973231	19.60622887	21.22386557	19.60622309
	18.11293035	15.21613766	16.60084808	16.6008559	18.11293397
	13.81546862	13.81548265	15.21614552	12.54492407	11.26108963
	11.26108915	12.54492747	10.10984395	8.94776837	8.947766069
	10.10982529	7.920474408	6.884613842	6.884625399	7.920475767
	5.985495599	5.079816692	5.985485366	4.312519211	5.079811955
	4.312520513	2.908172736	3.540448738	3.540460125	2.272642932
	2.272634902	1.777984497	2.908161588	0.9264468306	1.777983476
	1.281358876	1.281360209	0.5705011277	0.3568478977	0.9264381805
	0.5705041564	0.07143055405	0.1427776401	0.3568400059	0.142777202
	0.07143011014	1.412599739e-30	2.823362368e-30	33.57862919	35.55174482
	31.71474272	33.57859639	29.81972469	28.03822857	29.81973971
	31.71476945	26.22873541	28.03823316	24.53665188	26.22872331
	21.22386124	22.81974915	24.53665543	22.81974344	19.60622437
	19.60623126	21.22386405	18.11292861	18.11293375	16.6008471
	16.60085934	15.21613569	13.81547415	13.81548393	15.21614327
	12.54492956	11.2610999	11.26109404	12.54491933	10.10983726
	8.947760136	8.947772227	10.10982928	7.920471245	6.884624607
	6.884628621	7.920470461	5.985491373	4.312516701	5.079823402
	5.985486258	5.079808526	3.54046484	4.312513802	2.908166433
	3.540458818	2.90816165	2.272631612	1.777984113	2.272643919
	0.9264367458	1.281355369	1.281357669	1.777976467	0.3568398763
	0.5704887236	0.570487656	0.9264335438	0.1427706156	2.767808187e-30
	0.0714286921	0.1427677643	1.398703949e-30	0.3568324842	0.07142986005
	37.49054226	39.5340147	35.55171728	37.49051054	33.57861728
	35.55174284	33.57860262	31.71475826	31.71476256	28.03822384
	29.819739	29.81975098	24.53665175	26.2287397	28.03822701
	26.22873375	22.8197447	22.81975147	24.53665395	21.22385988
	19.60622412	19.6062341	21.22386345	18.11292596	16.60084841
	16.60086186	18.11293338	15.21613757	13.81548524	15.21613731
	13.81548542	12.54493043	11.26109742	11.2611022	12.54491785
	10.10982835	8.947763327	8.947773238	10.10983008	7.920472344
	6.884627287	6.884636766	7.92046677	5.985483739	5.079826172
	4.312515969	5.985484932	5.079814606	2.908160461	3.540471233
	4.31250999	3.540460828	2.908158647	1.777981108	2.272635881
	2.272643387	0.9264313257	1.281346466	1.77797391	1.281352996
	1.358110335e-30	0.07142952479	0.07142812376	2.660988677e-30	0.3568302932
	0.3568259026	0.1427638451	0.9264254202	0.5704748156	0.5704770765
	0.142762241	41.54006127	43.64586069	39.53398847	41.54003043
	37.49053081	39.53401281	37.49051632	35.55173223	33.57862817
	35.55173618	31.71475361	33.57861629	28.03822358	29.81975503
	31.71475675	29.81974905	26.22873512	26.22874181	28.03822574
	24.53665051	22.81974484	22.81975381	24.53665339	21.22385769
	19.60622387	19.60623712	18.11292501	21.22386334	16.60085538
	18.11293037	16.60086299	15.21614083	13.81549104	13.81549119
	15.21613229	12.54492321	11.2610942	11.26110551	12.5449206
	10.10982705	8.947770298	8.947778123	10.1098264	7.920467379
	6.884628452	6.884641402	5.985481531	7.920466535	5.079831579
	5.985480749	4.312511	5.079822175	3.540474875	2.90815826
	4.312508381	3.54046307	2.908154225	1.777975425	2.272644209
	2.27263855	1.281346015	0.9264264474	1.281341363	1.777972062
	0.07142888758	2.510811288e-30	1.293851185e-30	0.07142760717	0.1427581659
	0.3568187005	0.3568233243	0.9264189547	0.5704632123	0.5704632738
	0.1427585172	45.71121389	47.87105115	43.64583568	45.71118411
	41.5400501	43.645859	41.54003592	39.53400286	37.49054128
	39.5340065	35.5517277	37.49052942	31.7147534	33.57863207
	35.55173074	33.57862568	28.03822241	29.81975031	29.8197571
	31.71475546	24.53664855	26.22873556	26.22874397	28.03822509
	21.22385548	22.81974489	22.81975649	24.5366532	19.60622683
	21.22386248	19.60623881	18.11292714	16.60086383	16.60086608
	18.11292545	15.21613861	13.81548916	13.81549673	15.21613232
	12.54491794	11.26109861	11.26110781	12.54491989	10.10982534
	8.947773032	8.947783403	7.920462971	10.10982484	6.88463414
	6.884645763	7.920464746	5.985479	5.079836588	4.312506573
	5.985477629	5.07982695	2.908155929	4.312506213	3.540477711
	3.540468094	2.908151032	1.777971205	2.272645164	2.272638155
	0.07142719023	0.07142843046	1.21046807e-30	2.327584553e-30	1.281338432
	1.281339267	1.777968122	0.9264195741	0.3568126557	0.1427543123
	0.1427535249	0.3568181599	0.9264143066	0.5704517107	0.5704515439
	49.9875473	52.19290675	47.87102745	49.9875186	45.71120303
	47.87104961	45.71118917	43.64584959	41.54006024	43.64585291
	39.53399833	41.54004856	35.55172734	37.49054502	39.5340014
	37.49053837	33.57862693	33.57863396	35.55172965	31.71475233
	29.8197507	29.81975915	31.71475488	28.03822079	24.5366463
	28.03822469	26.22873577	26.22874646	22.81974594	22.81975881
	24.53665284	21.22385541	18.11292786	19.60623395	19.6062404
	21.22385932	16.60086679	16.60087127	18.11292304	15.21613298
	13.81548948	12.54491653	13.81549895	15.2161333	11.26110283
	11.26111248	12.54491811	10.10982148	8.94777699	8.947787204
	10.10982339	7.92046002	6.884640332	6.884650073	7.920462715
	5.985475841	0.0714283498	2.122610524e-30	1.113361661e-30	0.07142695666
	5.079831207	5.985475325	5.079841682	4.312503225	3.540479976
	4.312502724	2.908152192	3.540474203	2.272644806	1.777968948
	2.908149807	2.272637922	0.3568085587	0.1427503519	0.3568128442
	0.1427493335	1.777963459	1.28133448	1.281333571	0.5704408547
	0.5704433773	0.9264125209	0.9264086003	54.35219279	56.59436718
	52.19288455	54.35216536	49.98753666	52.19290544	49.98752324
	47.87104094	45.71121287	47.87104376	43.64584516	45.7112013
	41.5400639	43.64584806	41.54005697	39.53399786	35.55172629
	37.49053945	37.49054687	39.53400042	33.57862751	33.57863589
	35.55172901	31.71475075	29.8197512	29.81976138	28.03821868
	31.71475452	26.22874886	28.03822453	24.53664501	26.22873629
	21.22385681	22.81975004	22.81976025	24.53665125	19.6062397
	19.60624436	21.22385588	18.11292432	16.6008671	16.60087436
	18.11292313	15.21613004	13.81549291	15.21613272	13.81550218
	12.54491363	11.26110672	11.26111545	12.544917	10.10981904
	8.947781076	8.947792071	10.10982217	7.920457239	6.884647092
	6.884654023	7.920459449	5.985471833	1.008140767e-30	0.07142707896
	1.906909764e-30	0.071428168	0.3568045292	0.3568074062	0.1427469213
	0.1427464139	5.079836323	5.079845266	5.985474248	4.312501545
	3.540483966	4.312499073	3.540478088	2.90814792	2.272643104
	2.272641051	1.777965582	2.908147267	0.5704354361	0.5704328612
	0.9264075942	0.926401808	1.281329653	1.281327549	1.777961291
	58.78793287	61.05805813	56.5943465	58.78790691	54.35218231
	56.59436604	54.35216969	52.1928976	49.98754623	52.19289988
	47.8710365	49.98753496	43.64584458	45.71121638	47.87103921
	45.7112093	41.54005775	41.54006573	43.6458473	39.53399682
	39.53399977	37.49054001	37.4905487	35.55172493	33.57862802
	33.57863808	31.71474881	35.55172852	29.8197518	29.81976378
	31.71475423	28.03821676	26.22875047	28.03822377	24.53664548
	26.22873866	21.22385561	22.8197559	22.81976266	24.53664851
	18.11292109	19.60624164	19.60624815	21.22385477	16.60086908
	16.60087672	15.21612757	18.11292265	13.81549614	13.81550531
	15.21613231	12.54491161	0.07142766937	8.999855522e-31	1.690224744e-30
	0.07142707236	11.26111136	10.1098154	11.26111913	12.54491504
	8.947786792	8.947794704	10.10982134	7.920455824	6.884651202
	7.920457182	6.884659729	5.985468209	0.3568036023	0.1427445782
	0.1427439475	0.3568000181	0.5704261334	0.5704269873	0.92640243
	0.9263972622	5.079847913	5.98547084	4.312498332	5.079844406
	4.312498163	3.540480572	3.54048675	2.908146387	2.272643077
	2.90814305	1.281325232	1.281323846	1.777960381	2.272643999
	1.77795863	63.27726879	65.56636014	61.05803909	63.27724443
	58.78792251	61.05805713	58.78791095	56.59435924	54.35219172
	56.59436071	52.19289311	54.35218099	47.8710358	49.98754958
	52.19289559	49.98754262	43.64584336	45.71120985	45.71121817
	47.87103868	41.54005827	41.54006746	43.64584682	39.53399558
	37.49054066	37.49055077	35.55172316	39.53399921	33.57862857
	33.57864045	35.55172822	31.71474683	29.8197532	29.81976577
	31.7147537	28.03821633	26.2287521	28.03822174	24.53664547
	26.22874324	24.53664664	21.22385256	22.81975963	22.81976645
	21.2238541	19.60624398	19.60624978	18.11291917	15.21612515
	16.60087063	16.60088018	18.11292286	0.0714273673	7.932756735e-31
	1.480377326e-30	0.07142691999	15.21613044	13.81550127	13.81550705
	12.54490973	0.3568000081	0.1427417308	0.3567970415	0.142742131
	11.26111401	10.10981344	12.54491479	11.26112332	8.94779432
	8.947798017	10.10981786	7.920451849	7.920457039	6.884656077
	6.884662708	5.985467514	0.5704194142	0.570421885	0.9263956288
	0.9263929943	1.281320864	1.281323363	1.777957456	1.77795388
	5.079849489	4.312493945	5.985467118	5.079853345	3.540487803
	3.540487019	2.272644945	2.908144056	2.27264251	2.908141596
	4.312495644	67.80248938	70.10147814	65.56634283	67.80246679
	63.27725849	65.56635924	63.27724825	61.05805161	58.78793176
	61.05805195	56.59435467	58.78792191	52.19289236	54.35219492
	56.59435669	54.35218821	49.98754292	49.98755132	52.1928952
	47.87103443	45.71121018	45.7112199	47.87103841	43.6458421
	41.54005918	41.54006938	39.53399398	43.6458462	37.49054131
	37.4905531	39.53399889	35.55172111	33.57862967	33.57864266
	35.55172787	31.71474569	29.8197565	29.81976711	31.7147523
	28.03821673	26.22875526	28.03821968	24.53664331	26.22874731
	22.8197686	21.22385125	24.53664563	22.8197623	18.11291587
	19.60624595	19.60625261	21.22385323	16.60087413	16.6008814
	18.11292295	15.21612497	0.07142706027	6.914163913e-31	1.283076702e-30
	0.07142699328	0.3567943719	0.3567954876	0.1427405641	0.1427401399
	15.21612865	13.81551094	13.81550467	12.54490615	0.9263873322
	0.5704152427	0.9263905186	0.5704181239	10.10981311	11.26111981
	12.5449139	11.2611246	8.94779744	8.947803483	10.10981607
	7.920448684	7.920453515	6.884664954	6.884665231	5.985464379
	1.777954483	1.281319029	1.281319508	1.777951196	2.908139475
	2.908139713	2.272645431	2.272644298	5.079852958	5.985466687
	4.312492841	5.079856931	3.540492014	4.31249145	3.54049178
	72.34574084	74.64551185	70.10146268	72.34572013	67.80247913
	70.10147731	67.80247043	65.56635522	63.27726761	65.56635413
	61.05804697	63.27725902	58.78793487	61.0580482	58.7879287
	56.5943538	52.1928909	54.35218829	54.3521965	56.59435649
	49.98754288	49.98755307	52.19289517	47.87103304	45.71121112
	45.71122172	43.64584074	47.87103784	41.54006005	41.54007162
	43.64584569	39.53399194	37.49054226	37.49055545	39.53399867
	35.55171946	33.57863224	33.57864416	35.5517269	31.71474583
	29.81976058	29.81976929	31.71475033	28.03821546	26.22875819
	24.53664193	28.03821875	26.22875002	22.81976999	24.53664388
	21.22384922	22.81976566	5.967579356e-31	1.102022971e-30	0.07142687751
	0.07142642682	18.11291482	21.22385411	19.60624636	19.60625542
	15.21612273	16.60087991	16.60088279	18.11292021	0.1427392182
	0.3567909418	0.3567919894	0.142740118	0.9263831315	0.57041254
	0.9263859097	0.5704136975	12.54490572	13.81550651	13.81551363
	15.21612939	1.777948807	1.281316496	1.281318494	1.777949361
	10.10980939	11.26112649	11.26112778	12.54491042	8.947801941
	10.1098161	7.920448942	8.947805548	6.884671029	5.985460244
	6.884669589	7.920449989	2.272646164	2.908137318	2.90813581
	2.272648482	3.540495287	3.540494153	5.079860802	5.079859025
	4.312490486	4.31249028	5.985463917	76.8890971	79.18052641
	74.64549821	76.8890782	72.34573066	74.64551097	72.34572374
	70.10147498	67.80248813	70.10147221	65.56635059	67.80248115
	61.05804596	63.27727063	65.56635056	63.27726543	58.78792846
	58.78793629	61.05804822	56.59435232	56.59435661	54.35218796
	54.35219822	52.19288929	49.98754362	49.98755484	47.87103179
	52.19289485	45.71121229	45.71122377	47.87103716	43.64583893
	41.54006083	41.54007409	43.64584547	39.53398995	37.49054429
	37.49055733	39.53399799	35.55171907	33.57863619	33.57864559
	35.55172506	31.71474544	29.81976328	29.81977254	28.03821348
	31.71474929	24.53664167	26.22875908	28.0382172	26.22875407
	0.0714258838	5.107094457e-31	9.391618881e-31	0.07142659383	22.81977319
	21.22384615	24.53664344	22.81976638	0.3567890342	0.1427394394
	0.1427389564	0.3567881016	21.22385359	19.60625537	18.11291572
	19.60625059	18.11291892	15.21611985	16.60088147	16.60088671
	0.5704099278	0.9263794996	0.9263801477	0.5704114639	1.281315995
	1.281318628	1.77794573	1.777944881	12.54490557	13.81551276
	13.81551407	15.21612774	2.908133969	2.90813493	2.272648542
	2.272649087	11.26113222	11.26112852	10.10980732	12.54490954
	7.920446061	8.947807933	10.10981259	8.947810196	6.88467286
	6.884674397	7.920449789	5.985459784	4.312486107	3.540497158
	4.312488188	3.540499617	5.985459739	5.079864275	5.079866157
	81.41463031	83.68862333	79.18051444	81.41461302	76.88908694
	79.18052537	76.88908199	74.64551054	72.34573964	74.6455058
	70.10147039	72.34573448	65.56634945	67.80249106	70.10146868
	67.80248738	61.05804442	63.27726479	63.27727193	65.56635086
	58.78792788	58.78793784	61.05804852	56.5943506	54.35218821
	54.35220007	56.5943566	52.19288794	49.98754502	49.98755672
	52.19289411	47.87103032	45.71121324	45.71122619	47.87103673
	43.64583676	41.54006232	41.54007632	43.64584515	39.53398896
	37.4905479	37.49055859	39.53399638	35.5517193	33.5786393
	35.5517235	33.57864835	31.71474335	29.81976647	29.81977423
	31.71474853	28.03821367	26.22876086	28.03821503	24.53663895
	26.22875754	0.07142539641	4.339052642e-31	7.950643044e-31	0.07142626031
	0.3567856077	0.356785799	0.1427393771	0.1427389438	22.81977469
	24.53664477	21.22384673	22.81976688	0.5704085507	0.9263752504
	0.9263754061	0.5704106022	18.11291314	19.60625705	21.22385055
	19.60625577	15.21612098	18.11291995	16.60088299	16.60088795
	1.281317717	1.281316404	1.777942089	1.777942463	2.908132022
	2.272649871	2.272651899	2.908130649	15.21612435	12.54490228
	13.8155176	13.81551748	3.540504223	4.312484354	3.540501399
	4.312484475	11.26113344	10.10980797	12.54490907	11.26113301
	8.947813176	7.920442614	8.947813799	10.10980974	5.985458814
	6.884680507	5.079868721	5.985457523	6.884676658	5.079868428
	7.920447033	85.90448154	88.15201101	83.68861269	85.90446549
	81.41462013	83.68862198	81.4146172	79.18052695	76.88909599
	79.18052001	74.64550597	76.88909295	70.10146927	72.34574242
	74.64550225	72.3457407	67.80248631	67.8024923	70.10146917
	65.56634778	63.2772639	63.27727325	65.56635137	61.0580427
	58.78792771	58.78793968	56.59434895	61.05804873	54.35218947
	54.35220182	56.59435613	52.19288676	49.98754636	49.98755895
	52.19289338	47.87102829	45.71121426	45.71122873	47.87103656
	43.6458351	41.54006547	41.5400778	43.64584394	39.53398921
	37.49055174	37.49056041	35.55171801	39.5339944	33.57864129
	33.57865114	35.55172313	31.7147425	0.07142514645	3.663745858e-31
	6.692950437e-31	0.07142558954	29.81977163	29.81977469	31.71474607
	28.03821335	24.53663676	26.22876387	28.03821537	26.22875722
	0.1427388872	0.3567835896	0.3567827324	0.1427395807	0.5704078158
	0.9263714	0.9263714187	0.5704099899	22.8197741	24.53664333
	21.2238475	22.8197722	1.281316675	1.777939397	1.777938256
	1.281318251	18.11291137	19.60626039	21.22385028	19.60625602
	15.2161206	16.60088928	18.11291771	16.60088814	2.27265274
	2.908128747	2.908128071	2.272654824	4.312482219	4.312482891
	3.540506274	3.540505394	13.81552071	15.21612429	13.81551851
	12.5449017	5.079870969	5.985453494	5.985456735	5.079874684
	12.54490547	10.10980543	11.26113602	11.26113956	8.947815966
	6.884681883	8.947816686	7.920443254	7.920442568	6.884685162
	10.10980928	90.34093113	92.55307535	88.15200131	90.34091596
	85.90447131	88.15200934	85.90447019	83.68862555	81.41462935
	83.68861626	79.18052243	81.41462861	76.88909872	79.18051634
	76.88909926	74.64550494	70.10146743	72.34573945	72.34574354
	74.64550277	67.80248494	67.80249341	70.10147004	65.56634608
	63.27726338	63.27727494	61.05804085	65.56635174	58.78792839
	58.78794153	61.05804864	56.59434774	54.3521913	54.35220375
	56.59435517	52.19288512	49.98754732	49.98756154	52.19289311
	47.87102614	45.71121656	45.71123068	47.87103595	43.64583492
	41.54006979	41.54007909	39.53398904	43.64584174	37.49055383
	37.49056341	39.53399348	35.55171595	0.07142775571	0.07142505086
	3.077742963e-31	5.607414184e-31	33.57864561	33.57865171	35.5517219
	31.71474377	0.142737385	0.3567811111	0.3567798988	0.1427410422
	29.8197741	29.81977707	31.71474412	28.03821032	28.03821634
	26.22876415	24.53663852	26.22875866	0.5704080508	0.9263677835
	0.9263677401	0.5704094426	1.281317678	1.281319207	1.777936288
	1.777935079	22.81977628	24.5366405	21.22384468	22.81977609
	2.272655574	2.272656462	2.908125503	2.908126879	18.11291316
	19.60626047	21.22385105	19.60625826	18.11291506	15.21611777
	16.60089248	16.6008915	4.312481067	4.312478243	3.540510558
	3.540508036	5.079879216	5.985452289	5.079875749	5.985453015
	15.21612347	12.54490231	13.81552315	13.81552127	7.920440651
	6.884687227	7.920442224	6.884685872	12.54490364	11.26114035
	10.10980317	11.26114171	8.947822865	8.947818354	10.1098065
	94.70646896	96.87444854	92.55306602	94.70645402	90.3409209
	92.55307321	90.34092131	88.15201459	85.9044807	88.15200311
	83.68862115	85.90448239	79.18052151	81.41463214	83.68861239
	81.41463517	76.88909801	76.88909968	79.18051677	74.64550314
	74.64550387	72.3457375	72.34574459	70.10146561	67.80248416
	67.80249475	65.5663442	70.10147059	63.27726343	63.27727683
	65.56635202	61.05803931	58.7879302	58.78794324	61.05804791
	56.59434666	54.35219264	54.35220622	56.59435445	52.19288288
	49.98754879	49.98756397	52.1928929	47.87102508	45.71122086
	45.71123185	43.64583547	47.87103409	41.54007296	39.5339871
	41.5400814	43.64583999	5.9365879e-31	0.07142445315	0.07142344696
	2.806125697e-31	37.49055605	39.53399326	37.49056533	35.55171652
	0.142737885	0.3567786966	0.3567793431	0.1427391978	33.57865108
	33.57865238	35.5517188	31.71474274	0.5704071286	0.9263656657
	0.9263642102	0.5704082347	28.03820958	29.81977335	29.81977931
	31.71474514	26.22876377	28.03821408	24.53663866	26.22876426
	1.281320498	1.777933845	1.281318339	1.777932126	2.908124721
	2.272657747	2.27265946	2.908122071	22.81977874	21.22384423
	24.53664097	22.8197756	3.540512089	4.312477733	4.312476316
	3.540514245	19.60626096	18.11291221	21.22384832	19.60626404
	18.11291547	16.60089355	16.60089317	15.2161181	5.079880081
	5.9854505	5.07988095	5.985451481	7.920440255	6.884692097
	7.920437482	6.884688528	12.54489982	15.21612027	13.81552394
	13.81552822	8.947822899	8.94782618	11.26114458	10.10980321
	12.54490321	11.26114233	10.10980372	98.98384529	98.98386075
	101.099076	96.87443892	94.70645869	96.87444586	94.70646019
	92.55307984	90.34093059	92.5530664	88.15201044	90.34093439
	83.68862028	85.90448368	88.15199876	85.90448948	79.18051985
	81.41463412	81.41463295	83.68861267	76.88909577	76.88910059
	79.18051795	74.64550113	72.34573615	72.34574563	70.10146389
	74.64550484	67.8024837	67.80249657	70.101471	65.56634231
	63.27726467	63.27727857	65.56635176	61.05803836	58.78793233
	58.78794525	61.0580468	56.59434481	54.35219358	54.3522089
	56.59435439	52.19288102	49.98755215	49.98756558	52.19289173
	47.87102566	45.71122538	45.71123339	47.87103154	43.6458346
	41.54007444	41.54008413	43.64583969	39.53398584	7.48049904e-31
	0.07141598555	0.07142152454	3.43849181e-31	0.1427460352	0.1427362664
	0.3567809138	0.3567794657	37.4905615	37.49056529	39.53399126
	35.55171803	0.5704026608	0.9263640384	0.9263605964	0.570408768
	33.57865219	33.57865512	31.71473999	35.55171754	1.281321347
	1.281319231	1.777931143	1.777929519	29.81977617	31.71474526
	29.81977877	28.0382117	26.22876617	24.53663612	28.03821202
	26.22876658	2.272661812	2.272660525	2.908121656	2.90812017
	3.540515912	4.312475876	3.540515865	4.31247455	21.22384608
	22.81977819	24.53664113	22.81977857	5.079882915	5.985449925
	5.985447177	5.079884656	21.22384653	19.60626408	18.11291013
	19.60626562	18.11291414	16.60089396	16.60089768	15.21611832
	7.920436414	7.920437391	6.884692812	6.884695787	8.947828125
	10.10980121	10.10980296	8.947826136	13.81552944	15.21611925
	12.54489839	13.81552731	11.26114956	11.26114472	12.54490066
	103.1562186	105.2102899	101.0990651	103.1562017	98.98385247
	96.87445335	98.98385035	101.0990727	94.7064688	96.87443844
	92.55307588	94.70647436	88.15200977	90.34093374	92.55306148
	90.34094238	85.90448864	85.90448457	88.15199881	83.68861885
	81.4146319	81.41463368	83.68861364	79.18051781	76.88909374
	76.88910149	74.64549931	79.18051928	72.34573547	72.34574698
	74.64550545	70.10146191	67.80248396	67.80249844	70.10147135
	65.56634109	63.27726703	63.27728023	65.56635065	61.05803729
	58.78793353	58.78794793	61.05804619	56.59434241	54.3521958
	54.352211	52.19288079	56.59435401	49.9875573	49.98756661
	52.19288928	47.87102614	45.71122761	45.71123607	47.87103025
	43.64583255	4.095319466e-31	8.885255145e-31	0.07142798875	0.07142641311
	41.54007764	41.54008512	43.64583906	39.5339875	0.1427629055
	0.1427364589	0.356766119	0.3567661048	0.5704178846	0.9263571113
	0.9263627319	0.5704115739	37.49056642	37.49056649	35.55171622
	39.53398811	1.281319471	1.281318962	1.777929613	1.777927728
	33.57865182	35.55171884	33.57865634	31.71474067	2.272662395
	2.908119868	2.272662804	2.908118556	29.8197812	29.81977906
	31.71474259	28.03821103	24.53663668	28.03821278	26.22876765
	26.2287662	3.540518309	4.312474314	3.540518912	4.312471692
	5.985447274	5.985445415	5.079886645	5.079888238	24.5366384
	21.22384466	22.81977912	22.81978336	6.884696588	7.920434652
	6.884697511	7.920436169	19.60626518	21.22384711	19.6062664
	18.11291102	16.60089666	18.11291152	15.21611608	16.60090105
	8.947832095	8.947828654	10.10979875	10.10980118	11.26115169
	13.81552879	13.81553213	15.21611863	12.54489832	11.26114849
	12.54489873	107.2070761	109.1918737	105.2102772	107.2070572
	103.156208	105.2102861	103.1562098	101.0990804	101.0990645
	96.87444955	98.9838678	98.98386107	94.70647222	96.87443281
	94.70648344	92.55307549	88.15200838	90.34094217	90.34093485
	92.55306104	85.90448673	85.90448505	88.15199963	83.68861706
	81.41462929	81.41463452	79.18051581	83.68861512	76.88909247
	76.88910243	79.18052024	74.64549756	72.34573506	72.34574886
	74.64550596	70.10146006	67.8024859	67.8024999	70.10147085
	65.56634045	63.27726914	63.27728239	65.56634951	61.0580352
	58.78793452	58.78795059	56.59434114	61.05804627	54.35220037
	54.35221227	56.59435209	52.19288184	49.98756152	49.98756848
	52.19288676	47.87102461	4.848765061e-31	1.049576924e-30	0.07142070842
	0.07141905636	45.7112291	45.71123814	47.87103032	43.64583254
	0.1427316224	0.1427457025	0.356772396	0.3567841374	41.54008362
	41.54008509	39.53398853	43.64583633	0.5704028671	0.9263545619
	0.5704154882	0.9263522326	1.281326008	1.28132693	1.777924581
	1.777927961	37.49056649	37.49056914	39.5339876	35.55171425
	2.272663864	2.272663482	2.908118887	2.908116457	33.57865551
	33.57865582	35.55171799	31.71474239	4.31246996	3.540520764
	4.312472046	3.540521693	29.81978217	29.81978131	31.71474153
	28.03820921	24.53663808	26.22876709	28.03821224	26.22876958
	5.079890093	5.079890126	5.98544565	5.985443894	6.884700612
	6.884699219	7.920434779	7.920431985	24.53663738	21.2238433
	22.81978384	22.81978178	8.947832267	10.10979784	8.947834749
	10.10979902	21.22384548	18.11291068	19.60626566	19.60627054
	15.21611535	16.60090167	18.11291118	16.6008991	12.54489805
	12.54489642	11.26115105	11.26115331	13.81553115	15.21611644
	13.81553566	111.1204348	113.0281122	109.1918583	111.1204132
	107.2070653	109.1918695	107.2070661	105.2102932	103.1562192
	105.2102772	101.0990768	103.1562265	98.98386496	101.0990582
	98.98387797	96.87444953	94.70648416	94.70647366	96.8744316
	92.55307429	92.55306149	90.34094059	90.3409354	88.15200687
	85.90448426	85.90448565	83.68861485	88.15200083	81.41462724
	81.41463515	83.68861669	79.18051412	76.88909169	76.88910385
	79.18052092	74.64549554	72.34573561	72.34575061	74.64550622
	70.10145931	67.80248877	67.80250152	70.10146931	65.56633919
	63.27727013	63.27728514	61.05803286	65.56634925	58.7879377
	56.59434187	58.78795221	61.05804558	54.35220581	54.35221345
	52.19288196	56.59434916	49.987563	49.98757121	52.19288592
	47.87102298	5.70668169e-31	1.231556417e-30	0.07141984545	0.07142032026
	0.1427399068	0.1427417513	0.3567723571	0.3567665499	45.71123357
	45.71123837	47.87102899	43.64583461	0.9263609131	0.5704104706
	0.9263522467	0.5704093446	41.54008734	41.54008676	43.64583377
	39.53398635	1.281325986	1.281321272	1.777921805	1.777922934
	2.272669777	2.908116268	2.272669755	2.908114799	37.49056697
	37.49056951	35.55171591	39.53398868	3.540523291	3.540522529
	4.31246888	4.312470673	33.57865971	33.57865658	35.55171535
	31.71474108	5.079892379	5.985444456	5.985441656	5.079892226
	29.81978249	29.81978193	28.03821027	31.71474217	24.53663647
	26.22877309	26.22876834	28.03820998	6.884703451	6.884702284
	7.920430579	7.920432637	10.10979629	8.9478361	8.947835353
	10.10979796	24.53663784	22.81978233	22.81978482	21.22384433
	12.54489652	12.54489464	11.26115336	11.26115617	19.60627246
	21.22384349	18.11290873	19.60626829	16.60090025	16.60090418
	13.81553687	15.21611531	15.21611497	18.11291038	13.81553408
	114.8808376	116.7038733	113.0280936	114.8808125	111.1204237
	113.0281075	111.1204226	109.1918751	107.2070772	109.1918597
	105.2102897	107.2070842	103.1562237	105.2102701	103.1562381
	101.0990768	96.87444862	98.98388009	98.98386666	101.0990563
	92.55307297	94.70648322	94.70647454	96.87443158	90.34093846
	90.34093575	92.55306235	88.15200501	85.90448135	85.90448636
	88.15200254	83.68861291	81.41462617	81.41463592	83.68861762
	79.18051225	76.88909131	76.88910564	79.18052169	74.64549397
	72.34573824	72.34575175	74.64550541	70.10145905	67.80249047
	70.10146823	67.80250398	65.56633687	63.27727148	63.27728757
	65.56634926	61.05803238	58.78794346	58.78795312	61.05804291
	56.59434302	54.35220932	54.35221554	56.59434711	52.19288015
	6.668133383e-31	1.433874425e-30	0.07141932184	0.07141913861	49.98756494
	49.98757255	47.87102421	52.19288596	0.1427436276	0.1427425491
	0.3567666576	0.3567670469	0.570405194	0.5704103559	0.9263525087
	0.9263522039	45.7112393	45.71123884	47.87102579	43.64583475
	1.281325269	1.281323674	1.777921634	1.777925224	41.54008712
	39.53398535	41.54008887	43.64583381	2.272671055	2.272668292
	2.908112422	2.908112341	3.540527429	4.312467961	4.312468369
	3.54052863	37.49057154	39.53398718	35.55171685	37.49056881
	5.079894273	5.985442715	5.985440328	5.079894445	33.57865974
	33.57865842	31.71474019	35.55171521	6.884704681	6.884705073
	7.92043129	7.920429435	28.03821092	29.81978579	29.81978179
	31.71474101	26.22877312	24.53663564	26.22877041	28.0382095
	8.94783756	10.1097943	8.947838321	10.1097968	11.26115617
	12.54489375	11.26115794	12.54489504	22.81978831	22.81978297
	24.53663626	21.22384352	13.81553607	15.2161132	15.21611461
	13.81553831	18.11290846	21.22384359	19.60627269	19.60627003
	18.11290856	16.60090639	16.6009026	118.4734372	120.2046562
	116.7038512	118.4734085	114.8808261	116.7038685	114.8808223
	113.0281112	111.1204364	113.0280973	109.1918717	111.1204417
	107.2070824	109.1918517	107.207097	105.21029	101.0990763
	103.1562413	103.1562261	105.2102673	98.98388045	98.983868
	101.0990552	96.87444729	96.87443213	92.55307149	94.70648177
	94.70647477	90.34093558	90.34093625	92.55306389	88.15200279
	83.68861148	85.90447921	85.90448674	88.1520042	81.41462516
	81.41463749	83.6886183	79.18051019	76.88909251	76.889107
	79.18052176	74.64549373	72.34574147	72.34575328	70.10145743
	74.64550367	67.80249109	67.80250665	70.10146854	65.56633502
	63.27727564	63.27728877	65.56634797	61.05803399	58.7879487
	56.59434252	58.78795467	61.05803964	7.725770755e-31	1.654337788e-30
	0.07141882793	0.07141883224	54.35221064	54.35221788	52.19287925
	56.59434662	0.1427416732	0.142742407	0.3567643421	0.3567660549
	49.98757041	47.87102609	49.98757234	52.19288405	0.5704079387
	0.9263489201	0.9263466831	0.5704081792	1.281324519	1.281327228
	1.777918876	1.77792146	45.71124154	45.71124078	47.87102415
	43.64583281	2.272669536	2.908112784	2.908114474	2.272671267
	41.54008855	43.64583418	39.53398728	41.54008884	4.312465435
	3.540527354	3.54053042	4.312464448	5.079898289	5.985439703
	5.079900113	5.985440758	37.49057039	37.49057423	39.53398491
	35.55171517	7.920427825	6.884705917	6.884706703	7.920430517
	33.57866097	33.57865841	35.55171558	31.71474126	10.10979312
	10.10979528	8.947840245	8.947839717	29.81978792	28.03820946
	31.71473953	29.8197832	24.53663643	28.03820964	26.22877085
	26.22877418	12.54489242	11.26115903	11.26115856	12.54489401
	13.81554009	15.21611328	13.81553824	15.21611204	24.5366348
	21.22384181	22.81978924	22.81978537	19.60627095	18.11290809
	16.60090689	19.60627497	16.6009048	21.22384276	18.11290777
	121.884041	123.5166518	120.2046304	121.8840088	118.473425
	120.2046516	118.4734184	116.7038695	114.8808396	116.7038579
	113.0281075	114.8808426	111.1204422	113.0280888	111.120456
	109.1918721	105.2102896	107.2071015	107.2070857	109.1918483
	103.1562432	103.156228	105.2102652	101.0990754	98.98387956
	98.98386883	101.099055	96.87444611	94.70647496	96.87443292
	92.55306939	94.70647961	90.34093258	90.34093656	92.55306599
	88.15200102	85.9044782	85.90448731	88.15200525	83.68860954
	81.4146246	81.41463916	83.68861933	79.18050928	76.88909571
	76.88910796	74.64549363	79.1805203	72.34574261	72.34575598
	74.64550279	70.10145479	67.80249336	67.80250842	70.10146845
	65.56633543	63.27728216	63.27728944	65.56634489	61.05803501
	8.863977944e-31	1.888813577e-30	0.07141844239	0.07141835812	58.78795113
	61.05803823	58.78795694	56.594341	0.1427412061	0.1427408264
	0.3567613093	0.3567621232	54.3522133	54.35221872	56.59434607
	52.19288121	0.5704082435	0.5704082559	0.926343091	0.9263454796
	49.98757545	52.1928808	47.87102524	49.98757337	1.281323054
	1.281327863	1.77791852	1.777917365	2.272673457	2.272673534
	2.9081096	2.908110389	45.71124176	45.71124204	47.87102459
	43.6458327	3.540529001	4.312464747	3.540532297	4.312467288
	41.54009279	41.54008859	39.5339875	43.64583255	5.985437043
	5.079900057	5.079899107	5.985438501	7.920427689	6.884710401
	7.920427625	6.884711209	37.49057376	35.55171508	37.49057187
	39.53398523	8.947841886	10.10979402	10.10979238	8.947840851
	33.57866387	33.57865884	35.55171397	31.71474104	12.54489112
	11.2611604	11.26116011	12.5448931	31.71473942	29.81978457
	28.03820894	29.81978804	28.03820845	26.22877161	26.22877675
	24.53663541	13.8155411	13.81554025	15.21611111	15.21611244
	18.11290738	16.60090826	16.60090627	18.11290609	24.53663507
	21.22384176	22.81978917	22.81978672	19.60627619	19.60627322
	21.22384123	125.099178	126.6267958	123.5166228	125.0991423
	121.8840282	123.5166474	121.8840181	120.2046494	118.4734393
	120.2046406	116.7038653	118.4734394	114.880846	116.703849
	114.8808578	113.0281079	111.1204621	111.1204464	113.0280845
	109.1918715	107.2071052	107.2070883	109.1918454	105.2102891
	103.1562438	103.1562295	105.2102639	101.0990743	98.98387804
	98.98386894	101.0990553	96.87444486	94.70647551	96.8744345
	92.55306727	94.70647609	88.15199961	90.34093064	90.34093659
	92.55306744	83.68860742	85.90447709	85.9044888	88.1520062
	81.41462671	81.41463979	79.18050969	83.68861936	76.88909857
	76.88910963	79.18051866	74.64549173	72.34574273	72.34575857
	74.64550341	70.10145385	67.80249866	67.80250931	70.10146612
	65.56633741	1.005632197e-30	2.130934008e-30	0.07141755827	0.07141749352
	63.27728708	65.56634172	63.27729117	61.05803381	0.1427396184
	0.1427401968	0.356757052	0.3567596551	58.78795282	58.78795849
	61.0580382	56.59434104	0.5704067691	0.9263400488	0.9263420547
	0.5704049457	54.35221885	54.35221858	52.19288265	56.59434392
	1.281326721	1.281327505	1.777914383	1.777913257	49.98757634
	52.19287984	47.8710239	49.98757549	2.272672881	2.908107415
	2.272678459	2.908109656	3.540534406	3.54053159	4.312463559
	4.312463185	45.71124411	45.71124198	47.87102399	43.64583413
	5.079900749	5.985438582	5.985437477	5.079902706	41.54009014
	41.54009463	43.64583099	39.53398579	7.920425522	7.920425394
	6.884711622	6.884711575	10.1097923	8.947843596	8.947846018
	10.10979216	37.49057554	37.49057153	39.53398547	35.55171596
	11.26116164	12.54489007	11.26116116	12.54489225	35.55171322
	33.57866036	31.71473997	33.57866464	15.21610991	13.81554197
	13.8155419	15.21611147	29.81978908	29.81978521	31.71473906
	28.03820917	26.22877725	28.03820746	24.53663386	26.22877356
	16.60090833	18.11290547	18.1129061	16.60090919	19.60627608
	24.53663446	22.81978744	22.81979105	21.22384119	19.60627494
	21.22384093	128.1061446	129.5228217	126.626764	128.106105
	125.0991644	126.6267915	125.0991512	123.5166424	121.8840433
	123.5166364	120.2046448	121.8840395	118.4734467	120.2046315
	118.4734551	116.7038655	113.0281073	114.8808653	114.8808511
	116.703844	111.1204674	111.1204502	113.0280806	109.191871
	107.2071083	107.2070904	109.1918428	105.210288	103.1562435
	103.1562301	105.2102637	101.0990733	96.87444273	98.98387568
	98.98386908	101.0990563	96.87443681	94.70647557	92.55306611
	94.70647264	92.55306815	88.15199767	90.34092911	90.34093737
	85.90447656	85.90449019	88.15200705	83.68860722	79.18050917
	81.41463075	81.4146404	83.68861724	76.88909918	76.88911215
	79.18051867	74.64548906	1.126486176e-30	2.371931309e-30	0.0714165878
	0.07141700905	72.34574595	72.34575956	74.64550328	70.10145546
	67.8025049	67.80251026	65.56633824	70.1014627	0.1427369346
	0.1427383779	0.3567539373	0.3567559773	63.27728858	63.27729359
	65.56634052	61.05803273	0.570404001	0.5704038038	0.9263349091
	0.9263366244	58.78795661	58.7879589	61.05803684	56.59434284
	1.281326745	1.28133019	1.777909374	1.777912698	54.35222312
	52.19288116	54.35221976	56.59434138	2.272673646	2.272680324
	2.908107017	2.908105434	52.1928806	47.8710246	49.98757706
	49.98757599	4.312460541	3.540537752	3.540535192	4.312461458
	5.079902482	5.985436463	5.079906892	5.985434973	45.71124717
	45.7112425	47.87102242	43.6458339	6.88471495	7.920425867
	7.920426735	6.88471057	41.54009138	41.54009422	39.53398597
	43.64583112	10.10979073	8.947845744	10.10978929	8.947845197
	11.26116578	12.54488963	12.54489038	11.26116394	37.4905781
	37.49057226	39.53398381	35.55171495	13.815542	15.21611057
	15.21610935	13.81554359	35.55171356	33.57866103	33.57866501
	31.71473968	16.60090927	18.1129059	18.1129046	16.60090969
	28.03820826	29.81978616	29.81979044	31.7147384	28.0382075
	26.22877696	24.53663375	26.22877486	21.22384067	21.22383927
	19.60627582	19.60627737	24.53663313	22.81978944	22.81979178
	130.8930586	132.1933067	129.522787	130.8930152	128.1061296
	129.5228174	128.1061138	126.6267844	125.0991806	126.6267808
	123.5166368	125.0991725	121.8840513	123.5166272	121.8840556
	120.2046444	116.7038649	118.4734633	118.4734527	120.2046263
	114.8808722	114.8808564	116.703839	113.0281065	111.1204725
	111.1204534	113.0280767	109.1918705	107.2071096	107.2070922
	109.1918411	105.2102869	103.1562427	103.1562299	105.2102639
	101.0990717	98.98387211	98.98386934	101.0990585	96.8744406
	94.70647514	96.8744385	92.5530648	94.70647104	92.55306961
	90.34093894	88.15199623	90.34092717	85.904479	85.90449047
	88.15200628	83.68860853	81.4146325	81.41464259	83.6886153
	79.1805068	76.88909964	74.64548887	76.88911418	79.1805192
	1.244087231e-30	2.600926952e-30	0.07141585373	0.07141618164	0.1427355251
	0.1427357712	0.3567489501	0.3567512019	72.34575273	72.34575983
	70.10145723	74.64550035	67.80250908	67.80251189	70.10146051
	65.5663369	0.5704003882	0.5704023891	0.9263285492	0.9263333313
	63.27729029	63.27729465	65.56634067	61.0580339	1.281325064
	1.28133046	1.777907385	1.777908926	58.78796131	56.5943436
	58.78795949	61.05803422	2.272679169	2.908102536	2.272682327
	2.908102179	54.35222358	54.35222175	56.59434056	52.19288014
	4.312460477	3.540535141	3.54054364	4.312458187	52.19287953
	49.98758035	49.98757582	47.8710251	5.079909692	5.079904057
	5.985434311	5.985434549	7.92042395	7.92042334	6.884717079
	6.88471423	45.71124363	47.871022	43.64583264	45.71124833
	10.10979131	8.947849266	8.947845319	10.10978933	41.54009128
	43.64583124	39.53398669	41.54009572	12.54488846	11.26116395
	11.26116598	12.54488865	15.21610914	15.21610936	13.81554427
	13.81554641	37.49057785	39.53398325	37.49057398	35.55171412
	16.6009101	18.11290336	16.60091047	18.11290514	33.57866179
	31.71473915	33.57866622	35.55171272	19.60627766	19.60627773
	21.223839	21.22383932	29.81979089	28.03820696	31.71473805
	29.8197874	26.22877805	22.819791	26.22877549	24.5366331
	22.81979108	24.53663312	28.03820734	133.4489031	134.6277181
	132.1932705	133.4488589	130.893041	132.1933037	130.8930231
	129.522809	128.106147	129.5228067	126.6267773	128.1061351
	125.0991889	126.6267721	125.0991885	123.5166359	120.2046432
	121.8840638	121.8840584	123.5166222	118.4734719	118.4734592
	120.2046204	116.7038638	114.880879	114.8808613	116.7038341
	113.0281062	111.1204765	111.1204561	113.0280731	109.1918696
	107.2071098	107.2070926	109.1918404	105.2102862	103.1562402
	103.1562301	105.2102648	101.0990693	98.98386919	98.98386873
	101.0990611	96.8744395	94.70647578	92.55306228	96.87443972
	94.70646974	90.34093943	92.55307113	88.15199694	90.34092746
	83.68860785	85.90448298	85.90449105	88.15200414	79.18050518
	81.41463141	81.41464529	83.68861595	1.352599331e-30	2.805628929e-30
	0.07141442154	0.07141486605	76.88910332	79.18051771	76.88911496
	74.64549156	0.1427321686	0.142734093	0.3567429286	0.3567476629
	0.5703985757	0.9263242205	0.9263276732	0.5703951793	70.10145721
	72.3457585	72.34576119	74.64549619	67.80251085	67.80251371
	65.56633597	70.10145967	1.281327115	1.281329935	1.777902305
	1.77790403	65.5663394	63.27729511	63.27729447	61.05803526
	2.908102192	2.272680217	2.272688003	2.908097957	58.78796079
	58.78796408	61.05803291	56.59434242	4.312456404	3.540537009
	3.540546368	4.312457946	56.59434088	52.19288135	54.35222422
	54.35222229	5.079912981	5.079908081	5.985431772	5.985431865
	49.98758231	49.98757712	47.87102425	52.19287765	6.884721748
	7.920420936	7.9204232	6.884715875	8.947852225	10.1097887
	8.947845727	10.10978921	45.71124438	45.71124883	43.64583247
	47.87102184	12.5448891	11.26116411	11.26116779	12.54488887
	39.53398539	43.64583034	41.54009182	41.54009789	15.21610752
	15.21610692	13.81554614	13.81554592	16.60091147	16.60091436
	18.11290279	18.11290414	37.49057432	37.49057794	35.55171423
	39.53398404	19.60627668	19.60627881	21.2238394	21.22383854
	31.7147384	33.57866627	35.55171218	33.57866318	22.8197913
	24.53663153	24.53663318	22.81979181	28.0382064	29.8197887
	31.71473751	29.81979075	26.22877679	26.22877878	28.03820641
	135.7635665	136.816454	134.6276879	135.7635347	133.4488808
	134.6277216	133.4488612	132.1932947	130.8930597	132.1932927
	129.5228002	130.893045	128.1061558	129.5227989	128.1061501
	126.6267756	125.0991964	125.0991969	126.6267674	123.5166337
	121.8840734	121.8840662	123.5166162	120.2046419	118.4734808
	118.4734662	120.2046142	116.7038629	114.880886	114.8808651
	116.703829	113.0281058	111.1204786	111.1204581	113.0280708
	109.1918689	107.2071092	107.2070925	109.19184	105.2102847
	103.156236	103.1562302	105.2102672	101.0990677	98.98386772
	101.0990624	98.98386807	96.87443789	94.706477	96.87444176
	92.55306106	94.7064677	90.3409388	92.5530701	88.15199785
	90.34093172	88.15200365	83.68860474	85.90448427	85.90449312
	81.41463258	81.41464637	83.68861723	79.18050644	1.445760923e-30
	2.973364202e-30	0.07141270069	0.07141387285	0.1427275028	0.1427308239
	0.3567381369	0.3567420819	74.64549373	76.88910974	76.8891154
	79.18051436	0.5703923856	0.5703934517	0.9263171254	0.9263207798
	1.281325645	1.28133234	1.777896455	1.777902137	72.34576052
	72.34576347	74.645494	70.10145651	67.80251267	67.8025148
	70.1014585	65.56633743	2.272680802	2.908098109	2.272690639
	2.908097126	63.27729959	61.05803469	63.27729537	65.56633642
	3.540549419	4.312453522	4.312453026	3.540544094	58.7879653
	58.78796183	61.05803283	56.59434156	5.079919461	5.07990894
	5.985431019	5.985428751	56.59434036	54.35222739	54.35222208
	52.19288152	6.884725227	6.884716277	7.920421504	7.920420768
	49.98757831	49.98758219	52.19287787	47.87102391	10.10978789
	8.947853669	8.947849121	10.10978665	12.54488639	11.2611707
	12.54488697	11.2611667	43.64583269	45.71124506	45.71124966
	47.87102112	15.21610684	13.81554393	15.2161091	13.8155499
	41.54009335	43.64582957	41.54009774	39.53398424	18.11290291
	18.11290214	16.60091118	16.6009137	19.60627916	21.22383846
	19.6062806	21.22383772	37.49057954	35.55171314	37.49057469
	39.53398346	24.53663114	22.81979228	24.53663184	22.81979245
	35.55171274	31.71473774	33.57866633	33.57866377	26.22877774
	29.81979054	28.03820616	28.03820583	29.81978964	31.71473749
	26.22877839	137.8278756	138.7508921	136.8164519	137.8278867
	135.7635395	136.8164747	135.7635196	134.6277128	133.4489005
	134.6277104	132.1932844	133.4488843	130.8930691	132.193286
	130.8930586	129.522797	126.6267724	128.1061572	128.1061643
	129.5227952	125.099206	125.0992065	126.6267616	123.5166315
	121.8840845	121.8840749	123.5166088	120.2046402	118.4734901
	118.4734721	120.2046079	116.7038628	113.028105	114.8808916
	114.8808687	116.7038242	111.1204798	113.0280695	111.1204585
	109.1918686	107.2071062	107.2070929	109.1918409	105.2102823
	103.156233	103.156229	105.2102696	101.0990672	98.98386516
	98.98386894	101.0990637	96.8744355	94.70647664	96.87444283
	92.55306281	94.70646845	90.34093953	92.55306774	88.1519959
	90.34093546	85.90449508	83.68860323	88.15200542	85.90448351
	1.517582731e-30	3.092604068e-30	0.07141124576	0.07141250852	81.41463868
	81.41464614	83.6886158	79.1805088	0.1427243525	0.1427261747
	0.3567310428	0.3567347694	0.5703863118	0.5703902241	0.9263089214
	0.9263161448	76.88911527	76.88911661	79.1805117	74.64549312
	1.281323306	1.281332041	1.777893921	1.777896857	2.908093201
	2.272686825	2.272692857	2.908092387	72.34576167	70.10145692
	72.34576491	74.64549409	65.56633913	67.80251604	67.80251536
	70.10145657	3.54055694	4.312448818	4.312453288	3.540546062
	61.05803397	65.56633452	63.27730031	63.27729743	5.985428857
	5.079910773	5.079922878	5.985427485	61.05803172	58.78796249
	58.78796661	56.59434201	6.884727703	7.92041943	7.920417735
	6.884720808	54.35222958	54.35222306	56.59433894	52.19287988
	8.947858123	10.10978432	10.10978607	8.947851828	49.98757826
	49.98758344	52.19287846	47.87102373	11.26117466	12.54488711
	11.26116595	12.5448853	13.8155509	15.21610628	13.81554488
	15.21610753	45.71124574	45.71125034	47.87102116	43.64583203
	16.60091497	18.11290224	16.60091221	18.11290277	39.53398455
	41.54009424	43.64582978	41.54009692	19.60628104	19.60627986
	21.22383651	21.22383619	22.81979591	24.5366304	24.5366321
	22.81979194	37.49057918	37.49057636	39.53398233	35.55171201
	26.22877865	28.03820641	28.03820519	26.22877705	31.71473656
	33.57866445	35.5517121	33.57866704	29.81979101	31.71473772
	29.81978992	139.6336211	140.4234768	138.7509544	139.6336972
	137.8278565	138.7509346	137.8278413	136.8164686	135.76356
	136.8164644	134.6277012	135.7635432	133.4489105	134.6277043
	133.448897	132.1932793	129.5227926	130.8930637	130.893078
	132.193284	128.1061663	128.1061753	129.52279	126.6267686
	125.0992184	125.0992168	126.6267541	123.5166293	121.8840961
	121.8840838	123.516601	120.2046393	118.4734997	118.4734771
	120.204601	116.7038625	114.880895	114.8808711	116.7038211
	113.0281048	111.1204799	111.1204586	113.0280684	109.1918667
	107.2071018	109.1918437	107.2070926	105.2102813	103.1562313
	103.1562282	105.2102707	101.0990653	98.98386234	98.98386961
	101.0990663	96.87443564	94.70647567	96.87444087	92.55306378
	94.70647278	90.34094181	88.151993	92.55306794	90.34093453
	1.562940418e-30	3.154561627e-30	0.07140893585	0.07141039158	85.90449534
	88.15200596	83.68860529	85.90448564	0.1427194061	0.1427221031
	0.3567218633	0.3567285144	79.18050942	81.41464586	81.41464657
	83.68861226	0.5703848235	0.9263033841	0.9263084773	0.570378508
	1.281325722	1.281330952	1.777888007	1.777890352	74.64549155
	76.8891181	76.88911829	79.18051096	2.908092335	2.272688537
	2.272699326	2.908086835	4.312449086	3.540547588	3.540560914
	4.312448986	72.34576514	70.10145781	72.34576534	74.64549398
	65.56633863	67.80251629	67.80251951	70.10145526	5.079918882
	5.079925666	5.985425458	5.985423331	63.27729857	65.56633469
	61.05803464	63.27730014	6.884734029	7.920416764	7.920415569
	6.884723354	58.78796354	61.05803004	58.78796757	56.59434244
	10.10978399	8.947862699	10.10978543	8.947850954	52.19287946
	54.35222464	56.5943378	54.35222886	11.26117545	12.544884
	11.26116842	12.54488624	49.98758498	52.19287708	49.98757888
	47.87102266	13.81555249	15.21610432	13.81554872	15.21610563
	16.60091849	18.11290007	18.1129017	16.6009127	45.71124617
	43.64583079	45.71125106	47.87102136	19.6062769	21.2238385
	21.22383661	19.60628389	41.54009769	39.53398403	43.64583031
	41.54009431	22.81979437	22.81979215	24.5366295	24.5366313
	28.03820537	26.22877955	28.03820456	26.22878019	37.49057778
	39.53398289	35.55171223	37.49057728	33.57866603	31.71473653
	29.81979087	29.81979091	33.57866586	31.71473611	35.55171112
	141.1736423	141.8280325	140.423581	141.173629	139.6336639
	140.4234726	139.633662	138.7509407	137.8278794	138.7509268
	136.8164551	137.8278613	135.7635701	136.8164576	135.7635558
	134.6276945	132.1932731	133.4488991	133.4489197	134.6277043
	130.8930719	130.8930897	132.1932799	129.5227872	128.1061787
	128.1061879	129.5227829	126.6267652	125.0992328	125.0992282
	126.6267448	123.5166271	121.8841087	121.8840911	123.5165928
	120.2046395	118.4735072	118.4734817	120.2045948	116.7038618
	114.8808978	114.8808715	116.7038188	113.0281046	111.1204765
	111.1204593	109.1918643	113.0280695	107.2070995	107.2070907
	109.1918458	105.2102808	103.1562277	103.1562292	105.2102728
	101.099063	98.9838641	98.98386815	101.099067	96.87443824
	94.70647672	92.55306124	96.874439	94.70647482	90.34094297
	92.55307013	88.15199328	90.34093285	1.578387682e-30	3.154442685e-30
	0.0714056681	0.07140810595	0.1427121984	0.1427166075	0.356713512
	0.3567200406	85.90449497	88.15200335	83.68860798	85.90449163
	0.5703777712	0.9262952226	0.9262987224	0.5703744786	83.68860971
	79.18050838	81.41464972	81.41464817	1.28132477	1.281333681
	1.77788092	1.777887376	2.272689455	2.27270274	2.908086006
	2.908087385	79.1805108	74.64549151	76.88912008	76.88911937
	4.312443438	4.312445157	3.540556299	3.540563898	5.079933653
	5.985420406	5.985423489	5.079922179	74.64549247	70.10145745
	72.34577014	72.3457656	70.10145526	65.56633709	67.80251748
	67.80252171	6.884738358	7.92041568	6.884724323	7.920414584
	63.27729867	61.05803483	63.27730246	65.56633506	10.10978073
	10.10978486	8.947864013	8.947855105	58.78796463	58.78796789
	56.59434213	61.05802993	12.54488209	11.26117845	12.544883
	11.26117326	54.35222794	52.19288041	56.59433747	54.3522255
	15.21610514	13.81554839	15.21610288	13.81555728	49.98758058
	47.87102227	52.19287551	49.98758377	18.11290108	18.11290113
	16.6009112	16.60092067	21.22383791	21.2238351	19.60627895
	19.60628357	45.71124716	47.87102004	43.64582999	45.71125089
	24.53663057	24.5366297	22.81979362	22.81979551	41.54009484
	43.64582971	41.5400985	39.5339823	28.03820387	26.22878094
	26.22877909	28.03820311	31.71473721	29.81978987	29.81979399
	31.7147351	33.57866628	35.55171213	37.49057842	37.49057689
	35.55171158	33.57866433	39.53398371	142.4425984	142.9611976
	141.8277562	142.4415542	141.1738924	141.8276136	141.1738949
	140.4235126	139.6336972	140.4234593	138.7509217	139.6336747
	137.827888	138.7509174	137.8278729	136.8164483	135.7635536
	135.7635794	136.8164587	134.6276861	133.4489044	133.4489318
	134.6277018	132.1932662	130.8930834	130.8931043	132.1932733
	129.5227816	128.1061949	128.1062013	129.5227732	126.6267621
	125.0992479	125.0992392	126.6267349	123.5166263	121.8841216
	121.8840975	123.5165837	120.2046392	118.4735125	118.4734845
	116.7038622	120.2045906	114.8808984	116.703817	114.8808721
	113.0281022	111.1204723	111.1204584	113.0280726	109.1918639
	107.2070974	107.2070902	109.1918469	105.2102782	103.156225
	103.1562289	105.2102759	101.0990643	98.98386865	98.9838671
	101.0990646	96.87443822	1.562787319e-30	3.092215854e-30	0.07140235365
	0.07140541352	94.70647867	96.87444067	92.55305888	94.70647232
	90.34094231	92.55307012	88.15199633	90.34093591	0.1427062381
	0.1427084463	0.3567031525	0.3567080774	0.5703690281	0.5703733961
	0.9262845715	0.9262916767	85.90449565	88.15199998	83.6886084
	85.90449723	1.281322505	1.281334865	1.777877922	1.777880889
	81.41464974	79.18050783	83.68860917	81.41465085	2.90808065
	2.272697135	2.27270509	2.90808171	4.312442909	3.540560473
	3.540572015	4.3124396	74.64549236	79.1805097	76.88912303
	76.88911988	5.079938383	5.985420043	5.98542123	5.079923446
	7.92041462	6.88473235	6.884740021	7.920409501	70.10145613
	72.34576697	72.3457728	74.64549098	67.8025183	70.10145533
	67.80252344	65.56633635	8.947868808	10.10977864	10.10978078
	8.947860459	61.05803331	63.27730542	63.27729929	65.56633469
	11.26118429	12.54488287	12.54488109	11.26117204	56.5943413
	58.78796903	61.0580309	58.78796508	15.21610505	13.81555871
	15.21610315	13.81554827	52.19288022	54.3522286	54.35222587
	56.59433789	18.11289732	16.60091555	18.11290205	16.60092016
	49.98758188	47.87102301	52.19287575	49.98758152	19.60628558
	21.22383391	21.22383531	19.60628215	22.81979251	24.5366301
	22.81979906	24.53662781	43.64583044	45.71124861	45.71124877
	47.87101868	26.22877553	26.22878319	28.03820389	28.0382057
	39.53398185	41.54009673	41.54009629	43.64582789	29.81978963
	31.71473485	31.71473663	29.81979236	35.55171036	33.57866678
	37.49057739	39.53398225	37.49057874	33.57866695	35.55171195
	143.4411173	143.8252841	142.9586859	143.4359691	142.4431953
	142.9592021	142.4431399	141.8277193	141.173944	141.8275638
	140.4234842	141.1739144	139.6337018	140.4234497	139.6336755
	138.7509193	136.8164391	137.8278638	137.8278977	138.7509155
	135.7635531	135.7635919	136.8164563	134.6276777	133.4489136
	133.4489476	134.6276952	132.1932585	130.8930989	130.8931205
	132.1932637	129.5227771	126.6267595	128.1062132	128.1062157
	129.5227611	125.0992649	126.626724	125.0992482	123.5166269
	121.8841317	121.8841035	123.5165757	120.2046388	118.4735173
	118.4734852	120.204587	116.7038618	114.8808947	114.8808731
	116.7038184	113.0281	1.517349675e-30	2.972660829e-30	0.07139817634
	0.07140142745	111.1204707	111.1204562	113.0280742	109.1918632
	107.2070925	107.2070912	109.19185	105.2102764	103.1562279
	103.1562266	101.099067	105.210276	98.98386874	96.87443488
	98.98386855	101.0990639	0.1426998699	0.1426996361	0.356688228
	0.3566960595	94.70647873	96.87444315	92.55306037	94.70647124
	90.34094188	92.55306723	88.15199834	90.34094215	0.5703610333
	0.57036986	0.9262766296	0.9262826139	1.281326831	1.281334706
	1.77787263	1.777871818	85.90449717	83.68860736	88.15199851
	85.90449972	2.9080785	2.272701585	2.272712021	2.908075635
	81.41465045	83.688609	79.18050846	81.41465247	4.312439857
	4.312438629	3.540562627	3.540577095	5.985419414	5.079940622
	5.985413541	5.079933128	76.88912069	79.18050811	74.64549225
	76.88912599	7.920408679	7.92040956	6.884746853	6.884737945
	8.947874362	10.10977959	8.947860717	10.10977862	72.34576832
	70.10145549	72.34577338	74.64549054	67.80251904	65.56633596
	70.10145457	67.80252513	12.54488435	11.26118528	12.5448787
	11.26117375	63.27730653	61.05803177	65.56633428	63.2773005
	15.21610474	15.21609882	13.81555482	13.81555883	56.59433998
	61.05803107	58.78797089	58.78796553	16.60092381	18.11289708
	16.60091879	18.11289784	54.35222634	56.5943386	54.35222995
	52.19287863	21.22383327	19.60628997	21.22383536	19.60627957
	49.98758231	52.19287689	47.87102273	49.98758148	22.8197903
	24.53662985	24.53662945	22.81980035	26.22877785	26.22878212
	28.03820594	28.03820226	45.71124676	47.87101933	43.64583129
	45.71124911	31.71473434	29.81979258	31.71473654	29.81979142
	39.53398397	43.645827	41.54009307	41.54009742	37.49058077
	33.5786672	39.53397887	35.55170977	33.57866672	35.55170877
	37.49057642	144.186052	144.417272	143.8157408	144.1722918
	143.4408016	143.8199512	143.4407884	142.9594446	142.443193
	142.9591553	141.8276963	142.4431966	141.1739413	141.8275845
	141.17388	140.4234888	138.7509131	139.6336558	139.6337119
	140.4234428	137.8278518	137.8279113	138.7509105	136.8164312
	135.763555	135.763609	136.8164477	134.6276697	133.4489256
	133.4489667	134.6276838	132.193252	130.8931185	130.8931375
	132.1932496	129.5227736	128.1062325	128.1062292	129.5227477
	126.6267594	125.0992817	125.0992565	126.6267117	123.5166266
	121.8841395	123.51657	121.8841067	120.2046397	118.4735185
	118.4734867	120.2045845	116.7038587	1.445370032e-30	2.804651499e-30
	0.07139139774	0.07139561532	114.8808912	114.8808714	116.7038215
	113.0281001	0.1426890776	0.1426913995	0.3566724659	0.3566831192
	111.1204676	111.1204562	113.0280756	109.1918598	107.2070904
	107.2070897	105.210279	109.1918535	103.1562317	103.1562259
	105.2102735	101.0990656	98.98386504	98.98386981	101.0990669
	96.87443354	0.5703581736	0.5703645157	0.9262685586	0.9262692114
	94.70647752	96.87444237	92.55306347	94.70647539	90.34094281
	88.15199788	92.55306463	90.34094655	1.281331372	1.281338696
	1.777864251	1.777866511	2.908073286	2.27270383	2.272717723
	2.908074216	85.90449833	88.15199853	83.68860698	85.90450074
	3.540580214	4.312437566	4.312431414	3.540572492	81.41465091
	83.68860801	79.18050885	81.41465538	5.985414142	5.985412585
	5.0799396	5.079948131	6.88473861	6.884752224	7.920407089
	7.920409928	76.88912195	74.64549131	79.18050729	76.88912749
	8.94787509	10.10978164	8.947866497	10.10977364	12.54488234
	11.26118673	11.26118217	12.54487405	70.1014555	72.34576906
	74.64549038	72.34577416	70.10145378	65.56633526	67.80252596
	67.80252008	13.81556443	15.21610024	15.21609955	13.81555645
	63.27730144	61.05803128	65.56633405	63.27730653	18.11289729
	16.600928	18.1128985	16.60091565	56.59433872	58.78797163
	61.05803048	58.78796649	19.60628978	21.22383671	21.2238328
	19.60627979	56.59433875	54.35222699	54.35223079	52.19287711
	22.81979899	24.53663177	22.819795	24.53662512	47.87102096
	49.98758166	49.98758374	52.19287752	26.22878318	26.22878136
	28.03820094	28.03820322	31.71473533	29.81979558	31.71473167
	29.81979019	47.87102086	43.64583112	45.71124722	45.71124863
	35.55170632	35.55171366	33.57867053	33.57866068	39.53398399
	37.4905805	39.53397869	41.54009849	41.54009243	43.64582769
	37.49057233	144.7284707	144.6096838	144.4008766	144.7203232
	144.176942	144.4136631	144.1765003	143.8208777	143.4405748
	143.819591	142.959499	143.4406217	142.4430985	142.9591202
	142.4431063	141.8276853	140.4234865	141.1738567	141.1738967
	141.8276013	139.633632	139.6337144	140.423458	138.7509068
	137.8278417	137.8279295	138.7509075	136.8164247	135.7635588
	135.7636318	136.8164343	134.6276632	133.4489406	133.4489882
	134.6276663	132.1932488	130.8931391	130.8931557	132.1932306
	129.5227721	128.1062536	128.1062401	129.5227314	126.6267609
	125.0992942	125.0992638	123.5166269	126.6267008	121.8841465
	121.884108	123.5165643	120.2046388	118.4735146	118.4734877
	120.2045862	116.703857	1.351944535e-30	2.59963078e-30	0.07138303856
	0.07138899357	0.1426777837	0.1426794086	0.356657475	0.3566636883
	113.0280984	114.8808901	114.8808693	116.7038226	0.570360357
	0.5703620787	0.9262550326	0.9262576732	111.1204616	111.1204568
	109.1918589	113.02808	107.2070943	107.2070869	109.1918527
	105.210281	103.1562293	103.1562275	105.2102744	101.0990621
	98.98386493	98.98386876	101.0990691	96.87443609	1.777860191
	1.281332573	1.281345667	1.777858811	94.70647734	92.55306452
	96.87443956	94.70648096	90.3409442	92.55306406	88.15199681
	90.34094794	2.908064901	2.272712893	2.272721532	2.908071661
	3.540587374	4.312432688	4.312429075	3.540580234	85.90449887
	83.68860737	88.15199829	85.90450263	5.985409806	5.079953477
	5.985414572	5.079941953	79.18050816	81.41465778	83.68860689
	81.41465186	6.884747025	7.920400607	6.884753329	7.920410788
	8.947878961	10.10977795	10.10977041	8.947874945	76.88912299
	76.88912817	74.64549071	79.18050722	11.26119288	12.54487786
	12.54487559	11.26118398	15.21609915	13.81555373	13.81556765
	15.21610221	74.64548987	72.34576977	70.10145505	72.34577544
	70.1014536	65.56633464	67.802526	67.80252106	18.11289403
	16.60092666	16.60091873	18.11290148	61.05803101	63.27730659
	63.27730212	65.56633371	19.60628885	21.22382855	19.60628722
	21.22383625	61.05803011	56.59433817	58.78796743	58.78797099
	24.53662635	22.8198018	22.81979798	24.536625	56.59433832
	54.35223049	54.35222775	52.19287634	26.22877682	28.03819781
	26.22878786	28.03820408	49.9875839	52.19287735	49.98758226
	47.87101994	29.81979857	31.71472957	31.7147383	29.81978374
	35.55170768	35.55171292	33.57867097	33.57865743	43.64582795
	47.87102074	45.71125014	45.71124979	37.49058041	39.53398157
	37.49057175	39.53398349	43.64582924	41.5400946	41.54009691
	144.7063438	145.2872042	145.7132867	144.6462074	144.7357474
	144.6744665	144.4207864	144.1706335	144.4250004	143.8217518
	144.1743122	143.4403283	143.8219337	143.4397726	142.9597365
	142.442812	142.4434012	142.9592011	141.8277498	141.1737896
	141.1740249	141.8274121	140.4234758	139.6336206	139.6337338
	140.4233801	138.7508929	137.8278437	137.8279385	138.7508886
	136.8164159	135.7635685	135.7636508	136.8164222	134.6276595
	133.4489591	133.4490093	134.6276469	132.1932487	130.8931592
	130.8931729	132.1932098	129.5227755	128.1062719	129.5227122
	128.1062511	126.626762	125.0993038	125.0992676	126.626691
	123.516629	121.8841472	121.8841105	123.5165602	120.2046354
	1.243246021e-30	2.370116687e-30	0.07137322859	0.07137927647	118.473512
	118.4734853	120.2045885	116.7038574	0.1426711637	0.1426649212
	0.3566344108	0.3566409551	0.570358137	0.5703682769	0.9262418019
	0.9262486668	114.8808853	114.8808699	116.7038246	113.0280944
	1.777848866	1.28133951	1.281350227	1.777855604	111.1204606
	111.120454	113.0280833	109.1918622	107.2070963	107.2070869
	109.191851	105.210278	103.1562252	101.0990621	103.1562276
	105.2102784	98.9838696	98.98386738	101.0990677	96.87443867
	2.908066076	2.908059883	2.27272367	2.272727795	94.70647844
	96.87443803	92.55306351	94.70648373	90.34094504	88.15199663
	92.55306433	90.34094881	3.540593765	4.312431419	4.312425299
	3.540584707	5.985413968	5.985403048	5.079956315	5.079951065
	83.68860725	88.15199738	85.90450511	85.90449947	6.884755433
	6.884758805	7.920398311	7.920406297	81.41465305	81.41465878
	79.18050719	83.68860648	10.10977558	8.947876042	8.94788481
	10.10977107	11.26119473	12.54488051	12.54487402	11.26118446
	79.18050703	74.64549036	76.88912371	76.88912914	15.216105
	15.21609305	13.81556078	13.81556584	16.60092781	18.11289835
	16.60092604	18.11289058	70.10145417	72.34577613	74.64548946
	72.34577074	67.80252175	70.10145355	67.80252612	65.56633421
	21.22383107	19.60628745	21.22382885	19.60629369	65.56633342
	63.27730282	61.05803045	63.27730647	22.81980667	24.53662117
	24.53662951	22.81979163	61.05803003	56.59433801	58.78797012
	58.78796795	26.22877047	26.22878989	28.03820554	28.03819828
	54.35222827	56.59433796	52.19287665	54.35222925	31.71473639
	29.81979822	29.81978239	31.71473333	49.98758381	52.19287622
	47.87101843	49.98758434	33.578661	35.55171095	33.57866994
	35.55170956	39.53398315	39.53397985	37.49057588	37.49058044
	45.71124989	41.54009596	41.54009817	43.64582972	43.64582769
	45.71125006	47.87102003	144.8075341	144.7675181	144.8846774
	144.6436243	144.7771727	144.6439568	144.4211085	144.1711363
	144.4224514	143.8196643	144.1753477	143.4391344	143.8229734
	143.4413821	142.9591386	142.443132	142.4429885	142.9604643
	141.8277589	141.1736668	141.1741439	141.8278069	140.4235464
	139.6335251	139.633891	140.423326	138.7509146	137.8278235
	137.8280114	138.750782	136.8164129	135.7635844	135.7636759
	136.8163624	134.627657	133.448983	133.4490238	134.6276165
	132.1932502	130.8931821	130.8931828	132.193189	129.5227807
	128.1062833	129.5226978	128.1062597	126.6267657	125.0993098
	125.0992702	126.626681	123.5166287	121.8841416	121.8841115
	123.5165604	120.2046351	1.125286779e-30	2.128591397e-30	0.07135521383
	0.07136154542	0.1426583133	0.1426587695	0.3566066638	0.3566222309
	118.47351	118.4734837	120.2045879	116.7038545	0.5703592453
	0.5703727075	0.9262356736	0.9262318417	1.77783871	1.281355332
	1.281355493	1.777846753	116.7038296	114.8808783	114.8808695
	113.0280948	2.908060728	2.908055851	2.272730041	2.272737838
	111.1204647	111.1204513	113.0280816	109.1918627	107.2070917
	107.2070882	109.1918537	105.2102749	103.1562263	103.1562257
	105.2102799	101.0990651	98.98387383	98.98386758	101.0990655
	96.87443864	3.540599295	4.312429648	4.31241886	3.540593072
	94.70647957	92.55306257	96.87443823	94.70648434	88.15199677
	90.34094549	92.55306404	90.34095065	5.079962102	5.98541033
	5.985400298	5.079959555	6.884757829	6.884763648	7.920397653
	7.920405313	88.15199667	83.68860637	85.9045067	85.90450048
	10.10977748	8.947880096	10.10976738	8.947885705	81.41465394
	81.41465934	79.18050665	83.68860646	11.26119487	12.54488025
	12.54486849	11.26119275	15.21609825	15.21609231	13.81556761
	13.8155694	76.88912453	74.6454897	76.88913006	79.18050659
	16.60093391	18.11289131	16.60092288	18.11289448	19.60629769
	21.22383521	19.60627941	21.22382683	70.10145352	74.64548933
	72.34577622	72.34577161	65.56633368	70.10145329	67.80252239
	67.8025263	24.53662436	22.81980662	24.53662955	22.81978803
	63.2773034	61.05802995	63.27730596	65.56633334	26.22877392
	28.03820132	28.03820328	26.22878805	56.59433823	58.78796933
	58.78796825	61.05802993	31.71473118	29.81979751	29.81978851
	31.71473715	54.35222994	52.19287549	54.35222905	56.5943372
	35.5517119	33.57867081	35.55170647	33.57866617	49.98758247
	52.19287584	49.98758392	47.87101953	37.4905819	37.49057833
	39.53397841	39.53398258	41.54009981	43.64582666	47.87101985
	45.7112515	41.54009598	45.71124798	43.64582881	144.7743888
	144.8128193	144.8028499	144.6439517	144.769291	144.6425536
	144.4234449	144.1721687	144.4212689	143.820424	144.1715675
	143.4395863	143.8211645	143.4414708	142.9583126	142.4442787
	142.4425027	142.9604864	141.8270949	141.1742602	141.1737603
	141.8286008	140.4233604	139.6336115	139.633878	140.423811
	138.7509349	137.827771	137.8281374	138.7508556	136.8164547
	135.7635588	135.7637695	136.8162761	134.6276774	133.4489918
	133.449061	134.6275352	132.1932602	130.8932007	130.8931921
	132.1931445	129.5227838	128.1062939	129.5226821	128.1062582
	126.62677	125.099307	125.0992716	126.6266769	123.5166269
	1.003736264e-30	1.885837607e-30	0.07132741812	0.07133849782	121.8841374
	121.8841082	123.5165613	120.2046366	0.1426422112	0.1426522124
	0.356588054	0.3565937667	0.5703781222	0.5703760359	0.9262203955
	0.9262122663	118.4735012	118.473485	120.20459	116.7038512
	1.77783471	1.281363647	1.281372426	1.777834323	2.908058917
	2.908048725	2.272736588	2.272746791	116.7038312	114.8808777
	114.8808658	113.0280985	3.540604154	4.31242727	4.312413899
	3.540603814	111.1204636	111.1204521	113.0280806	109.1918588
	107.207088	107.2070871	109.1918576	105.2102763	103.1562307
	103.1562245	105.2102782	101.0990666	98.98387509	98.98386867
	101.0990651	96.87443733	5.079966293	5.985408454	5.985397869
	5.079965299	94.70648014	92.55306244	96.87443859	94.70648521
	88.15199626	90.34094619	90.34095254	92.55306335	6.884763825
	6.884765965	7.920404017	7.920393453	10.10977317	10.10976405
	8.947887658	8.947889206	85.9045015	88.15199656	85.90450727
	83.68860553	11.26120062	12.54487298	12.54486952	11.26119606
	81.41465467	83.68860624	79.18050618	81.4146601	13.8155753
	15.21609346	15.2160973	13.81556285	16.60093517	18.11289313
	16.60091757	18.11289642	76.88912543	74.64548896	76.88913037
	79.1805063	19.6062956	21.22383196	19.60627961	21.22383334
	24.53663004	22.81980412	24.53662402	22.81979503	70.10145309
	72.34577625	74.64548916	72.34577225	67.80252298	70.10145304
	67.802526	65.56633317	26.22878295	28.0381966	28.03820536
	26.22878748	61.0580301	63.27730376	65.56633323	63.27730523
	29.81979904	31.71473695	31.71472797	29.81979428	58.7879699
	56.59433685	61.05802915	58.78796955	35.55171104	33.57867338
	33.5786674	35.55170524	52.19287613	54.35222826	54.35222942
	56.59433702	39.53397824	37.49057805	39.53398136	37.49058376
	52.19287623	49.98758492	49.98758092	47.87101853	43.64582839
	41.54010111	43.6458263	41.54009487	45.71125244	47.8710195
	45.7112473	144.7666881	144.816472	144.8205607	144.6417383
	144.7644361	144.6441374	144.422956	144.1707176	144.4229436
	143.8220137	144.1699151	143.4401328	143.8208367	143.4391539
	142.9591604	142.443789	142.4430932	142.9592229	141.8267875
	141.174957	141.1736657	141.8281945	140.4228027	139.6342758
	139.6335962	140.4242062	138.7506455	137.828037	137.8280441
	138.7513008	136.8164105	135.7635852	135.7638338	136.8164428
	134.6277173	133.4489662	133.4491422	134.6275056	132.1932977
	130.8931819	130.8932348	132.1930742	129.5228015	128.1062899
	129.5226362	128.1062662	126.6267718	8.838469006e-31	1.650362751e-30
	0.07129237695	0.07130496979	125.0992987	125.0992668	126.6266666
	123.5166286	0.1426458482	0.1426425864	0.3565582942	0.3565549403
	121.8841324	121.8841035	123.5165597	120.2046332	0.5703884563
	0.5704007091	0.9261971612	0.9262057348	1.777824397	1.281367661
	1.281386357	1.777833452	118.4734922	118.4734819	120.2045964
	116.7038541	2.908056246	2.90803903	2.272753486	2.272750002
	3.540610425	4.312420755	4.312410552	3.540613555	114.8808792
	116.7038291	114.8808637	113.0280979	5.079973093	5.98540199
	5.985395562	5.079970345	111.1204565	111.1204527	113.0280842
	109.1918573	107.2070895	107.2070848	105.2102791	109.1918577
	103.1562329	103.156225	105.2102767	101.0990657	98.98387518
	98.98386945	101.0990656	96.87443659	6.884768037	6.884773159
	7.920397578	7.920392499	94.70648056	92.55306226	96.87443826
	94.7064868	90.34094715	88.15199533	90.34095345	92.55306301
	8.94788821	10.10976579	8.947895622	10.10976844	12.5448729
	12.54487226	11.26119318	11.26120391	85.90450227	88.15199654
	85.90450772	83.688605	15.21609954	15.21609591	13.81556178
	13.81557384	81.41465547	81.41466062	83.68860591	79.18050553
	16.60093147	18.11290016	16.60092396	18.11289137	21.22383814
	21.22382548	19.60628951	19.60629321	76.88912614	74.64548847
	79.18050613	76.88913033	22.81980461	24.53663112	24.53661987
	22.81980313	28.03819544	28.03820371	26.22878954	26.22878757
	70.10145273	72.34577279	74.6454889	72.34577607	70.10145284
	67.80252335	67.80252529	65.56633333	31.7147347	29.8198013
	31.71472769	29.81979611	61.05802883	65.56633242	63.27730547
	63.2773054	35.55171023	33.57867557	35.55170429	33.57866676
	58.78796939	58.78796887	61.05802884	56.5943374	39.53398101
	37.4905856	37.49057707	39.53397774	54.35223052	54.35222683
	52.19287486	56.59433748	43.64582543	41.54009483	43.64582813
	41.54010206	49.98758099	52.19287597	45.71125353	47.87101962
	49.98758567	45.71124688	47.87101776	144.7624776	144.8088005
	144.8133305	144.6413535	144.7593474	144.6426071	144.4218604
	144.169699	144.4226634	143.8213591	144.1710244	143.4392367
	143.8219156	143.4387718	142.9599099	142.442305	142.4433348
	142.9593473	141.8275695	141.1742418	141.1742137	141.8273527
	140.4228316	139.6345955	139.6337283	140.423625	138.7502642
	137.8286407	137.8278844	138.7513755	136.8160989	135.763956
	135.7637068	136.8167774	134.6276128	133.4490684	133.4491419
	134.6277234	132.1933088	7.691633378e-31	1.428943405e-30	0.07123529825
	0.07124675433	130.89316	130.8932849	132.193119	129.5228391
	128.1062429	129.5226011	128.1063085	126.626791	0.1426466956
	0.142659752	0.3565151072	0.3565318401	125.0992738	125.0992766
	126.6266281	123.5166362	0.5703896437	0.5704231347	0.926195322
	0.9261887117	121.8841146	121.8841032	123.5165448	120.204632
	1.777806384	1.281394514	1.2813886	1.777827461	2.908040672
	2.908036912	2.272766309	2.272763361	118.4734911	118.4734734
	120.2045926	116.7038573	3.540624311	4.312409765	4.312411485
	3.540613742	5.079982704	5.985397429	5.985395452	5.079970799
	114.880874	114.8808623	113.0280942	116.7038304	6.884769855
	6.884777623	7.920398384	7.920391877	111.1204526	111.1204497
	113.0280883	109.1918602	107.2070917	107.2070842	105.2102798
	109.1918562	103.1562323	105.2102768	103.156226	101.0990646
	98.98387572	101.0990656	96.8744365	98.98386988	10.1097736
	10.10976408	8.947890929	8.947895393	96.87443765	92.55306154
	94.7064813	94.70648793	90.34094797	88.15199462	92.55306298
	90.3409537	11.26120057	12.54486785	12.54488074	11.26119866
	15.21610575	15.21608937	13.815572	13.81557003	85.90450298
	88.1519963	83.68860448	85.90450818	18.11288653	18.11290241
	16.60093415	16.60093058	81.4146562	81.41466068	83.68860565
	79.18050499	21.22383692	21.22382318	19.60629678	19.60629439
	24.53662921	22.81980699	24.5366193	22.81980531	76.88912668
	79.18050591	74.64548818	76.88913012	28.03819588	28.0382019
	26.22879171	26.22878751	31.7147281	29.81980284	29.81979669
	31.71473296	70.10145296	72.34577313	74.64548859	72.34577555
	67.80252554	67.80252503	70.101452	65.56633211	35.55170937
	35.5517031	33.57866782	33.57867692	63.2773048	63.27730489
	61.05802952	65.56633204	39.53397605	37.49057693	37.49058751
	39.53398132	61.05802925	56.59433606	58.78796734	58.78797053
	43.64582782	41.54009536	41.54010355	43.64582455	56.5943373
	52.19287428	54.35223116	54.35222683	47.87101651	45.71125458
	45.71124712	47.87101965	52.19287594	49.98758074	49.98758684
	144.755442	144.8052833	144.8104758	144.6390873	144.7547627
	144.6404145	144.4220605	144.1697515	144.421886	143.8207749
	144.1702254	143.4388904	143.8216807	143.4396703	142.9592562
	142.442531	142.4427429	142.9600606	141.8278527	141.1733751
	141.1742461	141.8276775	140.4234691	139.6338644	139.6341499
	140.4231221	138.7504983	6.621364823e-31	1.225763876e-30	0.07115234876
	0.07117322653	137.8286653	137.8281209	138.7507824	136.8159071
	135.7644045	135.7636578	136.8166346	134.6273363	133.4494485
	133.4490236	134.6279257	132.1931577	0.1426386613	0.1426860611
	0.356497727	0.3564982502	130.8933143	130.8932386	132.1933441
	129.5228068	128.1062376	128.1063259	126.6268164	129.5227084
	0.5704273819	0.5704284854	0.9261820887	0.9261569219	125.0992259
	125.0993104	126.6266296	123.5166563	1.777807368	1.281409748
	1.281415318	1.777798736	121.8840763	121.8841186	123.5165189
	120.2046481	2.908029232	2.908040137	2.272757627	2.272786196
	3.540633262	4.312411847	4.312408119	3.540614069	118.4734781
	118.4734757	120.2045668	116.7038582	5.079983361	5.98540505
	5.985388901	5.079979697	6.884781248	6.884774892	7.920406391
	7.920385356	114.8808634	114.8808584	113.0280946	116.7038258
	8.947892242	10.10978006	8.94790213	10.10975787	111.1204538
	109.1918621	113.0280867	111.1204445	107.2070916	107.2070834
	105.2102787	109.1918568	103.1562315	101.0990644	105.2102779
	103.1562262	98.98387637	98.98387041	96.8744363	101.0990652
	11.26119866	12.54486222	11.26120957	12.54488393	94.70648223
	96.87443732	92.55306082	94.70648797	90.34094867	92.55306272
	88.15199416	90.34095382	15.21610491	15.2160867	13.81557079
	13.8155804	18.11288596	18.11290005	16.60093266	16.60093799
	85.90450366	88.15199594	83.688604	85.9045083	21.2238243
	19.60629787	19.60629667	21.22383408	81.41465676	83.68860538
	81.41466043	79.18050469	24.53662749	22.81980848	24.53661969
	22.81980529	28.03819562	28.03820116	26.22878735	26.22879303
	76.88912699	79.18050557	74.64548856	76.88912971	31.71473207
	29.81980407	29.81979784	31.71472794	35.55170797	33.57867814
	35.55170244	33.57867054	70.10145175	72.34577481	74.64548759
	72.34577593	65.56633296	67.80252498	67.8025244	70.10145162
	37.49058925	39.53398113	37.49057846	39.53397384	63.27730352
	63.27730583	61.05802815	65.56633228	43.64582319	41.54010581
	43.64582799	41.54009544	61.05802929	58.78797115	56.59433558
	58.78796704	45.711248	45.7112558	47.87101922	47.87101549
	54.35222676	49.98758047	52.19287619	56.59433711	52.19287313
	49.98758807	54.35223207	144.7492767	144.8010986	144.8042526
	144.6364994	144.7489451	144.6390572	144.4210075	144.1688703
	144.4216381	143.8210474	144.1691415	143.4391593	143.8213047
	143.4391467	142.9590069	142.4432124	142.4427582	142.9597729
	141.8272965	141.1738775	141.1738676	141.8280806	140.4234764
	139.6334725	139.6340509	140.4234879	138.7509576	5.650621014e-31
	1.042804232e-30	0.07105999589	0.07108322357	0.1426762942	0.1427014836
	0.3564654178	0.3564407544	137.8280367	137.8283848	138.7505512
	136.8162302	135.764218	135.7639075	136.8161426	134.6272996
	133.4496934	133.4490571	134.6276784	132.192949	0.570448396
	0.5704749567	0.9261362593	0.9261586521	130.8936309	130.8931591
	132.1934228	129.5226355	128.1064227	128.1062592	126.6267515
	129.5228978	1.281389799	1.777809457	1.28145014	1.777793147
	125.0992544	125.0993045	126.6267628	123.5166603	2.908042084
	2.908026739	2.272765411	2.272790305	121.8840503	121.8841369
	120.2046725	123.5165512	3.54063068	4.312424432	4.312393482
	3.5406358	5.079980985	5.985411794	5.985378954	5.079999927
	118.4734377	118.4734962	120.2045522	116.7038712	6.884794526
	6.884774635	7.920408671	7.920379731	8.947893276	10.10977913
	8.947910669	10.10975481	114.8808428	114.8808628	113.0281039
	116.7038044	12.54486173	12.54488066	11.26120099	11.2612144
	111.1204484	111.1204437	113.0280726	109.1918629	107.2070894
	105.2102776	109.1918538	107.2070814	103.1562319	105.2102781
	103.1562247	101.0990642	98.98387663	96.8744357	98.9838705
	101.0990656	13.81557346	15.21610155	15.21608784	13.81558145
	92.55306045	94.70648284	96.87443754	94.70648763	90.3409494
	88.15199386	92.55306238	90.34095365	16.60093444	18.11288721
	18.11289733	16.60093802	21.22383252	21.22382513	19.60629758
	19.60629803	83.68860377	88.15199549	85.90450425	85.90450797
	24.53662621	22.81980931	24.53661983	22.81980659	79.18050516
	81.41465712	83.68860495	81.41465994	26.22879405	28.03819479
	28.0382006	26.22878871	29.81979936	29.81980541	31.7147272
	31.71473153	76.88912859	79.18050437	76.88913032	74.64548749
	35.55170656	33.57867322	35.55170232	33.57867957	39.53397247
	37.49058165	39.53397975	37.4905907	72.34577428	72.34577534
	70.10145262	74.64548715	70.10145173	67.8025252	67.80252388
	65.5663318	41.54009598	43.64582081	41.54010811	43.64582837
	65.56633237	61.05802752	63.27730656	63.27730297	47.87101461
	45.71125785	47.87101899	45.71124843	58.78796707	61.05802916
	56.5943348	58.7879717	49.98758113	52.19287178	56.59433733
	52.19287609	49.98758907	54.35222629	54.35223339	144.7437113
	144.7956701	144.7999374	144.6340552	144.7436048	144.6361241
	144.419509	144.1678722	144.4203769	143.8205609	144.1689451
	143.4387528	143.8214473	143.4386983	142.9592825	142.442837
	142.4430614	142.9596129	141.8272641	4.784697728e-31	8.812892613e-31
	0.07093668285	0.07095946043	141.174329	141.1740469	141.8277568
	140.4230664	139.6340382	139.6338399	140.4236389	138.7508188
	0.142708386	0.1427723645	0.3563934782	0.3564244834	0.5704205687
	0.5705307786	0.926141227	0.9261543679	137.8279671	137.8282245
	136.8165058	138.750874	135.7637367	135.7640274	136.8161142
	134.6276137	133.4493891	133.4492642	134.6273429	132.193014
	1.281415257	1.777776531	1.281445716	1.777820026	130.8936877
	130.8932413	132.19316	129.5225118	128.1066519	128.1062263
	126.626593	129.5228732	2.908054501	2.908004209	2.272804893
	2.272788047	125.0994418	125.0992426	126.6268912	123.5165809
	3.540632739	4.31242627	4.312382658	3.540660891	121.8841228
	121.8841142	120.2046538	123.5166729	5.079985441	5.985408692
	5.985375969	5.080010813	6.884798634	6.884778485	7.920404326
	7.920379292	118.4734263	118.4735029	120.2046113	116.7038881
	8.94789678	10.10977437	8.947912012	10.10975593	11.26120387
	12.54487677	11.26121392	12.54486356	114.8808154	114.8808778
	116.7038037	113.0281214	15.21608902	13.81557514	13.81558097
	15.216099	111.1204542	111.1204256	113.0280547	109.1918705
	107.2070794	105.2102802	109.1918395	107.2070838	103.1562299
	105.2102714	103.1562236	101.099064	98.98387629	98.98386947
	96.87443494	101.0990645	18.11288809	18.11289552	16.60093834
	16.60093569	96.87443781	92.55306003	94.70648255	94.70648764
	90.34094967	88.15199375	92.5530625	90.34095333	19.60629884
	21.22383145	19.60629877	21.22382505	22.8198104	24.53661987
	24.53662507	22.81980852	85.90450466	88.15199515	83.6886043
	85.90450736	26.22879502	28.0381942	28.03819963	26.22879112
	79.18050437	81.41465873	83.68860369	81.41466057	29.81980111
	31.71472625	29.81980675	31.71473098	33.57867524	35.55170565
	33.57868109	35.55170199	74.64548833	79.18050362	76.88912987
	76.88912815	39.53397236	37.49058529	39.53397778	37.49059213
	41.54009863	43.64581844	41.54010984	43.64582767	74.64548725
	70.10145182	72.34577495	72.34577431	65.56633099	67.80252589
	70.10145154	67.80252347	45.71126058	47.87101267	45.71124822
	47.87101959	61.05802707	63.27730696	65.56633256	63.27730268
	49.98759054	52.19287552	49.9875822	52.19287094	56.59433334
	56.59433772	54.3522345	58.7879669	58.78797276	54.35222625
	61.05802907	144.7373857	144.7909798	144.7952888	144.6306287
	144.738606	144.6326748	144.4182416	144.1672392	144.4185916
	143.8199404	144.1678966	143.4384093	143.8209533	143.4389166
	142.9589977	4.015357159e-31	7.408001155e-31	0.07075496513	0.07083741142
	142.4427764	142.4428609	142.9598271	141.8274775	0.1426925271
	0.1428712001	0.3564033327	0.3564002099	141.1740619	141.1742765
	140.4231543	141.8277006	139.6342759	139.6340648	140.4233331
	138.7505617	0.5704759666	0.5705186343	0.9261871003	0.9260883171
	1.281479932	1.777747498	1.281448736	1.777824525	137.8284481
	137.8281408	136.816307	138.750864	135.7638378	135.7638637
	136.816362	134.6277296	133.4490633	133.4492829	134.6274374
	132.1932614	2.908050129	2.907995187	2.272827372	2.272799814
	130.8933663	130.8933812	132.1929752	129.5226338	128.1065792
	128.1063276	126.6265472	129.5226438	3.540641605	4.31241888
	4.312382228	3.540666583	125.0995845	125.0992454	126.6267992
	123.5164646	5.079991433	5.985402721	5.985376812	5.080010326
	121.8842834	121.8840735	120.2045654	123.5167333	6.884798057
	6.884782697	7.920398929	7.920380774	8.947900019	10.10977033
	8.947910995	10.10975756	118.4735194	118.4734703	120.2047113
	116.7038593	11.26121357	11.26120589	12.54487406	12.54486458
	15.21608964	13.81558173	13.8155766	15.21609693	114.8808323
	113.0281246	114.880875	116.7038673	18.11289415	16.60093953
	16.60093691	18.11288826	111.1204066	113.0280712	109.1918838
	111.1204651	107.2070591	107.2070938	105.2102899	109.1918295
	105.2102579	103.1562181	101.0990676	103.1562284	98.98387192
	98.98386997	96.8744355	101.0990567	21.22382503	19.60629986
	19.60630086	21.22383012	94.7064819	92.55305979	96.87443514
	94.70648663	90.3409491	92.55306191	88.15199413	90.34095314
	22.81981154	24.53661966	22.81981044	24.53662412	28.03819407
	28.0381984	26.2287961	26.22879375	88.15199433	85.90450598
	83.68860356	85.90450814	29.81980339	31.7147302	29.81980789
	31.71472545	81.41465809	79.1805054	81.41466052	83.68860291
	33.57867703	33.57868252	35.55170509	35.55170119	39.53397258
	37.49058813	37.49059367	39.53397626	79.18050379	74.64548771
	76.88912898	76.88912867	41.54011121	43.64581764	41.54010302
	43.64582551	45.71124945	45.71126291	47.87100957	47.87101994
	72.34577432	74.64548671	72.34577533	70.10145123	70.10145193
	67.80252261	67.80252647	65.56633047	49.98759323	52.19286984
	52.19287571	49.9875821	61.05802606	63.27730744	63.2773029
	65.56633231	54.35222747	56.59433734	54.35223541	56.59433203
	61.05802961	58.78797415	58.78796624	144.7315666	144.7864414
	144.7893667	144.6269225	144.7330423	144.6294129	144.416163
	144.1660281	144.4167505	143.8196729	144.1665697	3.337393303e-31
	6.198410171e-31	0.07051071648	0.07073417802	142.9587788	143.4383969
	143.8202406	143.4385296	0.1428312606	0.142919684	0.3564704739
	0.3562799309	142.4431372	142.4428258	142.9595756	141.8272672
	0.5705877638	0.570529129	0.9261744595	0.926049168	141.1741982
	141.1741534	140.4232781	141.8278477	139.6340957	139.6341951
	140.4233373	138.7506911	1.281490894	1.777743323	1.281479377
	1.777815186	2.908041835	2.907993548	2.272828571	2.272809792
	137.8285045	137.8283446	136.8161728	138.7506369	135.764164
	135.7638653	136.8162782	134.6275302	133.4492275	133.4491533
	134.6276013	132.1932708	3.540649751	4.312412706	4.312382485
	3.540663497	130.8931926	130.8933452	132.1931089	129.5227972
	128.1063073	128.1064037	126.6266893	129.5225738	5.079996338
	5.98539736	5.985377182	5.080009281	125.0994538	125.099339
	126.6266204	123.5164743	6.88479686	6.884786871	7.92039482
	7.920381769	123.5166213	121.8843333	121.8841005	120.2044968
	8.947910802	8.947902681	10.10976738	10.10975811	12.54486492
	11.26120795	12.54487172	11.26121436	120.2047136	118.473645
	118.4734487	116.7037826	15.2160899	13.81558299	13.81557832
	15.2160951	18.1128927	16.6009382	18.11288818	16.60094137
	114.8809253	114.8808475	113.0280836	116.7039346	21.22382882
	21.22382512	19.60630282	19.60630117	111.1204413	109.1918773
	113.0281314	111.1204543	107.207055	107.2070981	109.191855
	105.2102977	103.1562022	105.2102576	101.099076	103.1562365
	98.98385999	96.87444002	98.98387525	101.0990474	22.81981253
	24.53662308	24.53661936	22.8198127	94.70648341	92.55306203
	96.87442755	94.70648108	92.55305741	90.34095055	88.15199349
	90.34095251	28.03819733	28.03819402	26.2287973	26.22879606
	29.81980617	31.71472909	31.71472508	29.8198089	85.90450461
	88.15199263	83.68860482	85.90450835	35.55170445	33.57867916
	33.57868378	35.55170028	79.18050454	81.41465869	81.41465972
	83.68860292	37.49059017	37.49059519	39.53397222	39.53397547
	41.54010717	43.64582314	43.64581824	41.54011269	76.88912885
	79.18050351	74.64548768	76.88912903	45.71125364	47.8710184
	45.71126442	47.87100737	52.19287684	52.19286693	49.98759633
	49.98758172	72.34577604	74.64548697	70.10145037	72.3457734
	70.10145206	65.5663302	67.80252259	67.80252654	56.59433146
	56.59433679	54.35222831	54.3522374	63.27730877	58.78797498
	63.27730236	65.56633241	61.05802994	58.78796664	61.05802433
	144.726331	144.7841782	1.537927135e-31	0.0706405061	144.4137127
	144.6252704	144.1655368	143.8189886	0.1433286969	0.3562069411
	143.4380994	142.9588667	0.5706069279	0.9260633205	142.4430203
	141.8272105	1.281490355	1.777731046	141.1745217	140.4231056
	139.6342924	138.7507269	2.272827537	2.907992046	3.540661297
	4.312380452	136.8162888	137.8283853	135.7641003	134.6274815
	133.449412	132.1931141	5.080007797	5.985377194	130.8933575
	129.5227503	128.1062603	126.6267815	6.88479619	7.920381387
	125.099254	123.5165969	8.947911414	10.109758	120.2045464
	121.8841889	11.26121544	12.54486488	13.81558455	15.21608977
	118.473632	116.7037517	18.11288818	16.60094333	21.22382495
	19.60630476	114.8809998	113.0280275	24.5366193	22.81981507
	111.1205218	109.1918373	107.2070975	105.2102831	103.1562098
	101.0990774	98.98385174	96.87444652	28.03819375	26.22879826
	94.7064733	92.55306533	90.34094775	88.15199696	31.71472506
	29.81980888	33.57868182	35.55169969	83.68860456	85.90450621
	37.49059216	39.53397135	81.41465955	79.18050485	43.64581868
	41.54010992	45.71125918	47.87100754	76.88912899	74.6454867
	49.98758422	52.19286322	56.59432974	54.35222725	70.10145023
	72.34577268	67.80252288	65.56632878	61.0580234	58.78796827
	63.27730152	76.88912878	79.18050299	144.7276619	3.54065628
	81.41465835	4.312408321	83.6886014	85.90450562	88.15198883
	143.4380424	5.080001834	90.34095154	5.98539327	92.55305184
	141.8276392	94.70648886	96.8744225	140.4234062	6.884790395
	98.98387967	7.920392018	101.0990544	103.156235	105.210286
	8.947905506	107.2070848	134.6274965	10.10976486	109.1919017
	132.1931929	111.1204339	113.0281638	11.26121025	128.1063457
	114.880844	12.54486967	116.7039036	118.4734888	120.204604
	13.8155801	121.8841679	15.21609345	123.5165056	125.0993701
	126.6266217	16.60093973	18.11289117	129.5226922	130.8932665
	19.60630244	133.4491986	21.22382769	135.7640201	136.8161497
	22.81981366	137.8283917	24.53662187	138.7506906	139.6341138
	26.22879837	141.1742269	28.03819643	142.4430112	142.9592939
	29.81981	31.7147279	143.8196825	144.1646055	144.4141388
	33.57868483	144.6232569	35.55170349	37.49059654	39.53397492
	74.64548784	0.1427956655	41.5401143	70.10145183	43.6458217
	0.3562649204	45.71126573	63.27731005	47.87101534	49.98759846
	52.19287675	0.5706804863	54.35224089	0.9261477046	56.59433774
	58.78797595	61.05802916	1.28148483	1.777813655	65.56633339
	67.80252707	2.272821317	72.34577601	2.908034915	144.781347
	0.070823547	144.720877	144.7791704	0.143077651	0.3564304323
	144.6208902	144.4112787	143.818185	144.1639339	0.57079973
	0.9259982862	142.9586926	143.4380097	1.281533784	1.77773242
	142.4429733	141.8273464	2.272818481	2.90798714	140.4231064
	141.1744661	138.7505877	139.6344971	4.312378155	3.540659808
	5.985375334	5.080005627	137.8285611	136.8162591	134.6275673
	135.7640336	132.1931156	133.4493085	7.920380267	6.884796461
	129.5226548	130.8934397	126.6267113	128.1063998	10.10975733
	8.947911873	125.0992736	123.5166366	11.26121667	12.54486438
	120.2046353	121.8840726	13.81558619	15.21608944	16.60094511
	18.11288801	118.473501	116.7038113	21.22382471	19.6063069
	24.53661923	22.81981714	113.0280293	114.8809509	28.03819351
	26.22880066	109.1918047	111.1205515	107.2071524	105.2102509
	101.0990613	103.1562492	96.87444252	98.98386806	31.71472498
	29.8198112	92.55306955	94.70647331	88.15200025	90.34094236
	33.57868471	35.55169954	37.49059459	39.53397057	83.68860688
	85.90450161	43.64581818	41.54011188	79.18050557	81.41465765
	47.87100887	45.71126342	49.98759026	52.19286177	74.64548616
	76.88912696	54.35222706	56.5943255	58.78796817	61.05802293
	70.10144981	72.34577328	67.80252188	65.56632684	63.27730277
	5.08000676	83.68859763	5.985391327	85.90450791	88.15198473
	144.4111142	144.1632508	90.34095467	6.884793889	92.55305111
	7.920389665	94.70648921	96.8744321	98.9838761	141.8274937
	8.947908578	101.0990772	140.4232282	10.10976293	103.1562233
	105.2103144	107.2070738	11.26121256	136.8162289	109.1919072
	12.54486794	111.1204421	113.0281171	114.8808814	132.1930982
	130.8933251	13.81558205	116.7038162	15.21609188	118.4735324
	120.204545	121.8841687	16.60094137	123.516538	18.11288982
	125.0993134	126.6267119	128.1063126	19.60630373	129.5227103
	21.22382647	133.4493011	22.81981492	134.6274413	24.53662079
	135.7640145	137.8283441	26.22879936	138.7507147	28.0381954
	139.6342156	141.1744046	29.81981114	31.71472691	142.4429502
	142.9591988	143.4376787	33.57868583	143.818722	35.55170231
	144.6190456	37.49059767	144.7224861	39.53397413	41.54011576
	43.64582106	79.18050195	0.5705288729	45.71126732	0.9260821542
	47.87101274	49.98759971	70.10145257	67.80252838	52.19287394
	54.35224414	1.281566613	56.59433932	1.777784716	58.78797884
	61.05802915	63.27731033	2.27283732	65.56633361	2.908034142
	72.34577528	3.54066176	74.64548726	4.312404998	76.88912916
	81.41465855	144.7766068	0.3562546397	144.7157487	144.7736305
	0.5708314749	0.9261549125	144.6167122	144.4083304	144.1621161
	143.8175377	1.281605324	1.777706389	142.9585247	143.4376165
	2.90798064	2.272848956	141.8272787	142.4431684	3.540655896
	4.312374858	140.4231927	141.1745159	139.6344305	138.7506073
	5.080004671	5.985372015	7.920378631	6.884795822	136.8161587
	137.8286447	134.6275093	135.7641727	132.1931691	133.449288
	10.10975595	8.947912421	130.8933553	129.522682	126.6266631
	128.1064103	12.54486355	11.26121775	125.0993734	123.5165743
	15.2160889	13.81558762	120.2046346	121.8841215	18.11288757
	16.60094682	19.60630886	21.22382452	116.7038663	118.4734488
	22.81981914	24.53661895	26.22880292	28.03819344	114.8808561
	113.0280834	31.71472473	29.81981346	111.1204907	109.1918235
	107.2071491	105.2102401	101.0990409	103.1562789	96.87442998
	98.98389731	35.55169958	33.57868731	92.55306494	94.70648846
	88.1520012	90.34094605	39.53397024	37.49059744	43.64581729
	41.54011403	83.68861051	85.90449839	47.87100931	45.71126583
	79.18050687	81.41465267	49.98759664	52.19286325	54.35223168
	56.59432153	74.64548781	76.88912363	61.05801975	58.78796607
	63.27730455	65.56632647	72.34577202	70.10144807	67.80252109
	7.920388268	90.34095449	92.5530598	8.947911363	94.70648508
	144.4080134	96.87444781	10.10976155	98.98386873	143.4374859
	101.0990865	142.9588757	11.26121505	103.156223	105.2103029
	12.5448665	107.2070864	140.4231558	139.6343357	109.1918628
	13.81558408	137.8284421	111.1204704	113.0280603	15.21609052
	114.8809021	116.703796	16.60094305	118.4735178	120.2045873
	18.1128886	121.8841304	123.5165924	19.60630521	125.0993072
	126.6266947	21.22382524	128.1063687	129.522642	22.81981614
	130.8933801	132.1930838	24.5366198	133.4492752	134.6275165
	26.2288005	135.7639928	136.8162229	28.03819432	138.7505895
	29.81981214	31.71472602	141.174398	141.8274868	33.57868692
	142.4429399	35.55170117	143.8176131	37.49059866	144.1614926
	39.53397302	144.6146903	144.7169655	41.54011699	43.64582045
	88.15198691	85.90450894	45.71126897	1.281502461	81.41466054
	47.87101157	1.777750744	49.98760108	52.19287011	54.35224579
	56.59433835	2.272878954	58.78798295	61.05803149	2.908019287
	63.27731143	65.5663325	3.540675184	67.80252887	70.10145309
	4.312404112	72.34577618	74.64548502	5.080010612	76.88912942
	79.18049986	5.985390252	83.68859539	6.884797929	144.7720148
	0.926004042	144.7109744	144.7685644	1.281674282	1.777783426
	144.6121416	144.4051571	144.1604514	143.8166408	2.272904569
	2.907964984	143.4372021	142.9585164	3.540675191	4.31236905
	141.827248	142.4431339	5.080003989	5.985368823	140.4231263
	141.1746889	139.6344779	138.7506405	6.884794566	7.920375672
	10.10975424	8.947912678	136.8161896	137.8285719	134.6274466
	135.764183	133.4493927	132.1931144	12.5448623	11.26121839
	130.8933711	129.5227017	128.1063521	126.6266991	13.81558881
	15.21608805	125.0993529	123.5165556	16.60094834	18.11288699
	121.8841755	120.2045892	19.60631051	21.22382415	22.81982114
	24.53661865	118.4735022	116.7038492	28.03819326	26.22880486
	31.71472454	29.81981575	113.0281078	114.8808461	35.55169948
	33.57868955	111.1204341	109.1918622	105.2102615	107.2070989
	101.0990428	103.1562619	96.87441855	98.98390869	39.53397026
	37.49060024	92.55305382	94.70651063	90.34096084	88.15199569
	41.5401167	43.64581672	47.87100856	45.71126774	85.90450462
	83.68860955	49.98760064	52.19286499	79.18050893	81.41464954
	54.3522399	56.59432142	58.7879671	61.05801402	76.88912091
	74.64548941	63.27730214	65.56632616	70.10144793	67.8025216
	72.34576687	94.70648104	96.87444961	144.7115004	11.26121754
	98.98387155	144.4045085	12.5448655	101.0990725	103.1562338
	105.2102701	13.81558616	107.207105	15.21608941	109.1918333
	141.8273285	111.1204752	113.0280637	140.4231623	16.60094483
	114.8808846	18.11288746	137.8285061	116.7038317	118.4734957
	120.2046108	19.60630676	121.884141	21.22382419	123.5165654
	132.1931343	125.0993519	126.6266517	22.81981742	128.1063877
	24.53661873	129.5226549	130.8933542	26.22880172	133.4492711
	28.03819338	134.6274918	135.7640748	136.8161414	29.81981315
	31.71472503	138.7505719	139.6343314	33.57868799	141.1744545
	35.55170024	142.443057	142.9585404	37.49059968	143.4371139
	39.53397182	143.816605	144.1595821	41.54011804	144.6103856
	43.64581952	45.71127032	47.87101115	92.5530708	2.27284553
	49.98760274	88.15199572	52.19286776	2.907990643	54.35224665
	81.41466121	56.59433409	58.78798567	61.05803281	3.540707867
	63.27731542	4.31239494	65.56633256	67.80252899	70.10145054
	5.080020066	72.34577867	5.9853894	74.64548432	76.88913002
	79.18049892	6.884801504	7.92038813	83.68860079	85.90450653
	8.947914332	90.34095041	10.10976056	144.7670766	1.777710692
	144.7060435	144.763736	2.272938319	2.908016704	144.607526
	144.4020239	144.1585109	143.8156647	3.540722084	4.312353691
	142.9583605	143.4369995	5.080019507	5.985365242	141.8273154
	142.4431116	6.88479463	7.920372249	140.4231089	141.1746761
	139.6345671	138.7505787	8.947911724	10.10975193	12.54486063
	11.26121872	136.8161923	137.828613	134.6274826	135.7641231
	132.1930832	133.4493791	15.21608691	13.81558955	130.893434
	129.5226586	126.6266975	128.106388	18.11288621	16.6009495
	123.5165811	125.0993205	21.22382354	19.60631198	121.8841478
	120.2045911	22.81982283	24.53661832	28.03819289	26.22880671
	118.4735238	116.7038231	31.71472441	29.81981777	35.55169924
	33.57869172	113.0280881	114.8808849	39.53397028	37.49060267
	109.1918657	111.1204458	105.2102837	107.2070759	103.1562307
	101.0990595	96.87442455	98.98389341	41.54011963	43.64581656
	92.55304764	94.70651392	90.34097584	88.15198738	45.71127022
	47.87100761	52.19286506	49.98760277	85.90451725	83.68860168
	56.59432445	54.35224652	79.18050775	81.41465723	61.05801145
	58.78797387	63.27729709	65.56632243	76.88912044	74.64548772
	67.80251913	70.10145041	72.34576427	13.81558832	101.0990513
	144.7061508	15.21608859	103.1562431	144.4008647	105.2102587
	107.2071015	16.60094667	109.1918447	18.11288653	142.9583384
	111.120463	113.0280859	114.8808762	19.60630833	116.7038368
	140.4230666	139.6343884	21.22382325	118.4735108	120.2045851
	121.884168	22.81981885	123.5165457	24.53661774	134.6274373
	125.0993549	126.6266755	128.1063668	26.22880291	129.5226814
	28.03819249	130.8933622	132.1931057	133.4493307	29.81981432
	31.71472407	135.7641016	136.8161532	137.8284978	33.57868899
	138.7505771	35.55169937	141.1745772	37.49060077	141.827202
	39.53397081	142.4430538	143.4367382	41.54011901	143.8154314
	43.64581842	144.1577365	144.6057982	45.71127135	47.87101056
	49.98760417	52.19286697	96.8744341	3.540676987	54.35224798
	4.312373386	56.59432926	58.78798669	88.15200261	85.90450378
	61.0580288	63.27732045	5.080048613	65.56633444	5.985381453
	67.80253213	70.10144845	72.34577915	6.884808561	74.64548681
	7.920387845	76.88913104	79.18050444	81.41465747	8.947917633
	83.68860986	10.10976047	90.34094788	11.26121989	92.55306821
	12.54486486	94.70648583	98.9838807	144.7622611	2.907974726
	144.7012282	144.7586336	3.540740552	4.312396167	144.6031072
	144.3986732	144.1565263	143.8147877	5.0800558	5.985351024
	143.4366661	142.9581785	6.884809408	7.920369802	141.8272713
	142.4432255	8.947911422	10.10974882	141.174686	140.4231425
	139.6345314	138.7505737	11.26121824	12.54485865	15.21608541
	13.81558981	136.8161449	137.8286456	134.6274764	135.7641664
	132.1931108	133.4493418	18.11288515	16.60095027	130.8934111
	129.522652	128.1064191	126.6266634	21.22382278	19.60631314
	123.5165705	125.0993561	22.8198242	24.53661776	121.8841404
	120.2046056	28.0381925	26.22880843	31.71472409	29.81981951
	118.4735007	116.7038312	35.55169901	33.57869381	39.53397005
	37.49060485	113.028076	114.880888	43.64581655	41.54012239
	109.1918528	111.1204676	105.2102814	107.2070902	103.1562244
	101.0990716	96.87443878	98.98387486	47.87100725	45.71127313
	92.55305641	94.70649669	88.15198467	90.34097327	52.19286438
	49.98760448	54.35224875	56.59432724	83.68859573	85.90452376
	61.05801508	58.78798166	79.18049939	81.41467017	65.56631689
	63.27729794	67.802513	70.10144802	74.6454838	76.88912591
	72.34576963	18.11288585	107.2070946	109.1918543	19.60630998
	111.1204623	144.3973271	144.1557529	113.028082	21.22382244
	143.436479	114.8808904	116.7038202	22.81982032	118.4735235
	120.2045817	24.53661692	121.8841622	123.5165661	26.2288042
	125.0993426	126.6266867	137.8285458	28.03819158	136.8161506
	128.1063836	129.5226547	29.81981552	130.8933971	132.1930767
	31.71472327	133.4493385	134.6274551	33.57869006	135.7640915
	35.5516985	138.7505162	37.49060179	139.6344658	140.4230127
	39.53397002	141.1746101	141.8271736	41.54011997	142.443064
	142.9580583	43.64581733	143.8142482	45.71127222	47.87100935
	144.6011683	144.7006272	49.98760528	52.19286602	105.2102673
	103.1562397	54.35224986	5.08002068	98.98388412	56.59432618
	5.985365719	58.78798797	61.05802165	63.27732311	65.56633497
	6.88483262	67.80253783	70.10145401	7.920380162	72.34577793
	81.4146551	74.6454909	8.947923786	76.88913005	79.18051354
	10.10976058	83.68861144	11.26122261	85.90450411	88.15199857
	12.54486473	90.34095253	92.55305341	13.81559039	94.7064926
	96.87442102	15.21608814	101.0990466	16.60094854	144.7574753
	4.312363687	144.6965506	144.7538078	5.080070275	5.985385786
	144.5985473	144.395298	143.8138067	144.1547384	6.884838314
	7.920358082	142.9580708	143.4363323	8.947925393	10.10974658
	142.4432324	141.8272177	11.26121784	12.54485611	140.4231035
	141.174772	139.6345355	138.7505856	13.81558953	15.2160836
	16.60095053	18.1128838	136.8161552	137.8286047	134.6274444
	135.7641782	133.4493752	132.1931027	21.22382182	19.60631389
	130.8933962	129.5226664	128.1063936	126.6266667	24.536617
	22.81982531	125.0993689	123.5165521	28.038192	26.22880979
	121.8841675	120.2045928	31.71472359	29.81982116	33.57869564
	35.55169869	118.4735061	116.7038338	39.53396972	37.49060697
	43.64581657	41.54012462	114.8808767	113.0280838	45.71127557
	47.87100766	109.1918505	111.120464	105.2102727	107.2071029
	101.0990687	103.1562399	98.98387524	96.87444427	52.19286452
	49.987606	92.55306848	94.70648558	90.34095526	88.15199217
	56.59432806	54.35224853	61.05801987	58.78798604	85.90451801
	83.68859805	65.56631442	63.27730884	81.41467036	79.18049199
	70.10143598	67.80251373	72.34577544	74.64547896	76.88913636
	111.1204715	113.028074	144.6951936	22.81982182	114.8808936
	144.3937589	24.53661623	116.703824	118.4735186	143.4361598
	120.2045958	26.2288056	121.8841576	28.03819082	123.5165664
	125.0993573	126.6266657	140.4230126	29.81981671	128.1064037
	31.71472254	137.8285866	129.522646	130.8933958	132.1930915
	33.5786912	133.4493301	35.55169775	134.6274496	135.7641287
	136.816106	37.49060274	39.53396919	138.7504989	139.6344824
	41.54012096	141.1746562	43.64581619	141.8270927	142.443147
	142.9577944	45.71127317	47.87100761	143.8132139	144.1538042
	49.98760637	144.5966349	52.19286434	54.35225154	56.59432523
	109.1918465	6.884808964	58.78798989	105.2102694	61.05801796
	7.92036737	63.27732317	98.98388032	65.56633255	67.80254112
	70.10146354	8.947943978	72.34578054	10.10975353	74.64549528
	88.15198692	76.88912813	79.1805134	11.26122831	81.4146597
	12.54486483	83.68860518	85.90450694	13.81559263	90.34095806
	15.21608806	92.5530467	94.70649089	96.87442156	16.6009504
	18.11288548	101.0990535	103.156235	19.60631166	107.2070988
	21.22382185	144.7524403	5.985358678	144.6917343	144.7491185
	6.884849439	7.920386931	144.5940436	144.3920814	143.8128159
	144.1529326	8.947950537	10.10973696	143.4361347	142.9578848
	11.26123049	12.54485404	142.4432317	141.8272107	13.81558937
	15.21608148	140.4230722	141.1747846	138.7505544	139.6345751
	16.60095028	18.11288216	21.22382058	19.60631416	136.8161613
	137.8286171	135.7641436	134.627459	133.4493761	132.1930856
	24.53661607	22.81982607	130.8934158	129.5226527	128.1063929
	126.6266748	28.03819124	26.22881086	123.5165591	125.0993528
	31.71472303	29.81982262	120.2045825	121.8841689	33.57869722
	35.5516982	37.4906087	39.53396955	116.7038252	118.473522
	43.64581673	41.54012614	47.87100846	45.71127698	114.880884
	113.0280831	52.1928652	49.98760743	109.191856	111.1204627
	105.210276	107.2070997	103.1562473	101.0990635	98.98388592
	96.87444191	54.35224961	56.59432704	92.55306822	94.70648998
	88.15200198	90.34094698	61.05801977	58.78798923	63.27732374
	65.56631555	83.68860247	85.90450557	67.80252793	70.1014246
	81.4146586	79.18049628	74.64547178	72.34577299	76.88913802
	26.228807	116.7038312	28.03819026	118.473518	120.2045922
	144.3903299	144.1520414	121.8841706	29.81981798	123.516554
	31.71472184	125.0993655	126.6266647	128.1063982	141.8270247
	33.57869235	129.5226568	140.4229758	139.6345163	35.55169701
	130.8933963	132.1930852	133.4493535	37.49060381	134.6274201
	39.53396816	135.7641481	136.8161046	137.8285886	41.54012201
	138.7505003	43.64581492	141.1747365	45.71127431	47.87100603
	142.4431774	142.9576296	143.4358629	49.98760743	143.8121924
	52.19286313	144.5920573	54.35225247	144.6899265	56.59432605
	58.7879911	61.05801957	113.0280762	8.947923268	63.27732324
	10.10974206	65.56632884	67.80254131	105.2102604	103.1562395
	70.10146366	72.34578821	11.26124596	74.64549831	12.54485853
	76.8891319	79.18050352	92.55305234	81.41466406	13.8155978
	83.68860024	15.21608803	85.90450995	88.15198244	90.34095454
	16.60095237	18.11288545	94.7064869	96.87442537	98.98387749
	19.60631334	101.0990533	21.22382154	107.2071051	22.81982335
	109.1918414	24.53661572	111.120473	114.8808912	144.7474583
	7.920362848	144.6869562	144.7442652	8.947958785	10.10976234
	144.5897567	144.3889087	144.1512253	143.8119294	11.26125335
	12.54484561	142.9576761	143.4358953	13.81560083	15.21607974
	141.8271544	142.4433075	16.60095034	18.11288029	141.1748007
	140.4230666	139.634572	138.7505435	19.60631396	21.22381906
	22.8198264	24.5366149	137.8286381	136.8161379	135.7641573
	134.6274639	133.4493528	132.1930929	28.03819029	26.22881165
	130.8934073	129.5226464	128.1064069	126.6266658	31.71472237
	29.81982365	123.5165582	125.0993595	35.55169778	33.57869842
	120.2045884	121.8841604	37.49060972	39.53396951	43.64581695
	41.54012708	116.703821	118.4735191	47.87100873	45.71127804
	52.19286493	49.98760979	114.8808956	113.0280779	56.59432478
	54.35225391	109.1918544	111.1204734	107.2071041	105.2102813
	101.0990677	103.1562426	98.98388971	96.87444068	61.05801583
	58.78799443	94.70649284	92.55306424	90.34095517	88.15200095
	65.56631753	63.27733347	67.80254466	70.10142652	85.90449758
	83.68860414	72.34576877	74.64546447	81.41465333	79.18050266
	76.88912238	31.71472118	121.8841721	123.5165576	33.57869355
	125.0993633	126.6266693	35.55169613	128.1064005	129.522648
	143.4356607	37.49060503	142.9574505	130.8934112	132.1930721
	39.53396714	133.4493633	134.6274242	140.4229528	139.6345601
	41.54012313	135.7641414	136.8161069	43.64581393	137.8286121
	138.7504755	45.71127536	47.87100552	141.1747775	141.8270114
	49.98760818	142.4432054	52.19286337	143.8112472	54.35225278
	144.1503673	144.3871927	56.59432735	144.5876153	144.6847022
	58.78799165	61.05802155	120.2045864	118.4735269	63.27732527
	11.26122696	114.8808941	65.56632472	12.54484807	67.80254292
	70.1014513	72.34579474	74.6454965	13.81561381	76.88914172
	79.18050145	15.21608224	81.41466205	98.98387909	83.68859907
	96.87442513	16.60095702	85.90451016	88.15198972	18.11288534
	90.34094892	92.55305359	19.60631514	94.7064879	21.22382154
	101.0990458	22.81982488	103.1562437	105.2102584	24.53661546
	107.2071033	109.1918425	26.22880839	111.1204728	113.0280767
	28.03818979	116.7038254	29.81981931	144.7425212	10.10973899
	144.6822613	144.7395824	11.26126035	12.54486885	144.5855371
	144.3858943	144.1497509	143.8110494	13.81562166	15.21607207
	142.9575168	143.4356622	16.60096104	18.11287886	142.4433438
	141.8270863	19.60631415	21.22381735	140.4230348	141.1748592
	139.6345884	138.7505399	22.81982625	24.5366135	28.03818926
	26.22881195	137.8286276	136.8161391	135.7641698	134.6274465
	132.1930904	133.4493586	29.81982416	31.71472165	130.8933977
	129.5226543	126.6266625	128.1064016	35.55169743	33.57869905
	123.5165522	125.0993645	37.49061034	39.53396927	121.8841657
	120.2045858	43.64581664	41.54012808	47.87100778	45.71128005
	118.4735175	116.7038255	52.19286332	49.98761363	56.59432278
	54.35225966	113.028078	114.8808971	61.05801359	58.78799949
	111.1204817	109.1918536	105.2102781	107.207115	101.0990734
	103.1562473	96.87444144	98.98388529	63.27733473	65.56631941
	92.55306793	94.70649141	90.34095608	88.15199265	67.80255075
	70.10143765	72.34577471	74.64546345	85.90450107	83.68860494
	76.88910672	81.41465342	79.1804941	125.0993665	126.6266637
	37.49060624	128.1064106	39.53396653	144.3842712	129.5226407
	130.8934125	132.1930768	143.4354598	41.54012419	133.4493611
	43.64581376	134.6274293	141.8269809	135.7641553	136.8160893
	45.71127612	137.8286324	47.87100601	138.7504704	139.6345784
	140.4229538	49.98760878	141.1748149	52.19286397	142.4432708
	142.9572814	54.35225347	56.59432689	143.8104565	144.1488565
	58.78799304	144.5834396	61.05801956	144.6796881	63.27732865
	65.56632043	123.5165597	13.81559619	67.80254693	120.2045886
	70.10143888	15.21607277	72.34579599	114.8809005	74.64548894
	76.8891485	79.18051208	16.60097171	81.4146627	18.11287988
	83.68860039	105.2102609	85.9045066	88.15199397	19.60631937
	98.98388166	90.34095268	21.2238214	92.55305008	94.70648732
	96.87442324	22.81982653	24.53661542	101.0990451	103.1562394
	26.22880981	107.2071039	28.03818941	109.1918388	111.1204762
	113.0280704	29.81982067	31.71472056	116.7038189	118.4735292
	33.57869488	121.8841714	35.55169533	144.7375408	12.54484539
	144.6775464	144.73499	13.81562842	15.2160935	144.5815158
	144.3831548	144.148386	143.8102177	16.60098006	18.11287184
	142.9573401	143.4355196	19.60632429	21.22381617	141.8270471
	142.4433663	22.81982641	24.53661202	141.1748965	140.4230042
	138.7505189	139.634621	26.22881162	28.03818814	31.71472084
	29.81982415	137.8286435	136.81614	135.7641565	134.6274431
	133.4493619	132.1930836	35.55169679	33.57869929	130.8934079
	129.5226494	126.6266655	128.1063987	37.4906112	39.53396848
	125.0993576	123.5165517	41.54012979	43.64581541	121.8841694
	120.2045813	47.87100615	45.71128303	52.19286187	49.9876174
	116.7038254	118.4735277	56.59432273	54.35226317	61.05801508
	58.78800098	114.8809	113.028082	63.27733192	65.56632101
	109.1918568	111.1204864	105.2102791	107.2071171	101.09907
	103.1562578	96.87444418	98.98388421	67.80254886	70.10144438
	92.55306784	94.70649322	88.15199323	90.34094571	72.34578901
	74.6454697	79.18047834	76.88911233	83.6886002	85.90450707
	81.41464328	41.54012512	129.5226446	144.6749364	43.64581412
	130.8934137	144.3816237	144.1475804	132.1930756	133.4493684
	45.71127694	134.6274227	142.9571686	47.8710062	135.7641684
	136.8160921	137.8286331	49.98760985	138.7504734	52.19286313
	139.6346007	140.4229428	141.1748653	54.3522552	141.8269469
	56.59432411	142.4433151	143.4352818	58.78799537	143.8097323
	61.05801535	144.5794997	63.27733114	65.56631775	67.80254963
	70.10143573	126.6266633	16.60095543	72.34579517	18.11287122
	74.64547967	76.88914842	120.2045858	118.473529	79.18051683
	81.41467211	19.60633293	83.68860759	21.22381611	85.90450558
	88.15198812	109.1918344	90.34095678	22.8198305	105.2102552
	103.1562378	92.55305438	24.53661512	94.70648522	96.87442157
	98.98387978	26.22881141	101.0990506	28.03818921	107.2071077
	29.81982204	31.71472017	111.1204784	113.028064	114.8809031
	33.57869619	116.7038184	35.55169503	121.8841776	37.49060736
	123.5165539	39.53396652	125.0993723	128.1064095	144.732737
	15.21607018	144.6729536	144.7303633	16.60098662	18.1128917
	144.5778236	144.3806332	143.8095079	144.1471599	19.60634177
	21.22380986	143.4353772	142.9571624	22.81983588	24.53661114
	141.8270005	142.4434258	26.2288116	28.03818688	140.422985
	141.1749288	139.6346383	138.7505105	29.81982382	31.71471971
	35.55169558	33.57869965	137.8286637	136.816121	135.7641601
	134.6274426	132.1930822	133.4493606	37.49061245	39.53396711
	129.5226459	130.8934095	126.6266602	128.1064002	41.54013187
	43.64581391	125.0993595	123.5165522	45.71128534	47.87100508
	121.884168	120.204585	52.19286187	49.987619	54.35226329
	56.59432418	118.4735344	116.7038232	61.05801731	58.78800018
	65.56632129	63.27733128	113.028085	114.8809109	67.8025485
	70.10144311	111.1204913	109.1918578	105.2102859	107.207121
	101.099067	103.1562543	96.87444579	98.9838916	72.34579938
	74.64547695	94.70648994	92.55306047	90.34094759	88.15199859
	79.1804766	76.88913331	81.4146322	85.90449822	83.68858504
	47.87100516	133.449375	134.6274236	49.98761159	135.7641682
	144.3793093	144.1464652	136.8161018	52.19286093	143.4351686
	137.8286455	138.7504645	54.35225726	139.6346217	140.4229345
	56.59432123	141.1749022	141.8269335	58.7879971	142.4433474
	142.9570554	61.05801289	143.8090764	63.27733177	65.56631736
	144.5759035	144.6703847	67.80254999	70.10143764	132.1930723
	130.893417	72.34579653	19.60631785	128.1064125	74.64547328
	21.22380792	76.88914751	79.18050573	81.4146801	83.68861731
	22.81984317	85.90451349	88.15198858	24.53660993	90.34095119
	114.8809026	92.55305809	113.0280609	26.2288152	94.7064888
	96.87442432	28.03818892	98.98387508	101.0990481	29.81982353
	103.1562432	105.2102523	31.71472025	107.2071049	109.1918318
	33.57869737	111.1204807	35.55169522	116.7038138	37.49060843
	118.4735354	120.2045771	39.53396671	121.8841821	123.5165528
	41.54012617	125.0993731	126.6266644	43.64581398	129.5226456
	45.71127826	144.7281461	18.1128687	144.6685609	144.7259221
	19.60634783	21.2238285	144.5744096	144.3783696	143.8088696
	144.1461446	22.81985214	24.53660537	142.9570322	143.4352338
	28.03818596	26.22882074	142.4434735	141.8269497	29.81982427
	31.71471818	141.1749704	140.4229658	138.750503	139.6346649
	33.57870012	35.551694	37.49061348	39.53396571	137.8286615
	136.8161115	134.6274325	135.7641735	133.4493672	132.1930814
	43.64581303	41.54013301	129.5226424	130.8934055	128.1064001
	126.6266584	45.71128579	47.87100501	123.5165492	125.0993638
	52.19286259	49.98761853	121.8841772	120.2045875	56.59432503
	54.35226249	61.05801763	58.78800055	116.7038286	118.4735361
	65.56632056	63.27733394	70.10144047	67.80255113	114.8809208
	113.0280852	74.64547989	72.3458009	111.1204961	109.1918623
	107.2071284	105.2102834	103.1562499	101.0990744	98.9838929
	96.8744394	79.18048853	76.88914947	94.70648379	92.55306199
	90.34095522	88.15198766	83.688572	81.41464263	85.90447849
	135.7641752	136.8160984	144.6660943	54.35225855	137.8286601
	56.59432016	138.7504672	139.6346321	140.4229284	143.4350706
	58.78799773	141.1749309	61.05801264	141.8269165	142.4433952
	142.9569354	63.2773319	65.56631717	143.8085304	144.1455075
	144.377253	67.80255042	144.5727296	70.10143776	72.34579935
	74.64547125	134.6274269	22.81982906	76.88914959	132.1930755
	79.18049194	24.53660229	81.41467948	128.1064166	83.68861621
	85.90452461	88.15200397	26.22882707	90.34094993	28.03818421
	92.55305301	120.2045746	94.70648982	96.87443042	29.81982701
	114.8809056	98.98387731	31.71472033	101.0990421	103.1562409
	105.2102572	33.57869865	107.2071042	35.55169549	109.1918263
	111.1204808	113.0280587	37.49060962	39.53396649	116.7038034
	118.4735401	41.54012757	121.8841822	43.64581298	123.5165496
	125.099378	126.6266617	45.71127993	47.87100353	129.5226449
	130.8934215	49.98761329	133.4493736	52.19285919	144.7237817
	21.22380551	144.6643734	144.7216605	22.81985808	24.53662276
	144.5713314	144.3764247	144.1452605	143.8083013	26.22883655
	28.03818027	142.956921	143.435146	31.71471707	29.81983358
	141.8269172	142.4434964	33.57870087	35.55169261	141.175008
	140.4229555	139.6346861	138.7504839	37.49061348	39.53396477
	43.64581274	41.54013266	137.8286692	136.816106	134.6274297
	135.7641769	132.1930732	133.449371	47.87100507	45.7112851
	129.5226393	130.893407	126.626657	128.1064025	49.98761796
	52.19286253	125.0993673	123.5165523	56.59432446	54.35226292
	120.2045855	121.8841865	61.05801678	58.78800233	65.56632033
	63.2773366	116.7038351	118.4735489	70.1014403	67.80255328
	74.64547867	72.34579971	114.8809222	113.0280879	79.18049719
	76.88915456	111.1205053	109.1918668	107.2071237	105.2102814
	103.1562599	101.099076	96.87443462	98.9838804	81.41466856
	83.68857605	92.55306504	94.70648983	90.3409391	85.90447444
	88.15196401	58.78799831	138.7504728	61.05801244	139.6346497
	140.4229175	144.3754358	144.1447374	141.1749551	63.27733288
	141.8268882	65.56631594	142.44344	142.9568433	143.4349768
	67.80255172	143.8080426	70.10143612	144.5699439	72.34580095
	144.6621052	74.64547194	76.88915235	79.18048723	136.8160977
	26.22881357	81.41467756	28.03817725	83.68860181	85.90452866
	132.193079	130.8934242	88.15201498	90.34096337	29.81983817
	92.55305792	31.71471581	94.70648341	96.87442822	123.5165417
	98.98388337	33.57870206	120.2045699	118.4735377	101.099049
	35.55169505	103.1562337	105.2102534	113.0280515	107.207109
	37.49061115	109.1918266	39.53396583	111.1204773	114.8809106
	41.54012912	116.7037997	43.64581189	121.8841886	45.71128139
	47.87100253	125.0993819	126.6266599	128.1064198	49.98761442
	129.5226448	52.19285875	133.4493783	54.35225924	134.6274268
	56.59432018	135.7641799	137.8286671	144.7197234	24.53660032
	144.660462	144.717615	26.22884268	28.03819667	144.5686827
	144.3747417	144.1444847	143.8078496	29.81984863	31.71471189
	142.9568105	143.4350721	35.55169216	33.57870923	142.443526
	141.8269046	37.49061316	39.53396416	141.1750412	140.422944
	138.7504687	139.6346891	41.54013162	43.64581226	45.71128458
	47.87100446	136.8161003	137.8286821	134.6274246	135.7641798
	132.193067	133.4493706	52.19286158	49.98761827	129.5226362
	130.8934112	128.1064071	126.6266556	54.35226396	56.59432349
	125.0993793	123.516554	58.78800357	61.05801627	120.2045923
	121.8841916	65.56632053	63.27733762	70.10144067	67.80255472
	116.7038331	118.4735627	74.64547647	72.34580129	79.18049681
	76.88915498	114.880929	113.0280972	83.68859023	81.41468551
	111.1205084	109.1918623	107.2071229	105.2102911	103.1562584
	101.0990638	96.87444154	98.98387743	85.90449661	88.15195506
	92.55304577	94.70649005	90.34091295	65.56631487	141.1749779
	141.8268559	67.80255284	142.4434656	144.3738913	142.9567627
	70.1014352	143.4349233	143.8075915	72.34580139	144.1440956
	74.64547242	144.5675376	144.6583884	76.88915413	79.18048818
	140.422914	139.6346727	81.41468036	29.81982538	137.828671
	83.68858818	31.71470867	85.90452652	88.15200534	90.34097596
	92.55307848	33.57871296	94.70648696	96.87442383	35.55168998
	98.98387846	128.1064254	101.0990573	126.6266545	37.49061466
	103.1562395	105.2102483	39.53396493	107.2071035	120.204558
	118.4735413	109.19183	41.54013056	111.1204804	113.0280455
	43.64581148	114.8809069	116.7037993	45.71128244	47.87100237
	121.8841931	123.5165387	49.98761526	125.0993835	52.19285876
	129.5226443	54.35226013	130.8934271	132.1930792	56.59431992
	133.4493849	134.6274278	58.78799947	135.7641845	136.8161011
	61.05801163	138.750468	63.27733425	144.7160137	28.03817526
	144.6569044	144.713871	29.81985393	31.71472812	144.5664096
	144.3732874	144.1438784	143.8074745	33.57872278	35.5516877
	142.9567363	143.4349757	39.53396388	37.49062074	141.8268976
	142.4435723	41.54013153	43.64581128	140.4229183	141.175058
	139.6346934	138.7504674	45.71128445	47.87100336	52.19286059
	49.98761864	136.816091	137.8286852	134.627416	135.7641864
	132.1930644	133.4493704	54.35226432	56.59432282	129.5226321
	130.8934162	128.1064165	126.6266591	58.78800382	61.0580159
	123.5165529	125.0993897	63.27733828	65.56632009	120.2045991
	121.8842094	67.80255657	70.10144014	74.64547556	72.34580439
	116.7038374	118.4735636	79.18049389	76.88915558	81.41468753
	83.6885976	114.8809447	113.028098	88.15196827	85.9045245
	109.1918651	111.1205007	107.2071342	105.2102884	103.1562401
	101.0990626	96.8744374	98.98388944	92.55301843	90.34091753
	94.70646138	142.4434841	142.9566618	144.6549442	72.34580224
	143.4348926	74.64547146	143.807229	144.1435368	144.3725626
	76.88915544	144.5655263	79.1804887	81.41468429	83.68858486
	141.826832	33.57870085	85.90452633	140.422913	88.15198604
	35.55168292	90.34097555	137.8286838	92.5530864	94.70650463
	96.87443919	37.49062505	98.98387119	39.53396028	101.0990495
	132.1930766	103.1562458	105.2102604	41.54013363	128.106428
	107.2070973	43.64581122	109.1918227	111.1204832	123.5165314
	113.0280514	45.71128355	114.8809025	47.8710024	116.7037887
	118.4735476	120.2045554	49.9876163	121.8841898	52.19285848
	125.0993916	126.6266473	54.35226136	56.59431939	129.5226418
	130.8934334	58.78800073	133.4493895	61.05801113	134.627432
	135.76419	136.816099	63.27733527	65.56631462	138.7504638
	139.6346803	67.80255368	141.1750134	70.10143485	144.7126241
	31.71470618	144.6537253	144.7103853	33.57872775	35.55170324
	144.3720986	144.5644526	143.8071247	144.143386	37.4906341
	39.53395926	143.4349254	142.95671	43.64581066	41.54013957
	142.4436076	141.8268646	45.71128479	47.87100234	140.4229081
	141.1750539	139.6347051	138.7504563	52.1928598	49.98761835
	54.35226415	56.59432209	136.8160859	137.8286885	134.6274074
	135.7641854	132.193061	133.449378	58.78800406	61.05801501
	129.5226328	130.8934205	128.1064329	126.6266584	63.27733929
	65.56631909	125.0993999	123.5165623	67.80255821	70.10143941
	121.8842247	120.2045952	74.6454756	72.34580644	79.1804925
	76.8891573	116.7038499	118.4735755	83.68859536	81.41468604
	88.15198381	85.90453734	114.8809429	113.0280906	92.55301726
	90.34095151	111.1205083	109.1918754	105.2102726	107.2071243
	101.0990735	103.1562437	98.98387698	94.70643626	96.87440597
	76.88915653	143.8069237	79.18048817	144.1431164	144.3713574
	144.5639184	81.41468598	144.6517333	83.68858697	85.9045301
	88.15197498	142.9565675	37.49061317	90.34097169	39.53395391
	92.55306834	94.70651461	140.4229033	139.6346956	96.87446378
	98.98388306	41.54014353	101.0990492	43.64580682	103.1562342
	105.2102669	134.62743	107.2071076	45.71128664	132.193076
	130.8934409	109.1918233	47.87100191	111.1204723	113.0280524
	126.6266442	114.8809105	49.98761764	116.7037841	52.19285818
	118.4735398	120.2045545	121.8841962	54.35226251	123.5165186
	56.59431918	125.0993941	128.1064323	58.78800174	129.522632
	61.05801111	133.4493928	63.27733623	65.56631448	135.7642012
	136.8160968	137.8286933	67.80255482	138.7504621	70.10143424
	141.1750367	72.34580366	141.8268261	74.64547024	142.4435267
	143.4348293	144.7098019	35.55168079	144.6508105	144.7077845
	37.49063946	39.53397405	144.3711375	144.5628909	144.1428953
	143.8068857	41.54015262	43.64580628	143.434943	142.9566504
	47.87100198	45.71129241	141.8268342	142.4435987	52.19285891
	49.98761843	140.4228984	141.1750629	138.7504451	139.6347121
	54.35226402	56.59432105	61.05801388	58.78800442	136.8160757
	137.8286952	134.6274063	135.7641842	132.1930551	133.4493844
	65.56631816	63.27733994	130.8934356	129.5226377	126.6266595
	128.1064424	67.80255902	70.10143879	125.0994246	123.5165671
	72.34580766	74.64547521	121.884226	120.2046035	76.88915974
	79.18049193	83.68859167	81.41468736	118.4735954	116.7038447
	88.15198736	85.90453704	92.55303844	90.34097955	114.8809343
	113.0281003	96.87438048	94.70645519	111.1205191	109.1918633
	107.2071051	105.2102784	101.0990568	103.1562574	98.98383418
	83.68858773	144.5623183	144.6490598	85.90453377	88.15197454
	144.3704617	144.1427713	90.34097381	41.54013216	143.434795
	92.55304647	43.64580042	94.7065098	96.87446308	98.98390341
	101.0990779	45.71129642	103.1562295	105.210255	47.87099744
	107.2071092	137.8287044	109.1918413	136.8160983	49.98762069
	111.120471	113.0280416	52.19285781	114.880909	132.1930704
	130.8934427	116.7037954	54.35226364	118.4735373	120.2045399
	56.5943192	121.8842016	123.5165184	58.78800276	125.0993913
	126.6266313	61.05801103	128.1064434	129.5226246	63.27733743
	65.56631414	133.4494041	134.6274224	67.80255614	135.7642095
	70.10143371	138.7504556	72.34580495	139.6347176	140.4228913
	74.64546972	141.1750602	141.8268142	76.88915758	142.4435631
	142.9565243	79.18048741	143.8065979	81.41468681	144.7066205
	39.53395184	144.6486893	144.7034578	41.54015763	43.64582079
	144.5615261	144.370233	144.142619	143.806704	45.71130498
	47.87099771	143.4348959	142.956565	52.19285835	49.98762614
	141.8268104	142.4435908	54.3522645	56.59432	140.4228824
	141.1750839	139.6347177	138.7504374	58.78800443	61.05801289
	63.27734003	65.56631724	136.8160653	137.8286949	134.6274025
	135.7641957	132.1930595	133.449388	67.80255951	70.10143787
	129.5226344	130.8934553	126.6266733	128.1064587	72.3458089
	74.64547423	125.0994374	123.5165624	76.88916185	79.18049141
	120.2046167	121.8842464	81.41468986	83.68859047	88.15198329
	85.90453555	118.4735861	116.7038371	90.3409867	92.55305288
	96.87439135	94.70649801	114.8809526	113.0281076	98.98381841
	101.0990134	109.1918478	111.1204966	105.2102876	107.20712
	103.156226	90.34097869	92.55303925	144.6458129	45.71128532
	94.70650611	144.3694541	96.87443699	47.87099137	98.98390697
	143.4347798	101.0991027	103.1562512	105.2102655	49.9876301
	107.2070917	52.1928536	109.1918409	140.422884	111.1204856
	113.028052	54.3522666	137.8287241	114.8808935	56.5943188
	116.7037908	118.4735497	134.6274196	120.2045401	58.78800403
	121.8841896	61.05801084	123.5165131	125.0994027	126.6266173
	63.27733864	128.1064429	65.56631396	129.5226193	130.893452
	132.1930538	67.80255733	133.4494149	70.10143358	135.7642164
	136.8160905	72.34580609	74.64546947	138.7504479	139.6347371
	76.88915892	141.1750881	79.18048663	141.82679	142.4435873
	142.9564784	81.41468806	83.68858685	143.8063245	144.1424362
	85.90453528	144.5616349	88.15197695	144.7052726	43.64579835
	144.7040526	144.6463043	47.87101169	45.71131015	144.5603428
	144.3697629	144.1422912	143.8065161	52.19285412	49.98763863
	142.9564983	143.434736	56.59431958	54.35227209	142.4435938
	141.8267907	58.78800477	61.05801198	140.4228642	141.1750958
	138.7504226	139.6347311	63.27734003	65.56631613	70.10143668
	67.80255995	137.828697	136.8160652	135.7642036	134.6273952
	133.4494101	132.1930655	72.34580985	74.64547319	129.5226404
	130.8934625	126.6266741	128.1064896	76.88916316	79.18049068
	123.516578	125.0994398	81.41469205	83.68859004	121.8842651
	120.2046037	85.90453741	88.15197981	92.55305187	90.34098459
	118.4735812	116.703855	96.87441747	94.70652271	98.98385596
	101.0989965	114.8809564	113.0280836	105.2102522	103.1561736
	109.1918634	111.1204831	107.2071261	94.70651058	96.8744163
	49.98761925	98.98389854	52.19284761	144.36873	144.1420205
	101.0990891	103.1562704	105.2103072	107.2070954	54.35227595
	109.1918282	56.59431449	141.8267539	111.1204775	113.0280732
	140.4228672	139.6347578	114.8809014	58.78800703	116.7037791
	61.05801042	136.8160766	118.4735405	120.2045539	121.8841934
	63.27733984	123.5164942	132.1930455	130.8934667	65.56631397
	125.0994045	126.6266193	128.1064431	67.80255846	129.5225977
	70.10143353	133.4494174	72.34580737	134.6274079	74.64546916
	135.7642359	137.8287386	76.88916035	138.7504447	79.18048616
	141.175125	81.41468944	83.68858614	142.4436223	142.9563778
	143.4347474	85.90453609	143.8060854	88.15197755	144.5599851
	90.34098157	144.6432397	92.55304173	144.7031304	47.87098946
	144.6468636	144.6942782	49.98764367	52.1928679	144.5587606
	144.3694221	144.1417075	143.8062449	54.35228422	56.59431547
	142.9564519	143.4345958	61.05801146	58.78801237	141.8267747
	142.4435773	65.56631505	63.27734067	140.4228558	141.1750956
	139.6347324	138.7504094	67.80256013	70.10143552	74.64547211
	72.3458103	136.8160583	137.8287169	135.7642101	134.6274037
	133.4494326	132.1930595	79.18048955	76.8891642	129.5226586
	130.8934874	126.6266714	128.1064958	81.41469396	83.68858912
	123.5165883	125.0994705	88.15197864	85.90454038	121.8842453
	120.2046017	90.34098434	92.55304639	96.87442762	94.70652453
	118.4736089	116.7038533	101.0990214	98.98390285	105.2102025
	103.1561763	114.8809201	113.0280755	107.2070698	111.1205099
	109.1918622	54.35226533	101.0990569	56.59430867	103.1562654
	105.2103249	107.2071258	109.1918564	58.78801617	111.1204574
	143.4347468	113.0280614	142.9562267	61.05800628	114.8809166
	116.7038022	63.27734277	118.4735243	140.4228361	139.6347907
	120.2045395	65.56631359	121.8842078	123.5165022	67.80255976
	125.0993897	126.6266052	70.10143347	128.1064609	129.522584
	72.34580867	130.8934626	132.1930358	74.64546905	133.4494345
	134.627384	76.88916164	135.7642499	136.8160708	79.18048605
	137.8287512	138.7504241	81.4146908	83.68858581	141.1751652
	141.8266952	85.90453738	142.4436798	88.15197687	143.8057259
	90.34098269	144.1417576	144.3681581	92.55304412	144.5579006
	144.6445673	94.70651587	96.87441372	98.98389731	144.6856377
	52.19284565	144.6452771	144.6827582	54.35228934	56.59432889
	144.5580701	144.3682181	144.1413721	143.8059241	58.7880245
	61.05800733	142.9564067	143.4344849	65.56631457	63.27734834
	142.4435313	141.8267772	70.10143444	67.80256078	140.4228531
	141.1750795	138.7504166	139.6347226	72.34581059	74.64547081
	76.88916513	79.18048823	137.8287214	136.8160506	134.6274084
	135.7642424	132.1930724	133.4494395	81.41469549	83.6885879
	130.8935239	129.5226529	126.6266965	128.1065031	85.90454273
	88.15197791	123.5165674	125.0994806	92.55304351	90.34098696
	120.2046268	121.8842508	94.70652177	96.87442258	98.98392055
	101.0990484	116.7038194	118.4735954	105.210202	103.1562319
	107.2070177	109.191805	113.0281001	114.8809207	111.1204949
	61.05800056	107.2071383	109.1919064	111.1204754	113.0280547
	144.3670848	63.27735187	114.8808949	65.5663094	143.4346967
	116.7038197	118.4735448	120.2045328	67.80256274	141.8266114
	121.8841875	70.10143313	123.5165136	125.0994041	126.6265846
	72.34580996	137.8287835	128.1064552	74.64546917	129.5225876
	130.8934687	132.1930049	76.88916289	133.4494505	79.18048604
	134.6273748	135.7642534	136.8160436	81.41469221	83.68858565
	138.7503837	139.6348233	140.4227889	85.90453891	141.1752219
	88.15197638	142.4437474	142.9560867	90.34098369	92.55304434
	143.8053533	144.141419	94.70651788	144.5579707	96.87441797
	144.6416838	98.98390382	101.0990406	58.7880057	103.1562556
	105.210296	56.59430687	144.6859521	144.641168	144.6921861
	58.78802963	61.05802057	144.5573535	144.3672081	144.1409318
	143.805552	63.27736034	65.56631046	142.9563101	143.434412
	70.10143383	67.80256861	142.44352	141.8267806	72.34581155
	74.64546952	140.4228666	141.175047	139.6347145	138.7504263
	76.88916574	79.18048687	81.41469666	83.68858653	137.8287089
	136.8160747	135.7642562	134.6274029	133.4494753	132.1930926
	88.15197666	85.90454459	129.5226556	130.8935218	128.1065455
	126.6266972	90.34099002	92.55304242	123.5165778	125.0994517
	96.87441686	94.70652289	120.2046086	121.8842824	98.98391795
	101.0990523	103.1562762	105.2102396	118.4735497	116.7038272
	107.2070462	109.1917593	113.0280778	111.120412	114.8809525
	111.1205101	113.0281055	144.6398026	114.8808796	67.80257173
	144.3662765	144.140904	116.7037951	70.10142908	118.4735531
	120.2045697	142.955976	121.8841777	72.34581292	123.5164883
	74.64546893	125.0994145	140.4227209	139.6348636	126.6266044
	128.1064402	76.88916429	129.5225618	79.18048613	130.8934903
	132.1929927	133.4494412	81.41469354	134.6273486	83.68858567
	135.7642836	136.8159913	137.8288104	85.90454034	138.7503415
	88.15197632	141.1752918	90.34098507	141.8265472	92.55304385
	142.4438028	143.4346486	94.7065187	143.8049919	96.87441981
	144.5562993	98.98390855	101.0990424	103.1562584	105.2102614
	63.27734154	107.2071247	65.56630384	109.1919083	61.0579988
	144.6900125	144.6393984	144.6884619	63.27736563	65.56632344
	144.5560065	144.365843	144.1406167	143.8050251	67.80258077
	70.10142964	143.4344097	142.9561554	74.64546885	72.34581961
	141.8267369	142.4435858	79.18048552	76.88916684	140.4228841
	141.1750637	138.7504419	139.6346962	83.68858506	81.4146976
	85.90454617	88.15197516	137.8287195	136.8160973	135.764237
	134.6274387	132.193084	133.4494995	92.5530414	90.34099232
	130.8935354	129.5226903	126.626671	128.1065383	96.87441487
	94.70652583	123.5166036	125.0994763	98.98391538	101.0990448
	121.8842429	120.2045717	103.1562844	105.2102629	109.1917815
	107.2071142	118.4735731	116.7038536	111.1203738	113.0280013
	114.8809015	116.7038056	72.34582193	118.473517	120.2045748
	74.64546489	144.3651791	144.1402976	121.8842099	123.5164963
	76.88916732	125.0993809	126.626606	79.18048596	128.1064667
	129.5225414	81.41469494	130.8934731	140.4226794	132.192985
	83.68858581	133.4494606	137.8288273	134.6272898	85.90454168
	135.764306	136.8159607	88.15197634	138.7502862	90.3409866
	139.6349195	92.55304351	141.175341	141.8265301	94.7065199
	142.4438581	142.9559025	96.87441948	143.434559	143.8046631
	98.98390975	101.0990467	144.5548602	144.6375946	103.156266
	105.2102515	107.2071169	67.80256146	109.1918649	70.10142363
	111.1205104	113.0281548	114.8809151	144.6863095	65.56630226
	144.6366675	144.6864394	67.80258621	70.10144248	144.5542257
	144.3645278	143.8044207	144.1400921	74.64546461	72.34583187
	142.9559378	143.4344539	79.1804847	76.88917514	141.8266518
	142.4437133	83.68858367	81.41469898	140.4228481	141.1751712
	139.6347278	138.750469	88.15197374	85.90454734	92.55304011
	90.34099393	137.8287235	136.816105	135.7642646	134.6274743
	132.1931112	133.4494632	96.87441408	94.70652835	130.8935702
	129.5226816	126.6267023	128.1064995	98.98391709	101.0990403
	123.5165626	125.0994988	103.1562787	105.2102605	120.2046014
	121.8842001	107.2071492	109.1918269	113.0279727	111.1204321
	118.4735959	114.8807995	116.703799	76.88917629	121.8842007
	144.6351992	79.18048199	123.5165418	125.0993865	126.6265679
	81.41469803	128.1064654	143.4344627	83.68858557	129.5225649
	130.8934664	132.1929344	141.8265216	85.90454313	133.4494841
	140.4226871	88.1519763	134.6272784	135.7642913	136.8159278
	90.34098804	137.8288671	92.55304335	138.7502528	139.6349463
	94.70652136	141.175394	96.87441887	142.4439235	142.9558335
	98.98391051	101.0990475	143.8042013	144.139722	144.3638014
	103.1562695	144.5531301	105.2102562	107.2071239	120.204542
	109.1918331	72.34581168	111.1204907	113.0281342	74.64545955
	114.8809456	116.7038801	118.4735159	144.6842259	70.10142215
	144.6337208	144.6839832	72.34583751	74.64547731	144.5523585
	144.3630752	143.8038642	144.1393499	76.88918757	79.18048041
	143.4343982	142.9557086	83.6885829	81.41470734	142.4438684
	141.8265551	85.90454877	88.1519725	141.1753	140.4227861
	139.6348504	138.7504435	90.34099509	92.5530388	96.87441315
	94.70653001	136.8161407	137.8287517	135.764291	134.627461
	132.1931596	133.4494841	101.0990393	98.98391955	129.5226673
	130.8935218	128.106535	126.6267242	105.2102525	103.1562768
	125.0994199	123.5165385	107.2071482	109.1918423	121.8842468
	120.2046161	113.0280189	111.1205038	114.8807917	116.7037127
	118.473497	83.68858148	125.0994257	126.6265966	128.1064211
	85.9045463	144.362392	144.1390638	129.5225494	88.15197585
	130.8934983	132.1929347	133.4494411	90.34098951	134.6272837
	141.8265017	92.55304315	135.7643136	140.4226723	136.8158934
	137.8288792	94.70652285	138.7502713	96.87441841	139.6349735
	141.175481	98.98391183	101.0990467	142.4439981	142.9556902
	143.4344229	103.15627	143.8036112	105.2102598	144.5510708
	107.2071311	144.6326837	109.1918306	111.1204876	123.5165208
	113.028081	76.88916602	120.2045803	114.8809301	79.18047662
	116.7039152	118.4735674	121.8841564	81.41470709	144.6815578
	74.6454582	144.6305988	144.6812189	76.88919326	79.18049319
	144.3613704	144.5503491	144.1386582	143.8032506	81.41471974
	83.68857862	143.4342602	142.9555348	85.90455713	88.15197189
	141.8264518	142.4439866	90.34099655	92.55303774	141.1754401
	140.4227485	139.6349546	138.7503952	94.70653105	96.8744121
	98.98392128	101.0990388	136.8161352	137.8288724	135.7642833
	134.6274912	132.1931244	133.4495321	105.2102496	103.1562787
	130.8934938	129.5227203	128.1065289	126.626662	109.1918348
	107.2071414	123.5165946	125.0993921	111.1205247	113.0280652
	121.8842325	120.2045257	114.8808759	116.7037157	118.4733888
	129.5225297	90.34099272	130.8934583	132.1929886	92.55304248
	144.3609037	133.449438	134.6272435	94.70652436	143.4343707
	135.7643301	142.9554791	136.8159223	96.87441807	137.8288725
	138.7502521	98.98391315	139.6350509	140.4226411	101.0990461
	141.1755566	141.8264485	103.1562705	142.4441234	105.2102596
	143.8030552	107.2071328	144.1382653	109.191836	144.5489086
	144.6299261	111.1204981	113.0280553	128.1064385	114.8809103
	126.626653	81.41469677	116.7038666	83.68857601	118.4735851
	120.2046706	121.8841795	123.5164959	85.9045555	125.0993836
	88.15197154	144.6787968	79.18047522	144.6273527	144.6783844
	81.41472541	83.68859156	144.5480586	144.3596083	143.8025066
	144.1379562	85.90456943	88.15196764	143.4342273	142.9553431
	92.55303734	90.341005	142.4440585	141.8263939	96.87441116
	94.70653251	141.175587	140.4226886	139.6350499	138.7504011
	98.9839223	101.0990381	105.2102498	103.1562802	136.8160804
	137.8289534	134.6275165	135.764374	133.4494726	132.1931161
	109.1918289	107.2071394	130.8935617	129.52271	126.6266584
	128.10643	111.1205147	113.0280718	123.516573	125.0994655
	114.8809386	116.7037832	121.8840863	120.2044458	118.4734241
	94.70652747	133.4494831	144.627117	96.87441717	134.6272737
	144.3592334	135.7642873	136.8159257	98.98391458	137.8289341
	101.0990451	138.7502096	139.6350943	140.4226183	103.1562721
	141.1756613	105.2102574	141.8263379	142.4442654	142.9553214
	107.2071339	143.43425	109.1918365	143.8024787	144.1374908
	111.1205051	144.5466795	113.0280585	114.8809148	132.1929546
	116.7038147	85.90454509	118.4735513	128.1064569	120.2046892
	88.151966	121.8842288	123.5165922	125.0993272	126.6266226
	90.34100202	92.55303792	129.5226024	130.8934104	144.67589
	83.68857454	144.6239624	144.6754922	85.9045751	88.15198073
	144.3578214	144.5457493	143.8017902	144.1371129	90.34101724
	92.55303322	142.9550624	143.4342331	96.87441124	94.70654091
	142.4442368	141.8263464	98.98392287	101.0990381	141.1756728
	140.4226561	138.7503687	139.6351939	105.2102505	103.1562797
	109.1918282	107.2071397	137.8289803	136.8161048	134.6274366
	135.7644519	132.1931819	133.4494909	111.1205092	113.0280599
	130.8935093	129.522634	126.6267262	128.1064401	114.8809496
	116.7038162	125.0993982	123.5164393	118.4735375	121.8840116
	120.2044795	101.0990427	135.7643225	144.6243141	136.815874
	137.8289619	144.3575572	103.1562748	138.7502223	105.2102557
	139.635137	140.4225331	142.9551683	141.1758029	107.2071359
	141.8262769	109.1918374	142.4443427	143.4341961	111.1205047
	143.8017759	113.0280713	144.1367492	144.5443585	114.8809208
	116.7038143	118.4735249	134.6273327	120.2046342	90.34099141
	132.1929451	130.893472	121.8842098	92.55303194	123.5166949
	125.099375	126.6266184	128.1063887	94.70653701	129.5226309
	96.87441145	133.4494268	98.98391847	144.6730281	88.15196445
	144.62066	144.6725127	90.34102226	92.55304703	144.5435207
	144.3559492	144.1363452	143.8011007	94.70655217	96.8744081
	142.9548424	143.434129	98.98393038	101.0990388	141.8262102
	142.4444717	103.1562812	105.2102492	141.1758346	140.4226688
	139.6352489	138.7503243	109.1918243	107.2071447	113.0280478
	111.1205184	136.8161048	137.8291009	134.627433	135.7643935
	133.4496071	132.1931144	116.7038037	114.8809502	129.5226776
	130.8934081	128.1064963	126.6266649	120.2045547	118.4735937
	123.5163961	125.0991926	121.8840923	138.7501746	107.2071354
	139.6352505	140.4224828	109.1918454	144.3559277	144.1359465
	141.175859	141.8262456	111.1204989	142.444484	142.9548974
	113.0280847	143.4342003	143.8011053	114.880915	116.7038325
	144.5421763	144.6214475	118.4735282	120.2045861	137.8289396
	121.8841678	136.8159151	94.70652721	123.516657	96.87440431
	125.0994309	126.6267377	132.1930593	128.1063696	129.5225685
	98.98392934	130.8934737	101.0990377	133.4493998	134.6272749
	103.1562787	135.7643758	105.2102583	144.6703583	92.55302934
	144.6176282	144.6696042	94.70655683	96.87442173	144.5412963
	144.3542086	144.1356765	143.8003238	98.98394493	101.0990324
	142.9546744	143.4341282	103.1562968	105.2102435	141.8261364
	142.444572	109.1918162	107.2071575	141.1760742	140.4225775
	139.6353193	138.750371	113.028042	111.1205312	116.7037957
	114.8809486	136.8160165	137.8291391	134.6274964	135.764451
	133.4495197	132.1930157	118.473574	120.2045902	130.8935141
	129.5227191	126.6265148	128.1063583	121.884179	123.5164908
	125.0991457	111.1204939	141.1759535	144.6187302	113.028087
	141.8260874	144.354255	142.4446939	142.9546772	114.880912
	143.4341177	116.7038296	143.8004663	144.1352721	118.4735414
	144.5402876	120.2045709	121.8841668	140.4225075	123.5165656
	98.98391835	125.0993943	137.829027	126.6268225	101.0990369
	128.1064484	129.5226303	134.6272848	130.8933748	132.1930599
	103.156286	133.4494973	105.2102622	135.7643075	136.8159369
	107.2071334	109.1918537	138.7501173	139.6352699	144.6678199
	96.87440427	144.6148066	144.6671222	98.98395923	101.0990398
	144.5394086	144.3526875	144.1349363	143.7996526	103.1563214
	105.2102326	143.4342176	142.9543963	107.2071748	109.1918143
	141.8261421	142.4447657	111.1205292	113.0280493	141.176132
	140.4225188	139.6355196	138.750316	114.8809312	116.7038077
	120.2045893	118.47354	136.8160559	137.8290841	135.7645441
	134.6273883	132.1931088	133.4494248	123.5165638	121.8841978
	129.5225647	130.8935571	126.6265004	128.1061791	125.0992943
	116.7038159	142.4447738	142.9545049	143.4341327	118.4735456
	143.7997038	120.2045782	144.1347676	144.3527858	144.5386258
	121.8841782	144.6163626	123.5165428	125.0993437	141.8259852
	126.6267633	103.1562707	140.4223973	139.6352752	128.1064739
	105.2102612	129.5227948	130.8934068	136.8158525	132.1929705
	133.4494709	107.207141	134.6274015	109.1918451	135.7643294
	137.8290635	111.1204992	138.7501927	113.0280733	141.1761469
	114.8809181	144.6655884	101.0990438	144.612442	144.6648541
	103.1563313	105.2102482	144.3512718	144.5380241	143.7990949
	144.1344198	107.2071796	109.1918197	143.4341473	142.9542178
	113.0280631	111.1205197	141.8259985	142.4450577	116.7038154
	114.8809158	140.4225912	141.1762395	139.6355186	138.7502101
	120.2045753	118.4735369	123.5165576	121.8841982	137.8292276
	136.8160851	135.7643996	134.6273202	133.4495779	132.1931225
	125.099408	126.6266107	129.5224228	130.893305	128.1062193
	143.799052	121.884177	144.1342519	144.3515996	123.5165592
	144.5374692	144.614203	125.0993513	126.6266701	143.434256
	128.1064202	142.9541722	107.2071339	129.5228172	109.1918252
	130.8935219	132.1930891	140.422313	139.6354386	133.4493665
	134.6273467	137.8289831	111.1205153	135.7644411	136.8159165
	113.0280577	138.7501563	114.8809223	116.7038166	141.1761769
	141.8259788	118.4735385	142.4449236	120.204593	144.6639545
	105.2102522	144.6107521	144.6630383	107.2071683	109.191845
	144.3502239	144.5369539	144.1341469	143.7984409	111.120523
	113.0280612	142.954142	143.4342376	114.8809309	116.703809
	142.4451029	141.8259322	118.4735531	120.2045668	141.1765044
	140.4224848	139.6354643	138.7503105	123.5165425	121.8841962
	126.6266784	125.0994048	137.8292734	136.8159193	135.7643758
	134.6274503	133.449549	132.1928926	128.1063809	130.8931392
	129.5224907	125.0993759	144.5369648	126.6266461	144.6125521
	128.1063913	144.3505051	129.5227049	111.1205016	130.8935057
	143.4342286	132.1932746	113.0280565	133.4494579	134.6272744
	141.8257823	135.7643604	136.8160122	114.8809263	137.8290872
	116.7038203	138.7500336	139.6354551	140.4224032	118.4735365
	141.1762304	120.204594	142.4451876	142.953947	121.884179
	123.51656	143.7985136	144.1339769	144.6626927	109.1918182
	144.6095043	144.6621584	111.1205379	113.0280695	144.5366032
	144.3495802	144.133795	143.7979697	114.8809561	116.7038007
	142.9538774	143.4344724	120.2045727	118.4735644	141.8260143
	142.4452623	121.8841869	123.5165447	140.4223794	141.17646
	138.7502912	139.6356929	125.0993804	126.6266672	128.1064624
	129.5226176	136.8159264	137.8290551	135.7645622	134.6273824
	133.4492089	132.192784	130.893282	129.5226272	130.8934298
	144.6116357	132.1932268	114.8809119	144.3498128	144.1339497
	133.449581	116.7038113	134.6274673	135.7642891	142.9538431
	136.8158717	137.8291973	118.473552	138.7501604	120.2045792
	139.6353762	140.4222904	141.1764721	121.8841858	141.8256758
	123.5165559	142.4452185	143.4343405	125.0993776	143.7978249
	126.6266635	144.5368647	128.1064082	144.6620173	113.0280614
	144.6616936	144.6089747	114.8809587	116.703823	144.5370559
	144.3490379	144.1337822	143.7976574	118.4735702	120.2045739
	143.4344245	142.9537558	121.8841961	123.5165448	142.4455916
	141.8258361	126.6266482	125.0993823	141.176445	140.4225368
	139.6356631	138.750076	129.5226552	128.1064497	132.1929345
	130.8934566	137.8291417	136.8160824	134.6270987	135.7643846
	133.4491042	133.449518	118.4735408	134.6276264	120.2045705
	135.7644577	144.3495149	144.1338163	136.8158586	137.8290444
	143.4346011	138.750209	121.884194	139.635577	140.4221533
	123.5165521	141.1764536	141.8257698	125.0993757	142.4453358
	142.9535055	126.6266664	143.7973539	128.1064285	129.5226173
	144.5374821	144.6110907	130.893429	132.1930682	144.6622802
	116.7038025	144.6093516	144.6619149	118.4735776	120.2045892
	144.5378204	144.3489178	144.1340451	143.7971367	121.8842164
	123.51654	142.9537892	143.4346102	126.6266532	125.0993917
	142.4455043	141.8257434	129.52264	128.1064231	141.1767671
	140.4224333	139.6354013	138.7501886	130.8934892	132.1930677
	134.6270736	133.4493381	137.8293302	136.8158807	135.7639812
	121.8841783	135.7645489	144.6112986	136.8161453	123.5165399
	137.8290433	138.7499881	139.6356497	140.4223564	143.4345725
	125.0993914	141.1764024	126.6266494	141.8255625	142.4456527
	142.9533602	128.1064358	129.5226244	143.7970654	144.1339598
	144.3491809	130.8934606	144.5388758	132.1930088	133.4494374
	134.6274919	144.6629556	120.2045709	144.610093	144.6634295
	121.884218	123.5165654	144.5394138	144.3491443	143.7968683
	144.1340024	125.0993985	126.6266557	143.4349874	142.9534805
	129.5226308	128.1064291	142.4455807	141.8259388	132.1930722
	130.8934638	140.4221903	141.1766329	138.7503238	139.6356462
	134.6272964	133.4495038	135.7640063	137.8289473	136.8155692
	126.6266369	138.7500974	139.6354224	140.4223207	141.1767119
	144.3492476	144.1343409	128.106445	141.825447	129.5226172
	142.4455792	142.9534304	143.4347383	130.8934752	143.7965033
	132.1930153	144.540483	133.4494651	144.6124689	134.6273155
	135.764428	136.8162339	125.0993781	137.8292917	123.5165296
	144.6642809	144.6115438	144.6651865	125.0994036	126.6266771
	144.3491444	144.5417796	144.1343468	143.7967893	128.1064458
	129.5226298	142.9533869	143.4348337	132.1930528	130.8934579
	142.4460081	141.8257019	133.4494954	134.6274076	141.1763868
	140.4224332	138.7499368	139.6357706	136.815676	135.7643236
	137.8285351	141.1766968	141.8257349	130.8934905	142.4455921
	142.9530863	144.3496151	132.1930098	143.4351239	143.7962773
	133.4495065	144.1343649	134.6272854	144.5427147	144.6138354
	135.7643671	136.8160032	137.8293049	140.4220482	139.6355433
	128.1064291	138.7504794	129.5225999	126.6266317	144.6667277
	144.6139366	144.6674383	128.106446	129.5226594	144.5439595
	144.3494583	144.1349455	143.7962803	130.8934691	132.1930456
	142.9535864	143.4350357	134.62738	133.4494788	141.8254659
	142.4457321	135.7644541	136.8159506	140.4224645	141.176838
	139.6351292	137.8287614	138.7496487	142.4460277	142.9530145
	144.6159331	133.4495232	143.4349697	134.6272974	143.7962997
	144.1347121	144.349544	135.7644275	144.5455714	136.8158418
	137.8291254	138.7504394	130.8934717	139.6358563	140.4223648
	132.1929978	141.1764107	141.8255578	144.6692665	129.5225899
	144.6162586	144.6712255	130.8934779	132.1930723	144.5467837
	144.3499736	143.7961586	144.134841	134.6273528	133.4494917
	143.4355832	142.9531505	136.8160087	135.7644295	142.445577
	141.825862	137.8291423	138.7499372	141.1767771	140.4218422
	139.6348023	135.7644754	143.7957572	144.6191126	136.815843
	144.1353412	144.349838	144.5480508	137.8291179	138.7501113
	139.6357336	140.4228124	133.4495022	141.1767326	134.6272875
	141.825284	142.445859	142.9533835	143.4350889	144.6721254
	132.1929899	144.619005	144.6746443	133.4494984	134.6273819
	144.3497769	144.5501794	144.135315	143.7963434	135.7644283
	136.8159467	142.9529644	143.4351123	138.7502281	137.829221
	142.4462789	141.8256581	139.6353036	141.1758142	140.4216756
	138.7499946	144.5508611	144.6218804	139.6355191	140.4225508
	144.350403	144.1352016	141.1770712	135.764447	141.8259263
	136.8158565	142.445552	142.9529735	143.4356941	143.7957455
	137.8292167	134.6272813	144.6763205	144.6228254	144.6776627
	135.7644427	136.815962	144.5524656	144.3499628	144.1361941
	143.7956146	137.829188	138.750194	143.4351511	142.9535337
	139.6357095	140.4222044	141.8247496	142.4458213	141.1757376
	141.1767322	141.8263539	144.625041	137.8292039	142.4462088
	142.9527909	138.7500307	143.4352738	143.796226	144.1355709
	144.3499432	139.6356173	144.554197	140.4221362	144.6799543
	136.8158514	144.6830482	144.6258204	137.8291943	138.7501653
	144.5552944	144.3504795	144.1355526	143.795516	139.6356973
	140.4224268	143.4361827	142.9528573	141.824891	141.1766116
	142.444469	142.4464836	142.9539599	139.6356707	143.4350184
	140.4221233	143.7954214	144.1366085	144.3501448	144.5562334
	141.1765577	144.6297763	141.8257121	144.6828422	138.7500423
	144.628587	144.6872555	140.4223368	139.6356711	144.5589549
	144.3494535	144.1359897	143.796315	141.8256996	141.1769126
	142.951607	143.4349238	142.4449938	141.1767396	143.7954984
	141.825307	144.1358558	144.3511129	144.5584773	144.6328358
	142.4458016	142.9541234	143.4363186	144.6883456	140.4221772
	144.6332435	144.6890342	141.1767922	141.8257648	144.3493403
	144.5597868	143.7946607	144.1377395	142.446275	143.433133
	142.9524451	142.952871	144.5616315	144.6355014	143.436284
	143.7977354	144.3497714	142.4457867	144.1356621	144.6915525
	141.8254556	144.6370786	144.6915171	142.4462179	142.9535549
	144.5610129	144.3506985	144.1348889	143.7928567	143.4351356
	144.1395511	144.3490993	144.6451296	143.4348944	144.5647203
	143.7965395	144.6902652	142.9528004	144.7274418	144.626124
	143.796023	143.4362591	144.3460937	144.5711918	144.1324395
	144.5469311	144.1342497	144.6506005	144.3623042	144.6770201
	143.7963764	144.6790284	144.5536875	144.3412017	144.1426394
	144.5479169	144.6178191	144.6986923	144.6178884	144.3365726
	145.1907592	144.6336958	144.4483574	148.1913639	144.3038503
	146.7492431	
