12221	
	2.375025845e-15	1e-18	0.7829249127	5.598020678e-15	0.7907108973
	0.7797671624	1e-18	0.9500107271	0.9417400131	0.9693730816
	0.7782244879	1e-18	0.7886924139	8.441814878e-15	0.939988153
	0.9502529564	0.9730513815	0.9670753955	0.9725803255	0.9658458451
	0.9713084609	1.052894874e-14	0.7877365989	0.7777402031	1e-18
	0.9663524928	0.9504117634	0.9392070855	0.9743811776	0.9660961733
	0.9715535108	0.9729209844	0.9738109156	0.9713717165	0.9733754313
	0.9724448597	0.7774980842	1e-18	0.7873782352	1.22486108e-14
	0.9389099451	0.9748722386	0.9661246896	0.9504412865	0.9668013171
	0.9717521001	0.9736942924	0.9729440103	0.9722703504	0.9730386004
	0.9733921386	0.9732301775	0.9725876046	0.9733583954	0.97276947
	0.7773548424	1e-18	0.7871829203	1.373353544e-14	0.9660178385
	0.9504495769	0.9387751957	0.9750697626	0.9729569857	0.9736570425
	0.9671172246	0.9718438015	0.9731189789	0.9732136648	0.9724998511
	0.9732686003	0.9732497643	0.9731264905	0.973193148	0.9733401594
	0.9729164279	0.9728503516	0.9733211831	0.7772587992	1e-18
	0.7870586649	1.504821918e-14	0.9659528313	0.9504524747	0.9386964265
	0.9751797003	0.971893637	0.9729680562	0.9736323037	0.9672791016
	0.9731414228	0.9732077541	0.9725785029	0.9732520737	0.9732568377
	0.9731980191	0.9732477344	0.9732326533	0.9732031097	0.9732590782
	0.9733014311	0.9732030035	0.9729719368	0.973018679	0.9732865213
	1.622944161e-14	0.7771891813	1e-18	0.7869721253	0.9659074445
	0.9504536348	0.9386432748	0.9752513589	0.9719234714	0.9729780702
	0.9736175779	0.9673746888	0.9731547946	0.9732047201	0.9726196023
	0.9732438562	0.9732169168	0.9732633047	0.9732249835	0.9732362117
	0.9732578925	0.9732591759	0.9732392124	0.9732533267	0.9732038443
	0.9732605752	0.9732745552	0.9732079953	0.9732603941	0.973060735
	0.9730928977	0.7771359595	1e-18	0.7869079838	1.73003308e-14
	0.9386042194	0.9753025385	0.9658732526	0.950454105	0.9719425746
	0.9729868637	0.9736084216	0.9674367553	0.9731630554	0.9732032902
	0.9726452953	0.973239029	0.9732269431	0.9732714939	0.9732219694
	0.9732269113	0.9732727796	0.9732701079	0.9732301682	0.9732386549
	0.9732587238	0.9732587778	0.9732406336	0.9732523493	0.9732062807
	0.9732111314	0.9732587552	0.9732551323	0.9731231593	0.973246247
	0.97314451	0.7770936698	1e-18	0.7868581759	1.827640764e-14
	0.9658463718	0.950454234	0.9385740143	0.9753412388	0.9729944891
	0.973602404	0.9674799108	0.9719553015	0.9732365503	0.9731678597
	0.9732029672	0.9726620288	0.9732324146	0.9732758032	0.9732209844
	0.9732224794	0.9732807911	0.9732793209	0.9732262573	0.9732281479
	0.9732753881	0.9732690997	0.9732311998	0.9732394523	0.9732413084
	0.973251324	0.9732576778	0.9732571975	0.9732138324	0.9732409241
	0.9732132849	0.973255311	0.973235713	0.973178003	0.9731683283
	0.7770590489	1e-18	0.7868180712	1.91685829e-14	0.9658246935
	0.9504541511	0.9385498203	0.9753716812	0.9719642422	0.9730009992
	0.9735982243	0.9675117237	0.9732353102	0.9731704154	0.9732033284
	0.9726731787	0.973220592	0.9732350565	0.97327753	0.9732210628
	0.9732845873	0.9732843623	0.9732227873	0.9732249027	0.9732841865
	0.973278428	0.9732268648	0.9732293047	0.9732681482	0.9732318672
	0.9732399909	0.9732743086	0.9732411825	0.9732515773	0.9732539655
	0.9732574413	0.9732192998	0.9732523196	0.9732369499	0.973219402
	0.9732030453	0.9731979537	0.9732284538	0.7770300127	1e-18
	0.7867848201	1.998479584e-14	0.9658068819	0.9504539158	0.9385299398
	0.9753963262	0.9719709727	0.9730065221	0.9735951017	0.9675364294
	0.9731716785	0.9732040114	0.9726808329	0.9732347647	0.9732198388
	0.9732359156	0.9732778708	0.9732216163	0.9732202488	0.973285794
	0.9732862632	0.9732248416	0.9732240034	0.9732885095	0.9732838333
	0.9732254146	0.973283673	0.9732777148	0.9732272744	0.9732296402
	0.9732321588	0.9732405111	0.9732739058	0.9732671735	0.9732580446
	0.973240792	0.9732497103	0.9732534571	0.9732282417	0.9732256651
	0.9732481904	0.9732330236	0.9732187087	0.9732162061	0.9732284015
	0.7770051515	1e-18	0.7867565817	2.073097748e-14	0.9657920124
	0.9504535693	0.9385132603	0.9754167452	0.9719764238	0.9730112048
	0.9735925645	0.967556468	0.9732345364	0.9731723144	0.9732047576
	0.972686401	0.973235815	0.973277536	0.9732223832	0.9732195156
	0.9732254478	0.9732853333	0.9732863619	0.9732194324	0.9732252127
	0.9732209422	0.9732898651	0.9732865919	0.9732254778	0.973288791
	0.9732829512	0.9732244003	0.9732303932	0.9732833317	0.9732768375
	0.9732278266	0.9732321975	0.9732738981	0.9732670348	0.9732398407
	0.9732596632	0.9732551598	0.9732403433	0.9732466321	0.9732339621
	0.9732296138	0.9732437915	0.97323498	0.9732286752	0.9732321901
	0.9732270834	0.7769834798	1e-18	0.7867321136	2.141164981e-14
	0.9657794092	0.9504531415	0.9384990067	0.9754340007	0.9719811077
	0.9730151986	0.9735903485	0.9675732963	0.9731727349	0.9732054374
	0.972690751	0.9732343905	0.9732352375	0.9732769563	0.9732232052
	0.9732193778	0.9732840852	0.9732858318	0.9732262597	0.9732192259
	0.9732895767	0.9732872412	0.9732256522	0.9732193815	0.973225332
	0.9732856623	0.973221779	0.9732905733	0.9732246678	0.9732886154
	0.9732826132	0.973225765	0.9732278468	0.973283559	0.9732760442
	0.9732308431	0.9732674153	0.9732740497	0.9732390514	0.9732323686
	0.9732624517	0.9732393328	0.9732571723	0.9732425712	0.9732417312
	0.9732409096	0.9732311087	0.9732401408	0.9732251979	0.9732387561
	0.9732427193	0.7769642764	1e-18	0.7867105469	2.203031569e-14
	0.9657685732	0.950452658	0.9384866228	0.9754488402	0.9719852993
	0.9730186347	0.9735883196	0.9675878155	0.9732341951	0.9731731555
	0.9732060085	0.9726943745	0.9732344909	0.9732763815	0.9732239864
	0.9732192918	0.9732826395	0.9732852252	0.9732270661	0.9732190514
	0.9732883748	0.973286783	0.9732189295	0.9732264281	0.9732903767
	0.9732257744	0.9732868984	0.9732200599	0.9732852559	0.9732252358
	0.9732218531	0.9732910715	0.9732254411	0.9732260769	0.9732888605
	0.9732818979	0.9732759474	0.9732836126	0.9732278147	0.9732307222
	0.9732749194	0.9732383726	0.9732678742	0.9732322022	0.9732381278
	0.9732649856	0.9732389485	0.9732598594	0.973245457	0.9732303698
	0.9732498969	0.9732378989	0.9732266549	0.9732496481	0.9732457038
	2.25897219e-14	0.7769470122	1e-18	0.7866912557	0.9657591211
	0.9504521384	0.9384756889	0.975461805	0.9719891518	0.9730216233
	0.973586409	0.9676006167	0.9731736592	0.9732064734	0.9726975291
	0.9732339033	0.973219158	0.9732337535	0.9732759499	0.9732246787
	0.9732812511	0.9732847229	0.973227801	0.9732187875	0.973286831
	0.9732861197	0.973227276	0.9732188484	0.9732893584	0.9732870299
	0.9732264098	0.9732189802	0.9732912931	0.9732862944	0.973225667
	0.9732205808	0.9732851284	0.9732253699	0.9732221919	0.9732913351
	0.9732258547	0.9732257404	0.9732894784	0.9732814053	0.9732759048
	0.97328385	0.9732307989	0.9732279687	0.9732370525	0.9732317436
	0.9732761954	0.9732688352	0.9732677459	0.9732367613	0.9732369611
	0.9732621285	0.9732286607	0.9732558231	0.9732350057	0.9732515606
	0.9732264577	0.973257796	0.9732507261	0.776931274	1e-18
	0.7866737729	2.309204213e-14	0.9384658968	0.975473298	0.9657507686
	0.9504515973	0.9719927498	0.9730242528	0.9735845821	0.9676120964
	0.9732335088	0.9731742664	0.9732068482	0.9727003554	0.9732331069
	0.9732757111	0.973225271	0.9732189175	0.9732284597	0.9732799936
	0.973284377	0.9732184525	0.9732853314	0.9732856642	0.973228041
	0.9732186376	0.9732880268	0.9732865762	0.9732271387	0.973218532
	0.9732903558	0.973286737	0.9732263582	0.9732196221	0.9732920842
	0.9732862747	0.9732254118	0.9732205876	0.9732228969	0.973284633
	0.9732253537	0.9732920673	0.9732814321	0.9732256965	0.9732258177
	0.9732897939	0.9732277086	0.9732846598	0.9732307178	0.9732759811
	0.9732357491	0.9732776079	0.9732701026	0.9732313041	0.9732342875
	0.9732709962	0.9732643474	0.9732355181	0.97325609	0.9732566476
	0.9732254016	0.9732611199	0.9732636838	0.9732332335	0.973229334
	0.7769167516	1e-18	0.7866577466	2.353900725e-14	0.9657432837
	0.9504510472	0.9384569961	0.9754836225	0.9730265934	0.9735828195
	0.9676225454	0.9719961534	0.9732330252	0.9731749611	0.9732071542
	0.9727029259	0.97323257	0.9732756697	0.9732257747	0.973218553
	0.9732788803	0.9732842115	0.9732290406	0.9732180442	0.9732840336
	0.9732854683	0.9732286904	0.9732181963	0.9732866368	0.9732278766
	0.9732861038	0.9732183403	0.9732891388	0.973286803	0.9732270024
	0.9732187656	0.9732916148	0.973286528	0.9732259727	0.9732199353
	0.9732928054	0.9732862823	0.9732253128	0.9732210408	0.9732844528
	0.9732231266	0.9732249039	0.9732929946	0.9732261794	0.9732813394
	0.9732256384	0.9732903569	0.9732272974	0.9732302771	0.9732855409
	0.9732765309	0.9732346842	0.9732794462	0.9732306389	0.9732713576
	0.9732679498	0.9732284968	0.9732260182	0.9732611277	0.9732321824
	0.9732314712	0.9732598961	0.9732340206	0.9732668317	0.9732738835
	0.9732669024	0.776903183	1e-18	0.7866429024	2.393200014e-14
	0.9657364979	0.9504505002	0.9384488058	0.9754930152	0.9719993944
	0.9730287022	0.9735811083	0.9676321668	0.9732324685	0.9731757304
	0.9732074062	0.9727052943	0.9732321239	0.973275796	0.973226209
	0.9732180725	0.9732779107	0.9732842321	0.9732295518	0.9732175394
	0.973282934	0.9732854783	0.9732176082	0.9732292491	0.9732853713
	0.9732285346	0.97328592	0.9732180074	0.9732879765	0.97328663
	0.9732275896	0.9732181788	0.9732905681	0.9732867004	0.9732266474
	0.973219351	0.9732927292	0.9732867803	0.9732255298	0.97322003
	0.9732939923	0.9732860456	0.9732216636	0.973224939	0.9732846014
	0.9732245696	0.9732233591	0.9732936728	0.9732813973	0.9732262975
	0.9732251888	0.9732913415	0.9732269599	0.9732299365	0.9732771838
	0.9732866068	0.9732727991	0.9732333899	0.9732814895	0.9732297797
	0.9732270192	0.9732646388	0.9732730047	0.9732257184	0.9732712032
	0.9732297663	0.9732309637	0.9732326392	0.9732767053	0.9732689867
	0.9732639792	0.7768903591	1e-18	0.7866290153	2.42721255e-14
	0.9657302587	0.9504499553	0.938441162	0.975501665	0.9720025066
	0.9730306287	0.9735794417	0.9676411288	0.9732318536	0.9731765477
	0.9732076212	0.9727074848	0.9732174948	0.9732317469	0.9732760653
	0.9732265912	0.9732169233	0.9732770637	0.9732844248	0.9732300018
	0.9732169321	0.973281993	0.9732856585	0.9732297428	0.9732843169
	0.9732290869	0.9732860407	0.9732174106	0.9732869214	0.9732864957
	0.9732281519	0.9732177739	0.9732895147	0.9732869228	0.9732271907
	0.9732185902	0.973292178	0.9732868523	0.9732259774	0.9732195831
	0.9732939607	0.9732869143	0.9732205898	0.9732251288	0.9732952398
	0.9732861488	0.9732242693	0.9732219065	0.9732845982	0.973223833
	0.9732242228	0.9732946446	0.9732262295	0.9732246826	0.9732818273
	0.9732922682	0.9732263593	0.9732295654	0.9732779115	0.9732880641
	0.9732249168	0.9732267952	0.9732768738	0.973268554	0.973283515
	0.9732743375	0.9732289265	0.9732321904	0.9732286318	0.9732671601
	0.9732749449	0.9732296303	0.9732312134	0.9732709991	0.9732796183
	0.7768781099	1e-18	0.7866159164	2.456026241e-14	0.9657244449
	0.9504494294	0.9384339343	0.9755097145	0.9720055007	0.9730324024
	0.9735778171	0.967649546	0.9732311939	0.9731774047	0.9732078136
	0.9727095282	0.9732314062	0.9732764394	0.9732269391	0.9732168354
	0.9732763178	0.9732847694	0.973230407	0.9732162003	0.9732161772
	0.9732301898	0.9732811661	0.973285991	0.9732834633	0.973286389
	0.9732295502	0.973216619	0.9732172824	0.9732860078	0.9732866173
	0.9732286595	0.9732886779	0.9732871192	0.9732276116	0.9732178512
	0.973291411	0.9732191287	0.9732870684	0.9732264824	0.9732937053
	0.9732872983	0.9732253036	0.9732198423	0.9732955957	0.9732869559
	0.9732244037	0.9732211511	0.9732963529	0.9732864182	0.9732237118
	0.9732222788	0.9732259529	0.9732717319	0.9732798403	0.9732248725
	0.9732958834	0.9732235608	0.9732847686	0.973224058	0.9732822649
	0.9732242323	0.9732262952	0.9732933683	0.9732788854	0.9732290261
	0.9732256377	0.9732895782	0.9732275289	0.9732698532	0.9732284662
	0.9732787087	0.9732279734	0.9732758019	0.9732856378	0.9732730508
	0.9732821736	0.9732312179	0.9732298374	0.7768662827	1e-18
	0.7866034591	2.479710336e-14	0.9657189603	0.9504489293	0.9384270194
	0.9755172975	0.9720083856	0.9730340657	0.9735762236	0.9676575127
	0.9731782771	0.9732079866	0.9727114299	0.9732305037	0.97321611
	0.9732310866	0.9732769024	0.9732272676	0.9732756353	0.9732852338
	0.9732307813	0.9732153809	0.9732804331	0.9732864688	0.9732153285
	0.9732306003	0.9732868879	0.9732299617	0.9732157214	0.9732827524
	0.9732165587	0.9732852689	0.9732870356	0.9732290926	0.9732880283
	0.9732873684	0.9732279756	0.9732172218	0.9732907392	0.9732875285
	0.9732268612	0.9732184027	0.9732934218	0.9732255349	0.9732875207
	0.9732193924	0.9732954831	0.9732875807	0.9732245625	0.9732204819
	0.9732972065	0.9732873053	0.9732235147	0.9732214638	0.9732977558
	0.973286574	0.9732230551	0.9732227966	0.9732829419	0.9732244775
	0.9732743439	0.9732248605	0.9732264463	0.9732277255	0.9732815733
	0.97327255	0.9732970279	0.973285198	0.9732229024	0.9732242043
	0.9732827924	0.9732235566	0.9732947449	0.9732262492	0.9732799079
	0.9732911344	0.9732285488	0.9732249592	0.9732844975	0.9732748867
	0.9732302138	0.9732285827	0.9732772837	0.9732877089	0.9732269611
	0.7768547436	1e-18	0.7865915197	2.49831837e-14	0.9657137126
	0.9504484601	0.9384203177	0.9755245203	0.9720111739	0.9730356474
	0.9735746691	0.9676651117	0.9732297844	0.9731791463	0.9732081599
	0.9727131959	0.9732307577	0.9732774219	0.9732275814	0.9732153327
	0.9732311421	0.9732749948	0.9732858018	0.97321448	0.9732797608
	0.9732870717	0.9732143801	0.9732309856	0.9732821388	0.9732875184
	0.9732303399	0.9732147504	0.9732876766	0.9732294547	0.9732156218
	0.9732846969	0.9732165637	0.9732875244	0.9732878072	0.9732283099
	0.9732175561	0.9732903087	0.9732880902	0.9732271052	0.9732931297
	0.9732879479	0.9732189291	0.9732257916	0.9732954495	0.9732881206
	0.9732245827	0.9732198313	0.9732243707	0.9732853752	0.9732769481
	0.9732238119	0.9732975625	0.9732210146	0.9732878958	0.9732235158
	0.9732987906	0.9732877036	0.9732227079	0.9732219487	0.9732992802
	0.9732221865	0.9732869075	0.9732230978	0.9732269591	0.9732839153
	0.9732748059	0.9732256077	0.9732765804	0.9732866338	0.9732292922
	0.973227399	0.9732856063	0.9732222647	0.9732244577	0.9732983078
	0.9732228214	0.9732960787	0.9732835368	0.9732260786	0.9732928017
	0.9732241617	0.9732896001	0.9732787475	0.9732280786	0.973280946
	0.9732260029	0.7768433714	1e-18	0.7865799935	2.511890371e-14
	0.9657086197	0.9504480312	0.9384137413	0.9755314735	0.9720138647
	0.9730371722	0.9735731547	0.9676724017	0.973229055	0.9731800024
	0.9732083433	0.9727148358	0.9732145052	0.9732303961	0.9732779755
	0.9732279	0.9732743604	0.9732864425	0.973231493	0.9732135106
	0.9732791327	0.9732877881	0.9732133359	0.9732313614	0.9732815817
	0.9732882636	0.9732307015	0.9732136997	0.9732842533	0.9732884724
	0.9732297704	0.9732145565	0.9732884987	0.9732285971	0.9732157315
	0.9732871511	0.9732272725	0.9732167395	0.9732900984	0.9732887161
	0.9732259674	0.9732929526	0.9732886614	0.9732182127	0.9732193043
	0.9732956002	0.9732886431	0.9732245679	0.9732238262	0.9732871856
	0.9732791795	0.9732233757	0.9732234897	0.9732977728	0.9732885847
	0.973220522	0.9732262355	0.9732859613	0.9732248552	0.9732767378
	0.9732995738	0.9732214173	0.9732224007	0.9732884582	0.97330061
	0.9732880501	0.973221758	0.9732224725	0.9732213621	0.9733007059
	0.9732873963	0.9732233758	0.9732782262	0.9732883985	0.9732284886
	0.9732263044	0.9732801501	0.9732913431	0.973227532	0.9732250352
	0.9732997206	0.9732245774	0.9732214778	0.9732861019	0.9732843079
	0.973297409	0.9732820893	0.9732259534	0.9732943562	0.9732233236
	0.9732221438	0.7768320528	1e-18	0.786568788	2.520454439e-14
	0.9657036055	0.9504476515	0.9384072087	0.9755382418	0.9720164542
	0.973038667	0.9735716812	0.9676794313	0.9732283255	0.9731808246
	0.9732085457	0.9727163459	0.9732299862	0.9732785491	0.9732282341
	0.9732136457	0.9732737036	0.9732871343	0.9732318536	0.9732124734
	0.9732785132	0.9732885913	0.9732122069	0.9732317299	0.9732810662
	0.9732891255	0.9732310575	0.9732125565	0.9732838851	0.9732893768
	0.9732300652	0.97321341	0.9732869117	0.9732894101	0.9732288352
	0.9732146977	0.9732894738	0.9732274124	0.973215927	0.9732900299
	0.9732895566	0.9732173067	0.9732260176	0.9732929897	0.9732187702
	0.9732958617	0.9732893498	0.9732245486	0.9732981765	0.9732893798
	0.9732233117	0.9732199016	0.973223208	0.9732885444	0.9732810257
	0.9732229882	0.9732241177	0.9732256441	0.9732874213	0.9732785748
	0.9732221663	0.9732891503	0.9733002765	0.9732210606	0.9732252907
	0.9732797923	0.97322768	0.9732898096	0.9732219765	0.9733016133
	0.9732213377	0.9732890039	0.9733024195	0.9732885682	0.9732206941
	0.9732228206	0.9732205247	0.973302206	0.9732878755	0.9732236954
	0.9732270047	0.9732815503	0.9732928248	0.9732240984	0.9732257555
	0.9732225674	0.9732957431	0.9732832378	0.973301021	0.9732206863
	0.9732245899	0.9732867576	0.9732987655	0.9732213986	0.9732851112
	0.7768206784	1e-18	0.786557819	2.524027842e-14	0.9656985961
	0.950447331	0.9384006411	0.9755449031	0.972018936	0.9730401574
	0.9735702546	0.9676862406	0.9731815923	0.9732087799	0.9727177201
	0.9732276046	0.9732127631	0.9732295031	0.9732791192	0.973228593
	0.9732730048	0.9732878641	0.9732322352	0.973211385	0.9732778732
	0.9732894608	0.9732109928	0.9732321118	0.973280561	0.9732900849
	0.9732314087	0.9732113192	0.9732835644	0.9732903904	0.9732303555
	0.9732121898	0.9732867752	0.9732904727	0.9732290353	0.9732135139
	0.973290076	0.9732904366	0.973227527	0.9732149999	0.9732905308
	0.9732163634	0.9732259859	0.9732932375	0.973290331	0.9732244836
	0.9732180475	0.9732962398	0.9732893781	0.9732826634	0.973222481
	0.973222742	0.9732192918	0.9732230368	0.9732988366	0.973290248
	0.9732206161	0.9733010127	0.973290045	0.9732218826	0.9732803012
	0.9732234464	0.9732250434	0.9732883384	0.9732243834	0.9732812947
	0.9732268827	0.9732908533	0.9732215451	0.973302694	0.9732898875
	0.9732208361	0.9732232714	0.9732829239	0.9732939844	0.9732264436
	0.9732224854	0.9733037913	0.9732895426	0.9732201496	0.9733041121
	0.9732197139	0.9732231653	0.9732891603	0.9732884483	0.9732238765
	0.9733036855	0.973219619	0.9732843815	0.9732254399	0.9732218115
	0.9732969808	0.9732860372	0.9732999454	0.973302241	0.9732874515
	0.9732246001	0.9732206407	0.9732199425	0.7768091401	1e-18
	0.7865470083	2.52261767e-14	0.9656935185	0.9504470804	0.9383939606
	0.9755515314	0.972021299	0.973041669	0.9735688818	0.967692862
	0.9732269056	0.9731822832	0.9732090591	0.9727189492	0.9732289221
	0.9732796633	0.9732289897	0.973211865	0.9732326472	0.9732722349
	0.97328861	0.9732102522	0.973277192	0.973290385	0.9732097088
	0.9732325183	0.9732800398	0.9732911247	0.9732317751	0.9732099817
	0.9732832575	0.9732915015	0.9732306435	0.973210886	0.9732867132
	0.9732916535	0.9732292197	0.9732122352	0.9732902208	0.9732916004
	0.9732276076	0.9732138978	0.973293641	0.9732916114	0.973215422
	0.9732259147	0.9732171213	0.9732915178	0.9732243216	0.9732967918
	0.9732224613	0.9732898161	0.973284206	0.9732220008	0.9732912663
	0.9732186767	0.9732227379	0.9732996785	0.9732243933	0.9732888349
	0.9732817915	0.9732229095	0.9732214698	0.9732911283	0.9732200099
	0.9733019553	0.973220317	0.9732211788	0.9733039013	0.9732908389
	0.9732827518	0.9732235874	0.9732260749	0.9732915165	0.9732842903
	0.9732948368	0.9732257845	0.9732224865	0.9732221271	0.9733051311
	0.9732905945	0.973219528	0.9732210664	0.9732250875	0.9732856096
	0.973297925	0.9732902323	0.9733058518	0.9732228414	0.9732189262
	0.9732234718	0.9732897518	0.9732187251	0.9733057967	0.9733049829
	0.9732891186	0.9732187806	0.9732239543	0.9732245012	0.9732870159
	0.9732199646	0.9733008952	0.9732192026	0.9732881937	0.9733033545
	0.7767973275	1e-18	0.7865362802	2.516221111e-14	0.9656882984
	0.9504469117	0.9383870884	0.9755581991	0.9720235287	0.9730432285
	0.9735675713	0.9676993222	0.9732262422	0.973182872	0.9732093977
	0.9727200199	0.9732109631	0.973228217	0.9732801575	0.9732294378
	0.9732713658	0.9732893518	0.9732331029	0.9732090798	0.9732764394
	0.9732913437	0.9732329592	0.9732083605	0.9732794827	0.9732922362
	0.9732321671	0.9732085573	0.9732829405	0.9732927024	0.9732309467
	0.9732094794	0.9732866832	0.9732929279	0.9732293964	0.9732108825
	0.9732904615	0.9732929309	0.9732276606	0.9732126398	0.9732941485
	0.9732258229	0.9732928498	0.9732144112	0.9732975416	0.9732928239
	0.97322407	0.9732161073	0.9732925188	0.9732224026	0.9732179339
	0.9733006454	0.9732220251	0.9732904844	0.9732832619	0.9732219588
	0.9732223569	0.9732237513	0.9732891221	0.9732832132	0.9732923366
	0.9732209371	0.9732193394	0.9733031728	0.9732842417	0.9732228404
	0.9732252108	0.9732918228	0.9732207298	0.9732919942	0.9732197523
	0.9733052401	0.9732217205	0.9732187955	0.9733066805	0.9732917283
	0.9732953177	0.9732857094	0.9732217508	0.9732250762	0.9732204355
	0.9732868759	0.9732985136	0.9732246356	0.9732181542	0.9732226001
	0.9733075721	0.9732913283	0.9733016159	0.973219353	0.9732880175
	0.9732242502	0.9732909627	0.9732231782	0.9732178038	0.9733077445
	0.9732904515	0.9732236193	0.973307321	0.9732177264	0.9732185183
	0.9733061203	0.9733042207	0.9732239544	0.9732898348	0.9732890318
	0.9732179932	0.7767851243	1e-18	0.786525559	2.50482534e-14
	0.9656828585	0.9504468375	0.9383799424	0.9755649795	0.9720256063
	0.9730448643	0.9735663338	0.9677056435	0.9732256292	0.9731833302
	0.9732098117	0.9727209151	0.9732273585	0.973280575	0.9732299522
	0.9732100701	0.973270368	0.9732900682	0.9732336156	0.9732078764
	0.9732755858	0.9732923189	0.9732069508	0.9732334483	0.9732788603
	0.973293401	0.9732325943	0.9732070505	0.9732825969	0.9732939898
	0.9732312746	0.9732079754	0.9732866558	0.9732942919	0.9732295853
	0.973209441	0.973290765	0.9732943784	0.9732276897	0.9732112724
	0.9732947529	0.9732942791	0.9732132615	0.9732257099	0.9732984493
	0.9732942218	0.9732237673	0.9732150738	0.9732254041	0.9732937036
	0.9733969052	0.9732213725	0.9733017672	0.9732939912	0.973221992
	0.9732170118	0.9732186548	0.9732936799	0.9732203472	0.973304604
	0.9732890007	0.9732235013	0.9732231234	0.9732892844	0.9732854905
	0.9732242931	0.9732223633	0.9732920148	0.9732933754	0.9732190717
	0.9732201263	0.9733067835	0.9732871005	0.9732211659	0.9732242882
	0.9732954699	0.973221308	0.9732929847	0.9732179863	0.9733084572
	0.9732222739	0.9733094184	0.9732172939	0.9732925926	0.9732881372
	0.9732199036	0.9732240195	0.9732987874	0.9732238818	0.973218793
	0.9733020115	0.9732891091	0.9732921722	0.9732168281	0.9733098002
	0.9732229254	0.9732899588	0.9732237996	0.9732179082	0.9733047923
	0.9732167175	0.9732234103	0.9732917043	0.9733095125	0.9732912286
	0.9732906427	0.9733085721	0.9732172468	0.9732236513	0.9733070145
	0.9732168452	0.7767724081	1e-18	0.7865147666	2.488407038e-14
	0.9656771148	0.950446873	0.9383724345	0.9755719483	0.9720275092
	0.9730466073	0.9735651817	0.9677118443	0.9731836254	0.9732103193
	0.9727216141	0.9732250834	0.9732091991	0.9732263139	0.9732808866
	0.9732305496	0.9732692095	0.9732907351	0.9732342003	0.9732066511
	0.9732746002	0.9732932921	0.9732054855	0.9732339999	0.9732781426
	0.9732946025	0.9732330707	0.9732054633	0.9732821999	0.9732953491
	0.9732316352	0.9732063744	0.9732866154	0.97329575	0.9732297951
	0.9732079069	0.9732910999	0.9732959203	0.9732277186	0.9732098142
	0.9732954378	0.9732958716	0.9732119639	0.9732255645	0.9732994824
	0.9732957601	0.9732234386	0.9732139954	0.9734204003	0.9731452836
	0.973705297	0.9765323589	0.9733030647	0.9732956041	0.9732214954
	0.9732159712	0.9734289095	0.9732175809	0.9732211316	0.9733321843
	0.9733061928	0.9732952244	0.9732197176	0.9732178888	0.9732182683
	0.9732949109	0.9732194265	0.9733085863	0.9732979858	0.9732234715
	0.9732226861	0.9732947717	0.9732887708	0.9732956061	0.9732208523
	0.9732233887	0.9732944423	0.9732171163	0.973220832	0.9733104247
	0.9732894441	0.9732987595	0.9732232876	0.9732194389	0.9732218573
	0.9732940235	0.9732162978	0.973311513	0.9732157922	0.9732226709
	0.9733120103	0.9732935126	0.9732183201	0.9732233625	0.9733020343
	0.973290293	0.9733050341	0.9732234686	0.9732909692	0.9732173859
	0.9732156165	0.9732231769	0.9733117877	0.973293047	0.9732235368
	0.973307566	0.9732166207	0.9732915444	0.9732156935	0.9732925472
	0.9732234479	0.9733109983	0.9733095638	0.9732920534	0.9732160606
	0.7767590435	1e-18	0.7865038248	2.466931486e-14	0.9656709772
	0.9504470407	0.9383644697	0.9755791872	0.9720292089	0.9730484928
	0.9735641294	0.9677179393	0.9732246237	0.9731837205	0.9732109413
	0.9727220915	0.9732250468	0.9732810593	0.9732312489	0.9732083649
	0.9732348739	0.9732678543	0.9732913257	0.9732054143	0.973273449
	0.973294243	0.9732039698	0.9732346287	0.9732772983	0.973295824
	0.9732336109	0.9732038003	0.9732817217	0.9732967658	0.9732320417
	0.9732046765	0.9732865376	0.9732972944	0.9732300329	0.973206272
	0.9732914458	0.9732975583	0.9732277585	0.973208276	0.9732961866
	0.973297592	0.9732105371	0.973225401	0.9733006108	0.9732128147
	0.9732974637	0.973223079	1.002133979	0.9861107195	0.9763564301
	0.9850956534	0.9733045385	0.9732209351	0.9732973309	0.9732148855
	0.9761946305	0.9734473974	0.973173403	0.973746742	0.9733079279
	0.973296976	0.9732190235	0.9732169782	0.973431062	0.9732184909
	0.9732190721	0.9733474708	0.9732186935	0.9733106324	0.9732965875
	0.9732173801	0.973296118	0.9732161472	0.9732202277	0.9733125965
	0.9732998979	0.9732209962	0.9733024283	0.9732223498	0.9732191953
	0.9732913571	0.9732988216	0.9732224541	0.9732956077	0.973221398
	0.973215198	0.9733138817	0.9732915252	0.9732179802	0.9732226578
	0.9733017675	0.9732950553	0.9732223308	0.9732146593	0.9733144178
	0.9732144043	0.9732945188	0.9733142866	0.9732229082	0.9732920622
	0.9732229524	0.9733049108	0.9732169821	0.97321611	0.9733077583
	0.9732232061	0.9732925346	0.9732232588	0.9732144835	0.9732939675
	0.9733135105	0.9732929899	0.9733101976	0.9733121155	0.9732233226
	0.9732148123	0.9732934753	0.9732153636	2.440351175e-14	0.7767448456
	1e-18	0.7864926239	0.9656643468	0.9504473448	0.9383559451
	0.975586791	0.9720306732	0.973050566	0.9735631943	0.9677239427
	0.9732242716	0.9731835717	0.9732117029	0.9727223156	0.9732075838
	0.9732235164	0.9732810562	0.973232071	0.9732662623	0.9732918101
	0.9732356557	0.9732041774	0.9732720956	0.9732951483	0.9732024098
	0.973235352	0.9732762923	0.9732970482	0.9732342311	0.9732020647
	0.9732811325	0.9732982254	0.9732325078	0.9732028858	0.9732863986
	0.9732989159	0.9732303097	0.9732045301	0.973291778	0.9732992888
	0.9732278174	0.9732066474	0.9732969831	0.9732994236	0.9732252306
	0.973209018	0.9733018236	0.9732993316	0.9732226937	0.9732114929
	0.9733061525	0.9732991805	0.9732203234	0.973213763	1.029907426
	1.019219785	1.003137769	1.020422563	1.002641333	0.9849461335
	0.9860908271	0.9763369652	0.9733098441	0.9732989016	0.9732182476
	0.9732159431	0.9760397502	0.9734556752	0.9731884041	0.9737525884
	0.9733128629	0.973298436	0.9732179048	0.9732164346	0.9733516596
	0.9734331906	0.9732175777	0.9732178623	0.9733150234	0.9732150536
	0.9732979782	0.9732195184	0.9732973768	0.9732208853	0.9732140173
	0.9733164788	0.9733032446	0.9733051494	0.9732195364	0.9732213633
	0.9733016837	0.9732178704	0.9732933741	0.9732217969	0.9732218882
	0.9732967967	0.9732133922	0.9733170924	0.9732932518	0.9732167012
	0.9732222351	0.9733044772	0.9732130995	0.9732961559	0.9732226014
	0.9733170251	0.9732131623	0.9732955623	0.9733162221	0.9732229997
	0.9732226604	0.9732157047	0.9732936369	0.9733075586	0.9733103969
	0.9732229877	0.9732148114	0.9732940457	0.9733148277	0.9732134799
	0.9732231081	0.9732949946	0.9733128529	0.9732944854	0.9732140617
	0.7767296669	1e-18	0.786481039	2.408603973e-14	0.9383467083
	0.9755948448	0.9656570787	0.9504477864	0.9720318647	0.9730528586
	0.9735624024	0.9677298686	0.9732240522	0.9731831301	0.9732126388
	0.9727222502	0.9732216748	0.973280833	0.9732330418	0.9732068746
	0.9732643882	0.9732921554	0.9732365674	0.9732029528	0.9732704988
	0.9732959819	0.973200813	0.9732361887	0.9732750873	0.973298256
	0.9732349481	0.9732002585	0.9732803982	0.9732997112	0.9732330498
	0.9732010052	0.9732861722	0.9733006034	0.9732306378	0.9732026821
	0.973292074	0.9733011102	0.9732279053	0.9732049155	0.9732978018
	0.9733013551	0.9732074155	0.9732250615	0.9733031189	0.9733013482
	0.9732222834	0.9732100476	0.9733078817	0.9733011827	0.9732196787
	0.9732125555	1.030291347	1.030604552	1.030700943	1.028771884
	0.9733119413	0.973300956	0.9732173845	0.973214842	1.020509289
	1.029645711	1.019222195	1.00315277	1.002943233	0.9860810902
	0.9763235148	0.9849386754	0.9733152704	0.973300493	0.9732170074
	0.973215423	0.9737599464	0.9759917494	0.9734575463	0.9731920489
	0.973317704	0.9732138536	0.9732999862	0.973218757	0.9734358521
	0.9732163097	0.9733554329	0.9732167765	0.9733193027	0.9732993637
	0.9732127374	0.9732202742	0.9732213846	0.9732120003	0.9732987092
	0.9733200531	0.9733074357	0.9732182738	0.9733060743	0.9732206802
	0.9732166504	0.9732213296	0.9732951257	0.9733042249	0.9732116867
	0.9732222151	0.9732980063	0.9733200068	0.9732948561	0.9732218934
	0.97330702	0.9732154467	0.9732973346	0.9732117092	0.9733192043
	0.973222671	0.9732966826	0.9732120549	0.9732228506	0.973317748
	0.9733101758	0.9732952068	0.9732223885	0.9732144047	0.9733131288
	0.9732961193	0.9733156771	0.9732126562	0.9732227302	0.9732956234
	0.9732134531	0.7767133475	1e-18	0.7864690276	2.371610539e-14
	0.9656490597	0.9504484704	0.9383366392	0.9756034441	0.9730554066
	0.9735617631	0.967735698	0.9720327068	0.9731823402	0.9732137686
	0.9727218538	0.9732239996	0.9732062598	0.9732194681	0.973280341
	0.9732341965	0.9732621807	0.9732923222	0.9732376346	0.9732017537
	0.9732686114	0.973296714	0.9731991882	0.9732371622	0.9732736417
	0.973299426	0.9732357813	0.9731983845	0.9732794806	0.9733012072
	0.9732336853	0.9731990363	0.9732858285	0.973302343	0.9732310304
	0.9732007293	0.9732923121	0.9733030172	0.9732280328	0.973203074
	0.9732986197	0.9733033842	0.9732057233	0.973224906	0.9733044787
	0.9733034899	0.9732218522	0.9732085012	0.9733097224	0.9733033581
	0.9732189978	0.9732112357	1.030817825	1.0308125	1.030789668
	1.030754395	0.973314206	0.9733031372	0.973216458	0.9732136902
	1.030377946	1.030612145	1.030728985	1.02877284	0.9733178622
	0.9733027331	0.9732159964	0.9732143178	1.02945936	1.019224815
	1.020518372	1.003157279	0.9849377962	1.003044815	0.9860774392
	0.9763182663	0.9733206169	0.973302171	0.9732125728	0.9732179504
	0.9759670551	0.9737645394	0.973458235	0.973193449	0.9733015453
	0.973322378	0.9732113313	0.9732195611	0.9732159538	0.9734379338
	0.9732151883	0.9733585742	0.9733232844	0.9733008118	0.9732105027
	0.9732208306	0.9732217335	0.9733000649	0.9732101397	0.9733232604
	0.9733086024	0.9733094021	0.9732171055	0.9732201294	0.9733066682
	0.9732967945	0.9732154402	0.973220907	0.9732101376	0.9732222865
	0.9733224692	0.9732992994	0.973296495	0.9732215388	0.9733095931
	0.9732141509	0.9732105032	0.9732225117	0.9732985778	0.973320916
	0.9732224171	0.9733187457	0.973211133	0.9732979254	0.973213022
	0.9732220793	0.9732968848	0.9733129126	0.9732973559	0.9732120022
	0.973316033	0.7766955193	1e-18	0.7864563823	2.329270662e-14
	0.9656401855	0.9504493757	0.9383256321	0.9756127987	0.9720331642
	0.9730583521	0.9735612855	0.9677414623	0.9731811036	0.9732151158
	0.9727210447	0.9732241323	0.9732168347	0.973279525	0.9732355566
	0.9732057702	0.9732388925	0.9732595816	0.973292267	0.9732005967
	0.9732663787	0.9732973109	0.9731975441	0.9732382986	0.9732719093
	0.9733005325	0.9732367526	0.9731964465	0.9732783381	0.9733026955
	0.9732344344	0.9731969788	0.9732853319	0.973304119	0.9732315051
	0.9731986747	0.9732924667	0.9733050025	0.9732282102	0.9732011193
	0.9732994161	0.9733055121	0.9732039316	0.9732247729	0.9733058849
	0.9732068651	0.9733057434	0.9732214102	0.9733116663	0.9733056941
	0.9732097977	0.9732182785	0.9733166259	0.9733054766	0.9732154779
	0.9732124784	1.030835536	1.030831159	1.030770088	1.030770501
	1.030803158	1.030813519	1.030789976	1.030771418	0.9733206533
	0.9733051272	0.9732131187	0.9732148965	1.028784529	1.030632853
	1.03074423	1.030417556	0.9733237355	0.973304551	0.9732112011
	0.9732170645	1.020520362	1.029394828	1.00315907	1.019225535
	0.9849364116	0.9763154199	1.003095897	0.9860753085	0.9733257349
	0.9733039054	0.9732187846	0.9732098032	0.9759522007	0.9737677572
	0.9731941665	0.9734584522	0.9733267638	0.9733031224	0.9732088958
	0.973220199	0.9733612911	0.973214122	0.9732152597	0.9734397363
	0.9733268196	0.9733023223	0.9732211808	0.9732084505	0.973221829
	0.9733260055	0.9733014756	0.9732084442	0.9733110312	0.9733112692
	0.9732195998	0.9732159285	0.9732204554	0.9733091698	0.9732985331
	0.9732141679	0.9732088101	0.973300682	0.9733243787	0.9732220904
	0.9732127723	0.9732211342	0.9732982706	0.9733122997	0.9733220729
	0.9732094913	0.9732220398	0.9732999332	0.9732992894	0.973319174
	0.973315852	0.9732115326	0.9732216929	0.9732104257	0.9732987298
	0.7766759388	1e-18	0.7864428768	2.281458749e-14	0.9656301449
	0.9504504948	0.9383133619	0.9756230225	0.9720332205	0.9730617279
	0.9735610796	0.9677472226	0.9731793599	0.9732168071	0.9727197791
	0.9732244709	0.9732054199	0.9732136709	0.9732782877	0.9732371453
	0.9731995066	0.9732565252	0.9732919397	0.9732403628	0.9732637401
	0.9732977353	0.9732396347	0.9731958908	0.9732698342	0.9733015455
	0.9732378899	0.9731944503	0.9732769249	0.9733041577	0.9732353173
	0.9731948311	0.9732846427	0.9733059157	0.9732320808	0.9731965185
	0.9732925101	0.9733070533	0.9732284512	0.9731990503	0.973300169
	0.9732246735	0.9733077369	0.9732020316	0.9733073166	0.9733081065
	0.9732209675	0.9732051428	0.9733137043	0.9733081755	0.9732175217
	0.9732082518	0.9733191904	0.9733079904	0.9732144418	0.9732111735
	1.030837497	1.030832081	1.030768815	1.030768789	0.9733236522
	0.9733076715	0.9732137461	0.9732118331	1.030834985	1.030832871
	1.030769819	1.030770422	1.030806473	1.030817547	1.030788788
	1.030772415	0.9733270634	0.9733071267	0.9732097338	0.9732160724
	1.030429732	1.030641782	1.030750496	1.028788144	0.9733293548
	0.9732179641	0.9733064435	0.973208156	1.020521315	1.029361657
	1.019226234	1.003159999	0.9849354044	0.9860740176	0.9763136039
	1.003126446	0.973330523	0.9732071573	0.9732194759	0.9733056516
	0.9759423243	0.9734583629	0.9731944978	0.9737703783	0.9733306734
	0.9733047707	0.9732205741	0.9732066337	0.9733638498	0.9734415032
	0.9732130174	0.9732145786	0.9732212856	0.9733298348	0.973303878
	0.9732066108	0.9733281417	0.9732216015	0.9733029933	0.9732069784
	0.9733132034	0.9732190239	0.9733135201	0.9732146829	0.9733004274
	0.9732199322	0.9733118296	0.9732128008	0.9733256808	0.9733021694
	0.9732077127	0.9732215749	0.9733002401	0.9732206539	0.9732112766
	0.973315213	0.9732212272	0.9732087142	0.9733225909	0.9733014313
	0.9732099274	0.9733190271	0.9733007836	0.7766542006	1e-18
	0.7864283461	2.228017856e-14	0.9656187583	0.9504519345	0.9382996408
	0.9756342694	0.9720326711	0.9730655939	0.9735611388	0.9677528703
	0.9731770617	0.9732188594	0.9727180292	0.973225139	0.9732052244
	0.9732099073	0.97327657	0.9732390912	0.9732529018	0.9732912508
	0.9732420693	0.9731984908	0.9732411906	0.9731942443	0.9732606283
	0.9732979452	0.9732673543	0.9733024328	0.9732392307	0.9731924014
	0.9731925935	0.9732751884	0.9733055674	0.9732363612	0.9732837143
	0.9733077177	0.9732327804	0.9731942596	0.9732924075	0.9733091564
	0.9732287712	0.9731968689	0.9733008567	0.9733100562	0.9732000144
	0.973224615	0.9733087556	0.9733105788	0.9732205334	0.9732033266
	0.9733158243	0.9733107876	0.9732167361	0.9732066148	0.9733218929
	0.9732097598	0.9733106808	0.9732133497	1.030838747	1.030832388
	1.030769389	1.030769096	0.9733268478	0.9733103817	0.9732125417
	0.9732104636	1.030838965	1.030833807	1.030768658	1.030767718
	0.9733306278	0.9732149956	0.973309889	0.973208154	1.030833662
	1.030770394	1.030770353	1.030835415	1.030808402	1.030819257
	1.03078831	1.030772696	0.9733332241	0.973309177	0.9732064042
	0.9732170729	1.030434969	1.030754214	1.02879005	1.030645713
	0.9733345767	0.9732052716	0.973218686	0.9733083751	1.019227037
	1.029340978	1.020521206	1.003160763	0.9849346085	0.9860731263
	1.00314674	0.9763122671	0.9733074441	0.9733348204	0.9732046896
	0.9732199017	0.9731945295	0.9737727921	0.9759354166	0.9734580161
	0.9733339777	0.9733064921	0.9732046214	0.9732206636	0.9732138422
	0.973211823	0.9733664412	0.9734433837	0.9733322105	0.9732210409
	0.9732050088	0.9733055302	0.9732210228	0.9732057868	0.9733046295
	0.9733295886	0.9732183686	0.9733161632	0.9733152951	0.9732133352
	0.9733146955	0.9732113219	0.9733025267	0.9732193207	0.9732068668
	0.9732206801	0.9733262955	0.9733038031	0.9733030674	0.9732096565
	0.9733183748	0.9733224665	0.9733024263	0.9732081836	0.9732200783
	0.7766298412	1e-18	0.7864124352	2.168751122e-14	0.9656057192
	0.9504536884	0.938284147	0.9756468467	0.9720314658	0.9730701397
	0.9735614717	0.9677584694	0.9731739687	0.9732213109	0.9727155792
	0.9732261451	0.973205301	0.9732054864	0.9732743249	0.9732414126
	0.9732486356	0.9732901493	0.9732441421	0.9731975556	0.973256931
	0.9732978579	0.9732429923	0.9731926049	0.9733031613	0.9732407961
	0.97319031	0.9732643987	0.9732730683	0.9733068979	0.9732376008
	0.973190268	0.9732824973	0.9733095069	0.973233627	0.9731918915
	0.9732921181	0.9733112944	0.9732291929	0.973194577	0.9733014529
	0.973312461	0.9731978771	0.9732246114	0.9733101806	0.9733131649
	0.9732201168	0.9732014073	0.9733180112	0.9733135279	0.9732159253
	0.9732048928	0.9733247327	0.973313539	0.9732121981	0.9732082401
	1.030840711	1.030832642	1.030769454	1.030768972	0.9733302343
	0.973209016	0.9733132736	0.9732112595	1.030840587	1.030834373
	1.030768736	1.030767655	0.9733344363	0.973312825	0.973206461
	0.9732138608	1.030839089	1.030834623	1.030769265	1.030767694
	0.9733373496	0.9732045341	0.9732161003	0.9733121291	1.030835346
	1.030833914	1.030770879	1.030770236	1.030808554	1.030819586
	1.030788387	1.030773092	0.9733389318	0.9733112938	0.9732032458
	0.9732178361	1.030437382	1.03075695	1.030647421	1.028791365
	0.9733392685	0.97331034	0.9732191502	0.9732025929	1.003161394
	1.020520555	1.029326593	1.019227852	0.9763111372	0.9849340611
	0.9860723985	1.003161313	0.9733384522	0.9732199828	0.9733093254
	0.9732024868	0.9759304917	0.9734574413	0.973194309	0.9737752075
	0.9733365834	0.9733083006	0.9732028886	0.9732203975	0.9732130208
	0.9734454466	0.9733691602	0.9732105215	0.9732037037	0.9733073247
	0.9732203906	0.9733338199	0.9732048743	0.9733064115	0.9733302939
	0.9732200399	0.9733190125	0.9733175861	0.9732176096	0.9732118706
	0.9732097128	0.9733178028	0.9733048596	0.9732186128	0.9732062977
	0.9732194067	0.9733261972	0.9733055894	0.9733217945	0.9733048498
	0.9732079052	0.7766022579	1e-18	0.7863947571	2.103410608e-14
	0.9655906876	0.9504558174	0.9382665228	0.975661011	0.9720294598
	0.9730754747	0.9735622037	0.9677640182	0.9731699851	0.9732243251
	0.9727123592	0.9732275171	0.9732001551	0.9732713145	0.9732441495
	0.9732056518	0.9732436633	0.9732886009	0.9732465973	0.973196806
	0.9732525694	0.9732974316	0.9732451709	0.9731909695	0.9732608556
	0.973303656	0.9732426129	0.9731881661	0.9733081189	0.9732390616
	0.9731878638	0.973270493	0.9731894112	0.9732809351	0.9733112639
	0.9732346532	0.9731921713	0.9732915923	0.973313455	0.9732297377
	0.9733019288	0.9733149393	0.9731956185	0.973224674	0.9733115743
	0.9733158641	0.9732197271	0.9731993723	0.9733202484	0.9733163937
	0.9732151021	0.9732030854	0.9733277012	0.9733165559	0.9732109902
	0.9732066294	1.030842381	1.030833676	1.030769226	1.030769511
	0.9733338092	0.9732074828	0.9733163631	0.9732098822	1.030842173
	1.030834904	1.030768752	1.030767476	0.973338494	0.9733159445
	0.9732046524	0.9732126695	1.030835061	1.030769119	1.030767253
	1.030840871	0.9733417508	0.9733152886	0.9732150459	0.9732025309
	1.030838679	1.030834837	1.030770051	1.030767741	0.9733435901
	0.9732010884	0.9732169342	0.9733144276	1.03083447	1.030771583
	1.030833312	1.03077017	1.030819242	1.030807852	1.030788749
	1.030773569	0.9733440358	0.9733134572	0.9732003382	0.9732183198
	1.030438436	1.028792352	1.030759093	1.030648171	0.9733123903
	0.9733432498	0.9732001893	0.9732192387	1.019228607	1.003161878
	1.029315934	1.020519702	0.976310082	0.9849337934	1.003172434
	0.9860717314	0.9733412996	0.9733113134	0.973200603	0.9732196706
	0.9759269728	0.9731938679	0.9737777276	0.9734566661	0.9732014705
	0.9733102522	0.9732196811	0.9733383703	0.9732120964	0.9733720604
	0.9734477279	0.9732090946	0.9733346064	0.973309273	0.9732027259
	0.9732193058	0.973330223	0.9732042617	0.9732186371	0.9733083585
	0.9733201058	0.973216744	0.9732102839	0.973322089	0.9733211699
	0.9732060091	0.9733075278	0.9733254961	0.9732079706	0.973307433
	0.9732177937	0.7765707494	1e-18	0.7863746944	2.031681476e-14
	0.9655732638	0.9504582865	0.9382463327	0.9756771612	0.9720265225
	0.9730818079	0.9735633581	0.9677695702	0.973164907	0.9732279791
	0.9727081988	0.9732294047	0.9732062955	0.9731937974	0.9732674453
	0.9732474691	0.9732377248	0.9732863802	0.9732494754	0.9731962315
	0.9732474752	0.9732966468	0.9732477428	0.9731894321	0.973256647
	0.9733038867	0.9732448086	0.9731859565	0.9731853643	0.9732673508
	0.9733091653	0.9732407685	0.9732358818	0.9733129603	0.9731868228
	0.9732789648	0.9732304413	0.9731896459	0.9732907767	0.973315623
	0.9733022411	0.9733174752	0.9732248255	0.9731932436	0.9731972135
	0.9733129149	0.9733186786	0.9732193682	0.9733225216	0.9733193938
	0.9732142683	0.9732011815	1.030844066	1.030834668	1.030769334
	1.03076955	0.9733307941	0.973319723	0.9732097281	0.9732049347
	0.9733375753	0.9733196442	0.9732084076	0.9732058659	1.030844106
	1.030835687	1.030768536	1.030767325	0.9733427979	0.9733192648
	0.9732027345	0.9732114153	1.030842416	1.03083567	1.03076893
	1.030766921	0.9733464417	0.9733186559	0.9732003824	0.9732139251
	1.030840381	1.030835122	1.030770056	1.030767185	0.973348556
	0.9732159593	0.9733177957	0.9731987795	1.030837483	1.030834156
	1.030770941	1.030767855	0.9731979181	0.9732174305	0.9733491526
	0.9733167986	1.030772379	1.030832384	1.030833063	1.030770189
	1.030806832	1.030773969	1.030818691	1.030789203	0.9733483796
	0.9733156924	0.9731977352	0.9732184136	1.030648557	1.030760813
	1.02879309	1.030438866	0.9733145645	0.9733463614	0.9732188779
	0.9731981422	1.019229287	1.02051883	1.00316222	1.029307707
	1.00318133	0.9860710774	0.9763090413	0.9849337822	0.9733432577
	0.9733134455	0.9731990712	0.9732188838	0.9737803975	0.9734557121
	0.9731932306	0.9759245036	0.9732004084	0.9733123835	0.973339248
	0.9732184752	0.9733751729	0.9732075422	0.9732110556	0.9734502408
	0.9732177653	0.9733113879	0.9733345607	0.9732020744	0.9732039666
	0.9733294848	0.9732168645	0.9733104627	0.9732085594	0.9732157622
	0.97332287	0.9733254135	0.9732060865	0.9733102708	0.973324809
	0.7765344953	1e-18	0.7863513722	1.953159677e-14	0.9655530858
	0.9504609821	0.9382231497	0.9756957147	0.9720225366	0.9730893026
	0.9735650274	0.9677752461	0.9731585299	0.9732324382	0.972702934
	0.9732318622	0.9732073689	0.9731861865	0.9732625162	0.973251452
	0.9732306942	0.9732834085	0.9732529459	0.9731958354	0.9732413853
	0.9732952933	0.9732507502	0.9731879658	0.9732517024	0.9733038437
	0.9732474032	0.9731837676	0.9732635642	0.9733100205	0.9732428469
	0.9731827469	0.9732764779	0.9733145386	0.9732373335	0.9731841104
	0.973317784	0.9732313151	0.9731869946	0.973289618	0.9732251
	0.973320053	0.973190751	0.9733023437	0.9733141768	0.9733215927
	0.9732190584	0.9731949298	0.9733248125	0.9733225348	0.9732134356
	0.9731991713	0.9733339981	0.9732031622	0.9733230456	0.9732084139
	1.030846628	1.030836087	1.030768826	1.030769569	1.030845858
	1.030836844	1.030768316	1.030767218	0.9733415347	0.9733231194
	0.9732068403	0.9732041516	0.9733473568	0.9733228023	0.9732006967
	0.9732100775	1.03084414	1.030836333	1.030768563	1.030766465
	0.9733514404	0.9733222294	0.9731980907	0.9732127488	1.030841856
	1.03083561	1.030769895	1.030766905	0.9733538433	0.9732149093
	0.9733213985	0.9731963162	1.030838917	1.030771147	1.030834374
	1.030767327	0.9733546178	0.9733203811	0.973195328	0.973216488
	1.030767911	1.03083584	1.030833055	1.030771885	0.9731950947
	0.973353871	0.9733192537	0.973217512	1.030831505	1.030831567
	1.030773127	1.030770178	1.030789631	1.030774231	1.030818208
	1.030805791	0.9733180644	0.9731955049	0.9732180039	0.973351783
	1.028793639	1.030648846	1.030439018	1.030762212	0.973316894
	0.9731964909	0.9732179995	0.9733484978	1.00316245	1.020517992
	1.029301148	1.019229894	0.976307974	0.9860704043	0.9849340082
	1.003188716	0.9733442329	0.9731979302	0.9733157632	0.9732175564
	0.9737832512	0.9731924125	0.9759228564	0.973454587	0.9733146896
	0.9732167836	0.9733392114	0.9731997195	0.9734530019	0.9733785104
	0.973209895	0.9732058553	0.9733337847	0.9732158178	0.9732017618
	0.9733136744	0.9733287293	0.9733258933	0.9733133734	0.9732066995
	0.9733290014	0.9732146567	0.9732040568	0.7764927181	1e-18
	0.7863233752	1.86731921e-14	0.9655299543	0.9504635041	0.9381966452
	0.975717169	0.9720175388	0.973098106	0.9735672149	0.9677813971
	0.9731506419	0.9732378042	0.9726964038	0.9732350208	0.9732089112
	0.9731770861	0.9732563262	0.9732562686	0.9732223329	0.9732795079
	0.9732570895	0.9731957339	0.9732341718	0.9732933115	0.973254362
	0.9731865548	0.9732457555	0.9733033311	0.973250441	0.9731815599
	0.9732590683	0.9733106838	0.973245315	0.9731800866	0.9732733971
	0.9733159883	0.9732391377	0.9731812512	0.9732880188	0.9733198868
	0.9732323733	0.9731841983	0.9733226717	0.9731881369	0.9732255041
	0.9733021848	0.973324596	0.9732188152	0.9731925232	0.9733153298
	0.9731970375	0.9733271106	0.9733258186	0.973212609	0.9732013068
	0.973337305	0.9733265224	0.973207062	1.030848624	1.030838252
	1.030768658	1.030769744	0.9733456855	0.9732023488	0.9733267784
	0.9732051955	1.03084808	1.030838005	1.030767989	1.030766894
	1.030837276	1.030767977	1.030766061	1.030845974	0.9732086532
	0.9733521717	0.9733265698	0.9731985332	0.9733567535	0.973326037
	0.9732115131	0.9731956396	1.030843335	1.030836206	1.030769674
	1.030766609	0.9731936716	0.9733594811	0.9733252431	0.9732137864
	1.030767032	1.030840246	1.030834626	1.030771165	0.9733242145
	0.973360449	0.973192563	0.9732154753	1.030767415	1.03083705
	1.030833203	1.030772169	0.9731922694	0.9732165455	0.9733597457
	0.973323066	1.030832104	1.030834172	1.030772712	1.030767844
	0.9733575745	0.9733218393	0.9732170572	0.9731926866	1.030830868
	1.030773771	1.030770083	1.030830194	1.030817878	1.030790024
	1.030804837	1.030774359	0.9733206162	0.9733541049	0.9732170213
	0.973193717	1.030763376	1.030439045	1.030649115	1.028794035
	0.9732165364	0.9731952595	0.973319423	0.9733495707	1.019230426
	1.003162574	1.02929579	1.02051723	0.984934442	1.003195044
	0.9860697124	0.9763068647	0.9733182737	0.9733442111	0.97321569
	0.9731971956	0.9737863025	0.9759218629	0.9734533068	0.9731914187
	0.9732146541	0.9733383912	0.9731994032	0.973317162	0.9734560227
	0.9732086028	0.9732040277	0.9733820988	0.9732134238	0.9733167667
	0.9732018709	0.9733329447	0.9733291896	0.9733328608	0.9732046885
	0.7764449585	1e-18	0.7862883368	1.773462772e-14	0.9655042464
	0.9504648714	0.9381669504	0.9757419725	0.972011923	0.9731081623
	0.9735698357	0.9677888408	0.9731411532	0.9732441336	0.9726885885
	0.9732389336	0.9731662385	0.9732486673	0.9732620307	0.9732110345
	0.9732123924	0.9732745059	0.973262077	0.9731959381	0.973225592
	0.9732905471	0.973258661	0.9731852949	0.9732386781	0.9733023134
	0.9732540887	0.9731792988	0.9732536012	0.9733109716	0.9732482148
	0.9731773356	0.9732696629	0.9733173238	0.9732413081	0.9731783093
	0.9732859133	0.9733219197	0.9732337441	0.9731812357	0.9733016768
	0.9732260499	0.9733252895	0.9731853734	0.9733276816	0.9732186482
	0.9731900058	0.9733163293	0.9733292517	0.9732117915	0.9731947746
	0.973329401	0.9732056661	0.9731993526	0.973340708	0.9733301744
	0.9733500336	0.973330621	0.9732004516	0.9732034756	1.030851324
	1.030840003	1.030768617	1.030768991	1.030850566	1.030839862
	1.030767305	1.030766664	0.973207141	0.9733572583	0.9733305595
	0.9731962435	1.030847831	1.030838388	1.030767383	1.030765617
	1.03084502	1.030836847	1.030769295	1.030766256	0.9733623913
	0.9733300859	0.9731930395	0.9732102104	0.9733654833	0.9733293359
	0.9731908444	0.9732126092	1.030841571	1.030766878	1.030835046
	1.030771008	0.973366658	0.9732143895	0.9733283263	0.9731895977
	1.030833356	1.030772279	1.030767121	1.030838137	0.9733660244
	0.9733271544	0.9731892315	0.9732155088	1.030832206	1.030835245
	1.030767321	1.03077305	0.9731896622	0.9733637677	0.9733258954
	0.9732160226	1.030831469	1.030832705	1.03076764	1.030773426
	0.9733246177	0.9733601066	0.9731907568	0.9732159607	1.03077431
	1.030830468	1.030829024	1.030769874	1.030790355	1.030817721
	1.030774383	1.030803998	0.9732154093	0.973323371	0.9733552695
	0.9731924076	1.030764369	1.030438996	1.028794317	1.030649403
	0.9733221573	0.9731944788	0.9733495563	0.9732144872	1.019230916
	1.003162621	1.020516523	1.029291306	0.9849350597	0.986068973
	1.003200594	0.9763056933	0.9733433337	0.9732133582	0.9733209609
	0.9731968654	0.9731902572	0.9737895721	0.9734518665	0.9759214337
	0.9731995221	0.9732120541	0.9733374685	0.9733204471	0.9733859401
	0.9733370077	0.9732071776	0.9732020576	0.9733327715	0.9732025329
	0.9734593123	0.7763919271	1e-18	0.7862420705	1.670644277e-14
	0.9654776308	0.9504628867	0.9381353003	0.9757703697	0.9720069795
	0.9731189585	0.9735724873	0.9677994597	0.9731302874	0.9732512326
	0.9726798067	0.9732435842	0.9732137635	0.9731534961	0.9732394569
	0.9732688083	0.9732006012	0.9732682291	0.9732680226	0.9731965245
	0.973215392	0.9732868606	0.9732638216	0.9731841694	0.9732302313
	0.9733006612	0.9732584267	0.9731770565	0.97317445	0.9732470364
	0.9733108671	0.9732517134	0.9732650261	0.9732438763	0.9733183786
	0.9731752242	0.9732832478	0.9733239068	0.9732354382	0.9731781756
	0.9733007744	0.9733279061	0.9732268498	0.9731824283	0.9733170931
	0.9733308105	0.9732185711	0.973187356	0.9733328212	0.9732109855
	0.9731923946	0.9733316632	0.9733340205	0.9732042338	0.9731972853
	0.9733442002	0.9733346646	0.9732016847	0.973198454	0.9733545758
	1.030855088	1.030842848	1.030767402	1.030768949	0.9733626298
	0.9733347859	0.9731938022	0.9732055478	1.030852878	1.030841975
	1.030766805	1.030766241	1.030850068	1.030839572	1.030766613
	1.030765034	0.9733683757	0.973334399	0.9731902663	0.9732088234
	1.030846803	1.030837716	1.030768699	1.030765982	1.030766754
	1.030842943	1.030835555	1.030770773	0.9733718792	0.9732113717
	0.9733336838	0.9731878288	0.9732132335	0.9733732746	0.9733327065
	0.9731864367	1.030833545	1.030772236	1.03076698	1.030839277
	0.9732144074	0.9731859916	0.9733727161	0.9733315291	1.030773191
	1.030836221	1.030832311	1.030766996	0.973186414	0.9733302552
	0.9733703773	0.9732149078	1.030831599	1.030773739	1.030767021
	1.030833751	0.9733665151	0.9733289352	0.9731875716	0.9732148054
	1.030831181	1.030773997	1.030767336	1.030831473	0.9733276307
	0.9733613707	0.9731893429	0.9732141706	1.030830275	1.030769585
	1.030827999	1.030774799	1.030817672	1.030774308	1.030803263
	1.030790657	0.9733263403	0.9733552682	0.9731915805	0.9732131561
	1.030649721	1.028794512	1.030438924	1.030765213	0.9732119361
	0.9733250649	0.9731941504	0.9733486149	1.029287493	1.020515878
	1.003162594	1.019231342	1.003205584	0.9860682003	0.9763044511
	0.9849358603	0.9733423127	0.9733244499	0.9731970077	0.9732105467
	0.9759214695	0.97345028	0.9731889251	0.9737930668	0.9732056042
	0.9733366583	0.9732002076	0.9733414486	0.9733900643	0.973199931
	0.9734628882	0.7763391298	1e-18	0.7861775997	1.557545815e-14
	0.9654545618	0.9504538818	0.938105496	0.9758020646	0.9720057899
	0.9731290275	0.9735741309	0.9678172064	0.973119101	0.973258376
	0.9726712423	0.9732486641	0.97321704	0.9731390057	0.9732289294
	0.9732764262	0.9731867936	0.9732606427	0.9732750029	0.9731974729
	0.9732032985	0.9732821236	0.9732699595	0.9731832144	0.9732201647
	0.9732982639	0.9732636305	0.973174792	0.9732391401	0.9733102687
	0.9732558876	0.9731714831	0.9732593759	0.9733191479	0.973247003
	0.9731719444	0.9732797818	0.9733257006	0.9732374808	0.9731749515
	0.9732994462	0.9732279026	0.9733305497	0.9731793744	0.9733175867
	0.9733340047	0.9732186854	0.9731845342	0.9733338338	0.973336483
	0.9732101932	0.9731898916	0.9733380665	0.9732027523	0.9731950959
	0.973347783	0.973338922	0.9731998147	0.9731963712	0.973359313
	1.030857487	1.030846567	1.030767421	1.030768754	0.9733392483
	0.9731912078	0.973203888	0.9733682965	1.030856264	1.03084394
	1.030766045	1.030765461	0.9732073545	0.9733747242	0.9733389987
	0.9731873006	1.030841242	1.030765534	1.030764507	1.030852446
	1.030848619	1.030838715	1.030768089	1.030765727	0.9732100682
	0.9733786896	0.973338329	0.9731845936	1.030766633	1.030844486
	1.030836063	1.030770432	1.030766947	1.030840506	1.030833826
	1.030772015	0.9733373818	0.973212007	0.9733803347	0.9731830403
	0.9732132231	0.9733362052	0.973379855	0.9731825279	1.030837269
	1.030832467	1.030773111	1.030766839	0.9733349111	0.9731829505
	0.9732137117	0.9733774368	1.030831769	1.030766683	1.030773876
	1.030834679	0.9733335663	0.9731841781	0.9733733484	0.9732135542
	1.030774352	1.030831348	1.030766579	1.03083252	0.9732128292
	0.9733322207	0.9731860621	0.9733678782	1.030831084	1.030766909
	1.030830461	1.030774498	0.9733613652	0.973188464	0.9733308718
	0.9732116976	1.030830259	1.030769225	1.030827121	1.030775196
	1.030817753	1.030790919	1.030774171	1.0308026	0.9733295021
	0.973210361	0.9733542588	0.9731912309	1.030438821	1.028794629
	1.030765968	1.030650061	0.9733474946	0.973208889	0.9731943087
	0.9733287732	1.029284189	1.02051528	1.003162506	1.01923175
	0.9860673664	0.9849368113	0.9763031283	1.003210135	0.9733462078
	0.9731977292	0.9732038826	0.9733408609	0.9734667567	0.9734485329
	0.9737968064	0.9759219438	0.9733944663	0.9731874255	0.973197652
	0.7763325988	1e-18	0.7860954977	1.432305772e-14	0.9654468359
	0.9504472886	0.9380881387	0.9758366621	0.9720149896	0.973136124
	0.9735725014	0.9678500181	0.9731103593	0.9732637637	0.972665804
	0.9732532609	0.9732204946	0.9731237152	0.9732181639	0.9732841808
	0.9731710984	0.9732520539	0.9732828504	0.9731986589	0.9731891523
	0.9732763596	0.9732771528	0.9731823568	0.9732082082	0.9732950374
	0.9732698173	0.9731725105	0.9732296777	0.9733090996	0.9732609027
	0.9731683666	0.9732524896	0.973319549	0.973250762	0.9731685191
	0.9732754269	0.9733273182	0.9732400174	0.9731714961	0.9732974659
	0.9733330755	0.9731761571	0.9732292311	0.9733178062	0.9733373113
	0.9732189705	0.9731815983	0.9733358866	0.9733402613	0.9732095165
	0.9731872461	0.9733514247	0.9733422812	0.9732011985	0.973192771
	0.9733434242	0.9731978493	0.9731941821	0.9733642549	0.9733439505
	0.9731884635	0.973202168	0.9733742734	1.030861424	1.030849219
	1.030767385	1.03076682	1.030859728	1.030847259	1.030764608
	1.030765003	0.9733438823	0.9731841369	0.9732058068	0.9733814611
	1.030843047	1.030764555	1.030763855	1.030854816	0.9731811349
	0.9732086916	0.9733859404	0.9733432891	1.030850718	1.030839721
	1.030767387	1.03076539	1.03084616	1.030836713	1.030769869
	1.030766593	0.9731793933	0.9732107197	0.9733878674	0.9733423778
	1.030767016	1.030771656	1.030841794	1.030834215	1.030832653
	1.030772927	1.030766853	1.030838387	0.9731788016	0.9732119585
	0.9733874696	0.9733412216	0.9731792266	0.9732124271	0.9733399096
	0.9733849733	1.030831898	1.030773824	1.030835748	1.030766454
	0.9733385349	0.9732121925	0.9733806464	0.9731805389	1.030766141
	1.030774405	1.030831578	1.030833556	0.9733371408	0.9733748235
	0.9732113664	0.9731825667	1.030766054	1.030831417	1.030774805
	1.030831531	0.9733678673	0.9732101085	0.9731851501	0.9733357373
	1.030766428	1.030829551	1.03077495	1.030831189	0.9733342907
	0.973208647	0.9731881215	0.973360275	1.030775595	1.030768797
	1.030826333	1.030830341	1.030791152	1.030773959	1.030802019
	1.030817901	0.9733334523	0.9731914128	0.9732070665	0.9733530193
	1.030766613	1.028794702	1.03043872	1.03065045	0.97334541
	0.9731950498	0.9733512964	0.9732019983	1.003162367	1.029281289
	1.02051472	1.019232105	0.976301718	0.9849379308	1.00321437
	0.986066497	0.9759227811	0.9734466416	0.9733991846	0.9734709432
	0.9731857487	0.9738007948	0.973195203	0.7767215952	1e-18
	0.7861288164	1.292369251e-14	0.9655160046	0.9506200606	0.9381383263
	0.9758895935	0.9720507152	0.9731523762	0.9735640745	0.9679153609
	0.9731104301	0.9732644706	0.9726698568	0.9732552521	0.9731102218
	0.973210006	0.9732902652	0.973223116	0.9731544606	0.9732436595
	0.9732908635	0.9731996108	0.9731730987	0.9732699598	0.9732852381
	0.9731814041	0.9731942182	0.9732910722	0.9732770602	0.973170089
	0.9732184024	0.9733073145	0.9732668665	0.9731650796	0.9732441497
	0.973319542	0.9732553077	0.9731648644	0.9732699931	0.9733286932
	0.9731678506	0.973243103	0.9732947589	0.9732309733	0.9733355221
	0.9731727107	0.9733175618	0.973340589	0.9732194281	0.973178492
	0.9733378285	0.9733442237	0.9732089303	0.9731845149	0.973355131
	0.9733466782	0.97319966	0.9731903072	0.9733693901	0.9733481718
	0.9731918504	0.9731957521	1.030866813	1.030853811	1.030765111
	1.030766721	0.9733489242	0.973185544	0.9732003914	0.9733805797
	0.9733490602	0.973180758	0.973204191	0.9733886164	1.030862699
	1.030850669	1.030763712	1.03076408	1.030857828	1.030844822
	1.030763372	1.030762982	0.9733485816	0.9731774343	0.9732072319
	0.9733936636	1.030852954	1.030841031	1.030766398	1.030765114
	0.9733477099	0.973209364	0.9731754877	0.9733959095	1.030766663
	1.030847823	1.030837511	1.030769246	1.030767133	1.03084319
	1.030834569	1.030771273	0.9732106159	0.9731748072	0.9733956002
	0.9733465847	1.03083284	1.03076693	1.030772579	1.030839679
	1.030773482	1.030836986	1.030832114	1.030766427	0.9732110526
	0.9733452749	0.9733930149	0.9731752338	0.9733438818	0.9731766248
	0.9733884363	0.9732107262	1.030831885	1.030765938	1.030774255
	1.030834668	0.9732097739	0.9733822312	0.9733424474	0.9731788061
	1.030831714	1.030765516	1.030774904	1.030832609	0.9732083697
	0.9733748055	0.9731815932	0.9733409774	1.03077528	1.030831587
	1.030765408	1.030830703	0.9732067711	0.9733666914	0.9733394386
	0.9731848048	1.030765852	1.030828793	1.030775332	1.030831404
	0.9733589132	0.9732050808	0.9731883417	0.9733384797	1.030830576
	1.030768328	1.030775902	1.03082563	1.030801475	1.030773708
	1.030818155	1.030791363	0.9731999411	0.9733502996	0.973356717
	0.9731922062	1.030438597	1.030650847	1.030767221	1.028794723
	0.9731838965	0.9734042179	0.9734754617	0.973192571	1.020514185
	1.003162183	1.019232468	1.029278693	0.9763002119	0.9849391779
	0.9759239994	0.9734445798	0.97380506	1.003218341	0.9860655504
	0.7789577279	1e-18	0.7871937264	1.134145434e-14	0.9660947523
	0.952098353	0.9386516625	0.9761478707	0.9721905218	0.9733555705
	0.9735582506	0.9680875707	0.9731364626	0.9732701548	0.9726995518
	0.9732510753	0.973222583	0.9731046491	0.973211174	0.9732915477
	0.9731395292	0.9732385087	0.9732972083	0.9731991575	0.973156126
	0.9732642539	0.9732935129	0.9731797827	0.9731783814	0.9732868513
	0.9732851816	0.973167265	0.9731614682	0.9732052005	0.9733050655
	0.9732738403	0.9732341492	0.9732607207	0.9733191312	0.9731609299
	0.9732632948	0.9733298072	0.9732468788	0.9731639338	0.9732911692
	0.9733378568	0.9732331575	0.9731690598	0.9733168091	0.9733438766
	0.9732201859	0.9731751699	1.03086938	1.030859437	1.030765346
	1.030766244	0.9733395007	0.9733482593	0.9732084105	0.9731816204
	0.9733589266	0.9733513162	0.9731981097	0.9731877936	0.9733747625
	0.9733531982	0.9731934966	0.9731894376	0.9733872126	0.973198524
	0.9733541841	0.9731824166	1.030867568	1.030853545	1.030762378
	1.030762523	0.9733545525	0.973177128	0.9732025272	0.9733962286
	0.9733542338	0.9731734666	0.9732056901	0.9734018996	1.030860893
	1.030847377	1.030761702	1.030762263	1.030855114	1.030842485
	1.030765482	1.030764892	0.9733534143	0.9732079304	0.9731712953
	0.9734044991	1.03076668	1.030849631	1.03083821	1.030768676
	0.9733523178	0.9731705183	0.9732091934	0.9734042907	1.030770676
	1.030767272	1.03084479	1.030834944	1.030771977	1.030833191
	1.030767163	1.030841081	0.9733510208	0.9731709566	0.9732095773
	0.9734016017	1.030766619	1.030773051	1.030832413	1.030838268
	1.030832097	1.030773993	1.03083599	1.030765847	0.9733496155
	0.9732091477	0.9733967539	0.9731724366	0.9733481557	0.9732080471
	0.9731747796	0.9733901341	1.030774691	1.030832031	1.030765189
	1.030833945	0.9733822031	0.97320648	0.9731777779	0.9733466313
	1.030775239	1.030764777	1.030831917	1.030832058	0.9732047229
	0.9731812377	0.9733735309	0.9733450039	1.030831995	1.030764737
	1.030829959	1.030775629	0.9733439091	0.9731850404	0.9733651987
	0.9732029145	1.030775728	1.030831743	1.030765238	1.030828056
	0.9733625014	0.9731891668	0.9731977029	0.9733555615	1.030824986
	1.030776249	1.030767794	1.030830848	1.030800994	1.03081845
	1.030791551	1.030773397	0.9734095781	0.9731897765	0.9731818548
	0.9734802964	1.028794726	1.0306513	1.030767736	1.030438484
	0.9762986115	0.9734423763	0.9738095925	0.9759255182	1.00322213
	1.029276357	0.9860645846	1.003161954	1.020513674	1.019232773
	0.9849405904	0.7839578962	1e-18	0.7923842082	9.501368063e-15
	0.9690130718	0.9585210206	0.9412958372	0.9777560005	0.9729411849
	0.9748484748	0.9737240585	0.9688389529	0.9732757946	0.9734469883
	0.9728360365	0.9732486393	0.9732148038	0.9731241781	0.9732405789
	0.9732964223	0.9731326988	0.973243745	0.9732986655	0.9731947234
	0.9731409722	0.9732624851	0.9733001668	0.9731761664	0.9731617515
	0.9732838261	0.9732934685	0.9731633767	0.9731903134	0.9733029325
	0.9732816155	0.9731572156	0.973222438	0.9733185261	0.973267025
	0.9731565332	0.9732551649	0.9733307152	0.9732513992	0.9731596878
	0.9732865721	0.973235886	0.9733400896	0.9731651097	0.973315416
	0.9733471644	0.9732212606	0.9731716721	1.030874199	1.030862778
	1.030765278	1.030762679	0.9733409155	0.9733524224	0.9732080476
	0.9731785051	1.030872126	1.030858747	1.030759868	1.030761693
	0.9733626625	0.9733561032	0.9731965213	0.973185166	0.9733804445
	0.9733585573	0.9731911799	0.9731868864	0.9733942317	0.9733598024
	0.9731791344	0.973196514	0.9734043109	0.9733603601	0.9731732088
	0.9732008064	1.030863671	1.030849969	1.030760382	1.03076136
	0.9733602698	0.9731691851	0.9732040799	0.9734107041	0.9733595318
	0.9732064103	0.9731667918	0.9734136869	1.030857601	1.030843786
	1.030764616	1.030764516	1.030766692	1.030851636	1.030839009
	1.03076781	0.9733584608	0.9731659028	0.9732076885	0.9734135903
	1.030835564	1.030769878	1.030767607	1.030846373	0.973357183
	0.9731663588	0.9732079986	0.97341078	1.03077143	1.030767515
	1.030842483	1.030833551	1.030839776	1.030832591	1.030766808
	1.030772572	0.9733557692	0.9732074462	0.9731679461	0.973405635
	1.030832374	1.030773382	1.030837609	1.030765923	1.030774158
	1.030832508	1.030835454	1.030765141	0.9732061743	0.9733542837
	0.97317047	0.973398568	0.9731737044	0.9732044229	0.9733900906
	0.9733527083	1.030832558	1.030774986	1.030764447	1.030833308
	0.9733509955	0.9732024916	0.973177429	0.9733808234	1.030775684
	1.030832506	1.030763977	1.030831253	0.973200554	0.9733719007
	0.9731815078	0.9733497692	1.030832389	1.030776053	1.030763935
	1.03082933	0.9731858993	0.9733612478	0.9733686753	0.973195271
	1.030832174	1.030776038	1.030827449	1.030764534	0.9731796216
	0.9734855162	0.9734153009	0.9731867677	1.03083128	1.030824403
	1.030767228	1.030776476	1.030773068	1.030818856	1.030791701
	1.030800533	0.9734400022	0.9762969032	0.9738144076	0.9759273436
	1.030768254	1.028794705	1.030651744	1.030438334	1.003161723
	1.029274157	1.019233127	1.00322573	0.9849421129	0.9860635458
	1.020513118	0.7746604759	1e-18	0.8093829816	7.308058643e-15
	0.9770258566	0.9764551718	0.9469169571	0.9843862763	0.9766039966
	0.9810177098	0.9751226334	0.9721742076	0.9740899654	0.9748265712
	0.9736159782	0.9734052774	0.9732050011	0.9732602626	0.9733888631
	0.9734594798	0.9731529435	0.9732779263	0.9733018573	0.9731815083
	0.9731343453	0.973271808	0.9733020668	0.9731677141	0.9731471536
	0.9732853858	0.9733003229	0.9731569886	0.9731748703	0.9733025014
	0.9732895395	0.9731515914	0.9732093263	0.9733183935	0.9732739956
	0.9731513366	0.9732456294	0.9733317034	0.97325663	0.9731549002
	0.9732808686	0.9733423044	0.9731608122	0.9732391732	0.9733133086
	0.9733505153	0.9732227128	0.9731678879	0.9733419981	0.9733567017
	0.97320783	0.9731752338	1.030880647	1.030868311	1.030761356
	1.030762542	1.030875486	1.030863809	1.030758475	1.030760081
	0.973182343	0.9733663857	0.973361142	0.9731949572	1.030867316
	1.030852254	1.03075892	1.030760087	0.9733863221	0.9733641377
	0.9731887803	0.9731841582	0.9734017505	0.9733658748	0.9731756083
	0.9731944206	0.9734129328	0.9733665621	0.9731690562	0.973198994
	0.9734201116	0.9733666821	0.9731645329	0.9732024019	1.030764203
	1.030860182	1.030845468	1.030763318	0.9733661039	0.9732048021
	0.9731619265	0.9734235373	0.973365059	0.9731609355	0.9732060913
	0.9734235598	1.030766935	1.030853446	1.030840077	1.030766866
	1.030836066	1.03076932	1.030767941	1.030847906	0.9733637992
	0.9732063125	0.9731614075	0.9734206082	1.030767761	1.030833744
	1.030770809	1.03084417	0.9732056122	0.9734151276	0.9731631206
	0.9733623856	1.030841539	1.030767121	1.030832945	1.03077168
	1.030832894	1.030772542	1.030766295	1.030839261	0.9733608738
	0.9734075722	0.9732041477	0.973165846	1.030832931	1.030773597
	1.030765273	1.030837114	1.030764279	1.030835041	1.030832959
	1.030774568	0.9731693429	0.9733592459	0.9732021857	0.973398499
	0.9731733606	0.9732000629	0.9733885932	0.9733574384	1.030763493
	1.030833047	1.030832925	1.030775331	0.9731979834	0.9733790422
	0.9733560697	0.9731777414	1.030833134	1.03076308	1.030830778
	1.030775907	0.9731824162	0.9731926268	0.9733673609	0.9733752616
	1.030776288	1.030833058	1.030828739	1.030763125	0.9731835502
	0.9734214132	0.9734911314	0.9731771812	1.030826818	1.030776351
	1.030832739	1.030763816	0.9738195445	0.9734374458	0.975929498
	0.976295085	1.030831708	1.030776799	1.030766628	1.030823821
	1.030791915	1.030772709	1.030819211	1.030800071	1.003161442
	0.9860624341	1.003229221	0.9849437445	1.030652167	1.030768754
	1.030438157	1.028794694	1.01923347	1.020512581	1.02927211
	0.9133297764	  1	  1	0.9960826444	1.033696103
	0.9458040641	0.998559923	0.9889402221	0.9922116426	0.9806502231
	0.9832140316	0.9779902001	0.9803459555	0.9775346596	0.9747427794
	0.9740585968	0.9741859375	0.9748558933	0.9733611862	0.9732790058
	0.973423896	0.9734846996	0.9731686137	0.9731520651	0.9733105986
	0.9733069262	0.9731495326	0.9731415189	0.9732990006	0.9733002419
	0.9731446866	0.9731621952	0.9733072515	0.9732949747	0.9731428724
	0.9731961896	0.9733203829	0.973280846	0.9731445247	0.9732351334
	0.9733334982	0.9732623837	0.9731492109	0.9732741494	0.9732430022
	0.9733448514	0.9731559699	0.9733104796	0.9733540655	0.973224501
	0.9731637497	0.9733427182	0.9733611851	0.9732077975	0.9731717296
	1.030881178	1.030873666	1.030761611	1.030761875	0.9733701001
	0.9733664588	0.9731933426	0.9731793595	1.030881755	1.030867905
	1.030756468	1.030757406	1.030870735	1.030855694	1.030756709
	1.030759149	0.9733924611	0.9733700549	0.9731813144	0.9731862525
	1.030764063	1.030862336	1.030847344	1.030762226	0.9734097202
	0.9733722994	0.9731717521	0.973192209	0.9734222215	0.9733732984
	0.973164579	0.9731971319	0.973430216	0.9732006501	0.9733735321
	0.9731595517	0.9734340982	0.9733731392	0.9731566303	0.9732030924
	1.030766315	1.030767042	1.03085523	1.030840852	0.9733721688
	0.9731555625	0.9732043945	0.9734342724	0.9733709161	0.9732045118
	0.9731560716	0.9734311554	1.030836398	1.030768566	1.030768074
	1.03084978	1.030769699	1.030768201	1.03083429	1.030845974
	0.9732036338	0.9731579266	0.9734252913	0.9733695058	1.030843166
	1.030833542	1.030767708	1.030770739	0.9733679696	0.9734171972
	0.9732019526	0.9731608798	1.030771892	1.030841026	1.030833239
	1.03076668	1.030833227	1.030772866	1.030765443	1.030839173
	0.973164666	0.9731997544	0.9733662867	0.9734074726	1.03077368
	1.030764326	1.03083714	1.030833511	1.030833803	1.030774531
	1.030834864	1.030763374	0.9731974218	0.9733968736	0.9731690062
	0.9733643773	0.9733628502	0.9731737146	0.9733866493	0.9731951904
	1.030762605	1.030832496	1.030775462	1.030833922	0.9731786977
	0.973373929	0.9731897596	0.973382278	1.030833844	1.030776273
	1.030762158	1.030830233	0.9731801183	0.9731745237	0.9734279276
	0.9734971471	1.030828163	1.030833615	1.030762219	1.030776744
	0.9759319363	0.9734347203	0.9762931481	0.9738250086	1.030763015
	1.030833242	1.030826243	1.030776745	0.9849455308	0.9860612844
	1.003161144	1.003232621	1.030823266	1.030777075	1.030832181
	1.030765991	1.030792061	1.03077234	1.030799624	1.030819667
	1.020512022	1.030437948	1.030652634	1.030769195	1.028794687
	1.029270162	1.019233801	1.02320358	  1	  1
	1.014592767	1.006773923	1.011989248	0.9912444634	0.990134715
	0.9914104944	0.9802627213	0.9901478921	0.9780618864	0.9803995412
	0.9779957306	0.9746782439	0.9740877827	0.9742062033	0.9748738523
	0.9733102843	0.9732751152	0.9734398442	0.9735188035	0.9731341386
	0.9731525589	0.9733330042	0.9733255435	0.9731258523	0.9731545417
	0.9733229968	0.9732991865	0.9731290948	0.9731853427	0.9733284131
	0.9732840131	0.9731343684	0.9732252992	0.9733380912	0.9732663824
	0.9731416015	0.973267185	0.9733486029	0.9732465796	0.973150097
	0.9733072186	0.9732265127	0.9733581891	0.9731590524	0.9733431462
	0.9733660727	0.9732079183	0.9731679228	0.9733738688	0.9733721448
	0.973191696	0.9731761608	1.030882052	1.030873257	1.030761307
	1.030756353	1.03088708	1.030875807	1.030752626	1.03075597
	0.9733988962	0.9733764006	0.9731782596	0.9731836165	1.030873253
	1.030859076	1.030755268	1.030758057	1.030763608	1.030864709
	1.030848735	1.030761541	0.9731675937	0.9734182711	0.9733791694
	0.9731898772	1.030765344	1.030766935	1.030857318	1.030841602
	0.9734321658	0.9733805326	0.9731596589	0.9731951317	0.9734411644
	0.9733809549	0.9731541473	0.9731988996	0.9734454873	0.9733807006
	0.9731509236	0.9732012726	0.973445785	0.9733798213	0.973149712
	0.9732025696	1.030837268	1.030767304	1.030768544	1.030851519
	0.9733785965	0.9732025902	0.9731502916	0.9734425051	0.9732015002
	0.9733771812	0.9731523286	0.9734361981	1.030834974	1.030768857
	1.030768853	1.030847436	1.030844957	1.030833764	1.030768108
	1.030770158	0.973155538	0.9731995708	0.9734275003	0.9733756194
	1.030770946	1.030843262	1.030766968	1.0308335	0.9733738761
	0.973417063	0.9731971111	0.9731596458	1.03083389	1.030771551
	1.030765854	1.030841468	1.030772453	1.030764704	1.030839332
	1.030834335	0.9733718555	0.9731945474	0.9734057084	0.973164342
	1.030834539	1.030773659	1.030837002	1.030763525	1.030834547
	1.030762396	1.0308346	1.030774901	0.9731921555	0.9731694068
	0.9733947603	0.9733701525	0.9731866522	0.9731747217	0.9733809941
	0.9733897578	1.030775939	1.030834533	1.030761529	1.030832177
	0.9735035981	0.9731716405	0.9734348704	0.9731764492	1.030829819
	1.0307611	1.030776673	1.03083449	0.9762910935	0.9738308063
	0.9759346531	0.9734318118	1.030761251	1.030834336	1.030827655
	1.030777047	1.003235918	1.003160851	0.9849474277	0.9860600845
	1.030776998	1.03083395	1.030762183	1.030825683	1.020511395
	1.019234172	1.029268234	1.028794692	1.030832797	1.03082273
	1.030765336	1.030777299	1.030820158	1.03077195	1.030769657
	1.030653067	1.030799175	1.030437699	1.030792209	1.004775107
	  1	  1	1.012439864	1.005506711	1.013995929
	0.9916116194	0.9897512175	0.9920572913	0.9802512712	0.9898960102
	0.9780998054	0.9804276076	0.9779348931	0.974623261	0.9740907815
	0.9742755476	0.9748243689	0.9732549029	0.9732948813	0.97347322
	0.9735009727	0.9730956928	0.9731730266	0.9733479886	0.9733329797
	0.9731064698	0.9731776619	0.9733377426	0.9733031688	0.9731212208
	0.9732146627	0.9733456176	0.9732751373	0.9731322292	0.9732598503
	0.9733552301	0.97324931	0.9731427179	0.9733040437	0.9733641226
	0.9732270274	0.9731533142	0.9733438236	0.973207245	0.9733719943
	0.9731634675	0.973377953	0.9733784567	0.9731897275	0.9731726859
	1.030881155	1.030870156	1.030756138	1.030756089	0.9734058288
	0.9733833372	0.973174933	0.9731807547	1.030890422	1.030883658
	1.030750579	1.030753406	1.030876776	1.030861799	1.030753935
	1.03075632	0.9734274787	0.9733865676	0.9731630671	0.9731875137
	1.030763111	1.030867146	1.030850592	1.030760109	1.030764041
	1.030767303	1.030858888	1.030842983	0.973154277	0.9734429746
	0.973388398	0.9731929488	1.030838019	1.030766743	1.030769089
	1.030852745	0.9734529564	0.9733889529	0.9731482083	0.9731970618
	0.9734578856	0.973388907	0.9731446852	0.973199442	0.9734582268
	0.9733881056	0.9731433961	0.9732005857	0.973454726	0.9733868852
	0.9731439911	0.9732005148	1.030835062	1.030768413	1.030769055
	1.03084922	0.973385479	0.9731992036	0.9731462619	0.9734479391
	0.973196984	0.9733838826	0.9734385526	0.9731497845	1.030847244
	1.030834107	1.03076897	1.030768394	1.030769303	1.030767597
	1.030845501	1.030834384	0.9733820681	0.9731542485	0.9734273268
	0.9731942344	1.030834803	1.030770161	1.030766547	1.030843614
	0.9733799226	0.9731593389	0.9731914175	0.9734151473	1.030834949
	1.030771455	1.030765202	1.030841649	1.03083501	1.030772816
	1.030839519	1.030763763	0.9733780216	0.9731888563	0.9734034172
	0.9731647949	1.030835139	1.030762419	1.030837148	1.030774035
	1.030775126	1.030835334	1.030761263	1.03083457	0.9731832832
	0.9733977398	0.9731704687	0.9733885958	0.9735105176	0.9731725256
	0.9734422783	0.973168514	1.030831935	1.030760412	1.030776095
	1.030835477	0.9762889144	0.975937652	0.9734287086	0.9738369641
	1.030835465	1.030776869	1.030760008	1.030829422	1.003239134
	1.003160559	0.9860588312	0.984949428	1.030777313	1.030835227
	1.030827159	1.030760228	1.028794741	1.020510687	1.029266294
	1.019234577	1.030761307	1.030825144	1.030777297	1.030834717
	1.03077014	1.030653447	1.030437375	1.030771571	1.030777563
	1.030833401	1.030764654	1.030822179	1.030820617	1.030792392
	1.030798683	1.004779827	  1	  1	1.009793364
	1.005583701	1.010834671	0.9918863546	0.9893014174	0.9925303226
	0.9801677399	0.9894189108	0.9780293806	0.9805415527	0.9778560487
	0.9745716102	0.9740769101	0.9743252271	0.9748278386	0.973226932
	0.973313949	0.973534481	0.9734562528	0.9730711166	0.9732102892
	0.9733824383	0.9732967404	0.9730897127	0.9732180501	0.973353428
	0.9732875788	0.9731155126	0.9732539081	0.9733575157	0.9732653396
	0.9731338732	0.9732991085	0.9733688709	0.9732348176	0.9731473756
	0.9733435788	0.973378843	0.9732076989	0.9731586673	0.9733822536
	0.9731866526	0.973386119	0.9731687757	1.030866151	1.030858822
	1.030757328	1.030755944	0.9734136017	0.973391344	0.9731703819
	0.973177555	1.030897929	1.030891019	1.030747637	1.030749087
	0.9734376663	0.9733948303	0.9731577525	0.9731849509	1.030879872
	1.030866274	1.030751365	1.030755028	1.030763073	1.030868567
	1.030852945	1.030758882	0.9734548838	0.973396984	0.9731482174
	0.9731906772	1.030763852	1.030767497	1.030859949	1.03084385
	1.030838093	1.030766352	1.030768926	1.030854505	0.9734658511
	0.9731417056	0.9733977496	0.9731950301	1.030835693	1.030766879
	1.030769284	1.030851405	0.973471326	0.9733977394	0.9731378074
	0.9731975575	0.9734717992	0.9733971577	0.973198526	0.9731364791
	0.973467957	0.973395896	0.9731371819	0.9731982407	0.9734605931
	0.9733944514	0.9731396423	0.9731967096	1.03084914	1.030835322
	1.030767131	1.030769181	0.973392834	0.9731941769	0.9731435519
	0.9734504469	0.9733909292	0.9731910994	0.973438335	0.9731484391
	1.030847358	1.030768422	1.030835299	1.03076805	1.030769339
	1.03076712	1.030845905	1.030835187	0.9733886365	0.9731539629
	0.9734252482	0.9731880072	1.030770535	1.03076564	1.030844351
	1.030835246	0.9733865109	0.9734126687	0.9731598501	0.9731852677
	1.030835561	1.030771598	1.030842394	1.030764152	1.030772687
	1.030762719	1.030840008	1.030835985	0.9733967804	0.9731796301
	0.9731659147	0.9734062666	1.030836327	1.030773885	1.030761339
	1.030837345	1.030760114	1.03077513	1.03083653	1.030834541
	0.9731651266	0.9735179397	0.9731683274	0.9734501883	0.9734254008
	0.975940931	0.9738435067	0.976286603	1.030776274	1.030836582
	1.030759213	1.030831737	1.003160278	0.9860575276	0.9849515345
	1.00324228	1.030777162	1.030836456	1.030758825	1.030829064
	1.029264306	1.020509884	1.019235028	1.028794843	1.030777655
	1.030836119	1.030826671	1.030759145	1.030653766	1.030436957
	1.030771214	1.030770648	1.030760395	1.030824564	1.030777623
	1.030835483	1.03079813	1.030792596	1.030834007	1.030777845
	1.030821063	1.030821571	1.030763973	1.00343302	  1
	  1	1.007429824	1.004560399	1.008273779	0.9920704329
	0.9888757475	0.9928431453	0.9800957043	0.9889080857	0.9779151769
	0.9806055979	0.9777756995	0.9745005769	0.9740869034	0.9743088788
	0.9748677526	0.9732025092	0.973337347	0.9735694234	0.9734539408
	0.9730678581	0.9732470894	0.9734287529	0.9732558618	0.9730877378
	0.9732660581	0.9733857785	0.973244005	0.9731139667	0.973303622
	0.9733752822	0.9732366374	0.9731360036	0.9733452949	0.9733810474
	0.9732159842	0.9731527657	1.030840848	1.030834274	1.030758465
	1.030750904	0.973385761	0.9733910752	0.9731903036	0.9731651138
	0.9734209813	0.9731679434	0.9733991796	0.9731745813	1.030904555
	1.03090405	1.03074209	1.030746028	0.9734484779	0.9734041389
	0.9731517776	0.9731822851	1.030881479	1.030870893	1.030749996
	1.030753801	0.9734680629	0.9734066933	0.973140886	0.973188271
	1.030762485	1.030869892	1.030854386	1.03075887	1.030763224
	1.030766853	1.030861672	1.03084436	0.9734801929	0.9734076374
	0.9731340405	0.9731927785	1.030839311	1.030764375	1.030769091
	1.030856359	1.030837277	1.030765077	1.030770177	1.030852675
	0.9734861442	0.973407498	0.9731955108	0.9731301232	1.030850535
	1.030836052	1.030766377	1.03076993	0.9734866007	0.9734069619
	0.9731287902	0.973196347	0.9734824166	0.973405801	0.9731958245
	0.9731297324	0.9734743122	0.9731324836	0.9734042242	0.9731939698
	0.9734632652	0.9731367549	0.9731911092	0.9734025329	1.030767637
	1.030768852	1.030849488	1.030835316	0.9731421508	0.9731876823
	0.9734005431	0.9734501786	0.9733980692	0.9731842866	0.9731481785
	0.9734360826	1.03083531	1.030767548	1.030768455	1.030848583
	1.030769095	1.030766203	1.030847234	1.030835845	0.9733956822
	0.9731545384	0.9731813606	0.9734225732	1.030764774	1.030769914
	1.030845384	1.030836503	0.973405603	0.973415389	0.9731610308
	0.973175667	1.03077105	1.030763233	1.030843111	1.030837031
	1.030772412	1.030837376	1.030761659	1.030840509	0.9735259055
	0.9731638301	0.9731614589	0.9734586445	1.030760145	1.030773869
	1.030837578	1.030837637	1.030758843	1.030837685	1.030834606
	1.030775283	0.976284153	0.9759444906	0.9734218756	0.9738504603
	0.9849537403	1.003245357	0.9860561753	1.003160017	1.030776529
	1.030757924	1.030831561	1.030837669	1.029262225	1.020508962
	1.028795011	1.019235537	1.030757583	1.030828685	1.030837488
	1.030777483	1.030771198	1.030770887	1.03043643	1.030654003
	1.030777998	1.030826129	1.030837059	1.030758012	1.030792829
	1.030763297	1.030821475	1.030797503	1.030759461	1.030836287
	1.030823928	1.030777959	1.030778149	1.030820906	1.030834625
	1.002224391	  1	  1	1.005307727	1.003802874
	1.005815634	0.992121978	0.9884500281	0.9929799443	0.9800500859
	0.988392503	0.97780888	0.9805861144	0.9776557138	0.9744568919
	0.9741067171	0.9742849593	0.9748543259	0.9731729586	0.9733878703
	0.9735691983	0.9734604828	0.973062093	0.9732951869	0.9734513412
	0.9732455806	0.9730958367	1.030804874	1.030792432	1.030758457
	1.030752386	0.9733144947	0.9734197146	0.9732083139	0.9731225665
	0.9733550468	0.9734042771	0.9731946919	0.9731419159	0.9733956087
	0.9734002591	0.9731832744	0.9731579396	1.030910152	1.030917232
	1.030738466	1.030741745	0.9734309641	0.9734043352	0.9731677537
	0.9731706239	0.9734599054	0.9734109459	0.9731797617	0.9731503242
	1.030884415	1.030874847	1.030749177	1.030751511	0.9734816471
	0.9734158619	0.9731356843	0.9731862247	1.030761241	1.030871761
	1.030856561	1.030757436	0.97349564	0.9734183072	0.9731261128
	0.9731905176	1.030760872	1.030766888	1.03086295	1.030846569
	1.030841153	1.030763012	1.030769955	1.030856805	0.9735024114
	0.9734184948	0.9731212962	0.9731933133	1.03083755	1.030765186
	1.030770606	1.030853528	1.030852423	1.030835608	1.030766469
	1.030770033	0.9735029725	0.9734178711	0.9731939782	0.9731199709
	1.030835364	1.030766784	1.030851902	1.030769164	0.9734982514
	0.9731931679	0.9731213106	0.9734166797	0.9734893581	0.9734150196
	0.9731910176	0.9731245958	0.9734771794	0.9731877242	0.9731293937
	0.9734131202	0.9734629414	0.9734109793	0.9731839334	0.973135302
	1.03083606	1.030768169	1.030851147	1.030766865	0.9734083111
	0.9731419231	0.9731802265	0.9734477414	0.9734056109	0.9731488252
	0.9731771017	0.9734332032	1.030767277	1.03076694	1.030836915
	1.030850017	1.030765482	1.03076814	1.030837593	1.030848484
	0.9734151274	0.973155783	0.9731713626	0.973425167	1.030763853
	1.030846497	1.030838062	1.030769347	0.9735344631	0.9731590044
	0.9734676996	0.9731574879	1.030770772	1.030838405	1.030762158
	1.03084403	1.030760464	1.030772317	1.030841151	1.030838649
	0.9759483349	0.9734181175	0.9762815569	0.9738578565	1.030773902
	1.030838823	1.030837979	1.030758863	1.030775427	1.030838904
	1.030757502	1.030834658	1.003159787	1.003248366	0.9860547759
	0.9849560397	1.028795263	1.020507893	1.029260006	1.01923612
	1.030838854	1.030776776	1.030831366	1.030756571	1.030435768
	1.030654131	1.030770604	1.030771806	1.030756267	1.030838595
	1.030777803	1.030828266	1.030793105	1.030821828	1.030762633
	1.030796777	1.030825542	1.030838054	1.030778359	1.030756832
	1.030820161	1.030823236	1.030778326	1.030778487	1.030758509
	1.030837117	1.030835227	1.000824406	  1	  1
	1.003265203	1.003241996	1.003623656	0.9921020542	0.9879846709
	0.9930071075	0.9799870641	0.9878891993	0.9776704042	0.9805271386
	0.9775220157	0.9744449655	0.9741077175	0.97427355	0.9748022966
	0.9731697605	0.9734433862	0.9735775709	0.9734280145	0.9730563086
	0.9733620252	0.9734591155	0.9732301091	0.9730983554	1.030751879
	1.030713549	1.030762252	1.030757596	1.03092158	1.030932946
	1.030732436	1.030735186	0.9733738894	0.9734364352	0.973191039
	0.9731330085	0.9734074897	0.9734296656	0.9731646331	0.9731526881
	0.9734444241	0.9734252236	0.9731477744	0.9731654858	1.030888159
	1.030882076	1.030745882	1.030749095	0.9734755661	0.9734234431
	0.9731375229	0.9731754464	0.9734981249	0.9734247933	0.9731832594
	0.9731287576	1.030872727	1.030760781	1.030860384	1.03075512
	0.9735126886	0.9734274775	0.9731201912	0.9731882786	1.030760489
	1.030767405	1.030862692	1.030848354	0.9735198433	0.9734292034
	0.9731911203	0.9731139481	1.030840719	1.030764217	1.030769816
	1.030857098	1.0308367	1.030765679	1.030770275	1.030855031
	0.9735206194	0.97342941	0.9731111332	0.9731916721	1.030854261
	1.030835804	1.030765527	1.030770211	1.030836387	1.030765108
	1.030853816	1.030769756	0.9735155641	0.9734286661	0.9731902825
	0.9731120378	1.03076886	1.030765113	1.030837256	1.030853431
	0.973505801	0.9734269624	0.9731156603	0.9731877432	0.9734924724
	0.9731840381	0.9731211752	0.9734248784	0.9734768189	0.973127832
	0.9734224178	0.9731797758	0.9734603204	0.973175765	0.9734194521
	0.9731350963	1.030837995	1.030765602	1.030767622	1.030852839
	0.9731724571	0.9734163957	0.9731426451	0.9734446552	0.9734254319
	0.9731666819	0.9731501378	0.9734356752	1.030838581	1.030766162
	1.030766456	1.030851763	1.03076758	1.030764554	1.030850078
	1.03083906	0.9731531861	0.9731538172	0.9735436686	0.9734774147
	1.03076894	1.030839462	1.030762821	1.030847793	0.9762788058
	0.9759524704	0.9734141074	0.9738657333	1.030839786	1.030761021
	1.030770489	1.030844996	1.030841803	1.030840029	1.030759208
	1.030772171	1.003251304	0.9860533303	0.9849584279	1.003159598
	1.0307739	1.030838328	1.030757502	1.030840187	1.030756078
	1.030834729	1.030775567	1.030840241	1.029257601	1.020506648
	1.028795621	1.019236793	1.03077249	1.030654122	1.030434942
	1.03077038	1.030831159	1.030755125	1.030840122	1.03077703
	1.030793436	1.030761997	1.030822098	1.030795925	1.030754883
	1.030839769	1.030778149	1.030827812	1.03081931	1.030778869
	1.030757546	1.030835794	1.030824898	1.030755613	1.030778732
	1.030778756	1.030839091	1.030822456	1.03083795	0.9998726864
	  1	  1	1.001526629	1.002471452	1.001754685
	0.9919683958	0.9874809873	0.9928494541	0.9799030807	0.9873974526
	0.9774892869	0.9804117214	0.9773968076	0.9744282718	0.9741140272
	0.9742429906	0.9747470706	0.973185916	1.030628055	1.030793939
	1.030711677	1.030782852	0.9734899061	0.9735945347	0.9733842748
	0.973069353	0.9734271903	0.9734784363	0.9731903086	0.973103103
	1.03092977	1.030958529	1.030730399	1.03072712	1.030892723
	1.030886266	1.03074505	1.03074672	0.9734418968	0.9734497598
	0.9731380558	0.9731640883	0.9734667445	0.9734446818	0.9731437106
	0.9731609463	0.9734934563	0.9734451267	0.973123383	0.9731736809
	1.03087311	1.030760393	1.030861461	1.030756249	0.9735167547
	0.9734443738	0.9731104126	0.9731807971	0.9735327656	0.9734425182
	0.9731854035	0.9731047991	1.030762657	1.030766604	1.030862451
	1.030847196	0.9735401469	0.9734414447	0.9731028889	0.973188157
	1.030839767	1.030764795	1.030769073	1.030857848	0.9735402538
	0.9734408448	0.9731890343	0.9731023671	1.030837371	1.030764499
	1.030770349	1.030855873	1.030855226	1.030837207	1.030763873
	1.03077067	0.9735343518	0.9734406216	0.9731033903	0.9731873565
	1.030837677	1.03076362	1.030855412	1.030770231	1.030838281
	1.030763732	1.030855759	1.030769336	0.9735235712	0.9734396089
	0.9731067604	0.9731842019	1.03076819	1.030838916	1.030855718
	1.03076412	0.9734376646	0.9735090258	0.9731123176	0.9731800085
	0.9734920058	0.9731752428	0.9731195809	0.973435087	0.9734740012
	0.9731276159	0.9734316953	0.9731708124	0.9734570394	0.9734281542
	0.9731673524	0.9731358579	1.030766849	1.030764774	1.030855046
	1.030839534	0.9731440088	0.9731615846	0.9734366309	0.9734470241
	0.9735535969	0.9731485212	0.9731482281	0.973487871	1.030840099
	1.030765717	1.030853689	1.030765322	1.030840586	1.030763608
	1.030766947	1.030851695	0.9759569087	0.9734098229	0.9762758893
	0.9738741357	1.030840991	1.03076175	1.030768444	1.030849109
	1.003159464	1.003254168	0.9860518403	0.9849609001	1.030846021
	1.030759806	1.030841308	1.030770151	1.030842517	1.030772
	1.030841533	1.030757858	1.028796104	1.019237575	1.020505192
	1.029254958	1.030756049	1.030838731	1.030773897	1.03084167
	1.030834806	1.030754555	1.030841667	1.030775709	1.030773268
	1.030770233	1.030653943	1.030433923	1.030761401	1.030822257
	1.030793838	1.030794919	1.030841466	1.030753596	1.030830922
	1.030777308	1.030756582	1.030836302	1.030779308	1.030818326
	1.030841001	1.03077853	1.030827301	1.030753438	1.030754357
	1.030779194	1.030840151	1.03082156	1.030838769	1.030824163
	1.030779188	0.9992187517	  1	  1	1.00008739
	1.001794351	1.000170214	0.9917437531	0.9869300481	0.9925075982
	0.9798021416	0.9868877764	0.9772835759	0.9802137922	0.9772540203
	0.9744102596	1.029701861	1.021475841	1.031419325	1.030426333
	0.9741343047	0.9741985015	0.9746693376	0.9731984934	1.030968532
	1.030338743	1.030656547	1.030699523	0.9735467037	0.9736006406
	0.9730896032	0.9733464155	0.973487619	0.9735011101	0.9731509813
	0.9731186301	1.030896014	1.030880065	1.030741255	1.030744821
	1.030872385	1.030759292	1.030859058	1.030758807	0.9735042112
	0.9734722274	0.9731455034	0.9731249344	0.97352636	0.9734613525
	0.973114534	0.9731650565	0.9735439416	0.9734600528	0.973102784
	0.973177643	1.03076301	1.030765643	1.030861884	1.030846353
	0.9735561925	0.9734609423	0.9730919456	0.9731841475	0.9735627157
	0.9734602305	0.9731860897	0.9730862768	1.030841146	1.030763353
	1.030769023	1.030857301	0.973562385	0.973457548	0.9730868078
	0.9731860626	1.030839182	1.030763063	1.030770487	1.030855723
	0.9735556265	0.9734549675	0.9731838954	0.9730908662	1.030856075
	1.030838546	1.030762828	1.030770727	1.030838648	1.03076265
	1.0308571	1.030770353	0.9735432928	0.9734530918	0.9730967037
	0.9731801937	1.03085799	1.030839156	1.030762564	1.030769658
	1.030768714	1.030858383	1.030839837	1.030762679	0.9735270595
	0.9731755287	0.9734510447	0.9731034527	1.030763079	1.030858152
	1.030840542	1.030767531	0.9735083532	0.9731111749	0.9731703047
	0.9734485015	0.973488852	0.9734450293	0.9731654423	0.9731197208
	0.9731285549	0.9734704585	0.9731617165	0.9734409954	0.9734593044
	0.9734488252	0.9731559965	0.973137286	1.030766103	1.030841194
	1.030857248	1.030763807	0.9735643574	0.9731434529	0.973142139
	0.9734991842	0.9759616773	0.9734052254	0.9762727909	0.9738831318
	1.030841771	1.030764452	1.030855666	1.030764866	1.030762595
	1.030766245	1.030842255	1.030853416	0.9860503031	1.003256956
	1.003159396	0.984963457	1.030850552	1.030767902	1.030842655
	1.03076059	1.029252021	1.028796737	1.02050349	1.019238486
	1.030847144	1.030842952	1.030769784	1.030758496	1.030756415
	1.030843304	1.030843161	1.030771817	1.030774165	1.030770183
	1.030653557	1.030432672	1.030843252	1.030754495	1.030839158
	1.030773886	1.030834872	1.030843179	1.030752942	1.030775869
	1.030793726	1.030794325	1.030822274	1.03076086	1.030779819
	1.03081718	1.030836725	1.03075563	1.030842882	1.030751986
	1.030777622	1.030830639	1.030753071	1.030839557	1.030820524
	1.030779707	1.030826704	1.030778955	1.030842277	1.030751934
	1.030779688	1.030841218	1.030823311	0.998666577	  1
	  1	0.9988429917	1.001215824	0.9989115469	0.9914427077
	0.9863093947	0.9920403114	0.979662713	0.9863463697	0.9935173268
	0.8206757527	1.005727311	1.036100833	0.9743976346	0.9770476783
	0.979942874	0.9770862392	1.026915076	1.021537994	1.031076665
	1.030814757	0.9741487557	0.9741536792	0.9745643426	0.9732148671
	1.030655883	1.02980344	1.030718482	1.030730074	0.9736126401
	0.9736049956	0.9731052143	0.9732989258	0.9735553321	0.973517657
	0.9731165916	0.9731338657	1.030857916	1.030757268	1.030805945
	1.030753237	1.03076134	1.030765198	1.030859597	1.030845681
	0.9735628717	0.9734948545	0.9731571334	0.9730907356	0.9735783607
	0.9734836314	0.9730818078	0.9731702328	0.9735892981	0.9734780162
	0.9730777162	0.9731784051	1.030842987	1.030762441	1.030768559
	1.030856309	0.9735925589	0.9734760937	0.9730750604	0.9731827588
	0.9735886064	0.9734753086	0.9731834026	0.9730740412	1.030840506
	1.030762585	1.030769917	1.030855935	0.9735793461	0.9734732465
	0.9730762154	0.9731809211	1.030857007	1.03083954	1.030762296
	1.030770387	0.9730824348	0.9735652307	0.9734705545	0.9731759731
	1.030858459	1.030839561	1.030761842	1.030770327	1.030769896
	1.030840096	1.030761459	1.03085978	0.9730913599	0.9735471381
	0.9734671145	0.9731704385	1.030769153	1.030860694	1.03084083
	1.030761297	1.030761439	1.030841603	1.030768131	1.03086103
	0.9735264191	0.9734634231	0.9731646784	0.9731013008	1.03076192
	1.030766842	1.030860687	1.030842335	0.9735049471	0.9731595096
	0.973111286	0.9734592874	0.9734850027	0.9734548244	0.9731209848
	0.9731556113	0.9734725536	0.9731302529	0.9731498722	0.9734619792
	0.973511387	0.9731379319	0.9735759481	0.9731355693	1.030842999
	1.03076276	1.030765295	1.030859615	0.9759667837	0.9762694994
	0.9734002819	0.9738927883	0.986048705	1.003259673	1.003159406
	0.9849661014	1.030763954	1.030763505	1.030843573	1.030857809
	1.030855291	1.030765488	1.030761503	1.03084406	1.029248736
	1.019239538	1.028797543	1.020501504	1.030767319	1.030852112
	1.030844442	1.030759343	1.03077025	1.030652928	1.030431155
	1.030775198	1.030848361	1.030844727	1.030757096	1.030769393
	1.030844139	1.030771617	1.030754868	1.030844899	1.030822118
	1.030794914	1.030760391	1.030792312	1.030839597	1.030773882
	1.030844936	1.030752846	1.030776057	1.030751234	1.030844777
	1.030834909	1.030837035	1.030780419	1.030754704	1.030815837
	1.030780303	1.030751763	1.030819315	1.030840289	1.030750295
	1.030777978	1.03083028	1.030844361	1.030842276	1.030843582
	1.030822312	1.030780252	1.030779436	1.030825997	1.030750376
	0.9984009734	  1	4.018881546e-15	0.8290359882	0.9910408551
	0.9979290055	0.9857656038	0.9794702836	0.9928847363	1.034736152
	0.9769031521	0.9743758997	1.025702185	1.03101843	0.9741584524
	0.9732376328	1.030465906	1.030757805	0.9736741595	0.9731231026
	0.9736244179	0.9731441215	1.030833374	1.030763134	1.030854973
	1.030767181	0.9731648448	0.9736232766	0.9736257972	0.9731749011
	0.9736262955	0.9731783531	1.030856078	1.030769076	0.9736209694
	0.9731781683	0.9736086499	0.9731762678	1.030857337	1.030769926
	0.9735909529	0.9731714413	1.030859202	1.030770155	0.9731651137
	0.9735696617	1.030861097	1.030769952	1.030862643	1.030769421
	0.9735464354	0.973158588	1.030768596	1.03086362	1.030767489
	1.030863902	0.9735227766	0.9731528376	1.030766094	1.030863429
	0.9735009216	0.9731488186	0.9734870269	0.9731432111	0.9735245586
	0.973131913	0.9739030752	0.9762660154	1.030764424	1.030862166
	0.9849687567	1.003159523	1.02049919	1.028798554	1.030762488
	1.03086012	1.030857305	1.030760331	1.030770456	1.030429322
	1.030853792	1.03075801	1.030790642	1.03076001	1.030755591
	1.030849652	1.030845014	1.030753223	1.030814265	1.030753814
	1.030840037	1.030751101	1.030749429	1.030834889	1.030750442
	1.030817903	1.030821135	1.030748765	1.030748529	1.030829823
	1.030825149	1.030837208	1.030781115	1.000582544	1.030839579
	1.030821757	1.03076247	1.030795611	1.030652013	1.03077639
	0.9767800219	1.030841202	1.029245019	1.030762501	1.01924081
	0.9732450334	1.003262224	0.9860471027	0.9730773618	1.03084054
	0.9759721308	1.030761874	0.97339506	0.9735883885	0.9731286331
	1.030840591	0.9734763752	0.9730542312	1.030761128	0.9731225295
	0.9730573621	0.9734702691	0.9731119965	1.030841135	0.9734907777
	0.9734760076	1.030760479	0.9731006452	0.9734813551	0.9730891113
	1.030841895	0.9734856016	1.030760046	0.9730786669	0.9734884052
	0.9730699718	1.030842716	1.030759908	0.9730631035	0.9734943241
	1.030843519	0.9734988148	1.03076011	0.973505031	0.9730552275
	1.030844267	0.973514589	1.030760682	0.9730600399	0.9735362162
	1.030844936	0.9736134454	1.030761638	0.9741021895	0.974445951
	1.030845516	1.030762975	0.9796001638	0.9856110123	0.9914377424
	1.030845996	0.9978295223	1.030764674	1.030846369	1.030766697
	1.030780989	0.8209272893	1.030846623	1.030780899	1.030768971
	1.00623637	1.030846753	1.0308449	1.03077141	1.030846719
	1.030773894	1.022153785	1.03084645	1.030821445	1.030776283
	1.030845891	1.030778388	1.029676713	1.030734819	1.030779988
	1.03084331	1.030774868	1.030840942	1.03075769	  1
	1e-18	0.9983173972	  1	7.394521001e-15	0.8312242384
	0.9971258624	0.9905509066	0.979220844	0.9851219658	0.9936316626
	1.034040792	0.9743416788	0.9767000539	1.02548941	1.031060701
	0.9741696302	0.9732567331	1.030405245	1.030767742	0.9731420988
	0.9737339538	0.9731540753	0.9736866993	1.030765615	1.030823734
	1.030768069	1.03085365	0.9736788439	0.9731675531	0.9731743368
	0.9736696956	0.9731747182	0.9736572913	1.030769228	1.030857017
	0.9731712809	0.9736408604	0.9731654524	0.9736205019	1.030769707
	1.030859455	0.9735960741	0.9731583485	1.030861963	1.030769756
	0.9731515265	0.9735694617	1.030864164	1.030769472	1.030865818
	1.030768884	0.9735427748	0.9731455249	1.030767994	1.030866784
	1.030766798	1.030866987	0.9731412864	0.97351859	1.030765293
	1.030866367	0.9731358387	0.97350296	0.9735390803	0.9731253625
	0.9762622687	0.9739141629	1.003159768	0.9849714413	1.030763486
	1.030864907	1.028799841	1.02049644	1.030770841	1.030427082
	1.030862596	1.030761397	1.03085947	1.03075908	1.030759747
	1.030788649	1.030756576	1.030855578	1.030752977	1.030812417
	1.030753988	1.030851016	1.030845923	1.030751483	1.030749121
	1.030816249	1.03084045	1.030749252	1.03083479	1.030747528
	1.030747103	1.030819751	1.030824129	1.030746689	1.030829243
	1.030836833	1.030781933	1.030762469	1.030821118	1.030796483
	0.9907057183	0.984831962	1.030650698	1.030841198	1.030777856
	1.030761647	1.029240713	1.019242342	1.00326458	0.9731933441
	1.030841695	0.9860455433	0.9730387897	1.0307606	0.9759778938
	0.9733893586	0.9736022947	1.030842277	0.9730318426	0.9731206274
	1.030759675	0.9734926961	0.9731133641	0.9734879046	0.9730437193
	0.9735139054	1.030843047	0.9731018644	1.030758961	0.9734944469
	0.9730898001	0.9735001342	1.030843896	0.9730776015	1.030758527
	0.9735047547	0.973065392	0.9735088828	1.030844752	0.9730535843
	1.030758425	0.973519116	1.030845575	0.9730365395	1.030758692
	0.9735256819	0.9735370774	1.030846336	0.973028191	1.030759358
	0.9735579013	0.9736205191	1.030847018	1.030760434	0.974046416
	0.9743129939	0.9764913946	1.030847602	0.9791820097	1.030761923
	0.9969858773	1.03084808	1.000013616	1.030763805	1.030848428
	1.030766027	1.030781772	0.8221640028	1.030848647	1.006577214
	1.030768527	1.030848724	1.030780622	1.03084622	1.030771204
	1.03084859	1.022408258	1.03077393	1.030734043	1.030848193
	1.030776558	1.030847461	1.029634334	1.030778861	1.030738132
	1.030844306	1.030761772	1.030781632	1.030759403	1.030841497
	1.030837209	  1	1e-18	0.9982774836	  1
	9.966262294e-15	0.832265384	0.9964592078	0.9899754263	0.9844033595
	0.9789101845	0.993789425	1.033798929	0.9742969344	0.9764758838
	1.031082216	1.025362302	0.9732715895	0.9741769545	1.030372598
	1.030772156	0.9731556513	0.9737930245	0.9737442665	0.9731610316
	1.030819337	1.030766625	1.030768159	1.030854338	0.9731676276
	0.9737252306	0.9731686783	0.9737051524	0.9731654998	0.9736812193
	1.03076894	1.030859205	0.9736541035	0.9731597959	0.9731513842
	0.9736250383	1.030769269	1.030862334	0.9735950213	0.9731433236
	1.03076926	1.030865176	0.9731369024	0.9735653941	1.030768942
	1.030867531	1.03086923	1.030768308	0.9731327633	0.9735384758
	1.030870172	1.030767351	1.030870284	1.030766058	0.973520718
	0.9731276055	1.030764431	1.030869518	0.9735550952	0.973118145
	0.9739263774	0.9762582642	1.003160168	0.984974365	1.028801388
	1.020493103	1.030762478	1.030867841	1.030771437	1.030424395
	1.03075963	1.030786265	1.030760234	1.030865254	1.030757734
	1.030861777	1.030752218	1.030810223	1.030755046	1.030857473
	1.030747817	1.030814288	1.030852449	1.030752286	1.030846844
	1.030749641	1.030745402	1.030818111	1.030747292	1.030840815
	1.030834592	1.030745532	1.030822899	1.030744774	1.030828511
	1.030761555	1.030820101	1.030797599	1.030842436	1.030648942
	0.9898706694	1.030779561	1.030760327	1.029235804	0.9761872692
	1.019243936	0.9741664876	1.030843492	1.003267032	0.9860437582
	1.030759081	0.9759843291	0.9730051421	0.9735791234	0.9733829821
	1.030844302	0.973561557	0.9736175804	0.9731118804	1.03075807
	0.9735104504	0.9731039635	1.030845162	0.9735067572	0.9730915083
	1.030757331	0.9735145666	0.9730776864	1.030846049	0.9735219248
	0.9730629987	1.030756906	0.9735280476	0.973048412	1.030846931
	0.9735334303	0.9730349748	1.030756841	0.9735401873	0.9730222795
	1.030847774	0.9735487971	0.9730101891	1.030757176	0.9730003552
	1.030848559	1.030757937	0.9736289121	0.9731410297	1.030849252
	0.9739937546	1.030759144	0.9787011176	1.030849845	0.9839678031
	1.0307608	0.996210795	0.9995056973	1.030850305	1.030762871
	1.030782968	1.030836934	1.030850625	0.8225272232	1.030841889
	1.030765319	1.006687242	1.030850803	1.030768068	1.030850801
	1.030771003	1.02251977	1.030850545	1.030774001	1.030694273
	1.030850005	1.030776883	1.02960571	1.030849062	1.030779403
	1.030739632	1.030847534	1.030781348	1.030755027	1.030845229
	1.030782487	1.030759313	1.030782728	1.030836544	  1
	1e-18	0.9983283155	  1	1.19838211e-14	0.8326736259
	0.9958601481	0.989292855	0.9836116587	0.97854024	0.9938750255
	1.033670431	0.9762384182	0.974237749	1.025279728	1.031095483
	0.9732822523	0.9741800074	1.030352548	1.030774129	0.9731642112
	0.9738455403	0.9737953972	0.9731611252	1.030818232	1.030766683
	1.030767798	1.030856403	0.9731625677	0.9737636101	0.9731584787
	0.9737304088	0.9736956046	0.973151793	1.030768449	1.030862125
	0.9736600257	0.9731431527	0.9736242676	0.9731344151	1.030865638
	1.030768737	0.9735903678	0.9731275536	1.030868682	1.030768715
	0.9735603758	0.9731232291	1.030871139	1.030768374	1.030872875
	1.030767693	0.9735403533	0.9731183932	1.030766659	1.03087379
	1.030765262	1.030873816	0.9731100968	0.9735727967	1.030763506
	1.030872891	0.9739396287	0.9762539999	1.003160728	0.9849772269
	1.028803199	1.020489349	1.030772255	1.030421222	1.030761404
	1.030870988	1.030759674	1.030783483	1.030807659	1.030751543
	1.030868089	1.030758984	1.030756298	1.030864228	1.030811979
	1.030746531	1.030859475	1.030753415	1.030743675	1.030816159
	1.030853938	1.030750482	1.030847762	1.03074769	1.030821404
	1.030742787	1.03084111	1.030745221	1.03074345	1.030834264
	1.030827577	1.030818811	1.030798778	0.998976806	1.030844325
	1.030646826	0.9889226748	1.030758764	1.030781361	1.029230324
	1.01924597	1.030845628	1.003269245	1.030757413	0.986041956
	0.9730896093	0.975990978	0.973376323	0.9729741693	1.030846533
	0.9736340737	1.030756352	0.973586137	0.9731025346	0.9735300902
	0.9730932258	1.030847433	0.9735283842	1.030755594	0.9730790479
	0.9730293474	0.9735380546	0.9730634324	1.030848352	0.9735468473
	1.030755178	0.9730468867	0.9735543442	1.030849261	0.9735629611
	1.03075515	0.9730115301	0.9735735332	0.9729938186	1.030850137
	1.030755551	0.9729782265	0.9736024212	1.030850941	0.9736418088
	1.030756416	0.9739448299	0.9740150575	1.030851655	0.975874722
	1.030757767	0.978172313	0.9830256083	1.030852242	0.9954766911
	1.030759594	1.030852681	1.030761879	1.030784137	0.8227255223
	1.030852968	1.030783874	1.030764575	1.006734486	1.03085309
	1.030845999	1.030767591	1.030852983	1.030770809	1.022589922
	1.03085259	1.03066918	1.030774108	1.030851877	1.030777271
	1.029587453	1.030850666	1.030739642	1.03078006	1.030848786
	1.030782239	1.030751887	1.030758368	1.030783544	1.030842059
	1.030837609	1.030836396	1.030760199	  1	1e-18
	0.9984132955	  1	1.368680375e-14	0.832890261	0.9952512115
	0.9884981023	0.9827482642	0.9781195979	0.9939361011	1.033587656
	0.9741639453	0.9759921412	1.025224705	1.031103721	0.9732843342
	0.974180915	1.030339945	1.030774876	0.973166729	0.97389041
	0.9738355197	0.9731551492	1.030818922	1.030766275	1.030767224
	1.030859205	0.9731502303	0.9737921409	0.9731427539	0.973746102
	0.9731336359	0.9737012407	1.030767854	1.03086546	0.9736587535
	0.9731236976	0.9731164908	0.9736196313	1.03076815	1.03086923
	0.9731125157	0.9735854104	1.030768129	1.030872433	0.9735622505
	0.9731082043	1.030874991	1.030767764	1.030767032	1.030876765
	0.9735922881	0.9731012912	1.030765914	1.030877663	1.030764408
	1.030877594	0.9762493754	0.9739540119	1.030762516	1.030876507
	1.003161446	0.9849800163	1.02880551	1.020485081	1.030417431
	1.030773325	1.030759922	1.030780194	1.030874346	1.030760249
	1.030751002	1.030804674	1.030809294	1.030745275	1.03087111
	1.03075765	1.030754767	1.030866831	1.030813865	1.030741915
	1.030751682	1.030861577	1.030740719	1.030819621	1.030748581
	1.03085547	1.030848649	1.030745626	1.030826398	1.030741274
	1.030841299	1.030743044	1.030833767	1.030846561	1.030800195
	0.9984670199	1.030757053	1.030644034	0.9878567425	1.030783726
	1.029223835	1.030847977	1.019248528	1.030755629	0.9738628286
	1.003271058	0.9860403016	0.9759981097	1.030848927	0.9733688865
	0.9729479187	0.9736289414	1.030754522	0.9736525852	0.9730917562
	0.9735523767	1.030849863	0.9730811183	1.030753742	0.9730056704
	0.9735527928	0.9730653001	0.9735647509	1.030850815	0.9730472374
	1.030753332	0.973576056	0.9730271498	0.9735865404	1.030851763
	1.030753338	0.9735988934	0.9729831738	0.9736128145	1.030852669
	0.9729602884	1.030753811	0.973658072	1.030853503	0.9730432355
	1.03075479	0.9739023308	0.9755657217	1.030854224	0.9776096246
	1.030756287	0.9820224499	0.9947256983	1.030854801	1.030758307
	1.030855218	1.030760827	1.030785397	0.8228527977	1.030855461
	1.006758784	1.030763788	1.030855506	1.030784687	1.03084667
	1.030767096	1.030855262	1.022639681	1.030770644	1.030651409
	1.030854704	1.030774295	1.030853754	1.029575621	1.030777789
	1.030738831	1.030852221	1.030780885	1.030849954	1.030750806
	1.03078327	1.030756988	1.030842122	1.030839393	1.030785063
	1.03075861	1.030835668	1.030817104	  1	1e-18
	0.9984560789	  1	1.517582845e-14	0.8330255903	0.9945891867
	0.9875847703	0.9818246835	0.9776593867	0.9939817151	1.033529302
	0.975742026	0.9740771821	1.025185836	1.031109095	0.9732766006
	0.9741775188	1.030331831	1.030774957	0.9739266544	0.9731600023
	0.9738642077	0.9731421768	1.030820628	1.030765629	1.03076654
	1.030862432	0.9731315292	0.9738084321	0.9731217398	0.9737521112
	0.9731115399	0.9736998885	1.030767196	1.030869077	0.9736534076
	0.9731038425	0.9736142008	0.9731000871	1.030767517	1.030873066
	0.9730965249	0.9735873499	1.030876433	1.030767498	0.9736143539
	0.9730913918	1.030767107	1.030879098	1.030766318	1.030880928
	0.9739698948	0.9762444325	1.030765114	1.030881804	1.030763494
	1.030881645	1.003162547	0.9849828357	1.030761452	1.030880368
	1.028808299	1.020479683	1.030774775	1.030412892	1.030776299
	1.03076035	1.030750591	1.030801156	1.030759018	1.030877929
	1.030744097	1.030806164	1.030740156	1.030811165	1.030756232
	1.030874324	1.030869577	1.030753137	1.030738591	1.030817498
	1.030749852	1.030863768	1.03073899	1.030824947	1.030746575
	1.030857024	1.030849473	1.030743432	1.030740757	1.030833073
	1.030841364	1.030755229	1.030640491	1.030786545	1.0308505
	1.029216202	0.9866839817	0.9809800381	1.01925136	1.030753733
	0.9752704522	1.003272718	0.9860384974	1.030851489	0.9760058681
	0.9733606979	1.030752574	0.9736732118	0.9730798127	1.030852463
	0.9735776006	0.9730672637	0.9736419135	1.030751767	0.9729770523
	0.9735811194	0.9730490007	1.03085346	0.9735962062	0.9730280067
	1.030751356	0.9736104453	0.9730039419	1.030854446	0.9736251979
	1.030751399	0.9729481938	1.030855393	0.9736573887	0.972928508
	1.03075195	0.9736789669	0.9730022682	1.030856246	0.9738701828
	0.9737137926	1.030753041	0.9770332578	1.030856972	1.030754702
	0.9938859852	0.9979691052	1.030857539	1.030756934	1.030802116
	1.030814691	1.030857918	0.8229422362	1.030834405	1.03075971
	1.006772802	1.030858102	1.030762974	1.030858025	1.030766623
	1.022677361	1.030857605	1.030770557	1.030637927	1.030856859
	1.030853812	1.030774575	1.029567681	1.030855646	1.030778388
	1.030737586	1.030781754	1.030750922	1.030851134	1.030784346
	1.030755383	1.030847274	1.030785973	1.030841578	1.030841922
	1.030786542	1.030756877	1.030787058	1.030849022	  1
	1e-18	0.9984698819	  1	1.650376341e-14	0.8331187545
	0.9938210581	0.9865411563	0.977172171	0.9808641569	0.9940173229
	1.033485546	0.9739773096	0.975495162	1.025156994	1.031112765
	0.9741685957	0.9732581157	1.030326523	1.030774661	0.9731439616
	0.9739509849	0.9738809783	0.9731204578	1.030822948	1.030764852
	1.03086595	1.03076578	0.9731075437	0.9738134874	0.9730969071
	0.9737497047	0.9736939164	0.9730887872	1.030766482	1.030872935
	0.9736479105	0.9730857208	0.9736161508	0.9730832568	1.030766832
	1.030877151	0.9736393481	0.9730802521	1.030766816	1.030880695
	0.9739876153	0.9762389834	1.030766397	1.03088349	1.030885377
	1.030765548	0.9849856369	1.00316391	1.030764257	1.030886242
	1.030762509	1.030885973	1.020473395	1.028811617	1.030884491
	1.030760318	1.030776691	1.030407346	1.030761155	1.030771656
	1.0307503	1.030796981	1.030802471	1.03074295	1.030757713
	1.030881749	1.030738369	1.03080802	1.030814983	1.030736416
	1.030754724	1.030877727	1.030751403	1.030872461	1.030823174
	1.030736619	1.030747922	1.03086604	1.03083213	1.030738375
	1.030744445	1.030858581	1.030850219	1.030741114	1.030841283
	1.030636088	1.030789795	0.9974382644	1.030853202	1.029207304
	0.9854078732	1.030751715	1.019254864	1.003273972	0.9749979268
	0.9860367819	1.030854232	0.9760142835	1.030750495	0.9733515222
	0.9736966373	0.9730660021	0.9729152647	1.030855256	0.9736067214
	1.030749652	0.9736715892	0.9730512309	0.9736140427	0.9730301423
	1.030856297	0.9736331994	1.030749239	0.9730050081	0.973651914
	0.9729754347	1.030857335	1.030749322	0.9729427201	0.973688626
	1.030858311	0.9737054581	1.030749946	0.9729682217	0.973849529
	0.9735738416	1.030859184	1.030751168	0.9764631506	0.9799278277
	1.030859912	0.9929246097	1.030753014	1.030860447	1.030755486
	1.030804308	0.8230090603	1.030860769	1.030789019	1.030758559
	1.006781528	1.030860865	1.030841248	1.030762155	1.030860634
	1.030766165	1.022707234	1.030860057	1.03062719	1.030770481
	1.030782776	1.030859128	1.030774845	1.02956219	1.03085763
	1.030736108	1.030779034	1.030855416	1.030751777	1.03085216
	1.03075364	1.030785736	1.030847562	1.030787631	1.030844027
	1.030755032	1.030788329	1.030832643	1.030851669	1.030811746
	1.030753293	  1	1e-18	0.9984168512	  1
	1.77022012e-14	0.8331872762	0.9928883168	0.9853741385	0.9766703789
	0.9798897008	0.9940461471	1.033451215	0.9752561905	0.9738651912
	1.02513475	1.03111536	0.974153315	0.9732272052	1.030323069
	1.030774131	0.9731184679	0.9739627716	0.9730918297	0.9738847976
	1.030825693	1.030763983	1.030764952	1.030869714	0.9730794426
	0.9738097533	0.973742493	0.9730711976	0.9736877833	0.973068756
	1.030765706	1.03087704	0.9736499442	0.9730677814	0.9736682106
	0.9730675436	1.030766088	1.030881501	0.9762330539	0.9740075287
	1.030766075	1.030885249	1.003165733	0.9849884016	1.030888183
	1.030765629	1.030890144	1.030764723	1.02881563	1.020465798
	1.030763332	1.030890986	1.030761459	1.030890597	1.030400763
	1.03077902	1.030759115	1.03088889	1.030762331	1.030766089
	1.030750334	1.030792079	1.030798058	1.030741907	1.03080425
	1.030736566	1.030885803	1.030756325	1.030734148	1.030811995
	1.030734116	1.030821053	1.030753115	1.030881322	1.030875485
	1.030749569	1.030735869	1.030830912	1.030868385	1.030745899
	1.030841022	1.030738694	1.030742193	1.030860117	1.030850863
	1.030856098	1.030793761	1.030749564	1.029196775	1.019258982
	0.9840460766	0.9788995143	1.003274859	1.030857182	0.9860350021
	1.030748272	0.9760235137	0.9733411876	0.9737233843	0.9729427297
	1.030858256	0.973050128	0.972908783	0.973722315	1.030747386
	0.9736406365	0.9730323281	0.9736530965	1.030859355	0.9730075266
	1.030746972	0.9736771988	0.9729773954	0.9737009356	1.030860432
	0.9729421008	1.030747087	0.9737365256	1.030861438	1.030747805
	0.9738415318	0.9734467328	0.9747562973	1.030862323	0.9759153523
	1.030749179	0.9917958674	1.03086303	0.996889543	1.030751233
	1.030863519	1.030753966	1.030806979	0.8230613156	1.030863787
	1.00678724	1.03075734	1.030863789	1.030790405	1.030840245
	1.030761262	1.030863403	1.022731744	1.030765662	1.03061832
	1.030862665	1.030770417	1.030784098	1.03086145	1.029558335
	1.030775247	1.03073449	1.030859564	1.03077994	1.030856854
	1.030753143	1.030751789	1.030852979	1.030787373	1.030847581
	1.030846696	1.030789443	1.030753076	1.030830384	1.030854509
	1.030791369	1.030751234	1.030807898	1.030630603	  1
	1e-18	0.998246203	  1	1.879162425e-14	0.833240138
	0.9917477692	0.9841001105	0.978924858	0.9761652637	0.9940701823
	1.033423328	0.9737417623	0.9750280842	1.025117076	1.031117223
	0.9731846706	0.9741299881	1.030320932	1.030773432	0.9739625506
	0.9730836921	0.9738783069	0.973059596	1.030828783	1.030763028
	1.030873729	1.030764049	0.9738006966	0.9730503659	0.973735576
	0.9730486085	0.973689935	0.9730496753	1.03076486	1.030881407
	0.97370183	0.9730529139	0.9740302212	0.9762264479	1.030765277
	1.030886146	1.003168041	0.9849910621	1.030765271	1.030890112
	1.028820471	1.020456709	1.030893208	1.030764802	1.030763829
	1.030895238	1.030782002	1.030392785	1.030762344	1.030896054
	1.030760342	1.030895534	1.030759465	1.030763866	1.030757837
	1.03089357	1.030750613	1.030786248	1.03079296	1.030741037
	1.030734791	1.030799794	1.030808356	1.030731847	1.030754853
	1.030890101	1.030818436	1.030731532	1.030829347	1.030733198
	1.030751411	1.030885113	1.030878646	1.030747654	1.030840547
	1.030736131	1.030870791	1.030743769	1.030851414	1.030739789
	1.030861621	1.030747263	1.02918427	1.019264042	1.030860355
	1.003275149	0.986033309	1.03074589	0.9760336823	0.9733293459
	0.9745508571	1.03086149	0.9733352229	0.9737544187	0.9730314311
	1.030744962	0.9736806641	0.9730099589	0.9729087799	0.9737555008
	1.030862634	0.9736993162	0.9729806371	1.030744539	0.9737288674
	0.97294488	1.030863747	1.030744705	0.9737718013	0.9729253864
	1.030864777	0.9738461636	1.030745529	0.9754037676	1.030865661
	0.9779253845	0.9826350944	1.030747059	0.9904519449	0.9963156199
	1.030866347	1.030749321	1.030798485	1.030623851	1.030866804
	0.8231036599	1.030803126	1.030752318	1.006791091	1.030867021
	1.030756015	1.030866875	1.030760336	1.022752428	1.030866282
	1.030765242	1.030610764	1.030865306	1.030853636	1.030770501
	1.030785567	1.029555657	1.030863732	1.030775837	1.030732761
	1.030861466	1.030780999	1.030754911	1.03085823	1.03074983
	1.030789209	1.030849587	1.030847272	1.030791676	1.030751
	1.03083876	1.03079293	1.030857559	1.030827314	1.030794124
	1.03074904	1.030810187	1.030859215	  1	1e-18
	0.9979476223	  1	1.978607913e-14	0.8332824279	0.9903522223
	0.9827420985	0.9779926268	0.9756658546	0.9940907479	1.033400022
	0.973608648	0.974812858	1.02510272	1.03111855	0.9740992438
	0.9731321111	1.030319801	1.030772588	0.9730440605	0.9739516652
	0.9738667745	0.9730268343	1.030832196	1.030761982	1.030763062
	1.030878007	0.9737922129	0.9730248896	0.9737376439	0.973028127
	0.9730358187	0.9737416518	1.030886066	1.030763935	0.9740563503
	0.9762190978	1.00317106	0.9849935215	1.030764392	1.030891101
	1.028826357	1.020445609	1.030895316	1.030764401	1.030383152
	1.030785682	1.030763902	1.030898576	1.030762872	1.03090068
	1.030751518	1.030765966	1.030761292	1.030901468	1.03075916
	1.030900793	1.030751204	1.030779314	1.030756491	1.030898544
	1.030786852	1.030740332	1.030733079	1.030794611	1.030729434
	1.030804091	1.030728867	1.030815239	1.030894657	1.030753296
	1.030730428	1.030827347	1.030839733	1.030733453	1.030889114
	1.030749606	1.030881962	1.030745638	1.0308518	1.030737242
	1.030873257	1.030863074	1.03074148	1.029169226	1.019270199
	1.030863773	1.003274685	1.030743346	0.9812143891	0.9860316654
	0.9760449187	0.9733156904	0.9743837562	1.030864957	0.973790749
	1.030742365	0.9730092605	0.9729158064	0.9737281916	0.9729832887
	1.030866146	0.9737534525	1.03074194	0.9729492071	0.9737861564
	0.972912422	1.030867298	0.9738088526	1.030742154	0.9738615074
	0.9732405596	1.03086835	1.030743077	0.9749383067	0.9770297948
	1.030869238	0.9888723114	1.030744769	0.9956991428	1.030869898
	1.030747267	1.030804263	0.823138979	1.030870304	1.030814114
	1.030750585	1.006793709	1.03087041	1.030823416	1.030754672
	1.030870045	1.03075946	1.022770329	1.030869254	1.030604147
	1.030764882	1.030791463	1.030868015	1.030770628	1.029553887
	1.030859427	1.030866077	1.030730923	1.030776538	1.030863357
	1.030782242	1.030757043	1.030747753	1.030787332	1.030854011
	1.030852714	1.030846611	1.030748789	1.030794295	1.030836635
	1.030795817	1.030860846	1.030746695	1.030797471	1.030797114
	1.030862568	1.030615467	1.030744802	  1	1e-18
	0.997480954	  1	2.069560009e-14	0.8333172492	0.9886645275
	0.9813386484	0.9771083719	0.97517946	0.9941087591	1.033380064
	0.9734698964	0.9746121956	1.025090879	1.031119453	0.9730733529
	0.9740633951	1.030319494	1.030771605	0.9739356548	0.9730053736
	0.9729979079	0.973856451	1.030835926	1.030760835	1.030761981
	1.030882575	0.9737940026	0.9730025885	0.9737890269	0.9730157016
	0.9740867702	0.976210814	1.030762923	1.030891033	0.9849956092
	1.003174959	1.028833563	1.02043197	1.030896399	1.030763431
	1.030371346	1.030790315	1.030900872	1.030763451	1.030741921
	1.030768684	1.030762937	1.030904309	1.030761853	1.030906496
	1.030752205	1.030771052	1.030760178	1.030907244	1.030757911
	1.030906398	1.030779658	1.030739794	1.030903839	1.030755063
	1.030731449	1.030788385	1.030727039	1.030799064	1.030726032
	1.030811397	1.030727504	1.030824865	1.030899495	1.030751626
	1.030730625	1.030838582	1.030734602	1.030851963	1.030893341
	1.030747699	1.030743525	1.030885413	1.030739052	1.030864419
	1.030875713	1.030867444	1.019277889	0.9950543288	1.030740617
	1.003273058	0.9798313603	0.9762282563	0.9860302619	0.9760572762
	1.030868682	0.9732997364	0.9731616274	1.030739579	0.9738335449
	0.9729828888	0.9737838961	1.030869923	0.9729523925	1.030739145
	0.9738134203	0.9729170519	0.9738431022	1.030871112	0.9729118337
	1.030739406	0.9738848811	0.9742532335	1.030872178	0.9745238513
	1.03074045	0.9870398659	1.030873044	1.030742341	1.030873651
	1.030745119	1.03081134	0.823169166	1.030873989	1.006795462
	1.030748784	1.030873946	1.030801491	1.030818409	1.030753263
	1.030873365	1.02278618	1.030758559	1.030598204	1.030872382
	1.030764531	1.030794092	1.030870778	1.029552872	1.030789446
	1.030860476	1.030770888	1.030728966	1.030868428	1.03077745
	1.030865109	1.030759523	1.030783717	1.030745544	1.030854152
	1.030856101	1.030746431	1.0308454	1.030797355	1.030833747
	1.030864384	1.030799339	1.030744192	1.030789617	1.030866184
	1.030818927	1.030742175	1.030605037	1.029150909	  1
	1e-18	0.9968206077	  1	2.152757845e-14	0.833346602
	0.9866744211	0.9799321964	0.9747144803	0.9762831577	0.9941248685
	1.033362602	0.9744297685	0.9733309163	1.025081018	1.03112
	0.9730166846	0.974026698	1.030319891	1.03077048	0.9729717792
	0.9739225651	0.9738576431	0.9729731749	1.030839986	1.030759576
	1.030760796	1.030887449	0.9738449725	0.9729919623	0.9741222979
	0.9762015349	1.003180185	0.9849968452	1.03089634	1.03076182
	1.028842491	1.020414775	1.030796103	1.030356766	1.030902051
	1.03076238	1.030730213	1.030772233	1.030906805	1.030762428
	1.030761112	1.030753712	1.030761904	1.030910439	1.030912709
	1.030760766	1.030771054	1.030739552	1.030758992	1.030913412
	1.030756583	1.030912376	1.030729816	1.030781054	1.030909471
	1.030753543	1.030793026	1.030724617	1.030723135	1.030806842
	1.030724438	1.030821762	1.030727604	1.030837	1.030904611
	1.030749859	1.030851875	1.030731825	1.030865689	1.03073647
	1.030745733	1.030897767	1.030888959	1.030878153	1.030741297
	1.030737685	1.003269554	0.9860293728	1.030872694	0.9760703439
	0.9785319189	0.9755244078	0.9732812328	1.030736587	0.9741543455
	0.9738833244	0.9729521712	1.030873975	0.973846137	0.9729201559
	1.030736152	0.9738729585	0.9729093043	1.030875184	0.9739105212
	0.973096246	1.030736481	0.9741603374	1.030876244	1.030737664
	0.9849586735	0.994377109	1.030877076	1.030739763	1.019287668
	1.029128198	1.030877638	0.8231955171	1.030591925	1.030742827
	1.006796568	1.030877904	1.030746851	1.030877648	1.030751793
	1.02280052	1.030876845	1.030757692	1.030592741	1.0308756
	1.03084359	1.030764256	1.030797188	1.029552507	1.030873582
	1.030771292	1.030726879	1.030870765	1.030778501	1.030762353
	1.030866769	1.030785549	1.030743192	1.030861361	1.030791968
	1.030859762	1.030853808	1.030743913	1.030801007	1.030868205
	1.030829928	1.030803538	1.030741517	1.030812045	1.030806427
	1.030870076	1.030780164	1.030824913	1.030739351	1.030820168
	1.030871398	  1	1e-18	0.9959709949	  1
	2.228758849e-14	0.8333718309	0.9843915325	0.9785679804	0.9742808159
	0.9755272395	0.9941395609	1.033347026	0.9732005513	0.9742702083
	1.031120236	1.025072761	0.9739973782	0.9729689994	1.030320919
	1.030769205	0.9739229812	0.9729430621	0.9729646896	0.9739082318
	1.030844381	1.030758194	1.030892659	1.030759503	0.9741630425
	0.976191456	1.003187391	0.9849962041	1.020392564	1.028853776
	1.03076061	1.030901998	1.030803463	1.030338384	1.03071575
	1.03077681	1.030908086	1.03076124	1.030755875	1.030749036
	1.030761325	1.030913148	1.030760747	1.030739617	1.030760794
	1.030916989	1.030759605	1.030919344	1.03072834	1.030772294
	1.030757736	1.030919989	1.030755191	1.030918733	1.030785828
	1.03072211	1.030751938	1.030915438	1.030801323	1.030720111
	1.030818007	1.030721258	1.030834943	1.030724396	1.03085141
	1.030728885	1.030748007	1.03091001	1.030866822	1.030733773
	1.030880589	1.030738893	1.030743689	1.030902419	1.030892609
	1.003262703	0.9860297602	0.9936741821	1.030876992	0.9760824661
	1.030733394	0.9732605259	0.9739382686	0.9729195026	0.974079593
	1.030878303	0.973908306	1.030732958	0.9729050354	0.9739332969
	0.9730399182	1.030879527	1.030733352	0.9738435663	0.9749115313
	0.9773481086	1.030880578	0.9826590292	1.030734674	1.030881373
	1.030737001	1.019300523	0.8232189562	1.030881887	1.030831412
	1.030740394	1.006797171	1.030882018	1.030768201	1.03074482
	1.030881498	1.030750302	1.022813742	1.03088051	1.030587615
	1.030756827	1.030805385	1.030878913	1.03076403	1.029552733
	1.03085302	1.030876435	1.030724648	1.030771842	1.030873041
	1.030779874	1.030765534	1.030868341	1.030740681	1.030787773
	1.030861885	1.030794889	1.030863732	1.030741222	1.030800897
	1.030840973	1.030872324	1.030824916	1.030738642	1.030808673
	1.030803903	1.030812507	1.03087427	1.030736326	1.030832441
	1.030575173	1.030875652	1.029099309	1.030734551	  1
	1e-18	0.9949345926	  1	2.297991171e-14	0.8333938773
	0.9818638793	0.9772956134	0.974849432	0.9738892004	0.9941531916
	1.033332891	0.9730893594	0.9741388397	1.031120188	1.025065841
	0.972928768	0.9739869841	1.030322519	1.030767776	0.9739729089
	0.972936296	0.9742067172	0.9761816557	1.030849134	1.030756683
	1.030758082	1.030898217	0.984990969	1.003197957	1.028868466
	1.020362614	1.030812942	1.030314653	1.030759292	1.030908037
	1.030782768	1.030697546	1.030758887	1.030734158	1.030914535
	1.030760004	1.030748238	1.03074013	1.030760135	1.030919921
	1.030726997	1.030761777	1.03075961	1.030923979	1.030758378
	1.030926418	1.030719575	1.030777226	1.030756419	1.03092699
	1.030753721	1.030925495	1.030794699	1.030716944	1.030750224
	1.03092178	1.030813332	1.030717892	1.03083233	1.030721088
	1.030850585	1.030725691	1.03073096	1.030867729	1.030915729
	1.030746085	1.03073633	1.030883017	1.030896321	1.030907293
	1.030741546	1.030881598	0.9860333581	1.030729972	0.9760885065
	0.973240227	0.9763003706	0.9743764017	0.9739911854	1.030882938
	0.9728976407	1.03072953	0.9739625684	0.972987267	0.9740196464
	1.030884169	0.9735678139	1.030729999	0.9801752953	1.030885194
	0.9929538349	1.030731482	1.030885942	1.030734066	1.019318289
	0.8232401551	1.030886401	1.00679736	1.030737805	1.030886326
	1.03084213	1.030752755	1.030742664	1.030885557	1.022826153
	1.030748786	1.030582716	1.030884354	1.030755955	1.030810706
	1.030882262	1.029553503	1.030805317	1.030851592	1.030763915
	1.030722259	1.030879343	1.03077263	1.03079037	1.030875287
	1.030769089	1.030781573	1.030738001	1.03086969	1.030862033
	1.030868022	1.03079845	1.030738338	1.03083736	1.030876762
	1.030735572	1.030818362	1.030814961	1.03079344	1.030878783
	1.030820165	1.030733097	1.030553272	1.030880217	1.030846143
	1.030731199	1.029061204	1.003249222	  1	1e-18
	0.993781785	  1	2.360788381e-14	0.8334134212	0.9791730688
	0.9761537682	0.9742582101	0.9735508324	0.9941660416	1.033319862
	0.9729969184	0.9740452486	1.031119876	1.02506005	0.9740279972
	0.9729181791	1.030324665	1.030766186	0.9742450852	0.9761754645
	1.003214726	0.9849745957	1.030854251	1.030755022	1.030904149
	1.030756529	1.028888461	1.020319874	1.030825532	1.030282801
	1.030790655	1.03067399	1.030757859	1.030914484	1.030763027
	1.030715461	1.030732878	1.030741219	1.030921413	1.030758668
	1.030748999	1.030725885	1.030927145	1.030758861	1.030717009
	1.030766875	1.03075835	1.030931434	1.030757079	1.030933962
	1.030713668	1.03078667	1.03075503	1.030934457	1.030752159
	1.0309327	1.030807689	1.030714262	1.030748417	1.030928516
	1.030828889	1.030717614	1.030849369	1.030722349	1.030868351
	1.030727959	1.030733615	1.030885409	1.030921778	1.030744125
	1.030739246	1.030900119	1.030912377	1.030726305	0.976074983
	0.973229771	1.030887894	0.9740252183	0.9753883197	0.9729372363
	1.030725864	0.9739778201	0.9733254762	1.030889117	0.9739042471
	1.030726413	0.9775736656	0.9921776552	1.030890108	1.030728064
	0.9860444522	1.003222021	1.030890824	0.8232596234	1.029008218
	1.030730927	1.006797197	1.030891191	1.030735033	1.030890825
	1.030740423	1.02283798	1.030889861	1.030747236	1.030577961
	1.030888301	1.030809734	1.030755056	1.03081723	1.029554794
	1.030885731	1.030764005	1.030719707	1.030882311	1.030802715
	1.030861708	1.030773649	1.030773014	1.030877365	1.03078365
	1.030735133	1.030870786	1.030793516	1.030872653	1.030735259
	1.030849351	1.030810678	1.030881544	1.030832435	1.030732291
	1.03082284	1.030883635	1.030779774	1.030829975	1.030729636
	1.030732354	1.030855007	1.03088512	1.030523494	1.03086635
	1.030727606	1.019344491	1.030886536	  1	1e-18
	0.9925860437	  1	2.417413175e-14	0.8334309648	0.976402158
	0.9751741365	0.9737574044	0.9732675429	0.9941783183	1.033307681
	0.9729505936	0.974016181	1.031119314	1.025055244	0.9761805275
	0.9742561292	1.030327321	1.030764416	1.003243583	0.9849309476
	1.020254505	1.028917367	1.030859749	1.030753206	1.03075484
	1.030910479	1.030843022	1.03023764	1.03080137	1.030642292
	1.030768778	1.030691325	1.030921354	1.030756303	1.030743147
	1.030713563	1.030733299	1.030725049	1.030928747	1.030757226
	1.030714486	1.030754264	1.030934852	1.030757494	1.030710198
	1.030776949	1.030939392	1.030757008	1.030755709	1.030942012
	1.030710486	1.030800768	1.030753571	1.030942418	1.030940378
	1.030750493	1.030824561	1.030713829	1.030746541	1.030935681
	1.030718843	1.030847535	1.030868707	1.030724778	1.030887716
	1.030730783	1.030736739	1.030903993	1.030742105	1.030928191
	1.030917655	0.9760039478	0.9732559835	0.9913643386	1.030893193
	0.9739575384	1.030721932	0.9731120288	0.9734903181	0.9746058797
	1.030894402	0.9749182462	1.030722564	1.030895355	1.030724404
	0.9860700068	0.8232777358	1.030896041	1.019386106	1.030727574
	1.006796732	1.03089623	1.030480811	1.030732077	1.030895561
	1.030738092	1.022849412	1.030894409	1.03057329	1.03074558
	1.030832945	1.030892358	1.03075428	1.029556575	1.030825758
	1.030889387	1.03071697	1.030764269	1.030885152	1.030807897
	1.030774932	1.030777329	1.030879366	1.030732072	1.030786211
	1.030871499	1.030797331	1.030877656	1.03086078	1.030731968
	1.030846005	1.030817255	1.030886693	1.030728779	1.030825345
	1.030798218	1.030888851	1.030761433	1.030725934	1.030843006
	1.030704331	1.030872912	1.03089038	1.03072376	1.030895699
	1.028929415	1.030891825	1.003166007	1.030722377	  1
	1e-18	0.9913977321	  1	2.468074088e-14	0.8334468971
	0.9743667943	0.9736594597	0.9730747933	0.9733637742	0.9941901968
	1.033296149	0.9741321972	0.9762066519	1.031118501	1.02505129
	0.9848126948	1.003295946	1.030330474	1.030762464	1.028961594
	1.020147685	1.030169092	1.030868731	1.030751228	1.030865652
	1.030917226	1.030753	1.030816596	1.03059731	1.030776995
	1.030658846	1.030746267	1.030688617	1.030928677	1.030754615
	1.030724699	1.030713569	1.03073867	1.030712023	1.030936569
	1.03075567	1.030765066	1.030706573	1.030943077	1.030756031
	1.03079224	1.030706479	1.030755584	1.030947885	1.030754267
	1.030950605	1.030709769	1.030819168	1.030752022	1.030950923
	1.030748716	1.030948576	1.030844961	1.030715117	1.030744652
	1.030943318	1.030868656	1.030721343	1.030727886	1.030889899
	1.030734027	1.030908016	1.030923096	1.03093497	1.030739948
	1.030898863	0.9733185924	1.030717715	0.9731074503	0.9739489101
	0.9722819719	1.030900044	0.9905054966	1.030718434	1.030900971
	1.030720481	0.9861071578	0.8232948023	1.030901618	1.006796
	1.030723972	1.030901513	1.030940368	1.030415636	1.030728921
	1.030900583	1.022860586	1.03073565	1.030568637	1.030899178
	1.03074389	1.030846327	1.030896621	1.02955884	1.030835734
	1.030816506	1.030753631	1.030714043	1.030893082	1.030764639
	1.030814219	1.030887956	1.030782058	1.030776674	1.030728803
	1.030881155	1.030789302	1.030871764	1.030883051	1.030802037
	1.030728451	1.030858984	1.030841197	1.030892231	1.030825475
	1.030725024	1.030782445	1.030894456	1.03072197	1.030735833
	1.030861143	1.0306638	1.030896026	1.030899244	1.030719637
	1.028802932	1.030897493	1.019456143	1.030718165	1.003045993
	0.9757121928	  1	1e-18	0.9902684414	  1
	2.512937468e-14	0.8334615239	0.9737615998	0.9710619708	0.9730935641
	0.9761956949	0.9942018009	1.033285092	0.9844225154	1.003385504
	1.031117447	1.025048097	1.029027757	1.019962208	1.03076032
	1.030334121	1.030907885	1.030056846	1.030839348	1.030529496
	1.030871974	1.03074907	1.030750998	1.030924417	1.030789194
	1.030612898	1.030751322	1.030655075	1.030725165	1.030687976
	1.030752786	1.030936482	1.030718987	1.030709696	1.030702836
	1.030750292	1.030944911	1.030753994	1.030781649	1.030702196
	1.030951856	1.030754465	1.030812426	1.03070543	1.030956958
	1.030754071	1.030752747	1.030959792	1.030841451	1.03071112
	1.030750365	1.030960023	1.030746862	1.03095734	1.030868193
	1.030717662	1.030742745	1.030951477	1.030891795	1.030724773
	1.0309122	1.030731283	1.030737537	1.030928786	1.030942082
	1.030713182	0.9696854953	0.9895913253	1.030906083	1.03071399
	0.9738050789	0.9742786746	1.03090701	0.8233110561	1.002728381
	1.030716274	1.006795012	1.030907539	1.030720076	1.030907033
	1.030725572	1.02287163	1.030905994	1.030733114	1.030563964
	1.030904169	1.03069835	1.030742158	1.030864918	1.029561588
	1.030901063	1.030753052	1.030710915	1.030896798	1.030835964
	1.030834196	1.030765277	1.030787216	1.030890739	1.030778876
	1.030725312	1.03088261	1.030793149	1.030888864	1.030871424
	1.030807828	1.030724692	1.030855931	1.03082217	1.030898191
	1.030721006	1.030803386	1.03084954	1.03090048	1.030759887
	1.030717725	1.030887665	1.030902085	1.030601944	1.030938925
	1.030715218	1.030309641	1.031003479	1.030903568	1.028580055
	1.01956887	1.030713646	0.9860464848	1.030904931	  1
	1e-18	0.9895738034	  1	2.552136271e-14	0.8334750738
	0.9685185243	0.9764019456	0.9827752229	1.0034284	0.9942132479
	1.033274382	1.019582059	1.029092201	1.031116153	1.025045596
	1.030959652	1.029854882	1.030338254	1.030757967	1.030873363
	1.030421161	1.030544517	1.030807974	1.030878738	1.03074672
	1.03093208	1.030748822	1.030759682	1.030607762	1.030727019
	1.030653452	1.030707784	1.030693365	1.030944802	1.030750804
	1.030699068	1.030731399	1.030697581	1.030768381	1.030953813
	1.030752188	1.030803825	1.030700854	1.030961235	1.03075279
	1.03070671	1.030836867	1.03096666	1.030752471	1.030751137
	1.030969629	1.03086706	1.030713855	1.030969782	1.030748583
	1.030744983	1.030966733	1.030893516	1.030721291	1.030960172
	1.030740735	1.030728497	1.03091634	1.030734947	1.03093487
	1.030949545	1.03091257	1.030709214	0.9887184182	0.8233266952
	1.030913515	0.9858935982	1.030711726	1.006793796	1.030913747
	1.02812792	1.030715837	1.030912937	1.030722115	1.02288265
	1.030911828	1.030559234	1.030730365	1.030926366	1.0309093
	1.030740413	1.029564816	1.030726197	1.030905778	1.030707571
	1.030752551	1.0309005	1.030849927	1.030766288	1.030792827
	1.030893444	1.030721583	1.030781636	1.030883578	1.030798032
	1.030895127	1.030870115	1.030720674	1.03081509	1.030850984
	1.030832445	1.030904602	1.030823677	1.030716707	1.030784034
	1.030868689	1.030906954	1.030713175	1.030891922	1.030641015
	1.030908592	1.030502858	1.030710475	1.030987773	1.030123554
	1.031038769	1.030910087	1.030708788	1.019606693	1.001535958
	1.030911435	0.968979119	1.0307083	  1	1e-18
	  1	0.9887245452	0.8334877498	2.585776603e-14	0.9774274186
	1.0031706	1.018543669	1.028891676	1.033263906	0.9942246372
	1.03095907	1.029455256	1.031114613	1.025043719	1.030234187
	1.030909536	1.030342877	1.030755393	1.030835501	1.030437486
	1.030773473	1.030538038	1.030885971	1.030744162	1.030746457
	1.030940248	1.030604861	1.030731394	1.030658562	1.030706851
	1.030706539	1.030695377	1.030953676	1.030748657	1.030692794
	1.030751229	1.030695909	1.030792696	1.030963321	1.030750243
	1.030701971	1.030830857	1.030971267	1.030750998	1.030865031
	1.03070975	1.030977052	1.030750775	1.030749415	1.030980195
	1.030895019	1.030717578	1.030746677	1.030980269	1.030976804
	1.030743116	1.030920439	1.030725494	1.03073856	1.030969452
	1.030732249	1.030941296	1.030957481	1.03091958	1.030704053
	0.8233418898	1.030920464	1.006792364	1.018883204	1.02718627
	1.030706751	1.030920277	1.030711351	1.030919422	1.022893735
	1.030718435	1.03055441	1.03096535	1.030917889	1.030727335
	1.03092992	1.03067416	1.030914812	1.029568528	1.030738735
	1.030703996	1.030869374	1.030910616	1.030752123	1.030904289
	1.030798918	1.030767807	1.030824599	1.03086709	1.030717601
	1.030895811	1.030785171	1.030883862	1.030901873	1.030804315
	1.030716378	1.030842944	1.030911502	1.030846166	1.030712103
	1.030807366	1.03075434	1.030913919	1.030896199	1.030708294
	1.030549364	1.030915589	1.030705378	1.030330718	1.030961785
	1.029776024	1.03091709	1.030685661	1.030703556	0.9993103736
	1.030918421	0.9927756549	1.030703035	  1	1e-18
	1.002538819	  1	2.61394259e-14	0.8334997142	1.018737861
	1.027068942	1.028865581	1.030463403	0.994236048	1.033253561
	1.030842545	1.029890666	1.031112823	1.02504242	1.030855159
	1.030250213	1.030752581	1.030347998	1.03079365	1.030428934
	1.030533294	1.030740175	1.030893701	1.030741379	1.030743886
	1.030948958	1.030707831	1.030609258	1.030672515	1.030692243
	1.030728172	1.030688021	1.03074633	1.030963149	1.03069057
	1.030778021	1.030696988	1.030822691	1.030973487	1.030748143
	1.030705198	1.030861884	1.030749081	1.030982012	1.030896081
	1.030713729	1.030988213	1.030748978	1.030747531	1.030991577
	1.030924539	1.030722152	1.030744695	1.030991538	1.030741312
	1.030987678	1.030948075	1.030729522	1.030979368	1.030965946
	1.030736083	0.8233567761	1.030698433	1.006790722	1.030927858
	1.030701362	1.030927306	1.030706593	1.022904965	1.030926442
	1.029988183	1.030714331	1.030886101	1.030549459	1.03092424
	1.030724196	1.029572736	1.030920783	1.030933962	1.030707658
	1.030736967	1.030700175	1.030915497	1.030752012	1.030805521
	1.030908094	1.030769873	1.030713345	1.030897536	1.030790005
	1.030909142	1.030882783	1.030812576	1.03071178	1.030861227
	1.030837539	1.030918933	1.030829509	1.030865214	1.030707167
	1.030781486	1.030897092	1.030921419	1.030703051	1.030589746
	1.030960816	1.030923121	1.030381343	1.030699889	1.030369676
	1.030924628	1.029242859	1.028255937	1.030697911	1.02837193
	1.010165967	1.030925958	1.030697329	1.03092716	  1
	1e-18	1.011165133	  1	2.636700055e-14	0.8335111031
	1.030809879	1.027701985	1.029263994	1.030128573	0.9942475548
	1.033243261	1.030719858	1.029858712	1.031110773	1.025041658
	1.030234632	1.030792793	1.030749511	1.030353632	1.030752463
	1.030423108	1.030712414	1.030536749	1.030901966	1.03073835
	1.030958255	1.03074109	1.030623517	1.030690849	1.030683634
	1.03069579	1.030685143	1.030757832	1.030973274	1.030743806
	1.030811189	1.030691724	1.030700226	1.03085721	1.030984376
	1.030745876	1.030709717	1.030896286	1.030747037	1.030993551
	1.030718439	1.030928742	1.031000243	1.030747035	1.031003846
	1.030745445	1.030726767	1.030955054	1.030742829	1.031003731
	1.03099948	1.030739353	1.03073335	1.03097521	1.030989878
	1.006788877	1.030935723	1.030695492	1.030934955	1.030701456
	1.027431525	1.022916419	1.030933979	1.030544352	1.029984201
	1.030709766	1.030931048	1.030720983	1.029577456	1.03095562
	1.03092708	1.03069609	1.030735104	1.030920466	1.030752424
	1.030812674	1.030806782	1.030911488	1.030708794	1.030772784
	1.030898165	1.030796681	1.03091698	1.030879006	1.030706856
	1.030823981	1.030850373	1.030855849	1.030926946	1.030701867
	1.030893282	1.03073953	1.030935267	1.030929508	1.030630352
	1.030697407	1.030423601	1.030822639	1.030931249	1.030693971
	1.030102545	1.029181591	1.030932766	1.029687338	1.030691783
	1.010727484	1.030934112	1.030691111	0.8233714795	1.030935393
	1.030692343	1e-18	  1	1.010284262	  1
	2.654099276e-14	0.8335220361	1.028233635	1.026902793	1.028805203
	1.029790547	0.9942592285	1.033232922	1.030582981	1.029755092
	1.031108453	1.025041402	1.030218019	1.030728828	1.030359798
	1.030746163	1.030715895	1.030429313	1.030553623	1.030691673
	1.030910806	1.03073505	1.03096819	1.030738045	1.030649217
	1.030680619	1.030728342	1.030680399	1.030794375	1.030686302
	1.030741062	1.030984116	1.030695194	1.030849716	1.030895228
	1.030705265	1.030996068	1.03074343	1.030714651	1.030932806
	1.030744836	1.031005981	1.030723647	1.03096229	1.031013234
	1.030744872	1.031017143	1.030743291	1.03098527	1.030730688
	1.031017048	1.030741079	1.030736966	1.031012142	1.03100128
	1.030944041	1.030689115	1.010304616	1.030943503	1.022928169
	1.02670489	1.028767669	1.030695814	1.030539056	1.030941883
	1.030704788	1.030749092	1.03093856	1.02958271	1.030717595
	1.03069172	1.030933409	1.030928471	1.030769934	1.030733351
	1.030925465	1.030820421	1.030753428	1.030703922	1.03091369
	1.030777378	1.03089635	1.030925442	1.030806569	1.030701572
	1.030869944	1.030841725	1.030830252	1.0309356	1.030883598
	1.030696165	1.030672387	1.030938255	1.030939823	1.030691322
	1.030467512	1.029949535	1.030940045	1.029835428	1.030687549
	1.027048715	1.03094156	1.030685084	1.030943031	1.030684398
	0.8233861131	1.030944318	1.006786832	1.030685625	1e-18
	  1	1.009235547	  1	2.666177015e-14	0.8335326201
	1.025357562	1.025974669	1.028257496	1.029404101	0.9942711364
	1.033222469	1.029629923	1.030438753	1.031105849	1.025041628
	1.030672761	1.030206147	1.03074251	1.030366526	1.030688811
	1.030447695	1.030678296	1.030584327	1.030731453	1.030920272
	1.03097883	1.030734723	1.030686807	1.030676178	1.030769821
	1.030681239	1.030690432	1.030837271	1.030738078	1.030995756
	1.030891978	1.030700555	1.030710966	1.030935906	1.030740773
	1.031008659	1.030720086	1.030969885	1.031019398	1.030742423
	1.03099594	1.03072814	1.031027354	1.030742513	1.030741173
	1.031031661	1.031013895	1.030734221	1.031031545	1.030739231
	1.031025793	1.030682296	1.022940291	1.030952872	1.030689362
	1.030533541	1.025847947	1.028287967	1.030950306	1.03069958
	1.029588524	1.030946604	1.030713844	1.030687038	1.030939562
	1.030732374	1.030828816	1.030929391	1.030910092	1.030756063
	1.030698697	1.030913156	1.030853771	1.030785894	1.030934591
	1.030889268	1.030822034	1.03069589	1.030865059	1.030944972
	1.030801418	1.030690021	1.030713833	1.030915244	1.030947741
	1.030501357	1.030669351	1.030684726	1.02988323	1.029539953
	1.030949564	1.03068053	1.024371064	1.009364483	1.030951158
	1.030677827	1.030952878	0.8234007836	1.030677044	1.006784586
	1.030953768	1.030678136	1.030953191	  1	1e-18
	1.00785043	  1	2.672957962e-14	0.8335429519	1.022506065
	1.024894863	1.028986129	1.02762841	1.033211823	0.9942833469
	1.030294333	1.029491484	1.031102942	1.025042318	1.030625958
	1.030206795	1.030738521	1.030373852	1.030672711	1.030479657
	1.030625882	1.030673395	1.030727524	1.030930429	1.030731098
	1.030990254	1.030734004	1.030676839	1.030818697	1.030685391
	1.03069596	1.030885576	1.030734812	1.03100829	1.030937288
	1.030707176	1.030716556	1.030977493	1.03102224	1.030737861
	1.030725475	1.03100693	1.03103399	1.030739813	1.030731464
	1.031027852	1.031042806	1.030739919	1.030739188	1.031047499
	1.031040599	1.031047411	1.03073701	1.022952861	1.030962749
	1.008460072	1.030527771	1.030682204	1.030959415	1.030694407
	1.029594937	1.030954219	1.029790185	1.030682015	1.030710702
	1.03094485	1.030733161	1.030887771	1.030837922	1.030930839
	1.030886361	1.030693081	1.03076093	1.030909979	1.030795755
	1.030944508	1.0308789	1.030689772	1.03083836	1.030831849
	1.030955149	1.030747265	1.030683365	1.030520266	1.03057486
	1.03095803	1.030677529	1.02919349	1.027744885	1.024863897
	1.030959944	1.021726879	1.030672907	1.03096177	1.030674782
	1.030669894	0.8234155945	1.030963583	1.030668825	1.006782136
	1.030963845	1.030669931	1.030963516	  1	1e-18
	1.006541094	  1	2.674455684e-14	0.8335531218	1.019704826
	1.02368158	1.02854611	1.026946694	0.9942959324	1.033200909
	1.029344622	1.030159381	1.031099709	1.025043463	1.030220019
	1.030589292	1.030381824	1.03073416	1.030527474	1.03066398
	1.030678762	1.03067521	1.030941354	1.030723229	1.030727115
	1.03100256	1.030682258	1.030788215	1.030872804	1.030692166
	1.030702825	1.030936785	1.030731206	1.031021807	1.030713286
	1.030984746	1.031018671	1.030722258	1.030734732	1.031036992
	1.031042856	1.030729148	1.031049991	1.030736867	1.031056932
	1.030734227	1.030737195	1.031059648	1.031064958	1.030737374
	1.03106458	1.030521708	1.030972714	1.030675151	1.030968937
	1.029601993	1.023746772	1.02712682	1.030689099	1.030676615
	1.030961408	1.030707522	1.030950357	1.03084782	1.03073236
	1.030850604	1.030687035	1.030931898	1.030861101	1.03076545
	1.03090317	1.030955288	1.03080977	1.030683148	1.030856849
	1.030774158	1.030966207	1.03067611	1.030532941	1.030454977
	1.029672059	1.030969266	1.028794297	1.030669719	1.019207741
	1.03097138	1.00766006	1.030664533	1.030973465	1.030666564
	1.030661116	0.8234306511	1.030661178	1.030975135	1.006779476
	1.030659656	1.030974733	1.030974919	1.022965964	  1
	1e-18	1.005250149	  1	2.670673144e-14	0.8335632149
	1.022393566	1.017098923	1.026222417	1.028089032	0.9943089725
	1.033189644	1.029196634	1.030034969	1.025045059	1.031096121
	1.030566079	1.030243248	1.030390505	1.030729389	1.030586397
	1.030662574	1.030742481	1.030680114	1.030953143	1.030718507
	1.031015834	1.030722704	1.030690517	1.030849333	1.030930362
	1.030700255	1.030710655	1.030989407	1.030727306	1.031036475
	1.031031338	1.030718782	1.031059033	1.030726795	1.030731285
	1.031053137	1.030731157	1.031075538	1.031067456	1.030733498
	1.031083256	1.030735258	1.031078123	1.03073471	1.031084179
	1.03066666	1.029609751	1.030979926	1.030680889	1.030670799
	1.022526592	1.030970025	1.030703322	1.030858604	1.029522382
	1.030953174	1.030316255	1.030735402	1.03068049	1.030924287
	1.030780505	1.030967012	1.030880032	1.030828151	1.030675927
	1.030801979	1.030799577	1.030978297	1.030540656	1.030668248
	1.028349746	1.030981622	1.026430614	1.03066115	1.01684392
	1.006926227	1.030983918	1.030655319	1.030984082	1.030986345
	1.030657013	0.8234460628	1.030651544	1.006776593	1.030987239
	1.030649724	1.030986813	1.030652028	1.022979691	1.03098706
	1.030515309	  1	1e-18	1.004162467	  1
	2.661602809e-14	0.8335733155	1.01477216	1.021072572	1.027625766
	1.025464904	0.9943225569	1.03317794	1.029048835	1.029917782
	1.03109215	1.025047113	1.030278865	1.030552864	1.030724144
	1.030399971	1.030653594	1.030669565	1.030811637	1.03068868
	1.030965873	1.030713285	1.030717908	1.031030223	1.030699037
	1.030915827	1.030708711	1.030989998	1.031042455	1.03071702
	1.030723043	1.031052471	1.031075628	1.030724336	1.03072859
	1.031096273	1.03107075	1.030727354	1.030732194	1.0311043
	1.031086659	1.030729827	1.031105559	1.030732429	1.031098661
	1.029618281	1.030989145	1.006194359	1.0306645	1.030675573
	1.021233188	1.030973034	1.030705649	1.030870345	1.030945755
	1.030673362	1.030745782	1.030906172	1.030787243	1.03097982
	1.030829266	1.030668133	1.030742391	1.03053922	1.030165844
	1.030991559	1.029344066	1.030659709	1.027863335	1.025667221
	1.030995065	1.014712304	1.030651794	1.030997764	1.030656659
	1.030645413	0.8234619481	1.031000323	1.031001017	1.030640835
	1.006773473	1.031000432	1.030638483	1.031001462	1.030640347
	1.02299415	1.030508528	1.03064476	1.030997816	  1
	1e-18	1.003297269	  1	2.647226369e-14	0.8335835082
	1.019767346	1.012773151	1.027165225	1.024687107	0.9943367872
	1.033165707	1.029810576	1.028897201	1.03108775	1.025049627
	1.03032393	1.030545769	1.03041026	1.03071836	1.03073029
	1.030680356	1.030701203	1.0308846	1.030707598	1.030979665
	1.030712625	1.0310459	1.030982949	1.030708136	1.03071608
	1.031050161	1.030721686	1.031093005	1.031069927	1.030718234
	1.03111786	1.030727149	1.030728741	1.031128016	1.031090313
	1.030722754	1.031129021	1.030730124	1.031108087	1.03112189
	1.030726068	1.030657665	1.030993508	1.00550355	1.030673298
	1.030970459	1.019917905	1.03088315	1.030707388	1.030665723
	1.030932256	1.030745046	1.03000449	1.030853522	1.03099384
	1.030682059	1.030659735	1.030531671	1.029144832	1.031006011
	1.027345527	1.030650362	1.024853623	1.012847355	1.031010019
	1.03064138	1.031013593	1.030649119	1.030633854	0.8234784377
	1.030634382	1.031014656	1.031016122	1.006770101	1.03062762
	1.031016318	1.03062525	1.03101815	1.023009447	1.030626896
	1.030501305	1.031008547	1.029627603	  1	1e-18
	1.002648571	  1	2.627513997e-14	0.8335938909	1.011123962
	1.018527389	1.023908368	1.026712323	0.9943517507	1.033152838
	1.029714865	1.028743821	1.025052548	1.031082868	1.03054558
	1.030372931	1.030421485	1.030712041	1.030811828	1.030692653
	1.030962165	1.030712982	1.030701277	1.030994763	1.030706648
	1.031063094	1.030718296	1.031049227	1.030721052	1.031107497
	1.031139594	1.030725249	1.030712759	1.031089414	1.030725571
	1.031154802	1.031154934	1.030726974	1.030717523	1.031112224
	1.030722883	1.031147798	1.031132083	1.030670924	1.030897252
	1.030957354	1.03070166	1.030657391	1.018637376	1.024015222
	1.030877558	1.030618104	1.031009338	1.030520563	1.029838057
	1.030650281	1.028929881	1.026814004	1.031022393	1.030639514
	1.011259044	1.004854341	1.031027412	1.030629078	1.030995022
	1.031031891	1.03064023	0.8234956277	1.030620346	1.006766487
	1.031033092	1.030613484	1.030613596	1.031033716	1.030612323
	1.023025638	1.03103341	1.030493597	1.031028016	1.030623372
	1.02963781	1.031016836	1.030650341	  1	1e-18
	1.002221493	  1	2.602423257e-14	0.8336046112	1.009811103
	1.017397312	1.023149478	1.026276005	0.9943675287	1.033139181
	1.029629522	1.028592563	1.025055975	1.031077482	1.0305503
	1.030425072	1.03070499	1.030433957	1.030893825	1.030707155
	1.03103888	1.030722849	1.030694145	1.031011425	1.030700007
	1.031082249	1.030725275	1.03111547	1.030724721	1.031159354
	1.031181526	1.030724474	1.031111231	1.030706439	1.031183803
	1.030722351	1.030719717	1.031176456	1.031136707	1.030711894
	1.031159268	1.03091306	1.030900988	1.004244755	1.030647825
	1.030554406	1.017442418	1.030506421	1.029673449	1.03102695
	1.028707257	1.030639443	1.026285896	1.023184117	1.031040966
	1.009944352	1.030627323	1.031046919	1.030657101	1.030616052
	0.8235136655	1.031051066	1.031018946	1.030605994	1.006762572
	1.031050837	1.030598848	1.030598663	1.031053065	1.03059636
	1.023042993	1.031049033	1.030485316	1.031040704	1.030611355
	1.029649268	1.030642152	1.030635009	1.030984556	  1
	1e-18	1.001986691	  1	2.571897663e-14	0.8336158325
	1.008804704	1.016411382	1.022433818	1.025867365	0.9943844303
	1.0331246	1.028446272	1.029555274	1.025060128	1.03107144
	1.030557812	1.030477774	1.030447806	1.030697071	1.030975787
	1.030720055	1.031111282	1.030732441	1.031029934	1.030686192
	1.030692395	1.031103625	1.030727144	1.031176428	1.0312067
	1.030725259	1.030718782	1.031215153	1.030698869	1.031135808
	1.030716192	1.031206714	1.030706488	1.031189649	1.03116415
	1.0306374	1.030491655	1.029516084	1.028485851	1.031046321
	1.025779311	1.030627826	1.022391186	1.016375488	1.008887222
	1.0310614	1.003676785	1.030614269	1.031068649	1.030492532
	1.030601357	0.8235330718	1.030615519	1.031011686	1.031071762
	1.00675816	1.030588836	1.031071997	1.030585409	1.030582164
	1.031072556	1.023061989	1.03057849	1.03047615	1.031063205
	1.031046234	1.029662111	1.030599757	1.030632949	1.030923991
	1.030930678	  1	1e-18	1.001910038	  1
	2.535863745e-14	0.8336274416	1.01559371	1.008061139	1.025495642
	1.021783784	0.9944028233	1.033108875	1.028309251	1.029492071
	1.031064641	1.025064862	1.030566973	1.030528989	1.030688202
	1.030463195	1.030730149	1.031052686	1.031180327	1.030736719
	1.03067717	1.031050515	1.030683626	1.031127627	1.031227984
	1.03072736	1.031246993	1.030718072	1.031239758	1.030711083
	1.03116322	1.030690577	1.030702192	1.03122284	1.031194719
	1.025310121	1.031068075	1.021664211	1.015463483	1.030614504
	1.008068458	1.003157552	1.031085088	1.030599026	1.02827389
	1.031093273	1.029371703	0.8235538881	1.030584017	1.006753329
	1.031093786	1.030570622	1.030575985	1.031038977	1.031095225
	1.030563978	1.031074127	1.023082484	1.031088841	1.030560817
	1.030466271	1.030570435	1.029676174	1.030623091	1.030948799
	1.030434826	1.030950067	1.030476935	1.030625966	  1
	1e-18	1.001938766	  1	2.494228037e-14	0.8336394891
	1.014960811	1.00754084	1.021213043	1.025168696	0.99442267
	1.033091793	1.029440156	1.028183331	1.025070192	1.031057055
	1.030578176	1.030573465	1.030480319	1.030678246	1.031122258
	1.030737831	1.031239889	1.03073405	1.03066706	1.031073545
	1.03067336	1.031154747	1.031273069	1.030722134	1.031274653
	1.030706107	1.031257651	1.03069783	1.031193997	1.031229353
	1.030682118	1.031093048	1.007449289	1.030599261	1.002711177
	1.031112155	1.014729938	1.030582231	0.8235760262	1.031119128
	1.028079016	1.030564411	1.00674814	1.031117823	1.030551758
	1.030384715	1.031117647	1.03054313	1.023104778	1.031100723
	1.030455476	1.03054502	1.031070546	1.030540209	1.02969197
	1.030972973	1.030611842	1.030465395	1.029242328	1.030972187
	1.030612733	1.024891446	1.021022828	  1	1e-18
	1.002055924	  1	2.446873782e-14	0.8336526754	1.007221402
	1.014506759	1.02073053	1.024891041	0.9944442552	1.033073136
	1.02939777	1.028071177	1.03104849	1.02507625	1.030577262
	1.030620009	1.030499671	1.030666945	1.030736423	1.03118514
	1.03072876	1.031286745	1.031099799	1.030655289	1.031185619
	1.030661366	1.030706058	1.031307703	1.031292344	1.030692371
	1.031266582	1.030675127	1.031228172	1.030582181	1.031142457
	1.002305825	1.030563065	0.8236004679	1.014181446	1.020475114
	1.031145303	1.006742196	1.030543233	1.031143756	1.029132559
	1.030532377	1.031132595	1.023129581	1.030522555	1.030443327
	1.03110181	1.030513341	1.030999278	1.029709888	1.030339706
	1.030599188	1.030459769	1.027904901	1.030997204	1.02453393
	1.030597825	1.007017423	1.031121499	  1	1e-18
	  1	1.002261168	2.393654463e-14	0.8336668249	1.007066324
	1.014219219	1.020334775	1.024663006	0.9944682726	1.033052398
	1.027974081	1.029359721	1.025083259	1.031038717	1.030654656
	1.030576972	1.030654067	1.030521654	1.031233237	1.030726619
	1.031325412	1.030713973	1.030641653	1.031129642	1.030648849
	1.031219763	1.031325963	1.030686436	1.030669927	1.031303493
	1.031265526	1.031174081	0.8236273379	1.030541672	1.006735541
	1.031170955	1.013803611	1.020022406	1.030523165	1.031166745
	1.027756704	1.030510253	1.023157213	1.031132909	1.030490635
	1.030429827	1.031031841	1.030303712	1.029730108	1.030456989
	1.029045846	1.030584816	1.024238631	1.031025694	1.030580717
	1.006781365	1.001956747	1.031153949	1.030563388	  1
	1e-18	1.002475545	  1	2.334386734e-14	0.8336822923
	1.007063015	1.014091387	1.020010281	1.024480456	0.9944950884
	1.033029234	1.02932622	1.027885361	1.031027682	1.025091051
	1.030683045	1.030563656	1.030639447	1.030546477	1.03126633
	1.030712949	1.031349122	1.030686298	1.031163279	1.030625808
	1.030638202	1.031256534	1.031335176	1.030664992	1.031304339
	0.8236574185	1.031203707	1.001734037	1.030519094	1.006727927
	1.031195845	1.030504565	1.031172038	1.03047329	1.027637327
	1.023188293	1.031063066	1.030414606	1.030281498	1.030462726
	1.028976513	1.029752863	1.030568553	1.0240066	1.019656008
	1.013599464	1.031057795	1.006701814	1.03056169	1.031189739
	1.030543214	  1	1e-18	1.002713943	  1
	2.268840065e-14	0.8336994621	1.007231064	1.014085803	1.024335156
	1.019744932	0.9945253011	1.033003081	1.027804936	1.029292844
	1.031015279	1.025099446	1.030694664	1.030541748	1.030622816
	1.030574289	1.030684441	1.03129101	1.03065875	1.031354303
	1.030608856	1.031199844	1.031294262	1.031338849	1.030632099
	1.006719313	1.030499055	1.031210057	1.030469837	1.03109671
	1.013551552	1.019361175	1.023223242	1.030263932	1.030397624
	1.030480136	1.028929219	1.027541495	1.02977799	1.023839525
	1.030550258	1.006795933	1.031093455	1.001563647	1.030541357
	1.031226131	1.030521865	0.8236912294	1.031227576	1e-18
	  1	1.003031983	  1	2.196723395e-14	0.8337189409
	1.01416565	1.007540749	1.019522739	1.024219653	0.9945594206
	1.032973423	1.029248624	1.0277321	1.03100171	1.025107613
	1.030693579	1.030515117	1.030604499	1.030604079	1.031296754
	1.030643838	1.030629076	1.031354818	1.030594299	1.031236939
	1.031329709	1.031140897	1.030255447	1.023262432	1.030497157
	1.028907294	1.013609206	1.030378824	1.027472681	1.023724969
	1.02980479	1.019127745	1.03053033	1.007122822	1.001469711
	1.031131249	1.030521273	1.031256451	1.030470258	1.031239649
	0.8237297371	1.030499901	1.006709582	1e-18	  1
	1.003277645	  1	2.117665139e-14	0.8337416219	1.007993033
	1.014324499	1.019317492	1.024123481	0.9945978957	1.032939695
	1.029201771	1.027651807	1.030987345	1.025113981	1.030469063
	1.030688831	1.030635002	1.030584198	1.030610626	1.031285639
	1.031349445	1.031270078	1.030587301	1.030521735	1.028894219
	1.00161677	1.023305738	1.027430003	1.030358557	1.023659848
	1.018941525	1.013775143	1.02983146	1.00760916	1.030510147
	1.031166629	1.030502078	0.8237737531	1.03126709	1.030468251
	1.00669893	1.031176417	1.030264506	  1	1e-18
	1.003501543	  1	2.031185626e-14	0.8337690231	1.008647643
	1.014505212	1.024035699	1.019124827	1.032901492	0.9946407788
	1.027570898	1.029153874	1.03097294	1.025115291	1.030665128
	1.0304179	1.030660239	1.030566842	1.031276314	1.030575159
	1.031288343	1.023352321	1.0236455	1.001817874	1.03033772
	1.018790561	1.01402278	1.008279009	1.029853856	1.03049227
	1.03118394	1.030470224	0.8238243915	1.031192922	1.006687782
	1.030270929	1.03055781	1.028896578	1.0273951	  1
	1e-18	1.003876096	  1	1.936655392e-14	0.8338034539
	1.014658023	1.009433517	1.018943835	1.02396111	0.9946876463
	1.032858427	1.029089102	1.027501074	1.030959392	1.025104999
	1.030629122	1.030386617	1.030665487	1.031218276	1.030547081
	1.030317938	1.009253982	1.002061134	1.029858598	1.030465859
	1.0142615	1.018671479	1.031104348	0.8238826969	1.030268278
	1.00667709	1.030565422	1.028921395	1.027373844	1.023653538
	1.023399813	1e-18	  1	1.004047769	  1
	1.833231533e-14	0.8338488666	1.010309501	1.014827789	1.018755457
	1.023899675	0.99473702	1.032809142	1.027415635	1.029038098
	1.02506502	1.030937343	1.030369923	1.03056125	1.030575948
	1.029765183	1.030269365	1.002741168	0.8239497873	1.03044149
	1.028930501	1.006667605	1.027355064	1.023681702	1.018564793
	1.014534894	1.023439073	1.010311213	1.030289961	  1
	1e-18	  1	1.00412957	1.71975238e-14	0.8339111584
	1.011397088	1.014972727	1.018582673	1.023843171	0.9947817711
	1.032736712	1.027276654	1.029044186	1.03075937	1.024908375
	1.029895894	1.02906008	1.028928423	0.8240231368	1.02717347
	1.006647503	1.023740059	1.018457753	1.014818252	1.011433718
	1.023401137	1.003365657	1.030099274	  1	1e-18
	1.004664758	  1	0.833989667	1.59452965e-14	1.012578523
	1.015033815	1.018377514	1.023846608	1.032474356	0.9947558293
	1.029472383	1.026538777	1.024117113	0.8240538504	1.023780636
	1.006466677	1.01822142	1.014965642	1.012904482	1.003652226
	1.022792127	1.028772311	1.025654578	  1	1e-18
	1.004715087	  1	1.454811676e-14	0.8339720083	1.01512358
	1.013662587	1.024379803	1.017401798	0.994174806	1.020582368
	1.031049927	1.005201115	1.014010522	1.004478427	1.01951096
	1.023620504	1.015189634	0.8236607243	1.016487733	  1
	1e-18	1.004586717	  1	1.295524736e-14	0.8330960988
	1.013316379	1.016031054	1.011198686	1.025824131	0.9910189236
	1.010577093	1.015050189	1.00682628	0.8213012058	1.014144513
	1.0002509	  1	1e-18	  1	1.002310256
	0.8291380302	1.108233595e-14	1.01639036	1.014924358	0.9825974978
	1.008696972	0.8147185907	0.9872467543	0.9925241717	  1
	1e-18	1.009925289	  1	0.8265591542	8.756937693e-15
	0.9630359043	0.7802673078	1.083667586	  1	1e-18
	  1	6.267366136e-15	1.037159094	  1	1e-18
	  1	
