12221	
	5.640747764e-30	-2.70794744e-29	0.6129714189	3.133783551e-29	0.6252237231
	0.6080368276	-8.054901574e-29	0.9025203816	0.8868742523	0.9396841713
	0.6056333536	-1.334249855e-28	0.6220357237	7.126423843e-29	0.8835777279
	0.9029806812	0.9468289911	0.9352348206	0.9459124896	0.9328581965
	0.9434401263	1.108587615e-28	0.6205289493	0.6048798235	-1.85839166e-28
	0.9338371403	0.9032825199	0.8821099494	0.9494186793	0.933341816
	0.9439162243	0.9465752418	0.9483076993	0.9435630117	0.9474597303
	0.9456490052	0.6045032709	-2.375293788e-28	0.6199644853	1.500284664e-28
	0.8815518851	0.9503758817	0.9333969159	0.903338639	0.9347047868
	0.944302144	0.948080575	0.9466200472	0.9453096342	0.946804118
	0.9474922555	0.9471769785	0.9459266487	0.947426566	0.9462804418
	0.604280551	-2.882874733e-28	0.6196569501	1.886099956e-28	0.9331904642
	0.9033543982	0.881298868	0.950761042	0.946645296	0.9480080365
	0.9353157261	0.9444803745	0.9469605471	0.9471448373	0.9457559604
	0.9472517684	0.9472151036	0.9469751665	0.9471049034	0.9473910659
	0.9465663757	0.9464378066	0.9473541255	0.6041312409	-3.379102935e-28
	0.619461342	2.264489005e-28	0.9330648723	0.9033599067	0.8811509811
	0.9509754479	0.9445772417	0.9466668384	0.9479598628	0.9356288604
	0.9470042287	0.9471333326	0.9459089443	0.9472195989	0.9472288722
	0.9471143844	0.9472111525	0.9471817974	0.9471242926	0.9472332334
	0.9473156758	0.947124086	0.9466743897	0.9467653496	0.9472866526
	2.63394775e-28	0.6040230236	-3.86200918e-28	0.6193251261	0.9329771913
	0.903362112	0.8810511973	0.951115213	0.9446352343	0.946686325
	0.947931188	0.9358137885	0.9470302543	0.9471274273	0.9459888909
	0.9472036036	0.9471511672	0.9472414603	0.9471668685	0.9471887237
	0.9472309253	0.9472334234	0.9471945646	0.947222038	0.9471257226
	0.9472361472	0.9472633598	0.9471338021	0.9472357947	0.9468471939
	0.9469097876	0.6039402996	-4.329682281e-28	0.6192241749	2.993014458e-28
	0.8809778807	0.9512150415	0.9329111401	0.9033630058	0.9446723682
	0.9467034369	0.9479133586	0.9359338754	0.9470463325	0.9471246441
	0.9460388704	0.9471942075	0.9471706827	0.9472574008	0.9471610016
	0.947170621	0.9472599034	0.947254703	0.9471769603	0.9471934794
	0.9472325434	0.9472326486	0.9471973309	0.9472201353	0.9471304647
	0.9471399063	0.9472326045	0.9472255525	0.9469686831	0.9472082574
	0.9470102374	0.6038745717	-4.780273789e-28	0.619145789	3.340270762e-28
	0.9328592139	0.903363251	0.8809211804	0.951290532	0.9467182759
	0.947901641	0.9360173778	0.9446971081	0.9471893828	0.9470556831
	0.9471240154	0.9460714222	0.9471813329	0.9472657892	0.9471590845
	0.9471619944	0.9472754984	0.9472726365	0.9471693479	0.9471730278
	0.9472649812	0.9472527405	0.9471789683	0.9471950314	0.9471986443
	0.9472181397	0.9472305074	0.9472295725	0.9471451637	0.9471978964
	0.9471440979	0.9472259003	0.947187753	0.9470754255	0.9470565953
	0.6038207655	-5.212003771e-28	0.6190826772	3.674345705e-28	0.9328173386
	0.9033630934	0.8808757651	0.9513499164	0.944714488	0.9467309445
	0.9478935023	0.9360789354	0.947186969	0.9470606574	0.9471247185
	0.9460931126	0.9471583206	0.9471864751	0.9472691504	0.9471592371
	0.9472828879	0.9472824498	0.9471625937	0.9471667111	0.9472821078
	0.9472708983	0.9471705304	0.9471752794	0.9472508884	0.9471802673
	0.9471960798	0.9472628798	0.9471983993	0.9472186327	0.9472232814
	0.947230047	0.9471558055	0.9472200775	0.9471901606	0.9471560044
	0.9471241673	0.9471142571	0.9471736233	0.6037756406	-5.623167405e-28
	0.6190303532	3.993920646e-28	0.9327829332	0.9033626461	0.8808384479
	0.9513979931	0.9447275718	0.9467416921	0.9478874221	0.9361267422
	0.9470631159	0.9471260478	0.9461080028	0.9471859072	0.9471568547
	0.9471881474	0.9472698138	0.9471603144	0.9471576526	0.9472852368
	0.9472861501	0.9471665923	0.9471649609	0.9472905227	0.9472814202
	0.9471677075	0.947281108	0.9472695102	0.9471713276	0.9471759327
	0.9471808349	0.9471970925	0.9472620956	0.947248991	0.9472312213
	0.9471976391	0.9472149986	0.9472222918	0.9471732104	0.9471681952
	0.9472120401	0.9471825182	0.947154655	0.9471497839	0.9471735214
	0.6037370055	-6.012141349e-28	0.6189859188	4.297734272e-28	0.9327542112
	0.9033619873	0.8808071398	0.9514378269	0.9447381684	0.9467508046
	0.9478824816	0.9361655187	0.9471854629	0.9470643534	0.9471275002
	0.9461188347	0.9471879517	0.9472691621	0.9471618072	0.9471562254
	0.9471677723	0.94728434	0.9472863422	0.9471560636	0.9471673146
	0.9471590024	0.9472931615	0.94728679	0.9471678305	0.9472910707
	0.947279703	0.9471657334	0.9471773983	0.9472804438	0.9472678025
	0.9471724024	0.9471809103	0.9472620808	0.9472487211	0.9471957875
	0.947234372	0.947225606	0.9471967659	0.9472090068	0.9471843449
	0.9471758812	0.9472034776	0.9471863264	0.9471740543	0.9471808958
	0.9471709559	0.6037033279	-6.377390068e-28	0.6189474186	4.584587475e-28
	0.9327298672	0.9033611742	0.8807803856	0.9514714898	0.9447472738
	0.9467585768	0.9478781667	0.9361980836	0.947065172	0.9471288234
	0.9461272971	0.9471851788	0.9471868276	0.9472680336	0.9471634072
	0.9471559573	0.9472819104	0.9472853104	0.9471693526	0.9471556616
	0.9472926001	0.9472880538	0.94716817	0.9471559645	0.9471675468
	0.9472849805	0.9471606311	0.9472945401	0.947166254	0.9472907289
	0.9472790452	0.9471683897	0.9471724419	0.9472808862	0.9472662582
	0.9471782739	0.9472494617	0.9472623759	0.9471942513	0.9471812434
	0.9472398	0.9471947989	0.9472295234	0.9472011024	0.9471994674
	0.9471978681	0.9471787909	0.9471963716	0.9471672859	0.9471936764
	0.9472013906	0.6036734868	-6.717471763e-28	0.6189134845	4.853348095e-28
	0.932708937	0.9033602551	0.8807571412	0.9515004398	0.9447554221
	0.9467652635	0.947874216	0.9362261807	0.9471847986	0.9470659906
	0.947129935	0.9461343463	0.9471853742	0.9472669148	0.9471649277
	0.9471557899	0.9472790964	0.9472841295	0.9471709221	0.947155322
	0.9472902605	0.9472871619	0.9471550848	0.9471696804	0.9472941573
	0.947168408	0.9472873867	0.9471572851	0.9472841894	0.9471673597
	0.9471607753	0.9472955099	0.9471677592	0.9471689968	0.947291206
	0.9472776528	0.9472660697	0.9472809906	0.9471723792	0.9471780387
	0.9472640687	0.9471929298	0.947250355	0.9471809193	0.9471924534
	0.9472447323	0.9471940509	0.9472347539	0.9472067195	0.9471773528
	0.9472153619	0.9471920079	0.9471701218	0.9472148775	0.9472071999
	5.102955357e-28	0.6036466598	-7.031044069e-28	0.6188831317	0.9326906801
	0.9033592674	0.8807366186	0.9515257331	0.9447629112	0.9467710794
	0.9478704959	0.9362509535	0.9470669709	0.9471308399	0.9461404832
	0.9471842305	0.9471555296	0.9471839389	0.9472660746	0.9471662753
	0.9472763937	0.9472831517	0.9471723526	0.9471548083	0.9472872554
	0.9472858707	0.9471713308	0.9471549269	0.9472921752	0.9472876425
	0.9471696448	0.9471551834	0.9472959412	0.9472862109	0.947168199
	0.9471582989	0.9472839411	0.9471676206	0.9471614348	0.9472960229
	0.9471685642	0.9471683418	0.9472924087	0.947276694	0.9472659869
	0.9472814527	0.947178188	0.947172679	0.9471903604	0.9471800268
	0.9472665525	0.9472522255	0.9472501052	0.9471897936	0.9471901824
	0.9472391708	0.9471740261	0.9472268973	0.9471863762	0.9472186002
	0.947169738	0.9472307375	0.9472169759	0.6036222046	-7.316869272e-28
	0.6188556249	5.332424099e-28	0.8807182394	0.9515481551	0.932674547
	0.9033582389	0.9447699056	0.9467761965	0.9478669386	0.936273169
	0.9471834626	0.9470681529	0.9471315694	0.9461459814	0.9471826804
	0.9472656098	0.9471674282	0.9471550614	0.9471736348	0.947273946
	0.9472824786	0.9471541563	0.9472843364	0.9472849841	0.9471728198
	0.9471545165	0.9472895831	0.9472867595	0.9471710635	0.9471543111
	0.9472941167	0.9472870725	0.9471695443	0.9471564329	0.9472974811
	0.9472861725	0.9471677022	0.9471583122	0.9471628071	0.9472829768
	0.9471675891	0.9472974482	0.9472767461	0.9471682564	0.9471684922
	0.9472930228	0.9471721727	0.947283029	0.94717803	0.9472661353
	0.9471878233	0.947269302	0.9472546926	0.9471791713	0.9471849783
	0.9472564321	0.94724349	0.9471873738	0.9472274168	0.947228502
	0.9471676823	0.9472372074	0.9472421983	0.9471829267	0.9471753366
	0.6035996389	-7.573819288e-28	0.6188304102	5.540848622e-28	0.93266009
	0.9033571932	0.8807015336	0.9515682977	0.9467807515	0.9478635064
	0.9362933903	0.9447765223	0.9471825212	0.9470695049	0.947132165
	0.9461509821	0.9471816354	0.9472655292	0.9471684086	0.9471543519
	0.9472717789	0.9472821563	0.9471747655	0.9471533615	0.9472818101
	0.9472846028	0.9471740838	0.9471536575	0.9472868774	0.9471724998
	0.9472858399	0.9471539378	0.9472917478	0.9472872008	0.9471707983
	0.9471547657	0.9472965674	0.9472866655	0.9471687939	0.9471570425
	0.947298885	0.9472861873	0.9471675095	0.9471591943	0.9472826261
	0.9471632542	0.9471667135	0.9472992533	0.9471691962	0.9472765657
	0.9471681433	0.9472941189	0.9471713725	0.9471771723	0.9472847441
	0.9472672055	0.9471857505	0.9472728803	0.9471778765	0.9472571356
	0.9472505022	0.9471737069	0.9471688825	0.9472372227	0.9471808809
	0.9471794965	0.9472348254	0.9471844589	0.9472483257	0.9472620523
	0.9472484632	0.6035785557	-7.80087982e-28	0.6188070559	5.727406305e-28
	0.9326469834	0.9033561532	0.8806861611	0.9515866227	0.9447828226
	0.9467848553	0.9478601744	0.9363120102	0.9471814377	0.9470710022
	0.9471326555	0.9461555895	0.9471807671	0.947265775	0.9471692539
	0.9471534166	0.9472698914	0.9472821965	0.9471757605	0.947152379
	0.9472796696	0.9472846223	0.9471525128	0.9471751714	0.9472844139
	0.9471737805	0.947285482	0.9471532899	0.9472894851	0.9472868641
	0.9471719411	0.9471536235	0.94729453	0.9472870011	0.9471701071
	0.9471559051	0.9472987368	0.9472871568	0.9471679319	0.9471572269
	0.9473011954	0.9472857265	0.9471604064	0.9471667818	0.9472829152
	0.9471660628	0.9471637067	0.9473005735	0.9472766784	0.9471694261
	0.9471672681	0.9472960355	0.9471707155	0.9471765094	0.9472684766
	0.947286819	0.9472599414	0.9471832312	0.9472768578	0.9471762041
	0.9471708309	0.9472440572	0.9472603416	0.9471682989	0.947256835
	0.947176178	0.9471785087	0.9471817701	0.947267545	0.9472525204
	0.9472427733	0.60355863	-7.997154777e-28	0.6187852077	5.891360761e-28
	0.9326349327	0.9033551176	0.8806718145	0.9516034984	0.9447888729
	0.9467886044	0.9478569292	0.9363293542	0.9471802409	0.947072593
	0.9471330739	0.9461598511	0.9471522921	0.9471800331	0.9472662994
	0.9471699977	0.9471511798	0.9472682428	0.9472825716	0.9471766364
	0.947151197	0.9472778379	0.9472849731	0.9471761323	0.9472823614
	0.9471748555	0.9472857171	0.9471521284	0.9472874313	0.9472866027
	0.9471730356	0.9471528355	0.9472924795	0.9472874341	0.9471711647
	0.9471544244	0.9472976638	0.9472872969	0.9471688031	0.9471563569
	0.9473011338	0.9472874176	0.9471583164	0.9471671514	0.9473036237
	0.9472859274	0.9471654783	0.9471608794	0.9472829092	0.9471646292
	0.9471653879	0.9473024651	0.9471692937	0.9471662829	0.9472775153
	0.9472978393	0.9471695465	0.9471757869	0.9472698931	0.9472896558
	0.9471667386	0.9471703948	0.9472678731	0.9472516781	0.9472808006
	0.947262936	0.9471745434	0.9471808965	0.9471739697	0.9472489649
	0.9472641183	0.9471759132	0.9471789948	0.9472564377	0.9472732154
	0.6035395976	-8.161869521e-28	0.6187645999	6.032064894e-28	0.9326237035
	0.9033541178	0.880658249	0.9516192031	0.9447946933	0.9467920561
	0.947853766	0.9363456438	0.9471789568	0.9470742611	0.9471334484
	0.9461638263	0.9471793701	0.9472670275	0.9471706749	0.9471510087
	0.9472667908	0.9472832424	0.9471774251	0.9471497725	0.9471497276
	0.9471770023	0.9472762284	0.9472856202	0.9472806999	0.947286395
	0.9471757573	0.9471505874	0.9471518787	0.9472856529	0.9472868394
	0.9471740236	0.9472908505	0.9472878164	0.947171984	0.9471529858
	0.9472961707	0.9471554724	0.9472877175	0.947169786	0.9473006367
	0.947288165	0.9471674915	0.9471568615	0.9473043165	0.9472874986
	0.9471657399	0.947159409	0.9473057905	0.9472864519	0.9471643931
	0.947161604	0.9471687554	0.9472578641	0.9472736475	0.9471666525
	0.9473048767	0.9471640993	0.9472832408	0.9471650671	0.9472783671
	0.9471654064	0.9471694218	0.9472999808	0.9472717887	0.9471747373
	0.9471681418	0.947292603	0.9471718231	0.9472542072	0.9471736474
	0.9472714448	0.9471726883	0.9472657867	0.9472849328	0.9472604315
	0.9472781894	0.9471790035	0.9471763165	0.6035212211	-8.294373927e-28
	0.6187450019	6.148963348e-28	0.9326131102	0.9033531671	0.8806452708
	0.9516339977	0.9448003017	0.9467952929	0.9478506631	0.9363610619
	0.947075959	0.9471337851	0.9461675258	0.9471776133	0.9471495968
	0.9471787479	0.9472679287	0.9471713144	0.9472654623	0.9472841464
	0.9471781537	0.9471481776	0.9472748014	0.9472865503	0.9471480757
	0.9471778014	0.9472873661	0.9471765584	0.9471488403	0.9472793162
	0.9471504701	0.9472842146	0.9472876538	0.9471748666	0.947289586
	0.9472883014	0.9471726925	0.9471517607	0.9472948631	0.9472886131
	0.9471705233	0.9471540593	0.947300085	0.9471679418	0.947288598
	0.9471559856	0.9473040975	0.9472887148	0.947166049	0.9471581063
	0.9473074522	0.9472881786	0.9471640095	0.9471600176	0.9473085214
	0.9472867552	0.9471631149	0.9471626119	0.947279685	0.9471658835
	0.9472629484	0.9471666291	0.9471697158	0.9471722057	0.9472770209
	0.9472594566	0.9473071044	0.9472840766	0.9471628178	0.9471653518
	0.9472793941	0.9471640912	0.9473026604	0.9471693322	0.9472737792
	0.9472956322	0.9471738082	0.9471668212	0.9472827131	0.9472640051
	0.9471770491	0.9471738742	0.9472686709	0.9472889642	0.9471707178
	0.6035032926	-8.394145033e-28	0.6187262189	6.24159468e-28	0.9326029746
	0.9033522754	0.8806326927	0.9516480896	0.9448057222	0.946798371
	0.9478476363	0.9363757684	0.9471762133	0.9470776507	0.9471341225
	0.9461709616	0.9471781078	0.9472689401	0.9471719253	0.9471480838
	0.947178856	0.9472642154	0.947285252	0.9471464241	0.9472734927
	0.947287724	0.9471462296	0.9471785514	0.9472781216	0.9472885935
	0.9471772946	0.9471469504	0.9472889014	0.9471755714	0.9471486465
	0.9472831012	0.9471504799	0.9472886052	0.9472891555	0.9471733432
	0.9471524115	0.9472940251	0.9472897066	0.9471709983	0.9472995163
	0.9472894295	0.9471550839	0.9471684414	0.947304032	0.9472897658
	0.9471660883	0.94715684	0.9471656758	0.9472844215	0.9472680177
	0.947164588	0.9473081451	0.9471591432	0.947289328	0.9471640117
	0.9473105357	0.947288954	0.9471624391	0.9471609614	0.9473114889
	0.9471614243	0.9472874043	0.9471631981	0.947170714	0.9472815799
	0.9472638479	0.9471680835	0.9472673019	0.9472868716	0.9471752552
	0.9471715702	0.9472848715	0.9471615765	0.9471658451	0.9473095959
	0.9471626601	0.9473052569	0.9472808431	0.9471690001	0.9472988778
	0.9471652688	0.9472926457	0.9472715204	0.947172893	0.9472757999
	0.9471688528	0.6034856237	-8.460789069e-28	0.6187080862	6.309593237e-28
	0.9325931382	0.90335146	0.8806203499	0.9516616557	0.9448109531
	0.9468013384	0.9478446876	0.936389877	0.9471747936	0.947079317
	0.9471344795	0.9461741518	0.9471464731	0.9471774039	0.9472700175
	0.9471725454	0.9472629806	0.9472864991	0.947179539	0.9471445372
	0.9472722701	0.9472891185	0.9471441972	0.9471792828	0.9472770372
	0.9472900441	0.9471779984	0.9471449052	0.9472822378	0.9472904506
	0.947176186	0.9471465729	0.9472905016	0.9471739021	0.9471488601
	0.9472878785	0.9471713239	0.947150822	0.9472936156	0.9472909249
	0.9471687837	0.9472991716	0.9472908183	0.9471536895	0.9471558142
	0.9473043254	0.9472907827	0.9471660596	0.9471646158	0.9472879456
	0.9472723613	0.947163739	0.947163961	0.9473085545	0.9472906691
	0.9471581844	0.9471693054	0.9472855625	0.9471666188	0.9472676084
	0.9473120604	0.947159927	0.9471618413	0.9472904228	0.9473140774
	0.9472896285	0.9471605903	0.947161981	0.9471598196	0.9473142642
	0.9472883558	0.9471637391	0.9472705056	0.9472903067	0.9471736911
	0.9471694396	0.9472742505	0.9472960386	0.947171829	0.9471669691
	0.9473123461	0.9471660781	0.9471600448	0.9472858361	0.947282344
	0.9473078464	0.9472780253	0.9471687563	0.9473019038	0.9471636376
	0.9471613412	0.6034680382	-8.494043009e-28	0.6186904582	6.352690581e-28
	0.9325834536	0.9033507383	0.8806080893	0.9516748612	0.9448159873
	0.9468042474	0.9478418185	0.9364034818	0.9471733735	0.9470809175
	0.9471348735	0.9461770895	0.947176606	0.9472711341	0.9471731957
	0.9471448002	0.9472617021	0.9472878458	0.9471802409	0.9471425185
	0.9472710642	0.9472906819	0.9471419997	0.9471800001	0.9472760338
	0.9472917219	0.9471786912	0.9471426801	0.9472815211	0.947292211
	0.9471767599	0.9471443413	0.9472874126	0.9472922757	0.9471743656
	0.9471468479	0.9472923998	0.9471715963	0.9471492405	0.9472934823
	0.947292561	0.947151926	0.9471688813	0.9472992438	0.9471547747
	0.9473048344	0.9472921584	0.947166022	0.9473093404	0.9472922168
	0.9471636144	0.9471569769	0.9471634126	0.9472905906	0.947275955
	0.9471629849	0.9471651833	0.9471681544	0.9472884044	0.9472711841
	0.947161385	0.94729177	0.9473134282	0.9471592329	0.9471674665
	0.9472735541	0.9471721171	0.9472930536	0.9471610155	0.9473160304
	0.9471597721	0.9472914851	0.9473175999	0.947290637	0.9471585195
	0.9471626586	0.9471581897	0.9473171842	0.9472892887	0.9471643613
	0.9471708026	0.9472769762	0.9472989228	0.9471651458	0.9471683712
	0.9471621657	0.9473046036	0.947280261	0.9473148774	0.9471585043
	0.9471661024	0.9472871125	0.9473104868	0.9471598908	0.9472839077
	0.6034503664	-8.493775608e-28	0.6186732027	6.370716545e-28	0.9325737785
	0.903350129	0.8805957632	0.951687858	0.9448208119	0.9468071479
	0.9478390407	0.9364166603	0.9470824116	0.9471353293	0.946179763
	0.9471719703	0.9471430823	0.9471756657	0.9472722439	0.9471738942
	0.9472603418	0.9472892663	0.9471809837	0.9471403999	0.9472698184
	0.9472923745	0.9471396365	0.9471807434	0.9472750505	0.9472935893
	0.947179375	0.9471402719	0.9472808967	0.947294184	0.9471773248
	0.9471419663	0.9472871467	0.9472943443	0.9471747552	0.9471445437
	0.947293572	0.9472942739	0.9471718192	0.947147436	0.9472944574
	0.94715009	0.9471688196	0.9472997261	0.9472940684	0.9471658955
	0.9471533681	0.9473055705	0.9472922135	0.9472791428	0.9471619974
	0.9471625055	0.94715579	0.9471630793	0.9473106253	0.9472939069
	0.9471583677	0.9473148612	0.9472935117	0.9471608328	0.9472745448
	0.9471638766	0.9471669852	0.9472901897	0.9471657004	0.9472764786
	0.9471705652	0.9472950852	0.9471601758	0.9473181342	0.947293205
	0.9471587958	0.947163536	0.94727965	0.9473011802	0.9471697105
	0.947162006	0.9473202702	0.9472925337	0.9471574596	0.9473208946
	0.9471566114	0.9471633295	0.9472917895	0.9472904036	0.9471647139
	0.9473200642	0.9471564269	0.9472824872	0.9471677569	0.9471606943
	0.9473070128	0.9472857103	0.9473127837	0.9473172524	0.9472884632
	0.9471661223	0.9471584154	0.9471570564	0.6034324401	-8.45998792e-28
	0.6186561963	6.363599908e-28	0.9325639716	0.9033496527	0.8805832253
	0.9517007903	0.9448254057	0.9468100896	0.9478363676	0.9364294753
	0.9471706097	0.9470837563	0.9471358727	0.9461821541	0.9471745347
	0.947273303	0.9471746664	0.9471413341	0.9471817856	0.9472588432
	0.9472907184	0.9471381949	0.9472684924	0.9472941734	0.9471371373
	0.9471815347	0.9472740359	0.9472956134	0.947180088	0.9471376685
	0.9472802993	0.9472963469	0.9471778854	0.9471394286	0.9472870262
	0.9472966427	0.947175114	0.9471420548	0.9472938538	0.9472965394
	0.9471719762	0.9471452909	0.9473005117	0.9472965607	0.9471482577
	0.947168681	0.9471515653	0.9472963786	0.9471655802	0.9473066448
	0.9471619591	0.9472930661	0.9472821456	0.9471610629	0.9472958891
	0.9471545928	0.9471624976	0.9473122641	0.9471657198	0.9472911562
	0.9472774457	0.9471628316	0.9471600292	0.9472956205	0.9471571877
	0.9473166962	0.9471577854	0.9471594629	0.9473204843	0.9472950571
	0.9472793149	0.9471641512	0.9471689929	0.9472963762	0.9472823097
	0.9473028393	0.9471684277	0.9471620083	0.9471613086	0.9473228783
	0.9472945814	0.9471562497	0.9471592442	0.947167071	0.9472848779
	0.9473088508	0.9472938763	0.9473242812	0.9471626989	0.9471550784
	0.9471639261	0.9472929409	0.9471546868	0.9473241739	0.9473225897
	0.9472917084	0.9471547948	0.9471648652	0.9471659297	0.9472876154
	0.9471570996	0.9473146326	0.9471556163	0.947289908	0.94731942
	0.603414088	-8.392813291e-28	0.6186393201	6.331368679e-28	0.9325538897
	0.9033493319	0.8805703276	0.9517137998	0.9448297402	0.9468131245
	0.947833816	0.9364419783	0.9471693184	0.9470849024	0.9471365317
	0.946184237	0.9471395788	0.9471731623	0.9472742649	0.9471755385
	0.9472571514	0.9472921622	0.9471826725	0.9471359129	0.9472670275
	0.9472960398	0.9471823929	0.947134513	0.9472729515	0.947297777
	0.947180851	0.9471348961	0.9472796823	0.9472986846	0.9471784757
	0.9471366908	0.9472869677	0.9472991235	0.9471754579	0.9471394218
	0.9472943225	0.9472991293	0.9471720793	0.9471428422	0.9473014995
	0.9471685023	0.9472989715	0.9471462902	0.9473081044	0.9472989211
	0.9471650905	0.9471495914	0.9472983272	0.9471618449	0.9471531468
	0.9473141463	0.9471611102	0.9472943671	0.9472803079	0.9471609811
	0.9471617559	0.9471644701	0.9472917152	0.9472802131	0.9472979724
	0.9471589924	0.9471558825	0.9473190662	0.9472822151	0.947162697
	0.9471673109	0.9472969724	0.947158589	0.947297306	0.9471566862
	0.9473230905	0.9471605172	0.9471548239	0.9473258943	0.9472967883
	0.9473037755	0.9472850721	0.9471605762	0.947167049	0.9471580161
	0.9472873429	0.9473099966	0.9471661914	0.9471535756	0.9471622293
	0.9473276298	0.9472960097	0.9473160355	0.9471559091	0.947289565
	0.9471654412	0.947295298	0.9471633546	0.9471528936	0.9473279656
	0.947294303	0.9471642131	0.9473271412	0.947152743	0.9471542844
	0.9473248038	0.9473211061	0.9471648655	0.9472931026	0.9472915395
	0.9471532623	0.6033951293	-8.292516831e-28	0.6186224549	6.274149984e-28
	0.9325433832	0.9033491908	0.8805569164	0.9517270292	0.9448337793
	0.9468163079	0.9478314063	0.9364542125	0.9471681253	0.9470857942
	0.9471373375	0.9461859787	0.9471714913	0.9472750777	0.9471765398
	0.9471378405	0.9472552092	0.9472935568	0.9471836706	0.9471335707
	0.9472653659	0.9472979381	0.9471317691	0.947183345	0.9472717399
	0.9473000444	0.9471816825	0.9471319632	0.9472790135	0.9473011906
	0.9471791139	0.9471337634	0.9472869144	0.9473017787	0.9471758257
	0.947136616	0.9472949133	0.947301947	0.947172136	0.9471401807
	0.947302676	0.9473017537	0.9471440523	0.9471682824	0.9473098714
	0.9473016423	0.9471645013	0.9471475799	0.9471676871	0.9473006335
	0.947501535	0.94715984	0.94731633	0.9473011933	0.9471610457
	0.947151352	0.94715455	0.9473005874	0.9471578442	0.9473218521
	0.9472914789	0.9471639835	0.947163248	0.9472920312	0.9472846461
	0.9471655246	0.9471617685	0.9472973461	0.9472999946	0.9471553614
	0.9471574142	0.9473260948	0.9472877801	0.9471594377	0.9471655151
	0.9473040717	0.9471597143	0.947299234	0.9471532488	0.9473293528
	0.9471615943	0.9473312239	0.9471519011	0.9472984708	0.947289798
	0.9471569808	0.9471649921	0.9473105296	0.9471647241	0.9471548191
	0.9473168056	0.9472916898	0.9472976525	0.9471509944	0.9473319671
	0.9471628625	0.9472933439	0.9471645642	0.9471530968	0.9473222188
	0.9471507793	0.9471638063	0.9472967417	0.947331407	0.9472958158
	0.9472946752	0.9473295766	0.9471518094	0.9471642754	0.9473265445
	0.9471510277	0.603375374	-8.159494474e-28	0.618605478	6.192169589e-28
	0.9325322901	0.9033492583	0.8805428258	0.9517406262	0.9448374786
	0.9468197	0.9478291631	0.9364662136	0.9470863688	0.9471383255
	0.9461873385	0.9471670629	0.9471361451	0.947169458	0.9472756842
	0.9471777027	0.9472529542	0.9472948549	0.9471848087	0.9471311857
	0.9472634473	0.9472998324	0.947128917	0.9471844186	0.9472703429
	0.9473023832	0.9471826099	0.9471288739	0.9472782406	0.9473038366
	0.9471798158	0.9471306471	0.9472868357	0.9473046171	0.947176234
	0.9471336301	0.9472955651	0.9473049484	0.9471721923	0.9471373425
	0.9473040092	0.9473048536	0.9471415268	0.9471679994	0.9473118825
	0.9473046366	0.9471638614	0.9471454809	0.9475472758	0.9470117431
	0.9481020055	0.9536154479	0.9473188558	0.9473043329	0.9471600792
	0.9471493267	0.9475638419	0.9471524599	0.947159371	0.9473755411
	0.947324945	0.9473035938	0.9471566187	0.947153059	0.9471537978
	0.9473029835	0.947156052	0.9473296042	0.9473089692	0.9471639255
	0.9471623968	0.9473027127	0.9472910313	0.9473043368	0.9471588273
	0.9471637643	0.9473020714	0.9471515554	0.9471587878	0.9473331829
	0.947292342	0.9473104752	0.9471635675	0.9471560762	0.9471607835
	0.9473012562	0.9471499624	0.9473353014	0.9471489781	0.9471623672
	0.9473362695	0.9473002616	0.9471538986	0.9471637133	0.94731685
	0.9472939944	0.9473226894	0.9471639199	0.9472953108	0.9471520802
	0.9471486362	0.947163352	0.9473358361	0.9472993554	0.9471640526
	0.9473276181	0.9471505908	0.9472964305	0.9471487862	0.9472983825
	0.9471638795	0.9473342994	0.947331507	0.9472974212	0.9471495005
	0.6033546116	-7.994271002e-28	0.6185882664	6.085750955e-28	0.9325204362
	0.9033495773	0.8805278779	0.9517547506	0.944840783	0.9468233693
	0.947827114	0.9364780101	0.9471661682	0.9470865539	0.9471395363
	0.9461882673	0.9471669917	0.9472760204	0.9471790638	0.9471345215
	0.9471861199	0.9472503161	0.9472960046	0.9471287784	0.9472612065
	0.9473016834	0.9471259669	0.9471856426	0.9472686994	0.9473047611
	0.9471836614	0.9471256369	0.9472773098	0.9473065944	0.947180607
	0.9471273424	0.9472866842	0.9473076233	0.947176697	0.9471304478
	0.9472962384	0.9473081369	0.94717227	0.9471343484	0.9473054668
	0.9473082026	0.9471387496	0.9471676812	0.947314079	0.9471431826
	0.9473079528	0.9471631614	1.004272512	0.972414351	0.9532718786
	0.9704134463	0.9473217248	0.9471589885	0.9473076942	0.9471472133
	0.9529559567	0.9475998354	0.9470664723	0.9481827176	0.9473283226
	0.9473070035	0.9471552678	0.9471512867	0.9475680326	0.947154231
	0.9471553622	0.9474052988	0.9471546253	0.947333587	0.9473062473
	0.947152069	0.9473053333	0.9471496691	0.9471576117	0.9473374106
	0.9473126912	0.9471591075	0.9473176169	0.9471617421	0.9471556022
	0.9472960659	0.9473105961	0.9471619453	0.94730434	0.9471598895
	0.9471478215	0.9473399123	0.947296393	0.9471532369	0.9471623416
	0.9473163306	0.9473032646	0.9471617051	0.947146773	0.9473409558
	0.9471462768	0.9473022203	0.9473407005	0.947162829	0.9472974382
	0.9471629151	0.9473224495	0.9471512942	0.9471495968	0.9473279924
	0.947163409	0.9472983579	0.9471635115	0.9471464309	0.9473011472
	0.9473391898	0.9472992443	0.9473327407	0.9473364741	0.9471636357
	0.9471470709	0.9473001891	0.9471481439	5.955313856e-28	0.6033325552
	-7.797498028e-28	0.6185706475	0.9325076307	0.9033501551	0.8805118798
	0.9517695867	0.9448436296	0.9468274041	0.9478252934	0.9364896293
	0.9471654829	0.9470862642	0.9471410187	0.9461887033	0.9471330011
	0.9471640128	0.9472760143	0.947180664	0.9472472172	0.9472969477
	0.9471876416	0.9471263709	0.9472585721	0.9473034456	0.9471229305
	0.9471870503	0.9472667412	0.947307144	0.9471848686	0.9471222588
	0.9472761629	0.9473094356	0.9471815143	0.9471238569	0.9472864138
	0.9473107797	0.9471772357	0.9471270573	0.947296885	0.9473115056
	0.9471723845	0.9471311785	0.9473070173	0.947311768	0.9471673495
	0.9471357928	0.9473164399	0.9473115889	0.9471624115	0.9471406099
	0.9473248666	0.9473112947	0.9471577978	0.9471450285	1.060709307
	1.038808971	1.006285384	1.041262208	1.005289643	0.970118886
	0.9723751192	0.9532338696	0.9473320526	0.9473107519	0.9471537574
	0.9471492719	0.952653594	0.9476159515	0.9470956699	0.9481941033
	0.947337929	0.9473098455	0.9471530903	0.9471502286	0.9474134533
	0.9475721765	0.9471524536	0.9471530075	0.9473421347	0.9471475406
	0.9473089543	0.9471562309	0.9473077838	0.9471588915	0.9471455235
	0.9473449678	0.9473192059	0.9473229138	0.947156266	0.9471598219
	0.9473161676	0.9471530232	0.9472999922	0.9471606659	0.9471608437
	0.9473066544	0.9471443068	0.9473461624	0.9472997539	0.9471507475
	0.9471615189	0.9473216054	0.9471437369	0.9473054072	0.9471622319
	0.9473460313	0.9471438593	0.9473042515	0.9473444681	0.9471630072
	0.9471623467	0.9471488079	0.9473005036	0.9473276036	0.9473331287
	0.9471629838	0.9471470691	0.9473012994	0.9473417538	0.9471444776
	0.947163218	0.9473031465	0.9473379097	0.9473021554	0.9471456099
	0.6033089754	-7.569953466e-28	0.6185524247	5.801373099e-28	0.8804945449
	0.9517853013	0.9324935937	0.9033509947	0.944845946	0.9468318656
	0.9478237514	0.9365010985	0.9471650559	0.9470854047	0.9471428403
	0.9461885761	0.9471604282	0.9472755798	0.9471825537	0.9471316208
	0.9472435694	0.9472976198	0.9471894162	0.9471239874	0.9472554638
	0.9473050684	0.9471198224	0.9471886791	0.9472643955	0.9473094952
	0.9471862642	0.9471187432	0.9472747336	0.9473123278	0.9471825692
	0.9471201965	0.9472859729	0.9473140645	0.9471778744	0.9471234605
	0.9472974614	0.9473150512	0.9471725557	0.9471278076	0.947308611
	0.9473155279	0.9471326737	0.9471670202	0.9473189613	0.9473155144
	0.9471616128	0.9471377968	0.9473282326	0.9473151922	0.947156543
	0.9471426782	1.06150026	1.062145742	1.062344434	1.058371589
	0.947336135	0.947314751	0.9471520776	0.9471471287	1.041439209
	1.060170289	1.038813884	1.00631548	1.005895128	0.9723559164
	0.9532076056	0.9701041943	0.9473426156	0.9473138497	0.9471513435
	0.9471482596	0.9482084331	0.9525598949	0.9476195944	0.947102764
	0.9473473529	0.9471452048	0.9473128632	0.9471547489	0.9475773582
	0.9471499854	0.9474207988	0.9471508941	0.9473504651	0.9473116515
	0.9471430322	0.9471577022	0.9471598634	0.9471415975	0.9473103774
	0.9473519257	0.9473273645	0.9471538084	0.9473247144	0.9471584924
	0.9471506485	0.9471597563	0.9473034017	0.9473211143	0.9471409871
	0.9471614799	0.947309009	0.9473518355	0.9473028768	0.9471608539
	0.9473265552	0.9471483056	0.9473077015	0.947141031	0.9473502735
	0.9471623674	0.9473064324	0.9471417037	0.9471627169	0.9473474386
	0.9473326984	0.9473035596	0.9471618174	0.9471462776	0.9473384468
	0.9473053358	0.9473434073	0.9471428742	0.9471624826	0.9473043704
	0.9471444252	0.6032836242	-7.312535015e-28	0.6185335313	5.62453655e-28
	0.9324781066	0.9033522949	0.8804756484	0.9518020801	0.9468368243
	0.9478225066	0.9365123812	0.9448475831	0.9470838673	0.9471450395
	0.9461878049	0.9471649533	0.947130424	0.9471561331	0.9472746222
	0.9471848013	0.9472392723	0.9472979444	0.9471914934	0.9471216534
	0.9472517899	0.9473064934	0.9471166599	0.947190574	0.9472615816
	0.9473117726	0.947187886	0.9471150956	0.9472729473	0.9473152399
	0.9471838062	0.9471163643	0.9472853039	0.947317451	0.9471786385
	0.9471196596	0.9472979248	0.9473187632	0.9471728037	0.9471242233
	0.9473102031	0.9473194776	0.9471293799	0.9471667177	0.9473216083
	0.9473196834	0.9471607736	0.9471347868	0.9473318157	0.9473194269
	0.9471552177	0.9471401093	1.062585388	1.06257441	1.062527341
	1.062454623	0.9473405435	0.9473189969	0.9471502741	0.9471448868
	1.061678712	1.062161393	1.06240224	1.058373557	0.9473476609
	0.9473182102	0.9471493757	0.9471461084	1.059786575	1.038819224
	1.041457749	1.006324526	0.9701024624	1.006098902	0.9723487162
	0.953197357	0.9473530233	0.9473171161	0.9471427119	0.9471531789
	0.9525116927	0.9482173781	0.9476209352	0.9471054892	0.9473158981
	0.9473564516	0.9471402953	0.9471563141	0.9471492927	0.9475814109
	0.9471478027	0.9474269141	0.947358216	0.9473144703	0.9471386826
	0.9471587851	0.9471605425	0.9473130163	0.9471379761	0.9473581693
	0.9473296356	0.9473311923	0.9471515344	0.9471574203	0.9473258703
	0.9473066502	0.947148293	0.9471589338	0.9471379719	0.947161619
	0.9473566291	0.9473115261	0.9473060671	0.9471601636	0.9473315639
	0.9471457836	0.9471386835	0.9471620573	0.9473101215	0.9473536055
	0.9471618732	0.9473493808	0.9471399095	0.9473088516	0.9471435862
	0.9471612156	0.947306826	0.9473380258	0.9473077431	0.9471416011
	0.9473441001	0.6032559297	-7.026257287e-28	0.6185136412	5.425501818e-28
	0.9324609678	0.9033540158	0.8804549918	0.951820333	0.9448484723
	0.9468425567	0.9478215767	0.9365235378	0.9470814603	0.9471476616
	0.9461862308	0.9471652117	0.9471510073	0.9472730337	0.9471874486
	0.9471294712	0.9471939418	0.9472342131	0.9472978371	0.9471194014
	0.9472474439	0.9473076555	0.9471134599	0.9471927859	0.9472582095
	0.9473139265	0.9471897767	0.9471113234	0.9472707233	0.9473181371
	0.9471852643	0.9471123596	0.9472843373	0.947320908	0.9471795625
	0.9471156605	0.9472982257	0.9473226278	0.9471731492	0.9471204186
	0.9473117533	0.9473236199	0.9471258925	0.9471664586	0.9473243456
	0.9471316024	0.94732407	0.9471599133	0.9473355997	0.9473239742
	0.9471373103	0.9471538176	0.9473452543	0.9473235508	0.9471483665
	0.9471425281	1.062621901	1.062612879	1.062486975	1.062487825
	1.06255515	1.06257651	1.062527974	1.062489716	0.9473530941
	0.9473228706	0.9471437743	0.9471472347	1.058397607	1.062204078
	1.062433668	1.06176034	0.9473590942	0.947321749	0.947140042
	0.9471514547	1.041461808	1.059653711	1.006328119	1.038820691
	0.9700997349	0.9531917991	1.006201378	0.972344514	0.9473629863
	0.9473204923	0.9471548026	0.9471373211	0.952482698	0.9482236449
	0.9471068857	0.9476213583	0.9473649891	0.9473189681	0.9471355549
	0.9471575558	0.947432203	0.9471457273	0.9471479418	0.9475849202
	0.9473650978	0.9473174106	0.9471594668	0.9471346882	0.9471607284
	0.947363513	0.9473157623	0.9471346759	0.9473343635	0.9473348268
	0.9471563895	0.9471492435	0.9471580548	0.94733074	0.9473100345
	0.9471458165	0.9471353881	0.9473142176	0.9473603462	0.9471612373
	0.9471431003	0.947159376	0.9473095235	0.9473368327	0.9473558576
	0.9471367139	0.9471611387	0.94731276	0.9473115068	0.9473502145
	0.9473437478	0.9471406871	0.9471604635	0.9471385327	0.9473104174
	0.603225514	-6.712251505e-28	0.6184923984	5.205054023e-28	0.9324415768
	0.9033561431	0.880431965	0.951840282	0.9448485817	0.9468491262
	0.9478211758	0.9365346869	0.9470780664	0.9471509537	0.9461837686
	0.9471658709	0.9471287894	0.9471448492	0.9472706254	0.947190541
	0.9471172796	0.9472282639	0.9472971998	0.9471968038	0.9472423078
	0.9473084815	0.9471953865	0.9471102418	0.9472541702	0.9473158985
	0.9471919904	0.947107438	0.9472679725	0.9473209834	0.9471869829
	0.9471081793	0.9472829956	0.9473244055	0.9471806831	0.9471114637
	0.9472983103	0.94732662	0.9471736181	0.9471163914	0.9473132191
	0.947166265	0.9473279507	0.9471221944	0.9473271325	0.9473286701
	0.9471590516	0.94712825	0.9473395671	0.9473288045	0.9471523446
	0.9471343013	0.9473502464	0.9473284441	0.9471463497	0.9471399881
	1.062625945	1.062614779	1.06248435	1.062484296	0.947358932
	0.9473278234	0.9471449956	0.9471412722	1.062620766	1.062616409
	1.06248642	1.062487662	1.062561985	1.062584816	1.062525526
	1.062491771	0.9473655724	0.9473267628	0.947137186	0.9471495236
	1.061785433	1.062222484	1.062446585	1.058405046	0.947370033
	0.9471532056	0.9473254329	0.9471341148	1.041463754	1.059585421
	1.038822116	1.006329984	0.9700977509	0.9723419681	0.9531882532
	1.006262667	0.947372307	0.947132171	0.9471561482	0.9473238914
	0.9524634203	0.9476211843	0.9471075306	0.9482287497	0.9473725998
	0.9473221767	0.9471582858	0.9471311519	0.9474371842	0.9475883601
	0.9471435772	0.947146616	0.9471596707	0.9473709674	0.9473204389
	0.9471311073	0.9473676714	0.9471602856	0.9473187167	0.9471318228
	0.947338592	0.9471552685	0.9473392084	0.947146819	0.947313722
	0.9471570363	0.9473359177	0.9471431556	0.947362881	0.9473171129
	0.9471332521	0.9471602338	0.9473133574	0.9471584413	0.9471401889
	0.9473425038	0.9471595571	0.9471352014	0.9473568659	0.9473156762
	0.9471375629	0.9473499286	0.9473144154	0.6031917473	-6.371756267e-28
	0.6184695436	4.964063565e-28	0.9324195864	0.9033588797	0.8804062159
	0.9518622277	0.9448475137	0.94685665	0.9478212909	0.936545618
	0.9470735935	0.9471549483	0.9461803644	0.9471671712	0.9471284088
	0.9471375237	0.9472672818	0.9471943287	0.9472212109	0.9472958589
	0.9472001255	0.9471153025	0.947198415	0.9471070371	0.9472362506
	0.9473088901	0.9472493429	0.9473176257	0.9471946002	0.9471034501
	0.947103824	0.9472645923	0.9473237275	0.9471890147	0.9472811885
	0.9473279133	0.9471820448	0.9471070669	0.9472981104	0.947330714
	0.9471742411	0.9471121457	0.9473145576	0.9473324656	0.947118268
	0.9471661513	0.9473299338	0.9473334829	0.9471582067	0.947124715
	0.9473436939	0.9473338893	0.9471508155	0.9471311151	0.9473555072
	0.9471372365	0.9473336814	0.9471442239	1.062628522	1.062615412
	1.062485533	1.062484929	0.9473651526	0.9473330991	0.9471426513
	0.9471386065	1.062628971	1.062618337	1.062484027	1.062482089
	0.9473725111	0.9471474276	0.9473321401	0.947134111	1.062618038
	1.062487606	1.06248752	1.062621653	1.062565962	1.062588341
	1.06252454	1.06249235	0.947377565	0.9473307541	0.9471307051
	0.947151471	1.061796225	1.062454251	1.058408967	1.062230586
	0.9473801982	0.9471285008	0.9471546109	0.947329193	1.038823753
	1.059542849	1.041463533	1.006331517	0.970096183	0.9723402105
	1.006303383	0.9531856428	0.9473273807	0.9473806727	0.9471273679
	0.947156977	0.9471075923	0.9482334506	0.9524499374	0.9476205092
	0.9473790321	0.9473255276	0.947127235	0.9471584601	0.9471451827
	0.9471412524	0.9474422289	0.9475920212	0.947375592	0.9471591944
	0.9471279892	0.9473236552	0.9471591592	0.9471295034	0.9473219017
	0.947370488	0.947153993	0.9473443534	0.9473426637	0.9471441959
	0.9473414964	0.947140277	0.9473178084	0.9471558461	0.9471316057
	0.9471584921	0.9473640775	0.9473202931	0.947318861	0.9471370355
	0.9473486587	0.9473566238	0.947317613	0.9471341686	0.9471573209
	0.6031539103	-6.006115828e-28	0.6184445182	4.703481429e-28	0.9323944049
	0.9033622138	0.8803771406	0.9518867695	0.9448451706	0.9468654967
	0.9478219392	0.936556455	0.9470675733	0.9471597201	0.946175598
	0.9471691294	0.9471285579	0.9471289187	0.9472629116	0.9471988473
	0.9472129066	0.9472937148	0.9472041602	0.9471134822	0.9472290537
	0.9473087202	0.947201922	0.9471038462	0.9473190439	0.9471976473
	0.9470993795	0.9472435898	0.9472604655	0.9473263176	0.9471914275
	0.9470992978	0.9472788195	0.9473313963	0.9471836927	0.9471024577
	0.9472975471	0.9473348758	0.9471750619	0.9471076846	0.9473157182
	0.9473371468	0.9471141081	0.9471661442	0.9473327076	0.947338517
	0.9471573958	0.9471209791	0.9473479509	0.9473392236	0.9471492372
	0.9471277633	0.9473610353	0.9473392452	0.9471419825	0.9471342785
	1.062632571	1.062615935	1.062485667	1.062484674	0.947371745
	0.9471357889	0.9473387286	0.9471401557	1.062632316	1.062619504
	1.062484188	1.062481959	0.9473799248	0.9473378554	0.9471308158
	0.9471452189	1.062629227	1.062620021	1.062485278	1.062482039
	0.9473855962	0.9471270653	0.9471495779	0.9473365006	1.062621511
	1.062618559	1.062488605	1.06248728	1.062566276	1.062589019
	1.062524699	1.062493167	0.9473886762	0.9473348747	0.9471245576
	0.9471529565	1.061801199	1.062459891	1.062234106	1.058411673
	0.9473893317	0.947333018	0.9471555143	0.9471232869	1.006332782
	1.041462202	1.059513234	1.038825414	0.9531834366	0.9700951047
	0.9723387751	1.006332619	0.9473877425	0.9471571349	0.9473310429
	0.9471230802	0.9524403247	0.9476193901	0.947107163	0.9482381548
	0.9473841045	0.947329048	0.9471238624	0.9471579421	0.9471435838
	0.9475960375	0.947447522	0.9471387192	0.9471254489	0.9473271483
	0.9471579287	0.9473787249	0.9471277274	0.9473253707	0.9473718611
	0.9471572461	0.9473499	0.9473471233	0.9471525157	0.9471413451
	0.947137145	0.9473475453	0.9473223496	0.9471544684	0.9471304979
	0.9471560136	0.9473638862	0.9473237703	0.9473553157	0.9473223306
	0.9471336267	0.603111067	-5.616772843e-28	0.618416714	4.424336186e-28
	0.9323653759	0.9033662607	0.8803440678	0.9519144084	0.9448412708
	0.9468758795	0.9478233645	0.936567195	0.9470598198	0.9471655869
	0.9461693338	0.9471718001	0.9471185419	0.9472570516	0.9472041745
	0.9471292407	0.9472032281	0.9472907007	0.9472089392	0.9471120233
	0.9472205638	0.9473078903	0.9472061626	0.947100663	0.9472366931
	0.9473200069	0.9472011835	0.9470952066	0.9473286943	0.947194271
	0.9470946183	0.9472554526	0.9470976301	0.9472757786	0.9473348164
	0.9471856903	0.9471030023	0.9472965237	0.9473390817	0.9471761224
	0.9473166446	0.947341971	0.9471097118	0.947166266	0.9473354206
	0.9473437713	0.9471566373	0.9471170182	0.9473523059	0.9473448022
	0.9471476349	0.9471242454	0.9473668139	0.9473451179	0.9471396314
	0.9471311435	1.062636014	1.062618067	1.062485196	1.062485784
	0.9473787041	0.9471328046	0.9473447426	0.9471374749	1.062635587
	1.062620599	1.062484219	1.062481591	0.9473878239	0.9473439277
	0.9471272955	0.9471429	1.062620924	1.062484977	1.06248113
	1.0626329	0.9473941638	0.947342651	0.9471475255	0.9471231662
	1.062628381	1.062620461	1.062486898	1.062482136	0.9473977444
	0.9471203584	0.947151201	0.9473409749	1.062619704	1.062490057
	1.062617318	1.062487143	1.06258831	1.062564828	1.062525446
	1.06249415	0.947398612	0.9473390859	0.9471188983	0.947153898
	1.06180337	1.058413704	1.062464307	1.062235651	0.947337009
	0.947397082	0.9471186085	0.9471556866	1.038826954	1.006333753
	1.059491292	1.041460463	0.9531813763	0.9700945774	1.006354933
	0.9723374595	0.9473932855	0.9473349127	0.9471194138	0.9471565272
	0.9524334562	0.9471063045	0.9482430628	0.9476178807	0.9471211021
	0.9473328471	0.9471565477	0.9473875831	0.9471417845	0.947453168
	0.9476004789	0.9471359418	0.947380256	0.947330941	0.9471235457
	0.9471558171	0.947371723	0.9471265349	0.9471545155	0.9473291607
	0.9473520284	0.9471508309	0.9471382567	0.9473558889	0.9473540998
	0.9471299361	0.9473275437	0.9473625214	0.9471337541	0.947327359
	0.947152874	0.6030621289	-5.205263863e-28	0.6183851601	4.12772962e-28
	0.9323317277	0.9033709543	0.8803061807	0.9519459228	0.9448355604
	0.9468882048	0.9478256122	0.9365779411	0.9470499361	0.9471726994
	0.94616124	0.9471754743	0.9471304937	0.9471061674	0.94724952
	0.947210636	0.9471916689	0.9472863778	0.9472145414	0.947110905
	0.9472106481	0.9473063627	0.9472111689	0.9470976707	0.9472285009
	0.9473204559	0.9472054576	0.947090906	0.9470897532	0.9472493361
	0.9473307312	0.9471975935	0.9471880817	0.9473381188	0.947092592
	0.9472719433	0.9471774919	0.947098087	0.947294936	0.947343302
	0.9473172525	0.9473469076	0.947166561	0.9471050894	0.9471128164
	0.9473380303	0.9473492501	0.9471559386	0.9473567311	0.9473506423
	0.947146012	0.9471205396	1.062639488	1.062620112	1.062485419
	1.062485866	0.9473728348	0.9473512831	0.9471371749	0.947127845
	0.9473860354	0.9473511299	0.9471346045	0.9471296574	1.062639571
	1.062622214	1.062483774	1.062481279	0.9473962022	0.9473503912
	0.9471235624	0.9471404589	1.062636087	1.062622178	1.062484586
	1.062480445	0.9474032957	0.947349206	0.9471189843	0.9471453441
	1.06263189	1.06262105	1.062486909	1.06248099	0.9474074114
	0.9471493035	0.9473475314	0.9471158643	1.062625916	1.062619057
	1.062488733	1.062482371	0.9471141878	0.947152167	0.9474085728
	0.9473455905	1.062491698	1.062615404	1.062616804	1.062487182
	1.062562725	1.062494975	1.062587174	1.062526381	0.9474070681
	0.947343437	0.9471138317	0.9471540806	1.062236448	1.062467853
	1.058415221	1.061804257	0.9473412416	0.9474031393	0.9471549843
	0.9471146241	1.03882834	1.041458682	1.006334439	1.059474356
	1.006372781	0.9723361696	0.9531793441	0.9700945553	0.9473970974
	0.9473390631	0.9471164321	0.9471549957	0.9482482625	0.9476160234
	0.9471050641	0.9524286367	0.9471190349	0.9473369958	0.9473892917
	0.9471542004	0.9474592273	0.9471329201	0.9471397588	0.9476053713
	0.9471528187	0.9473350579	0.947380167	0.9471222777	0.9471259605
	0.9473702861	0.9471510653	0.9473332567	0.9471349	0.9471489198
	0.9473574092	0.9473623606	0.9471300868	0.9473328833	0.9473611839
	0.6030058224	-4.773212245e-28	0.6183484805	3.814832722e-28	0.9322927614
	0.9033760784	0.8802626787	0.9519821277	0.9448278116	0.9469027908
	0.9478288627	0.936588927	0.9470375243	0.9471813788	0.9461509979
	0.9471802577	0.9471325829	0.9470913537	0.9472399254	0.9472183888
	0.9471779842	0.9472805933	0.9472212966	0.9471101341	0.947198794
	0.9473037279	0.9472170228	0.9470948168	0.9472188762	0.9473203721
	0.9472105079	0.9470866454	0.9472419655	0.9473323959	0.9472016389
	0.9470846588	0.9472671024	0.947341191	0.9471909074	0.9470873128
	0.9473475087	0.9471791927	0.9470929265	0.9472926804	0.9471670953
	0.9473519257	0.9471002378	0.9473174522	0.9473404868	0.9473549228
	0.9471553356	0.9471083713	0.9473611907	0.9473567567	0.9471443912
	0.947116627	0.9473790718	0.9471243948	0.9473577511	0.9471346168
	1.062644771	1.062623037	1.062484372	1.062485904	1.062643182
	1.0626246	1.062483321	1.062481059	0.9473937433	0.9473578948
	0.9471315541	0.9471263207	0.947405077	0.9473572775	0.9471195962
	0.9471378549	1.062639642	1.062623545	1.062483831	1.062479506
	0.9474130265	0.9473561623	0.9471145237	0.9471430544	1.062634933
	1.062622055	1.062486577	1.062480412	0.9474177042	0.9471472597
	0.9473545448	0.9471110699	1.062628873	1.062489157	1.062619506
	1.062481283	0.947419212	0.9473525644	0.9471091465	0.9471503324
	1.062482486	1.062622529	1.062616786	1.062490679	0.9471086924
	0.9474177583	0.9473503697	0.9471523256	1.062613592	1.062613719
	1.062493239	1.06248716	1.062527264	1.062495515	1.062586178
	1.062560579	0.9473480545	0.9471094908	0.9471532832	0.9474136934
	1.058416352	1.062237045	1.06180457	1.062470739	0.9473457761
	0.94711141	0.9471532745	0.9474072981	1.0063349	1.041456973
	1.059460853	1.038829577	0.9531772601	0.9723348423	0.9700950006
	1.006387599	0.9473989958	0.9471142114	0.9473435749	0.947152412
	0.9482538203	0.9471034717	0.9524254216	0.947613833	0.9473414851
	0.9471509079	0.9473892205	0.9471176941	0.9476107468	0.9474657246
	0.9471374996	0.9471296367	0.9473786565	0.947149028	0.9471216692
	0.9473395087	0.9473688154	0.9473632946	0.9473389228	0.9471312799
	0.947369345	0.947146768	0.9471261362	0.6029409412	-4.322322014e-28
	0.6183044504	3.486881031e-28	0.9322480927	0.9033808726	0.8802129451
	0.9520239939	0.9448180958	0.946919924	0.947833122	0.9366008326
	0.9470221718	0.9471918235	0.946138294	0.9471864057	0.9471355849
	0.9470736409	0.9472278765	0.9472277644	0.9471617092	0.9472730005
	0.9472293623	0.9471099366	0.9471847531	0.9472998701	0.9472240531
	0.9470920705	0.9472073005	0.9473193744	0.947216421	0.9470823486
	0.947233214	0.9473336872	0.9472064431	0.9470794809	0.9472611055
	0.9473440131	0.9471944191	0.9470817476	0.9472895676	0.947351602
	0.9471812525	0.9470874838	0.9473570233	0.9470951497	0.9471678819
	0.947317143	0.9473607691	0.9471548623	0.9471036871	0.9473427312
	0.9471124738	0.9473656642	0.9473631491	0.9471427823	0.9471207836
	0.9473855094	0.9473645192	0.9471319854	1.062648886	1.062627502
	1.062484027	1.062486264	0.9474018235	0.9471228116	0.9473650175
	0.9471283526	1.062647763	1.062626993	1.062482647	1.062480391
	1.06262549	1.062482623	1.062478674	1.062643423	0.9471350827
	0.9474144502	0.9473646115	0.947115385	0.9474233697	0.9473635742
	0.9471406493	0.947109753	1.062637982	1.062623285	1.062486121
	1.062479802	0.9471059225	0.9474286795	0.9473620288	0.947145074
	1.062480675	1.062631613	1.062620027	1.062489194	0.9473600265
	0.9474305637	0.9471037647	0.9471483614	1.062481463	1.062625024
	1.062617092	1.062491264	0.9471031932	0.9471504445	0.9474291945
	0.9473577908	1.062614826	1.062619091	1.062492385	1.062482349
	0.9474249679	0.9473554029	0.9471514405	0.9471040053	1.062612279
	1.062494567	1.062486964	1.062610889	1.062585499	1.062528074
	1.062558613	1.062495778	0.9473530219	0.9474182136	0.9471513705
	0.9471060108	1.062473138	1.061804625	1.062237598	1.058417167
	0.9471504268	0.947109013	0.9473506991	0.9474093867	1.038830661
	1.006335151	1.059449824	1.041455418	0.970095855	1.006400296
	0.9723334778	0.953175094	0.9473484619	0.9473989533	0.9471487792
	0.9471127814	0.948259763	0.9524234825	0.9476113404	0.9471015374
	0.947146763	0.9473876237	0.9471170784	0.9473462979	0.9476166282
	0.9471349846	0.9471260795	0.9474727103	0.9471443682	0.9473455284
	0.9471218815	0.9473770212	0.9473697113	0.9473768579	0.9471273658
	0.6028667736	-3.854370579e-28	0.6182493486	3.145170204e-28	0.9321984497
	0.9033834717	0.8801572268	0.9520723969	0.9448071784	0.9469394955
	0.9478382249	0.9366152404	0.9470037041	0.9472041435	0.9461230902
	0.9471940219	0.9470525277	0.9472129684	0.9472389803	0.9471397176
	0.9471423607	0.9472632638	0.9472390706	0.9471103339	0.9471680529
	0.9472944891	0.9472324212	0.9470896183	0.9471935245	0.9473173933
	0.9472235211	0.9470779475	0.9472225723	0.9473342475	0.9472120876
	0.9470741265	0.9472538367	0.9473466129	0.9471986439	0.9470760217
	0.9472854691	0.9473555593	0.9471839207	0.9470817174	0.9473161541
	0.9471689441	0.9473621192	0.9470897709	0.9473667758	0.9471545373
	0.9470987873	0.9473446768	0.9473698323	0.9471411911	0.9471080693
	0.9473701229	0.9471292685	0.9471169799	0.9473921338	0.9473716285
	0.9474102879	0.9473724978	0.947119119	0.9471250049	1.062654451
	1.062631112	1.062483942	1.062484712	1.062652889	1.06263082
	1.062481237	1.062479916	0.9471321394	0.9474243522	0.9473723781
	0.9471109284	1.062647251	1.062627782	1.062481398	1.062477757
	1.062641455	1.062624605	1.062485339	1.062479074	0.9474343447
	0.9473714561	0.9471046921	0.9471381135	0.9474403641	0.9473699962
	0.9471004197	0.9471427827	1.062634345	1.062480356	1.062620892
	1.062488871	0.9474426508	0.9471462479	0.9473680308	0.947097993
	1.062617408	1.062491491	1.062480858	1.062627264	0.9474414174
	0.9473657494	0.9470972802	0.9471484265	1.062615037	1.062621303
	1.06248127	1.062493081	0.9470981186	0.9474370243	0.9473632987
	0.9471494266	1.062613518	1.062616067	1.062481927	1.062493856
	0.9473608115	0.947429897	0.9471002492	0.9471493061	1.062495678
	1.062611454	1.062608476	1.062486534	1.062528757	1.062585174
	1.062495829	1.062556882	0.9471482328	0.9473583845	0.9474204807
	0.9471034622	1.062475184	1.061804525	1.058417746	1.062238192
	0.9473560218	0.9471074935	0.9474093587	0.9471464381	1.03883166
	1.006335244	1.041453973	1.059440592	0.9700970718	0.9723320195
	1.006411431	0.9531728068	0.9473972452	0.9471442405	0.947353693
	0.9471121389	0.9470992767	0.9482661307	0.9476085364	0.9524226447
	0.9471173098	0.9471417022	0.9473858276	0.9473526928	0.9474801885
	0.9473849305	0.9471322106	0.947122245	0.9473766841	0.94712317
	0.9476230328	0.6027844245	-3.371206167e-28	0.6181765934	2.791052299e-28
	0.9321470556	0.903379699	0.8800978417	0.9521278144	0.9447975682
	0.9469605074	0.947843388	0.9366357942	0.9469825562	0.9472179618
	0.9461060063	0.9472030742	0.9471450295	0.947027727	0.9471950406
	0.9472521733	0.9471194102	0.9472510457	0.9472506438	0.9471114753
	0.9471481992	0.947287313	0.9472424665	0.9470874275	0.9471770831
	0.9473141771	0.9472319651	0.9470735833	0.9470685101	0.9472097939
	0.947334044	0.9472188977	0.9472448111	0.9472036427	0.9473486661
	0.947070017	0.9472802805	0.9473594275	0.9471872181	0.9470757614
	0.9473143975	0.9473672129	0.9471705012	0.9470840388	0.9473461638
	0.9473728667	0.9471543871	0.9470936298	0.9473767809	0.9471396222
	0.9471034368	0.9473745266	0.9473791155	0.9471264807	0.9471129562
	0.947398932	0.9473803693	0.9471215192	0.9471152309	0.9474191302
	1.062662212	1.062636977	1.062481436	1.062484627	0.9474348091
	0.9473806055	0.9471061767	0.9471290382	1.062657657	1.062635178
	1.062480207	1.062479043	1.062651863	1.062630222	1.062479811
	1.062476555	0.9474459949	0.9473798523	0.9470992943	0.9471354139
	1.062645131	1.062626396	1.062484112	1.062478511	1.062480101
	1.062637173	1.062621941	1.062488386	0.9474528152	0.9471403741
	0.9473784601	0.9470945501	0.9471439978	0.9474555316	0.9473765575
	0.9470918405	1.062617797	1.062491402	1.062480566	1.062629615
	0.9471462828	0.9470909743	0.9474544444	0.9473742656	1.062493372
	1.062623316	1.062615253	1.0624806	0.9470917964	0.9473717857
	0.9474498914	0.9471472567	1.062613785	1.062494502	1.062480651
	1.062618222	0.9474423727	0.9473692161	0.9470940495	0.9471470574
	1.062612924	1.062495033	1.062481302	1.062613527	0.9473666767
	0.947432358	0.9470974972	0.9471458218	1.062611056	1.062485938
	1.062606364	1.062496687	1.062585072	1.062495673	1.062555367
	1.06252938	0.9473641648	0.9474204782	0.9471018523	0.9471438473
	1.062238847	1.058418147	1.061804375	1.062476925	0.9471414725
	0.9473616819	0.9471068544	0.9474075261	1.059432744	1.041452658
	1.00633519	1.038832528	1.006421444	0.9723304956	0.9531703813
	0.9700986488	0.9473952577	0.9473604848	0.9471124157	0.9471387682
	0.9524227146	0.9476054477	0.9470966839	0.948272937	0.9471291481
	0.9473842504	0.947118644	0.9473935757	0.9474882173	0.9471181058
	0.9476299948	0.6027024444	-2.874807742e-28	0.6180752183	2.425948966e-28
	0.9321025108	0.9033625813	0.8800419216	0.9521896693	0.9447952555
	0.9469801042	0.9478465884	0.936670145	0.9469607847	0.9472318665
	0.9460893456	0.9472129621	0.9471514069	0.9469995244	0.9471745491
	0.9472670018	0.9470925352	0.9472362786	0.9472642313	0.9471133212
	0.9471246603	0.9472780922	0.947254414	0.9470855687	0.947157489
	0.9473095105	0.9472420944	0.9470691759	0.9471944238	0.9473328791
	0.9472270228	0.9470627354	0.9472338128	0.9473501637	0.9472097289
	0.9470636333	0.9472735337	0.9473629194	0.9471911941	0.9470694862
	0.9473118119	0.9471725504	0.947372359	0.9470780948	0.9473471246
	0.9473790846	0.9471546096	0.9470881377	0.9473787519	0.9473839091
	0.9471380802	0.9470985651	0.9473869917	0.9471235972	0.9471086946
	0.9474059067	0.9473886571	0.9471178794	0.9471111769	0.9474283522
	1.062667158	1.062644645	1.062481476	1.062484224	0.9473892923
	0.9471011269	0.9471258076	0.9474458406	1.062664636	1.062639229
	1.062478639	1.062477435	0.9471325548	0.9474583537	0.9473888063
	0.9470935221	1.062633666	1.062477585	1.062475469	1.062656766
	1.062648875	1.062628457	1.062482854	1.062477985	0.9471378368
	0.9474660734	0.9473875027	0.9470882532	1.062479851	1.062640355
	1.06262299	1.062487684	1.062480499	1.062632148	1.062618376
	1.062490947	0.9473856587	0.9471416106	0.947469276	0.9470852299
	0.9471439777	0.9473833683	0.9474683421	0.9470842325	1.062625476
	1.062615575	1.062493206	1.062480276	0.9473808492	0.9470850552
	0.9471449287	0.9474636345	1.062614137	1.062479954	1.062494782
	1.062620136	0.9473782313	0.9470874444	0.9474556754	0.9471446222
	1.062495766	1.062613268	1.06247974	1.062615684	0.947143211
	0.9473756119	0.9470911115	0.9474450263	1.062612723	1.062480422
	1.06261144	1.062496065	0.9474323473	0.9470957864	0.947372986
	0.9471410083	1.062611023	1.062485195	1.062604553	1.062497505
	1.062585241	1.062529919	1.062495392	1.062553999	0.9473703197
	0.9471384068	0.9474185132	0.9471011719	1.061804163	1.05841839
	1.06247848	1.062239547	0.9474053453	0.9471355417	0.9471071625
	0.9473689007	1.059425941	1.041451438	1.006335014	1.03883336
	0.9723288511	0.9701005222	0.9531677983	1.006430574	0.9474028402
	0.9471138202	0.9471257972	0.9473924315	0.9476375264	0.9476020462
	0.9482802201	0.9524236404	0.9474967871	0.9470937651	0.9471136699
	0.602692304	-2.367791543e-28	0.6179461315	2.051499823e-28	0.932087593
	0.9033500485	0.8800093559	0.9522571911	0.9448131401	0.9469939158
	0.9478434155	0.9367336576	0.9469437714	0.9472423538	0.9460787663
	0.9472219098	0.947158131	0.946969765	0.9471535945	0.9472820965
	0.9470619867	0.9472195605	0.9472795069	0.9471156296	0.9470971261
	0.9472668721	0.9472684162	0.9470838997	0.9471342165	0.9473032299
	0.9472541373	0.9470647352	0.9471760056	0.9473306033	0.9472367848
	0.9470566697	0.9472204085	0.9473509445	0.9472170457	0.9470569665
	0.9472650567	0.9473660684	0.9471961316	0.9470627608	0.9473079571
	0.9473772758	0.9470718328	0.9471751363	0.9473475518	0.9473855217
	0.9471551645	0.9470824232	0.9473827481	0.9473912642	0.947136763
	0.9470934159	0.947412996	0.9473951963	0.9471205727	0.9471041695
	0.9473974214	0.9471140538	0.9471069161	0.9474379728	0.9473984459
	0.9470957855	0.9471224599	0.947457476	1.062675275	1.062650112
	1.062481403	1.062480238	1.062671779	1.062646072	1.062475677
	1.062476492	0.9473983133	0.9470873643	0.9471295424	0.9474714689
	1.062637388	1.062475568	1.062474124	1.062661652	0.9470815212
	0.9471351575	0.947480189	0.9473971585	1.062653204	1.062630531
	1.062481406	1.062477288	1.062643805	1.062624329	1.062486522
	1.062479769	0.9470781315	0.9471391049	0.9474839404	0.9473953845
	1.062480641	1.062490207	1.062634804	1.062619178	1.062615959
	1.062492826	1.062480306	1.06262778	0.9470769799	0.9471415161
	0.9474831659	0.9473931337	0.9470778071	0.9471424282	0.9473905796
	0.9474783062	1.062614401	1.062494676	1.062622339	1.062479482
	0.9473879036	0.9471419716	0.9474698828	0.9470803612	1.062478836
	1.062495873	1.062613742	1.06261782	0.9473851897	0.9474585471
	0.9471403637	0.9470843081	1.062478659	1.062613411	1.062496699
	1.062613644	0.9474450051	0.9471379153	0.9470893365	0.9473824575
	1.06247943	1.062609563	1.062496999	1.06261294	0.9473796415
	0.9471350706	0.9470951199	0.947430225	1.062498327	1.062484312
	1.062602929	1.062611193	1.0625304	1.062494954	1.062552802
	1.062585546	0.9473780093	0.947101526	0.9471319942	0.9474161001
	1.06247981	1.058418538	1.061803955	1.062240349	0.9474012871
	0.9471086049	0.9474127461	0.9471221295	1.006334734	1.059419971
	1.041450293	1.038834083	0.9531650445	0.9701027275	1.006439072
	0.9723271365	0.9524252747	0.9475983639	0.9475059726	0.9476456773
	0.9470905014	0.9482879879	0.9471089031	0.6032964365	-1.855148956e-28
	0.617998516	1.670218281e-28	0.9322211552	0.9036784996	0.8801035192
	0.9523604986	0.944882593	0.9470255473	0.9478270071	0.9368601458
	0.9469439091	0.9472437296	0.9460866504	0.9472257858	0.9469435038
	0.9471377157	0.9472939402	0.9471632336	0.9470296042	0.9472032207
	0.947295105	0.9471174824	0.9470658801	0.9472544147	0.9472841547
	0.9470820453	0.9471069864	0.9472955111	0.9472682359	0.947060022
	0.9471540587	0.9473271285	0.9472483934	0.9470502722	0.947204175
	0.9473509308	0.947225894	0.9470498533	0.9472544794	0.9473687449
	0.9470556655	0.9472021375	0.9473026876	0.9471785274	0.9473820386
	0.9470651249	0.9473470761	0.9473919021	0.9471560553	0.9470763773
	0.9473865284	0.9473989778	0.9471356219	0.9470881001	0.9474202111
	0.947403756	0.9471175782	0.9470993741	0.9474479696	0.9474066635
	0.9471023777	0.9471099719	1.062686386	1.062659581	1.062476714
	1.062480032	0.9474081283	0.947090103	0.9471190018	0.947469753
	0.9474083929	0.9470807877	0.9471263973	0.9474853985	1.062677904
	1.062653101	1.06247383	1.062474589	1.062667862	1.062641047
	1.062473129	1.062472325	0.9474074612	0.9470743187	0.9471323163
	0.9474952243	1.062657812	1.06263323	1.062479367	1.062476719
	0.9474057644	0.9471364661	0.9470705299	0.9474995966	1.062479914
	1.062647234	1.062625973	1.062485238	1.062480882	1.062637681
	1.062619909	1.062489417	0.9471389028	0.9470692054	0.9474989945
	0.9474035739	1.062616344	1.062480465	1.06249211	1.062630443
	1.062493971	1.062624892	1.062614847	1.062479426	0.9471397529
	0.9474010241	0.9474939615	0.9470700356	0.9473983122	0.947072743
	0.9474850479	0.9471391177	1.062614376	1.062478419	1.062495565
	1.062620113	0.947137264	0.9474729681	0.9473955199	0.9470769887
	1.062614022	1.06247755	1.062496904	1.062615867	0.9471345309
	0.947458512	0.9470824133	0.9473926583	1.062497678	1.06261376
	1.062477326	1.062611937	0.9471314194	0.947442716	0.9473896628
	0.9470886644	1.062478242	1.062608	1.062497785	1.062613383
	0.947427574	0.9471281293	0.9470955484	0.947387796	1.062611676
	1.062483346	1.062498961	1.062601479	1.06255168	1.062494438
	1.062586069	1.062530834	0.9471181253	0.9474108058	0.9474232984
	0.9471030702	1.061803702	1.062241168	1.062481064	1.058418583
	0.9470868965	0.9475157714	0.9476544744	0.9471037803	1.041449201
	1.006334365	1.038834823	1.059414629	0.9531621037	0.9701051842
	0.9524276525	0.94759435	0.9482962948	1.00644704	0.9723252698
	0.6067751419	-1.34420543e-28	0.6196739629	1.286285866e-28	0.9333390705
	0.9064912739	0.8810669435	0.9528646654	0.9451544106	0.9474210666
	0.9478156673	0.9371935445	0.9469945747	0.9472547942	0.9461444181
	0.9472176555	0.947162196	0.9469326581	0.9471399893	0.9472964368
	0.9470005433	0.9471931949	0.9473074557	0.9471166001	0.9470328456
	0.9472433078	0.9473002623	0.9470788895	0.9470761621	0.947287295
	0.9472840447	0.9470545256	0.9470432432	0.9471283622	0.9473227505
	0.9472619682	0.9471847091	0.9472364304	0.9473501311	0.9470421955
	0.947241441	0.9473709136	0.9472094871	0.947048042	0.9472957
	0.9473865835	0.9471827788	0.947058019	0.9473456109	0.947398302
	0.9471575302	0.9470699113	1.062691679	1.06267118	1.062477198
	1.06247905	0.9473897837	0.9474068339	0.9471346103	0.9470824662
	0.9474276	0.9474127847	0.9471145607	0.9470944815	0.9474584282
	0.9474164484	0.9471055818	0.9470976814	0.9474826656	0.947115367
	0.9474183678	0.9470840159	1.062687942	1.062659032	1.06247108
	1.062471378	0.9474190849	0.9470737225	0.947123159	0.9475002179
	0.9474184645	0.9470665961	0.9471293153	0.9475112581	1.062674181
	1.062646314	1.062469687	1.062470842	1.062662267	1.06263623
	1.062477478	1.062476262	0.9474168691	0.9471336759	0.94706237
	0.9475163189	1.062479949	1.062650961	1.062627416	1.062484064
	0.9474147345	0.9470608576	0.9471361342	0.9475159132	1.062488187
	1.062481169	1.062640982	1.062620682	1.062490868	1.062617067
	1.062480945	1.062633334	0.9474122097	0.9470617108	0.9471368813
	0.9475106783	1.062479823	1.062493082	1.062615464	1.062627535
	1.062614813	1.062495024	1.062622839	1.062478231	0.9474094739
	0.9471360451	0.9475012406	0.9470645914	0.9474066321	0.947133903
	0.9470691517	0.9474883532	1.062496463	1.062614677	1.062476874
	1.062618623	0.9474729134	0.9471308528	0.9470749873	0.9474036647
	1.062497593	1.062476026	1.062614442	1.062614732	0.9471274327
	0.9470817214	0.9474560307	0.9474004965	1.062614602	1.062475944
	1.062610405	1.062498398	0.9473983653	0.9470891228	0.94743981
	0.9471239127	1.062498602	1.062614083	1.062476977	1.06260648
	0.9474345592	0.9470971544	0.9471137689	0.9474210492	1.062600152
	1.062499675	1.062482244	1.062612237	1.06255069	1.062586677
	1.062531221	1.062493797	0.9475262067	0.947098341	0.9470829224
	0.9476638875	1.058418588	1.062242102	1.062482126	1.061803469
	0.9531589788	0.94759006	0.9483051225	0.952430617	1.006454643
	1.05940982	0.9723233651	1.006333906	1.041448158	1.038835446
	0.9701079667	0.614589983	-8.345032325e-29	0.6278727333	9.027599507e-29
	0.9389863333	0.918762547	0.8860378531	0.9560067966	0.9466145493
	0.9503295488	0.9481385422	0.9386489166	0.9472657724	0.947599039
	0.946409954	0.9472129139	0.9471470544	0.946970666	0.9471972245
	0.9473059256	0.9469872495	0.9472033871	0.9473102922	0.9471079697
	0.9470033518	0.947239865	0.9473132147	0.9470718509	0.9470437945
	0.9472814062	0.9473001759	0.9470469578	0.947099386	0.9473185984
	0.947277103	0.9470349663	0.9471619138	0.9473489532	0.947248702
	0.9470336382	0.947225616	0.9473726811	0.947218286	0.947039778
	0.9472867513	0.9471880897	0.9473909301	0.9470503308	0.947342899
	0.9474047024	0.9471596221	0.9470631034	1.062701615	1.062678066
	1.062477058	1.0624717	0.9473925378	0.9474149383	0.9471339038
	0.9470764028	1.06269734	1.062669756	1.062465905	1.062469667
	0.9474348728	0.9474221037	0.9471114692	0.9470893673	0.9474694896
	0.9474268811	0.9471010727	0.9470927158	0.9474963303	0.9474293048
	0.9470776276	0.9471114549	0.9475159525	0.9474303905	0.9470660944
	0.9471198097	1.062679908	1.062651659	1.062466965	1.062468982
	0.9474302147	0.9470582627	0.9471261812	0.9475283989	0.9474287781
	0.947130717	0.9470536047	0.9475342058	1.062667393	1.062638911
	1.062475694	1.062475486	1.062479974	1.062655095	1.062629063
	1.062482278	0.9474266932	0.9470518744	0.9471332049	0.9475340178
	1.062621959	1.062486542	1.062481859	1.062644244	0.9474242057
	0.9470527619	0.9471338085	0.9475285466	1.062489741	1.06248167
	1.062636225	1.062617809	1.062630644	1.062615831	1.062480213
	1.062492095	0.9474214535	0.9471327333	0.9470558513	0.9475185303
	1.062615384	1.062493764	1.062626177	1.062478388	1.062495365
	1.06261566	1.062621733	1.062476776	0.9471302577	0.9474185616
	0.9470607638	0.9475047721	0.9470670589	0.9471268487	0.9474882685
	0.9474154948	1.062615762	1.062497072	1.062475345	1.062617308
	0.9474121603	0.9471230897	0.9470743083	0.9474702273	1.062498511
	1.062615656	1.062474376	1.062613073	0.9471193182	0.947452857
	0.9470822471	0.9474097732	1.062615414	1.062499271	1.06247429
	1.062609107	0.9470907946	0.9474321188	0.9474465781	0.9471090354
	1.062614971	1.06249924	1.06260523	1.062475525	0.9470785758
	0.9476740503	0.9475373481	0.9470924848	1.062613129	1.062598951
	1.062481078	1.062500143	1.062493117	1.062587514	1.06253153
	1.062549739	0.9475854379	0.9531556431	0.9483145004	0.95243418
	1.062483194	1.058418544	1.062243017	1.06180316	1.006333443
	1.059405291	1.038836167	1.006461866	0.9701109658	0.9723213164
	1.041447024	0.6000988529	-3.225192563e-29	0.6551008108	5.340772113e-29
	0.9545795245	0.9534647025	0.8966517237	0.9690163409	0.9537553662
	0.9623957469	0.9508641501	0.9451226899	0.9488512606	0.9502868439
	0.947928073	0.947517834	0.9471279742	0.9472355388	0.9474858789
	0.9476233588	0.9470266515	0.9472699218	0.9473165055	0.9470822481
	0.9469904541	0.9472580122	0.9473169133	0.9470553998	0.9470153826
	0.9472844422	0.9473135185	0.9470345245	0.9470693282	0.9473177591
	0.9472925278	0.9470240198	0.9471363928	0.9473486951	0.9472622705
	0.9470235238	0.9472070551	0.9473746048	0.9472284678	0.9470304599
	0.9472756491	0.9473952414	0.9470419664	0.9471944882	0.9473387968
	0.9474112256	0.9471624487	0.947055738	0.9473946453	0.9474232688
	0.9471334803	0.9470700356	1.062714908	1.062689474	1.062468973
	1.062471417	1.062704269	1.062680194	1.062463034	1.062466344
	0.9470838726	0.9474421207	0.9474319127	0.9471084247	1.062687422
	1.062656369	1.062463951	1.062466357	0.9474809321	0.9474377446
	0.9470964021	0.9470874058	0.9475109678	0.9474411263	0.9470707646
	0.9471073803	0.9475327378	0.9474424642	0.9470580119	0.9471162818
	0.9475467136	0.9474426978	0.9470492081	0.9471229151	1.062474841
	1.062672716	1.06264238	1.062473017	0.9474415722	0.9471275867
	0.9470441352	0.9475533829	0.9474395381	0.9470422064	0.9471300962
	0.9475534268	1.062480474	1.062658828	1.062631264	1.062480332
	1.062622995	1.062485391	1.062482549	1.062647406	0.9474370856
	0.9471305268	0.9470431251	0.9475476806	1.062482176	1.062618207
	1.062488461	1.062639703	0.9471291636	0.9475370106	0.9470464592
	0.9474343338	1.062634278	1.062480858	1.062616561	1.062490257
	1.062616455	1.062492034	1.062479156	1.062629583	0.9474313906
	0.9475223016	0.9471263131	0.9470517639	1.062616532	1.062494208
	1.062477049	1.062625156	1.062475	1.062620882	1.06261659
	1.062496209	0.9470585699	0.9474282215	0.9471224942	0.9475046378
	0.9470663899	0.9471183624	0.9474853533	0.947424703	1.062473379
	1.062616771	1.062616519	1.062497782	0.9471143149	0.9474667598
	0.9474220385	0.9470749163	1.062616951	1.062472527	1.062612092
	1.062498971	0.9470840153	0.9471038889	0.9474440192	0.9474593999
	1.062499757	1.062616793	1.062607889	1.06247262	0.9470862223
	0.9475492477	0.9476849829	0.9470738259	1.06260393	1.062499886
	1.062616135	1.062474045	0.9483245053	0.9475804609	0.952438385
	0.9531520929	1.062614009	1.062500809	1.062479841	1.062597751
	1.062531971	1.062492378	1.062588247	1.062548787	1.006332879
	0.972319124	1.006468871	0.9701141798	1.06224389	1.062484225
	1.061802795	1.058418522	1.038836867	1.041445929	1.059401077
	0.8341712804	  1	  1	0.9921806345	1.068527633
	0.8945453277	0.9971219199	0.9780027628	0.9844839438	0.9616748601
	0.9667098318	0.9564648314	0.9610781925	0.9555740108	0.9501234859
	0.94879015	0.9490382409	0.9503440126	0.9474319987	0.9472720232
	0.9475540813	0.9476724604	0.9470571506	0.9470249417	0.9473335213
	0.9473263725	0.9470200129	0.9470044159	0.9473109447	0.9473133609
	0.947010581	0.9470446582	0.9473270059	0.9473031079	0.9470070501
	0.9471108234	0.9473525678	0.9472756053	0.947010266	0.9471866248
	0.9473780987	0.9472396675	0.9470193866	0.94726257	0.9472019414
	0.9474001997	0.9470325417	0.9473332897	0.9474181368	0.9471659294
	0.9470476838	0.9473960471	0.9474319967	0.9471334171	0.9470632152
	1.062716003	1.062700514	1.062469499	1.062470042	0.9474493519
	0.9474422631	0.9471052821	0.9470780657	1.062717192	1.062688637
	1.062458897	1.06246083	1.062694473	1.062663461	1.062459393
	1.062464422	0.9474928833	0.9474492637	0.9470818707	0.947091482
	1.062474553	1.062677155	1.062646247	1.062470766	0.9475264833
	0.9474536333	0.9470632591	0.9471030757	0.9475508212	0.9474555781
	0.9470492978	0.9471126576	0.9475663854	0.9471195053	0.947456033
	0.9470395131	0.9475739435	0.9474552681	0.9470338271	0.947124259
	1.062479197	1.062480695	1.062662505	1.062632861	0.947453379
	0.9470317488	0.9471267935	0.9475742828	0.9474509402	0.9471270217
	0.9470327396	0.9475682143	1.062623679	1.062483837	1.062482823
	1.062651269	1.062486172	1.062483085	1.062619334	1.062643423
	0.9471253128	0.9470363501	0.9475567977	0.9474481949	1.062637632
	1.062617791	1.062482068	1.062488315	0.9474452042	0.9475410399
	0.9471220405	0.947042098	1.062490694	1.062633222	1.062617167
	1.06247995	1.062617143	1.062492702	1.062477399	1.062629401
	0.9470494672	0.947117762	0.947441928	0.9475221078	1.062494378
	1.062475095	1.062625209	1.062617727	1.06261833	1.062496134
	1.062620518	1.062473134	0.9471132218	0.9475014735	0.9470579146
	0.9474382111	0.9474352381	0.9470670789	0.947481569	0.9471088786
	1.062471547	1.062615635	1.062498053	1.062618575	0.9470767776
	0.9474568057	0.9470983083	0.9474730592	1.062618414	1.062499725
	1.062470627	1.062610969	0.9470795426	0.9470686535	0.9475619303
	0.9476966954	1.062606702	1.062617943	1.062470753	1.062500696
	0.9524431442	0.9475751548	0.953148311	0.9483351474	1.062472394
	1.062617172	1.062602744	1.062500698	0.9701176986	0.9723168565
	1.006332282	1.006475692	1.062596605	1.062501378	1.062614985
	1.062478529	1.062532274	1.062491617	1.062547866	1.062589186
	1.041444787	1.061802365	1.062244853	1.062485134	1.058418508
	1.059397067	1.038837542	1.046945566	  1	  1
	1.029398483	1.013593733	1.024122237	0.9825655863	0.9803667539
	0.9828947683	0.9609150027	0.9803928483	0.9566050536	0.9611832605
	0.956475649	0.9499976791	0.9488470085	0.9490777266	0.9503790279
	0.9473329096	0.9472644498	0.9475851302	0.9477388608	0.9469900517
	0.9470259029	0.9473771371	0.9473626136	0.9469739245	0.9470297621
	0.9473576561	0.9473113064	0.9469802351	0.9470897112	0.9473681997
	0.9472817701	0.946990499	0.947167483	0.9473870398	0.9472474511
	0.9470045765	0.9472490135	0.9474075027	0.9472089046	0.9470211113
	0.9473269418	0.9471698451	0.9474261643	0.9470385413	0.9473968803
	0.9474415114	0.9471336522	0.947055806	0.9474566885	0.9474533322
	0.9471020772	0.94707184	1.062717805	1.062699672	1.062468873
	1.062458659	1.062728172	1.062704929	1.062450976	1.06245787
	0.9475054111	0.9474616172	0.947075925	0.9470863515	1.062699663
	1.062670434	1.062456423	1.062462173	1.062473616	1.062682048
	1.062649115	1.062469355	0.9470551654	0.9475431306	0.9474670073
	0.947098537	1.062477194	1.062480475	1.062666811	1.062634408
	0.9475701814	0.9474696611	0.9470397217	0.9471087644	0.9475877005
	0.9474704834	0.9470289944	0.9471160981	0.9475961168	0.9474699882
	0.9470227202	0.9471207171	0.9475966964	0.9474682765	0.947020362
	0.9471232416	1.062625473	1.062481235	1.062483791	1.062654854
	0.947465892	0.9471232815	0.94702149	0.9475903108	0.9471211599
	0.9474631368	0.9470254547	0.9475780318	1.062620743	1.062484436
	1.062484428	1.062646436	1.062641325	1.062618248	1.062482893
	1.062487118	0.9470317011	0.9471174046	0.9475610984	0.9474600965
	1.062488742	1.06263783	1.062480543	1.062617705	0.9474567027
	0.9475407784	0.947112617	0.9470396962	1.062618509	1.062489991
	1.062478245	1.062634133	1.062491851	1.062475876	1.062629729
	1.062619426	0.9474527692	0.947107627	0.9475186732	0.9470488365
	1.062619846	1.062494336	1.062624924	1.062473444	1.062619864
	1.062471117	1.062619972	1.062496896	0.9471029715	0.9470586943
	0.9474973595	0.9474494538	0.9470922601	0.947069039	0.9474705596
	0.9474876205	1.062499037	1.062619834	1.06246933	1.062614978
	0.9477092556	0.9470630418	0.947575447	0.9470724012	1.062610116
	1.062468444	1.062500549	1.062619745	0.9531442992	0.9483464394
	0.9524484471	0.9475694923	1.062468756	1.062619427	1.062605654
	1.062501321	1.006482306	1.006331693	0.9701214353	0.9723144902
	1.06250122	1.062618632	1.062470679	1.062601588	1.041443508
	1.038838296	1.059393098	1.058418518	1.062616255	1.062595501
	1.062477178	1.062501839	1.062590198	1.062490813	1.062486086
	1.062245744	1.062546939	1.061801852	1.062532578	1.009573016
	  1	  1	1.025034478	1.011043746	1.028187745
	0.9832936038	0.9796074726	0.9841776693	0.9608925547	0.9798941109
	0.9566792294	0.9612382938	0.9563566552	0.9498905008	0.9488528506
	0.9492128426	0.9502825502	0.947225106	0.947302926	0.94765011
	0.9477041439	0.9469152273	0.9470657398	0.9474063068	0.9473770894
	0.9469362016	0.9470747615	0.9473863612	0.9473190584	0.9469649104
	0.9471467797	0.9474016912	0.9472644929	0.9469863354	0.9472347363
	0.9474204041	0.9472142194	0.9470067493	0.9473207614	0.9474377153
	0.9471708469	0.9470273729	0.9473981989	0.9471323417	0.9474530393
	0.9470471345	0.9474646395	0.94746562	0.9470982457	0.9470650766
	1.062715955	1.06269328	1.062458216	1.062458116	0.9475189076
	0.9474751212	0.9470694502	0.9470807812	1.062735063	1.062721116
	1.062446755	1.062452583	1.062706928	1.062676049	1.062453675
	1.062458592	0.9475610562	0.9474814101	0.9470463551	0.9470939368
	1.06247259	1.062687072	1.062652944	1.062466403	1.062474509
	1.062481234	1.062670046	1.062637256	0.9470292469	0.9475912248
	0.9474849733	0.9471045156	1.062627022	1.062480078	1.062484915
	1.062657382	0.9476106584	0.9474860536	0.9470174352	0.9471125212
	0.947620255	0.9474859643	0.9470105784	0.9471171539	0.9476209194
	0.9474844041	0.9470080694	0.94711938	0.9476141036	0.9474820283
	0.9470092275	0.947119242	1.062620926	1.062483521	1.062484845
	1.062650113	0.9474792907	0.9471166899	0.947013647	0.9476008901
	0.9471123698	0.9474761829	0.9475826157	0.947020503	1.06264604
	1.062618957	1.062484669	1.062483482	1.062485356	1.06248184
	1.062642447	1.062619527	0.9474726506	0.9470291914	0.9475607606
	0.9471070178	1.062620392	1.062487124	1.062479674	1.062638557
	0.9474684736	0.9470390989	0.9471015352	0.947537049	1.062620692
	1.062489792	1.062476902	1.062634506	1.062620818	1.062492598
	1.062630113	1.062473935	0.947464773	0.94709655	0.9475142127
	0.947049718	1.062621084	1.062471164	1.062625227	1.06249511
	1.062497359	1.062621486	1.06246878	1.062619911	0.9470857026
	0.9475031598	0.9470607612	0.9474853584	0.9477227278	0.9470647645
	0.9475898691	0.9470569566	1.062614478	1.062467027	1.062499358
	1.062621781	0.9531400443	0.9524543006	0.9475634507	0.9483584326
	1.062621757	1.062500954	1.062466195	1.062609298	1.00648876
	1.006331108	0.9723120186	0.9701253758	1.062501869	1.062621266
	1.062604631	1.062466647	1.058418619	1.041442062	1.059389104
	1.038839124	1.062468871	1.062600478	1.062501837	1.062620215
	1.062487082	1.062246527	1.061801183	1.062490031	1.062502384
	1.0626175	1.062475772	1.062594365	1.062591145	1.062532956
	1.062545925	1.009582501	  1	  1	1.019682637
	1.011198581	1.021786732	0.9838385405	0.9787172944	0.9851164413
	0.9607287983	0.9789497811	0.9565414693	0.9614617366	0.9562024519
	0.9497898235	0.9488258268	0.9493096481	0.9502893149	0.9471706611
	0.9473400433	0.9477693856	0.9476170761	0.9468673979	0.947138267
	0.9474733712	0.9473065448	0.9469035889	0.947153373	0.9474168958
	0.9472887111	0.9469538009	0.9472231696	0.9474248534	0.9472454214
	0.9469895351	0.9473111546	0.9474469588	0.9471860101	0.9470158147
	0.9473977224	0.9474663719	0.9471332252	0.9470377918	0.9474730116
	0.9470922609	0.9474805367	0.9470574661	1.062685022	1.062669911
	1.062460668	1.062457815	0.9475340401	0.9474907086	0.9470605922
	0.9470745536	1.06275054	1.062736293	1.062440692	1.062443681
	0.9475808901	0.9474974957	0.9470360112	0.9470889487	1.06271331
	1.062685275	1.062448376	1.062455928	1.062472513	1.062690002
	1.062657793	1.062463873	0.9476144108	0.9475016884	0.947017453
	0.9471000942	1.062474118	1.062481633	1.062672234	1.062639043
	1.062627173	1.062479273	1.062484578	1.062661011	0.9476357633
	0.9470047791	0.947503179	0.9471085666	1.062622226	1.062480358
	1.062485317	1.062654619	0.9476464225	0.947503159	0.9469971922
	0.9471134859	0.9476473439	0.9475020266	0.9471153709	0.9469946069
	0.9476398633	0.9474995703	0.9469959747	0.9471148157	0.9476255262
	0.947496758	0.9470007634	0.9471118355	1.06264995	1.062621461
	1.062480878	1.062485105	0.9474936094	0.9471069059	0.9470083726
	0.9476057725	0.947489901	0.9471009159	0.947582192	0.9470178844
	1.062646276	1.06248354	1.062621414	1.062482773	1.062485431
	1.062480855	1.062643279	1.062621183	0.9474854377	0.9470286354
	0.9475567137	0.9470948973	1.062487895	1.062477804	1.062640076
	1.062621304	0.9474812996	0.9475322235	0.9470400939	0.9470895653
	1.062621953	1.062490087	1.062636041	1.062474736	1.062492332
	1.062471784	1.062631121	1.062622828	0.9475012921	0.9470785925
	0.9470518975	0.9475197598	1.062623533	1.062494802	1.062468938
	1.062625633	1.062466413	1.062497369	1.062623952	1.06261985
	0.9470503637	0.947737179	0.9470565934	0.9476052692	0.9475570109
	0.9524607008	0.9483711756	0.9531355311	1.062499726	1.062624058
	1.062464554	1.06261407	1.006330543	0.9723094477	0.9701295252
	1.006495072	1.062501558	1.062623799	1.062463755	1.062608559
	1.059385011	1.041440423	1.038840042	1.058418829	1.062502575
	1.062623105	1.062603626	1.062464415	1.062247186	1.061800322
	1.062489296	1.062488128	1.062466991	1.062599281	1.062502507
	1.062621794	1.062544785	1.062533375	1.06261875	1.062502966
	1.062592064	1.062593111	1.062474368	1.006877826	  1
	  1	1.01491485	1.009141595	1.016616014	0.9842037439
	0.9778752439	0.9857375112	0.9605875896	0.9779392019	0.9563180933
	0.9615873386	0.9560453185	0.9496513743	0.9488452953	0.9492777914
	0.950367135	0.9471231239	0.9473855911	0.9478374222	0.9476125748
	0.9468610565	0.947209897	0.947563537	0.9472269725	0.9468997455
	0.9472468198	0.9474798738	0.9472038932	0.9469507922	0.9473199406
	0.9474594401	0.9471895523	0.9469936814	0.9474010631	0.9474706635
	0.9471493519	0.9470263054	1.062632854	1.062619301	1.062463014
	1.062447426	0.9474798397	0.9474901853	0.9470993671	0.9470503388
	0.9475484068	0.9470558461	0.9475059628	0.9470687657	1.062764202
	1.06276316	1.062429256	1.062437373	0.9476019391	0.9475156177
	0.9470243823	0.9470837601	1.062716623	1.062694799	1.062445555
	1.062453398	0.9476400695	0.9475205905	0.9470031839	0.9470954108
	1.062471301	1.062692735	1.062660766	1.062463849	1.062472823
	1.062480305	1.062675786	1.062640095	0.9476636859	0.9475224286
	0.9469898608	0.9471041842	1.062629686	1.062475198	1.062484919
	1.062664834	1.062625491	1.062476644	1.062487157	1.062657238
	0.947675273	0.9475221572	0.9471095023	0.9469822366	1.062652826
	1.062622966	1.062479324	1.062486649	0.9476761617	0.9475211135
	0.9469796423	0.9471111297	0.9476680154	0.9475188534	0.9471101128
	0.9469814761	0.9476522365	0.9469868307	0.9475157836	0.9471065028
	0.9476307286	0.9469951437	0.947100935	0.9475124911	1.062481922
	1.062484427	1.062650668	1.062621449	0.9470056457	0.9470942649
	0.9475086174	0.9476052502	0.9475038011	0.9470876558	0.9470173774
	0.9475778068	1.062621437	1.062481737	1.062483608	1.0626488
	1.062484927	1.062478966	1.06264602	1.06262254	0.9474991541
	0.9470297556	0.9470819606	0.947551506	1.06247602	1.062486616
	1.062642205	1.062623896	0.947518468	0.9475375195	0.9470423918
	0.9470708788	1.062488958	1.062472844	1.062637519	1.062624984
	1.062491765	1.062625696	1.062469598	1.062632155	0.9477526886
	0.9470478402	0.9470432252	0.9476217326	1.062466477	1.062494769
	1.062626113	1.062626233	1.062463793	1.062626332	1.062619985
	1.062497684	0.9531307474	0.9524676488	0.947550148	0.948384719
	0.9701338705	1.006501246	0.9723067809	1.00633002	1.062500252
	1.062461899	1.062613708	1.0626263	1.059380728	1.041438541
	1.058419174	1.03884108	1.062461195	1.062607777	1.062625926
	1.06250222	1.062489262	1.062488621	1.061799235	1.062247675
	1.06250328	1.062602507	1.062625041	1.062462079	1.062533856
	1.062472974	1.062592914	1.062543492	1.062465067	1.06262345
	1.062597971	1.062503202	1.062503593	1.06259174	1.062620024
	1.00445373	  1	  1	1.010643627	1.00762021
	1.01166509	0.9843060192	0.977033458	0.9860091698	0.9604981708
	0.9769197399	0.9561102058	0.9615491278	0.9558106947	0.9495662343
	0.9488838962	0.9492311819	0.9503409566	0.9470656073	0.947483946
	0.9478369838	0.9476253116	0.9468498368	0.9473035209	0.9476075138
	0.9472069602	0.9469155075	1.062558688	1.062533037	1.062462997
	1.062450481	0.9473411056	0.9475459407	0.9471344223	0.9469675294
	0.9474200472	0.9475158867	0.9471079083	0.9470051884	0.947499011
	0.9475080644	0.9470856855	0.9470363754	1.062775741	1.062790339
	1.062421785	1.062428545	0.9475678418	0.9475159999	0.9470554769
	0.9470610632	0.9476241875	0.9475288696	0.9470788487	0.9470215534
	1.062722677	1.062702951	1.062443865	1.062448676	0.9476665172
	0.9475384402	0.94699306	0.947091428	1.062468735	1.062696589
	1.062665249	1.062460892	0.9476937612	0.9475432007	0.9469744313
	0.9470997835	1.062467975	1.062480378	1.062678421	1.062644649
	1.062633482	1.062472386	1.0624867	1.062665753	0.947706945
	0.9475435661	0.9469650572	0.947105225	1.062626054	1.062476869
	1.062488042	1.062658995	1.062656717	1.06262205	1.062479513
	1.062486861	0.9477080374	0.9475423517	0.9471065193	0.9469624778
	1.062621547	1.062480162	1.062655644	1.06248507	0.9476988454
	0.9471049421	0.9469650851	0.9475400323	0.9476815304	0.9475368004
	0.9471007568	0.946971479	0.9476578188	0.9470943465	0.9469808169
	0.9475331025	0.9476300982	0.9475289346	0.9470869683	0.9469923159
	1.062622984	1.062483017	1.062654087	1.062480331	0.9475237402
	0.9470052025	0.9470797533	0.9476005053	0.9475184833	0.9470186359
	0.9470736714	0.947572201	1.06248118	1.062480484	1.062624745
	1.062651758	1.06247748	1.062482958	1.062626144	1.062648598
	0.9475370103	0.947032178	0.9470625009	0.9475565558	1.062474121
	1.062644501	1.06262711	1.062485447	0.9477693508	0.9470384479
	0.9476393621	0.9470354962	1.062488384	1.062627818	1.062470627
	1.062639415	1.062467135	1.062491569	1.062633479	1.062628319
	0.9524751523	0.9475428314	0.9531256783	0.9483991247	1.062494837
	1.06262868	1.062626938	1.062463833	1.062497982	1.062628847
	1.062461028	1.062620093	1.006329558	1.006507283	0.972304021
	0.9701384001	1.058419694	1.041436359	1.059376161	1.038842269
	1.062628744	1.062500763	1.062613306	1.062459108	1.061797871
	1.062247939	1.062488037	1.062490516	1.062458482	1.06262821
	1.062502878	1.062606915	1.062534425	1.062593641	1.062471606
	1.062541995	1.062601298	1.062627093	1.062504026	1.062459647
	1.062590204	1.062596544	1.062503958	1.062504289	1.062463105
	1.062625161	1.062621266	1.001649491	  1	  1
	1.006541068	1.006494503	1.007260443	0.984266486	0.9761137099
	0.9860631155	0.9603746459	0.9759250701	0.9558394192	0.9614334696
	0.9555492911	0.9495429907	0.9488858453	0.9492089503	0.9502395174
	0.9470593828	0.9475920261	0.9478532865	0.9475620994	0.9468385797
	0.9474336321	0.9476226495	0.9471768453	0.9469204093	1.062449436
	1.062370419	1.06247082	1.062461222	1.062799303	1.062822739
	1.062409355	1.062415024	0.9474567285	0.9475784933	0.9471007984
	0.9469878523	0.947522141	0.9475653138	0.9470494031	0.9470261544
	0.9475940467	0.947556666	0.9470165907	0.9470510627	1.062730397
	1.062717855	1.062437073	1.062443697	0.9476546779	0.9475531995
	0.9469966384	0.9470704494	0.9476985993	0.9475558281	0.9470856563
	0.946979579	1.06269858	1.062467789	1.062673132	1.062456118
	0.9477269549	0.9475610539	0.9469629064	0.9470954256	1.062467186
	1.062481444	1.06267789	1.06264833	0.9477408853	0.947564414
	0.9471009566	0.946950756	1.062632589	1.062474871	1.062486413
	1.062666356	1.062624302	1.062477886	1.062487359	1.062662096
	0.9477423964	0.9475648163	0.9469452776	0.9471020307	1.062660508
	1.062622455	1.062477572	1.062487228	1.062623656	1.062476707
	1.06265959	1.062486289	0.9477325536	0.947563368	0.947099326
	0.9469470381	1.062484443	1.062476719	1.062625449	1.062658796
	0.9477135445	0.9475600511	0.9469540884	0.9470943834	0.9476875937
	0.947087172	0.9469648217	0.9475559939	0.9476571169	0.9469777774
	0.9475512034	0.947078876	0.9476249955	0.9470710697	0.9475454297
	0.9469919157	1.062626973	1.062477726	1.062481891	1.062657575
	0.9470646313	0.9475394795	0.9470066077	0.9475944967	0.9475570715
	0.9470533908	0.9470211908	0.9475770138	1.062628181	1.062478882
	1.062479486	1.062655357	1.062481804	1.062475566	1.062651882
	1.062629168	0.9470271236	0.9470283519	0.9477872748	0.947658277
	1.062484608	1.062629996	1.062471993	1.062647173	0.9531203067
	0.9524832246	0.9475350245	0.9484144664	1.062630664	1.062468283
	1.062487802	1.062641406	1.062634822	1.062631166	1.062464545
	1.062491269	1.006513179	0.9723011703	0.9701431048	1.00632918
	1.062494833	1.062627659	1.062461029	1.062631492	1.062458092
	1.062620238	1.06249827	1.062631602	1.059371209	1.041433818
	1.05842043	1.038843641	1.062491925	1.06224792	1.061796171
	1.062487576	1.062612877	1.062456128	1.062631358	1.062501285
	1.062535108	1.062470294	1.062594197	1.06254024	1.062455629
	1.062630628	1.062503591	1.062605977	1.062588449	1.062505076
	1.062461118	1.062622434	1.062599969	1.062457133	1.062504794
	1.062504843	1.062629232	1.062594935	1.062626878	0.9997453891
	  1	  1	1.003055588	1.004949012	1.00351245
	0.9840012982	0.9751187003	0.9857500385	0.9602100476	0.9749537294
	0.955485306	0.9612071434	0.9553045196	0.949510457	0.9488981381
	0.9491494048	0.9501318517	0.9470908272	1.062194189	1.062536145
	1.06236656	1.062513289	0.9476825972	0.9478863181	0.9474769465
	0.9468639658	0.9475604948	0.947660266	0.9470993768	0.9469296492
	1.062816191	1.062875489	1.062405155	1.062398397	1.062739807
	1.062726493	1.062435358	1.0624388	0.9475891264	0.9476044349
	0.9469976757	0.9470483428	0.9476375027	0.9475945484	0.9470086814
	0.9470422274	0.9476895094	0.9475954147	0.9469691186	0.9470670132
	1.062699368	1.062466987	1.062675351	1.062458446	0.9477348718
	0.9475939489	0.9469438752	0.9470808638	0.9477660457	0.9475903362
	0.9470898296	0.94693295	1.062471656	1.062479792	1.062677392
	1.062645942	0.9477804176	0.9475882463	0.9469292323	0.9470951889
	1.062630625	1.062476063	1.062484881	1.062667903	0.9477806258
	0.9475870784	0.9470968964	0.9469282168	1.062625685	1.062475452
	1.062487512	1.062663832	1.062662497	1.062625346	1.062474162
	1.062488175	0.9477691341	0.9475866438	0.9469302083	0.9470936308
	1.062626316	1.062473639	1.062662881	1.06248727	1.062627561
	1.062473871	1.062663596	1.062485424	0.9477481437	0.9475846723
	0.9469367671	0.9470874908	1.062483062	1.062628871	1.062663512
	1.062474671	0.9475808869	0.9477198234	0.9469475826	0.9470793289
	0.9476866853	0.9470700533	0.9469617187	0.9475758687	0.947651631
	0.9469773569	0.9475692655	0.9470614302	0.9476186076	0.9475623715
	0.9470546959	0.946993398	1.062480298	1.06247602	1.062662126
	1.062630145	0.9470092618	0.9470434698	0.9475788744	0.9475991087
	0.9478066061	0.9470180443	0.9470174738	0.9476786349	1.06263131
	1.062477963	1.062659329	1.06247715	1.062632314	1.062473615
	1.0624805	1.062655218	0.9524918876	0.9475266834	0.953114612
	0.9484308322	1.062633149	1.062469785	1.062483586	1.062649886
	1.00632891	1.006518925	0.9722982317	0.9701479747	1.06264352
	1.062465778	1.062633802	1.062487104	1.062636294	1.062490915
	1.062634267	1.062461762	1.058421424	1.038845235	1.041430848
	1.059365768	1.062458033	1.062628489	1.062494826	1.062634548
	1.062620398	1.062454953	1.062634542	1.062498563	1.062493531
	1.062487273	1.06224755	1.061794069	1.062469065	1.062594525
	1.062535936	1.062538165	1.062634127	1.062452975	1.062612391
	1.062501859	1.062459131	1.062623481	1.062505982	1.062586422
	1.06263317	1.062504379	1.062604923	1.06245265	1.062454544
	1.062505747	1.062631417	1.062593089	1.062628568	1.062598455
	1.062505735	0.9984381137	  1	  1	1.000174787
	1.003591923	1.000340458	0.9835556718	0.9740309199	0.9850713324
	0.9600122367	0.9739474833	0.9550831876	0.9608190784	0.9550254203
	0.9494753541	1.060285923	1.043412893	1.063825824	1.061778427
	0.9489376436	0.9490627203	0.9499803177	0.9471153075	1.062896115
	1.061597925	1.062252918	1.062341507	0.9477931842	0.9478982074
	0.9469033758	0.9474032446	0.9476781444	0.9477044113	0.9470228324
	0.9469598682	1.062746592	1.062713708	1.062427534	1.062434886
	1.062697874	1.062464718	1.062670397	1.062463717	0.9477104492
	0.9476481775	0.9470121707	0.946972138	0.9477535736	0.9476270048
	0.9469518964	0.9470502271	0.9477878063	0.9476244744	0.9469290282
	0.9470747249	1.062472382	1.06247781	1.062676223	1.062644204
	0.94781166	0.9476262063	0.9469079345	0.9470873849	0.9478243615
	0.9476248203	0.9470911652	0.9468969022	1.062633467	1.062473089
	1.062484779	1.062666775	0.9478237175	0.9476195978	0.9468979355
	0.9470911125	1.06262942	1.062472493	1.062487798	1.062663521
	0.9478105578	0.9476145737	0.9470868943	0.9469058339	1.062664248
	1.062628109	1.062472007	1.062488291	1.062628319	1.06247164
	1.06266636	1.062487521	0.947786543	0.9476109219	0.9469171947
	0.9470796894	1.062668196	1.062629366	1.062471464	1.062486089
	1.062484143	1.062669005	1.062630769	1.0624717	0.9477549356
	0.9470706097	0.9476069364	0.9469303296	1.062472524	1.062668529
	1.062632223	1.062481703	0.9477185138	0.9469453588	0.947060442
	0.947601985	0.9476805449	0.947595225	0.9470509781	0.946961991
	0.9469791844	0.9476447335	0.9470437264	0.9475873715	0.9476230172
	0.9476026152	0.9470325935	0.9469961774	1.06247876	1.062633567
	1.062666666	1.062474026	0.9478275581	0.9470081799	0.9470056226
	0.9477006617	0.9525011956	0.9475177328	0.9531085623	0.9484483543
	1.062634756	1.062475355	1.062663404	1.062476209	1.062471526
	1.062479052	1.062635755	1.062658766	0.9722952003	1.00652452
	1.006328774	0.9701530116	1.06265286	1.062482469	1.062636579
	1.062467395	1.059359723	1.058422727	1.041427374	1.03884709
	1.062645835	1.062637191	1.062486348	1.062463077	1.062458787
	1.062637918	1.062637622	1.06249054	1.062495379	1.06248717
	1.062246754	1.061791492	1.062637811	1.062454828	1.06262937
	1.062494804	1.062620532	1.06263766	1.062451626	1.062498892
	1.062535705	1.06253694	1.062594561	1.062467951	1.062507035
	1.062584059	1.062624354	1.06245717	1.062637048	1.062449656
	1.062502506	1.062611806	1.062451893	1.062630191	1.062590952
	1.062506804	1.062603694	1.062505255	1.062635801	1.06244955
	1.062506765	1.062633616	1.062596699	0.997334932	  1
	  1	0.9976873221	1.002433125	0.9978242785	0.9829586426
	0.9728062221	0.9841439794	0.9597390313	0.9728791609	0.9870766786
	0.6735086911	1.011487423	1.073504936	0.9494507503	0.9546221657
	0.9602880364	0.9546975188	1.054554574	1.043539873	1.063119089
	1.062579064	0.9489657983	0.9489753908	0.9497756579	0.9471471776
	1.06225155	1.060495124	1.062380589	1.062404486	0.9479215729
	0.9479066874	0.9469337581	0.947310799	0.9478099846	0.9477366284
	0.9469559009	0.9469895205	1.062668042	1.062460546	1.062560897
	1.062452235	1.06246894	1.062476893	1.062671509	1.062642819
	0.9478246652	0.9476922318	0.9470348063	0.9469055798	0.9478548244
	0.9476703806	0.9468882046	0.9470603021	0.9478761213	0.9476594479
	0.9468802419	0.9470762082	1.062637264	1.062471209	1.062483821
	1.06266473	0.9478824708	0.947655705	0.9468750732	0.9470846821
	0.9478747745	0.9476541765	0.947085935	0.9468730896	1.062632149
	1.062471506	1.062486622	1.062663959	0.9478567431	0.9476501617
	0.946877321	0.9470811052	1.062666169	1.062630157	1.06247091
	1.06248759	0.946889425	0.9478292584	0.9476449205	0.9470714747
	1.062669163	1.0626302	1.062469976	1.062487467	1.062486578
	1.062631304	1.062469186	1.062671886	0.9469067946	0.94779403
	0.9476382231	0.9470607024	1.062485046	1.06267377	1.062632817
	1.062468852	1.062469144	1.06263441	1.06248294	1.062674463
	0.9477536887	0.947631036	0.9470494914	0.9469261417	1.062470135
	1.062480282	1.062673756	1.06263592	0.947711882	0.947039431
	0.9469455748	0.9476229842	0.9476730505	0.9476142951	0.946964451
	0.9470318438	0.9476488127	0.946982489	0.9470206738	0.947628225
	0.9477244206	0.9469974345	0.9478501267	0.9469928363	1.062637289
	1.062471867	1.062477094	1.062671547	0.9525111629	0.9531021354
	0.9475081089	0.948467163	0.9722920487	1.006529971	1.006328795
	0.970158221	1.06247433	1.062473404	1.062638472	1.062667823
	1.06266263	1.062477492	1.062469275	1.062639476	1.059352961
	1.038849235	1.058424384	1.04142332	1.062481265	1.062656076
	1.062640265	1.062464824	1.062487309	1.062245458	1.061788364
	1.062497509	1.062648343	1.062640851	1.062460191	1.062485542
	1.062639639	1.062490126	1.062455598	1.062641207	1.062594238
	1.062538154	1.062466983	1.06253279	1.062630275	1.062494795
	1.062641281	1.06245143	1.06249928	1.062448107	1.062640955
	1.062620609	1.062624993	1.062508272	1.06245526	1.062581291
	1.062508033	1.062449196	1.06258846	1.062631701	1.062446171
	1.062503241	1.062611066	1.062640096	1.062635799	1.06263849
	1.062594639	1.062507927	1.062506246	1.062602236	1.062446337
	0.9968045036	  1	1.615140888e-29	0.6873006697	0.9821619765
	0.9958623001	0.9717338256	0.9593620364	0.9858200997	1.070678903
	0.9543397685	0.9494083939	1.052064972	1.062999003	0.9489846905
	0.9471914899	1.061859983	1.062461652	0.9480413689	0.9469685727
	0.9479445072	0.9470094813	1.062617446	1.062472639	1.062661975
	1.062480982	0.9470498152	0.9479422847	0.9479471929	0.9470693882
	0.9479481633	0.9470761069	1.062664253	1.062484889	0.9479377921
	0.9470757472	0.9479138031	0.9470720481	1.062666848	1.06248664
	0.9478793436	0.9470626542	1.062670695	1.062487111	0.9470503385
	0.9478378861	1.062674601	1.062486695	1.062677789	1.0624856
	0.9477926618	0.9470376373	1.062483899	1.062679803	1.062481615
	1.062680384	0.9477465965	0.9470264453	1.06247874	1.06267941
	0.9477040444	0.9470186232	0.9476769916	0.9470077093	0.9477500662
	0.9469857201	0.9484871999	0.9530953329	1.062475298	1.062676806
	0.9701634517	1.006329029	1.041418597	1.058426465	1.062471306
	1.062672586	1.062666783	1.062466861	1.062487734	1.061784587
	1.06265954	1.062462075	1.062529348	1.062466198	1.062457089
	1.062651006	1.062641444	1.062452208	1.062578049	1.062453426
	1.062631181	1.062447832	1.062444386	1.062620569	1.062446474
	1.062585549	1.062592213	1.062443016	1.062442531	1.062610124
	1.062600489	1.06262535	1.062509708	1.001165428	1.062630238
	1.062593494	1.062471269	1.062539592	1.062243572	1.062499967
	0.9540992112	1.062633583	1.05934531	1.062471333	1.038851829
	0.947205895	1.006535091	0.9722888887	0.9468795521	1.062632219
	0.9525216001	1.062470042	0.9474979429	0.9478743503	0.9469793366
	1.062632325	0.947656253	0.9468345369	1.062468503	0.9469674575
	0.9468406298	0.9476443649	0.9469469578	1.062633445	0.9476842942
	0.9476555373	1.062467165	0.9469248656	0.9476659487	0.9469024186
	1.062635012	0.9476742165	1.062466273	0.946882092	0.9476796751
	0.9468651701	1.062636706	1.062465989	0.9468518034	0.9476911991
	1.062638362	0.9476999425	1.062466405	0.9477120453	0.9468364758
	1.062639902	0.947730655	1.062467584	0.9468458412	0.9477727642
	1.062641282	0.9479231411	1.062469554	0.9488750755	0.9495449113
	1.062642479	1.06247231	0.959616481	0.9714290675	0.982948797
	1.062643468	0.9956637556	1.062475813	1.062644237	1.062479983
	1.062509446	0.6739216143	1.062644761	1.062509261	1.062484671
	1.012511632	1.062645028	1.062641207	1.0624897	1.062644958
	1.06249482	1.044798361	1.062644403	1.062592852	1.062499746
	1.062643251	1.062504085	1.060234133	1.062414266	1.062507384
	1.06263793	1.062496828	1.062633048	1.062461415	  1
	-2.969799018e-29	0.9966376256	  1	5.467894084e-29	0.6909337345
	0.9942599854	0.9811910986	0.9588734614	0.9704652875	0.987303881
	1.069240359	0.949341707	0.9539429952	1.05162853	1.06308617
	0.9490064684	0.9472286685	1.06173497	1.062482138	0.9470055444
	0.9481578128	0.9470288544	0.9480657885	1.062477753	1.062597571
	1.062482812	1.062659248	0.9480504911	0.9470550865	0.9470682897
	0.9480326761	0.9470690322	0.948008521	1.062485201	1.06266619
	0.947062342	0.9479765251	0.9470509978	0.9479368817	1.062486188
	1.062671216	0.9478893155	0.9470371712	1.062676386	1.062486289
	0.9470238936	0.9478374967	1.062680925	1.062485704	1.062684335
	1.062484492	0.9477855343	0.9470122126	1.062482658	1.062686327
	1.062480192	1.062686744	0.9470039634	0.9477384451	1.062477089
	1.062685466	0.9469933606	0.9477080132	0.9477783409	0.9469729711
	0.9530880172	0.9485087967	1.00632952	0.9701687402	1.062473363
	1.062682457	1.058429113	1.041412984	1.062488527	1.061779972
	1.062677692	1.062469058	1.062671248	1.062464281	1.062465655
	1.062525239	1.062459119	1.062663224	1.062451699	1.062574238
	1.062453784	1.062653818	1.062643316	1.06244862	1.06244375
	1.062582139	1.062632033	1.062444021	1.062620364	1.062440466
	1.06243959	1.06258936	1.062598386	1.062438737	1.062608928
	1.062624575	1.062511394	1.062471267	1.062592177	1.062541389
	0.9814978202	0.9698939934	1.062240861	1.062633576	1.062502989
	1.062469573	1.059336445	1.038854952	1.006539818	0.947105285
	1.062634601	0.9722858135	0.9468044863	1.062467415	0.9525328492
	0.9474868434	0.9479014283	1.062635799	0.9467909666	0.9469637555
	1.062465507	0.9476880294	0.9469496194	0.9476787004	0.9468140797
	0.9477293239	1.062637388	0.9469272384	1.062464036	0.9476914382
	0.946903759	0.9477025114	1.062639139	0.9468800186	1.062463141
	0.9477115074	0.9468562571	0.9477195448	1.062640903	0.946833278
	1.062462931	0.9477394692	1.0626426	0.9468001073	1.06246348
	0.9477522533	0.947774441	1.062644168	0.9467838606	1.062464854
	0.9478149872	0.9479369152	1.062645575	1.062467072	0.9487664205
	0.9492858101	0.9535354437	1.062646778	0.9587974081	1.062470143
	0.9939808395	1.062647764	1.000027233	1.062474022	1.062648481
	1.062478602	1.062511062	0.6759536475	1.062648933	1.013197688
	1.062483757	1.062649092	1.062508691	1.062643929	1.062489275
	1.062648815	1.045318645	1.062494895	1.062412667	1.062647996
	1.062500312	1.062646487	1.060146861	1.062505061	1.062421097
	1.062639982	1.062469831	1.062510773	1.062464948	1.062634192
	1.062625351	  1	-8.939932659e-29	0.9965579342	  1
	9.932638412e-29	0.6926656694	0.9929309527	0.9800513447	0.9690499743
	0.9582651494	0.9876174212	1.068740225	0.9492545165	0.9535051515
	1.063130537	1.05136785	0.9472575869	0.9490207387	1.06166769
	1.062491238	0.9470319217	0.9482728545	0.9481778965	0.9470423934
	1.062588505	1.062479835	1.062482997	1.062660665	0.9470552313
	0.9481408248	0.9470572764	0.9481017237	0.9470510899	0.9480551169
	1.062484608	1.0626707	0.9480023133	0.9470399883	0.9470236166
	0.9479457152	1.062485286	1.062677151	0.9478872655	0.9470079282
	1.062485267	1.062683011	0.9469954308	0.9478295766	1.062484612
	1.062687866	1.062691369	1.062483306	0.946987375	0.9477771639
	1.062693311	1.062481331	1.062693542	1.062478666	0.9477425885
	0.9469773366	1.062475313	1.062691963	0.9478095234	0.9469589242
	0.9485325886	0.9530801984	1.006330323	0.9701744998	1.058432297
	1.041406172	1.062471287	1.062688506	1.062489755	1.061774434
	1.062465414	1.062520325	1.06246666	1.062683173	1.062461506
	1.062676003	1.062450134	1.062569715	1.062455964	1.062667129
	1.062441061	1.062578096	1.062656772	1.062450274	1.062645216
	1.062444822	1.062436083	1.062585979	1.06243998	1.062632787
	1.062619955	1.062436352	1.062595848	1.062434788	1.06260742
	1.062469383	1.062590081	1.062543691	1.062636129	1.062237242
	0.9798439421	1.062506503	1.062466852	1.05932634	0.9529415846
	1.038858202	0.9490003456	1.062638305	1.006544738	0.9722822931
	1.062464283	0.9525454107	0.9467390066	0.9478563095	0.9474744299
	1.062639975	0.9478221052	0.9479311928	0.9469467318	1.0624622
	0.9477225971	0.9469313237	1.062641749	0.9477154064	0.9469070835
	1.062460675	0.9477306113	0.9468801837	1.062643576	0.947744938
	0.9468515995	1.0624598	0.9477568594	0.9468232122	1.062645396
	0.9477673399	0.9467970621	1.062459666	0.9477804963	0.9467723565
	1.062647134	0.9477972604	0.946748828	1.062460355	0.9467296911
	1.062648752	1.062461926	0.9479532585	0.9470034636	1.06265018
	0.9486638341	1.062464414	0.9578558776	1.062651404	0.9681926375
	1.062467828	0.9924359481	0.999011639	1.062652352	1.062472096
	1.062513527	1.062624785	1.06265301	0.676551033	1.062635
	1.062477143	1.013419204	1.062653379	1.062482811	1.062653374
	1.062488861	1.04554668	1.062652846	1.06249504	1.062330684
	1.062651732	1.062500983	1.060087917	1.062649789	1.062506178
	1.062424189	1.062646639	1.062510187	1.062455926	1.062641887
	1.062512535	1.062464762	1.062513032	1.06262398	  1
	-1.489054539e-28	0.9966594255	  1	1.436119681e-28	0.6933453672
	0.9917374346	0.978700353	0.9674918952	0.9575410012	0.9877875662
	1.068474559	0.9530414491	0.9491391916	1.05119852	1.063157896
	0.9472783427	0.9490266869	1.061626373	1.062495305	0.9470485819
	0.9483751363	0.9482774755	0.9470425755	1.062586227	1.062479955
	1.062482253	1.062664925	0.9470453832	0.9482155684	0.9470374246
	0.9481509091	0.9480831304	0.9470244121	1.062483595	1.06267672
	0.9480138457	0.9470075957	0.9479442144	0.9469905899	1.062683963
	1.062484189	0.9478782042	0.9469772356	1.06269024	1.062484144
	0.9478198053	0.9469688191	1.062695306	1.06248344	1.062698884
	1.062482036	0.9477808196	0.9469594071	1.062479906	1.062700771
	1.062477026	1.062700824	0.9469432604	0.9478439905	1.062473404
	1.062698917	0.9485584003	0.9530718723	1.006331447	0.9701801376
	1.058436023	1.041398511	1.062491442	1.061767895	1.062469072
	1.062694994	1.062465506	1.06251459	1.062564429	1.062448744
	1.062689018	1.062464082	1.062458545	1.062681057	1.062573336
	1.062438411	1.062671258	1.062452603	1.062432523	1.062581954
	1.062659841	1.062446557	1.062647108	1.062440801	1.062592768
	1.062430692	1.062633393	1.06243571	1.062432059	1.06261928
	1.062605494	1.062587421	1.06254612	0.997954659	1.062640023
	1.06223288	0.9779680568	1.062463629	1.062510214	1.05931506
	1.038862347	1.062642709	1.006549178	1.062460843	0.972278739
	0.9469033878	0.952558389	0.9474614663	0.9466787342	1.062644574
	0.9479633094	1.062458656	0.9478699661	0.9469285429	0.9477608366
	0.946910426	1.062646431	0.9477575149	1.062457094	0.9468828335
	0.9467861108	0.9477763438	0.9468524435	1.062648325	0.9477934639
	1.062456237	0.9468202437	0.947808061	1.0626502	0.9478248393
	1.062456178	0.9467514377	0.9478454246	0.946716971	1.062652005
	1.062457007	0.9466866292	0.9479016747	1.062653663	0.9479783718
	1.062458788	0.9485685316	0.9487053322	1.062655134	0.9523314731
	1.062461574	0.9568210739	0.9663393466	1.062656344	0.9909738426
	1.06246534	1.062657249	1.062470052	1.062515936	0.6768772851
	1.062657841	1.062515394	1.06247561	1.013514325	1.062658092
	1.062643473	1.062481827	1.062657872	1.062488462	1.045690148
	1.062657062	1.062278959	1.062495262	1.062655592	1.062501783
	1.060050324	1.062653095	1.06242421	1.062507533	1.062649221
	1.062512024	1.062449452	1.062462812	1.062514715	1.062635351
	1.062626177	1.062623675	1.062466588	  1	-2.078225033e-28
	0.9968291087	  1	1.873285969e-28	0.6937061869	0.990524974
	0.9771284983	0.9657941508	0.9567179478	0.9879089731	1.068303442
	0.9489953922	0.9525606596	1.051085697	1.063174884	0.9472823953
	0.9490284551	1.061600403	1.062496845	0.9470534825	0.9484625308
	0.9483556195	0.9470309445	1.062587651	1.062479114	1.062481071
	1.062670701	0.9470213707	0.9482711337	0.9470068194	0.9481814712
	0.9469890732	0.9480941061	1.062482369	1.062683597	0.9480113682
	0.9469697309	0.9469557047	0.9479351864	1.06248298	1.062691369
	0.9469479682	0.9478685514	1.062482936	1.062697974	0.9478234556
	0.9469395772	1.062703247	1.062482183	1.062480673	1.062706905
	0.9478819435	0.946926123	1.06247837	1.062708756	1.062475265
	1.062708614	0.953062843	0.9485864173	1.062471365	1.062706372
	1.006332888	0.9701856326	1.058440777	1.041389801	1.061760083
	1.062493647	1.062466017	1.062507809	1.062701918	1.062466691
	1.062447628	1.062558276	1.062567801	1.062435822	1.062695245
	1.062461334	1.062455389	1.062686423	1.062577225	1.062428896
	1.06244903	1.062675592	1.062426429	1.062589091	1.062442637
	1.062663	1.062648936	1.062436545	1.062603064	1.062427574
	1.062633783	1.062431224	1.062618255	1.062644633	1.062549043
	0.9969363898	1.062460103	1.062227124	0.9758609438	1.06251509
	1.059301702	1.062647553	1.038867561	1.062457166	0.9484088089
	1.006552816	0.9722754764	0.9525723101	1.06264951	0.9474469892
	0.9466276525	0.9479533156	1.062454885	0.9479993567	0.946907566
	0.9478042302	1.06265144	0.9468868628	1.062453278	0.9467400345
	0.9478050403	0.9468560782	0.9478283242	1.062653403	0.9468209263
	1.062452431	0.9478503368	0.9467818343	0.9478707516	1.062655358
	1.062452444	0.9478948051	0.9466962564	0.9479219125	1.062657225
	0.9466517227	1.062453419	0.9480100411	1.062658945	0.9468131382
	1.062455437	0.9484857499	0.9517284773	1.06266043	0.9557205781
	1.062458523	0.9643680921	0.9894792148	1.062661621	1.062462688
	1.06266248	1.062467882	1.062518535	0.6770867267	1.062662982
	1.013563248	1.062473987	1.062663075	1.062517071	1.062644857
	1.062480806	1.062662571	1.045791916	1.06248812	1.062242326
	1.062661421	1.062495648	1.062659462	1.06002596	1.062502851
	1.062422539	1.062656302	1.062509233	1.062651628	1.062447224
	1.06251415	1.062459969	1.06263548	1.062629854	1.062517846
	1.062463312	1.062622175	1.062583901	  1	-2.659193035e-28
	0.9969145414	  1	2.303057692e-28	0.6939316341	0.9892076504
	0.9753236785	0.9639797091	0.9558178765	0.98799965	1.068182817
	0.9520725013	0.9488263566	1.051005999	1.063185966	0.9472673412
	0.9490218382	1.061583683	1.062497012	0.9485331282	0.9470403901
	0.9484114951	0.9470056963	1.062591168	1.062477783	1.062479659
	1.062677354	0.9469849731	0.9483028624	0.9469659204	0.9481931741
	0.9469460691	0.9480914728	1.062481013	1.062691055	0.9480009582
	0.9469310883	0.947924612	0.9469237794	1.062481674	1.062699278
	0.9469168469	0.9478723279	1.06270622	1.062481636	0.9479249101
	0.9469068568	1.06248083	1.062711715	1.062479202	1.062715487
	0.9486173561	0.9530531921	1.06247672	1.062717294	1.062473381
	1.062716966	1.006335096	0.9701911866	1.06246917	1.062714333
	1.058446516	1.041378783	1.062496636	1.061750727	1.062499779
	1.0624669	1.062446781	1.062551024	1.062464154	1.062709305
	1.062433393	1.062561348	1.062425269	1.062571658	1.062458411
	1.062701872	1.062692085	1.062452028	1.062422043	1.062584715
	1.062445257	1.062680109	1.062422866	1.062600072	1.062438502
	1.062666203	1.062650636	1.062432023	1.062426508	1.062616825
	1.062633917	1.062456342	1.062219822	1.062520901	1.062652753
	1.05928599	0.9735452798	0.9623218352	1.038873335	1.062453258
	0.9511524549	1.006556146	0.9722719184	1.062654793	0.9525874546
	0.9474310481	1.062450868	0.9480395233	0.946884322	1.0626568
	0.9478533444	0.9468598997	0.9479785758	1.062449204	0.9466843442
	0.947860196	0.9468243577	1.062658855	0.9478895727	0.9467835018
	1.062448357	0.9479172992	0.9467366709	1.06266089	0.9479460261
	1.062448446	0.9466281879	1.062662841	0.9480087105	0.9465898817
	1.062449583	0.9480507306	0.946733414	1.0626646	0.948423133
	0.94811855	1.062451832	0.9545939868	1.062666097	1.062455256
	0.9878093517	0.995942335	1.062667266	1.062459857	1.062553001
	1.062578927	1.062668048	0.6772339242	1.062619571	1.062465581
	1.013591474	1.062668426	1.062472309	1.062668267	1.062479831
	1.045868985	1.062667401	1.062487942	1.062214536	1.062665864
	1.062659582	1.062496224	1.060009609	1.062663363	1.062504086
	1.062419971	1.062511024	1.062447464	1.062654061	1.062516367
	1.062456659	1.062646103	1.062519722	1.062634359	1.062635069
	1.062520896	1.062459738	1.062521959	1.062649706	  1
	-3.229672968e-28	0.996942105	  1	2.723742067e-28	0.6940868591
	0.9876802956	0.9732634531	0.9548654517	0.9620944943	0.9880704383
	1.068092373	0.9486317995	0.951590811	1.050946862	1.063193535
	0.9490044528	0.9472313598	1.061572744	1.062496402	0.9470091701
	0.9485805209	0.9484441599	0.9469634254	1.06259595	1.06247618
	1.062684607	1.062478094	0.9469382916	0.9483127082	0.9469175906
	0.9481884874	0.9480798429	0.9469017877	1.062479541	1.062699008
	0.9479902537	0.94689582	0.9479284091	0.9468910247	1.062480262
	1.062707701	0.9479735802	0.946885177	1.06248023	1.062715008
	0.9486518747	0.9530425528	1.062479366	1.062720769	1.062724661
	1.062477615	0.9701967048	1.006337829	1.062474954	1.062726444
	1.06247135	1.06272589	1.041365951	1.058453344	1.062722834
	1.062466833	1.062500588	1.061739298	1.062468558	1.062490208
	1.062446182	1.062542415	1.062553735	1.062431029	1.062461463
	1.062717179	1.062421586	1.062565174	1.062579529	1.062417558
	1.062455301	1.062708889	1.062448455	1.062698032	1.062596415
	1.062417977	1.062441279	1.062684792	1.06261488	1.062421597
	1.062434111	1.062669415	1.062652174	1.062427245	1.06263375
	1.062210746	1.062527602	0.9948830913	1.062658324	1.059267675
	0.9710286765	1.062449099	1.038880479	1.006558663	0.9506209572
	0.9722685352	1.062660448	0.9526038816	1.062446584	0.9474131858
	0.9480851415	0.9468574444	0.9465641122	1.062662559	0.947910048
	1.062444846	0.9480363637	0.946828698	0.9479243041	0.9467876578
	1.062664706	0.947961607	1.062443994	0.9467387457	0.9479980496
	0.9466811966	1.062666845	1.062444164	0.9466175367	0.9480695404
	1.062668858	0.9481023192	1.062445452	0.9466671605	0.9483829052
	0.9478460251	1.062670658	1.06244797	0.9534802844	0.9602585474
	1.062672158	0.9858992805	1.062451776	1.062673261	1.062456872
	1.062557522	0.6773439134	1.062673926	1.062526001	1.062463207
	1.013609046	1.062674123	1.062633679	1.06247062	1.062673648
	1.062478886	1.045930087	1.062672458	1.062192405	1.062487784
	1.062513131	1.062670542	1.062496781	1.059998303	1.062667453
	1.062416925	1.062505418	1.062662888	1.062449227	1.062656177
	1.062453066	1.062519234	1.062646696	1.06252314	1.062639409
	1.062455935	1.062524579	1.062615938	1.062655163	1.062572855
	1.06245235	  1	-3.787412461e-28	0.9968362087	  1
	3.133679274e-28	0.6942010372	0.9858272096	0.9709621929	0.9538850289
	0.9601838258	0.9881277425	1.068021415	0.9511246372	0.9484134106
	1.050901256	1.063198886	0.9489746811	0.9471711929	1.061565626
	1.062495309	0.9469595525	0.9486034804	0.9469077091	0.948451599
	1.06260161	1.062474388	1.062476386	1.062692368	0.9468836015
	0.9483054356	0.9481744427	0.9468675556	0.9480678993	0.9468628038
	1.062477941	1.062707471	0.9479942138	0.9468609072	0.9480297843
	0.9468604445	1.062478729	1.06271667	0.9530309756	0.948690666
	1.062478702	1.062724397	1.006341488	0.9702021513	1.062730445
	1.062477782	1.06273449	1.062475914	1.058461601	1.041350445
	1.062473048	1.062736224	1.062469185	1.062735423	1.061725733
	1.062505387	1.062464353	1.062731904	1.062470982	1.062478731
	1.062446251	1.06253231	1.062544637	1.062428879	1.062557401
	1.062417868	1.062725539	1.062458602	1.062412885	1.062573368
	1.062412819	1.062592044	1.062451984	1.0627163	1.062704265
	1.062444673	1.062416432	1.062612368	1.062689626	1.062437108
	1.062633213	1.062422255	1.062429469	1.062672582	1.062653502
	1.062664294	1.062535777	1.062444664	1.059246002	1.038888873
	0.9683466809	0.9582442591	1.006560443	1.062666531	0.9722650254
	1.062442	0.9526218992	0.9473930675	0.9481372292	0.9466175553
	1.062668744	0.9468265515	0.9465515	0.9481351467	1.062440175
	0.9479760891	0.9467919116	0.9480003524	1.062671011	0.9467436469
	1.06243932	0.9480472874	0.9466850119	0.948093512	1.062673231
	0.9466163316	1.062439558	0.9481628214	1.062675304	1.062441038
	0.948367329	0.9475985416	0.9501498392	1.062677128	0.9524107749
	1.06244387	0.9836590426	1.062678586	0.993788761	1.062448104
	1.062679594	1.062453738	1.062563029	0.6774299293	1.062680148
	1.013620547	1.062460693	1.062680152	1.062528859	1.062631611
	1.062468779	1.062679356	1.04598022	1.06247785	1.062174122
	1.062677833	1.062487653	1.062515856	1.06267533	1.059990365
	1.06249761	1.062413589	1.06267144	1.062507284	1.062665854
	1.062452041	1.06244925	1.062657864	1.062522607	1.062646734
	1.062644911	1.062526875	1.062451904	1.062611282	1.06266102
	1.062530845	1.062448107	1.062564922	1.06219944	  1
	-4.330209338e-28	0.9964954817	  1	3.53125142e-28	0.6942891275
	0.9835636378	0.9684530276	0.9582938777	0.9528986221	0.9881755273
	1.067963776	0.9481730197	0.9506797649	1.050865019	1.063202728
	0.9470884032	0.9489292337	1.061561223	1.062493868	0.94860305
	0.9468918718	0.9484389567	0.9468449774	1.06260798	1.06247242
	1.062700645	1.062474525	0.9482877967	0.9468270146	0.9481609719
	0.9468235945	0.9480720895	0.9468256707	1.062476198	1.062716475
	0.9480952538	0.9468319732	0.9487348718	0.9530180776	1.062477056
	1.062726245	1.006346118	0.9702073924	1.062477043	1.062734424
	1.058471562	1.041331895	1.062740807	1.062476077	1.062474072
	1.062744991	1.062511536	1.061709291	1.06247101	1.062746674
	1.062466883	1.062745601	1.062465076	1.062474147	1.062461719
	1.062741553	1.062446826	1.062520289	1.062534125	1.062427085
	1.062414209	1.062548214	1.062565866	1.062408141	1.062455568
	1.062734401	1.062586648	1.062407492	1.062609143	1.062410926
	1.062448471	1.062724117	1.062710783	1.062440726	1.062632233
	1.062416972	1.062694588	1.062432718	1.062654638	1.062424514
	1.062675682	1.06243992	1.059220262	1.038899187	1.062673071
	1.006561024	0.9722616865	1.06243709	0.952641749	0.9473700155
	0.9497493731	1.062675411	0.947381456	0.9481976679	0.9467901659
	1.062435177	0.9480540356	0.9467483801	0.946551494	0.9481997754
	1.06267777	0.9480903583	0.9466913201	1.062434305	0.9481479072
	0.9466217395	1.062680065	1.062434646	0.9482315211	0.9465838076
	1.062682188	0.9483763503	1.062436345	0.9514125098	1.062684012
	0.9563380576	0.9655717287	1.0624395	0.9809950552	0.9926448145
	1.062685426	1.062444164	1.062545518	1.062185521	1.062686367
	0.677499635	1.062555085	1.062450341	1.0136283	1.062686815
	1.062457963	1.062686514	1.062466871	1.04602253	1.062685291
	1.062476985	1.062158546	1.06268328	1.062659219	1.062487827
	1.062518884	1.05998485	1.062680033	1.062498826	1.062410025
	1.062675363	1.062509467	1.062455686	1.06266869	1.062445212
	1.062526394	1.062650871	1.062646098	1.06253148	1.062447624
	1.06262855	1.062534064	1.062667307	1.062604952	1.062536527
	1.062443583	1.062569641	1.062670721	  1	-4.855920475e-28
	0.9958994569	  1	3.914889272e-28	0.6943596047	0.9807975242
	0.9657820321	0.9564695781	0.9519238598	0.9882164151	1.067915606
	0.9479137994	0.950260108	1.050835587	1.063205465	0.9488693367
	0.9469861057	1.061558893	1.062492129	0.9468147436	0.9485818462
	0.9484164945	0.9467812202	1.062615017	1.062470264	1.062472491
	1.062709465	0.9482712739	0.9467774357	0.9481649991	0.9467837359
	0.9467987046	0.9481728044	1.062726081	1.06247429	0.9487857736
	0.9530037268	1.006352176	0.9702122374	1.062475233	1.062736462
	1.058483673	1.041309241	1.062745153	1.06247525	1.061689439
	1.062519122	1.062474222	1.062751873	1.062472098	1.062756213
	1.062448692	1.062478476	1.062468842	1.062757838	1.062464446
	1.062756446	1.062448044	1.062505993	1.062458945	1.062751809
	1.062521533	1.062425632	1.062410679	1.06253753	1.062403165
	1.062557075	1.062401996	1.062580056	1.062743793	1.062452357
	1.062405215	1.06260502	1.062630554	1.062411451	1.062732366
	1.062444751	1.06271762	1.062436571	1.062655434	1.062419262
	1.062699672	1.062678678	1.062427998	1.059189296	1.038911738
	1.062680119	1.006560093	1.062431846	0.9627816775	0.9722584452
	0.9526636834	0.9473434333	0.9494237044	1.06268256	0.9482684229
	1.062429822	0.946747021	0.9465651664	0.9481465911	0.9466964802
	1.062685011	0.9481957862	1.062428948	0.9466301596	0.9482594784
	0.9465585808	1.062687387	0.9483036815	1.062429388	0.9484062356
	0.9471971868	1.062689556	1.062431291	0.950504702	0.95458722
	1.062691385	0.9778684483	1.062434778	0.991416783	1.062692746
	1.062439928	1.062557428	0.6775577788	1.062693583	1.062577738
	1.062446769	1.013633573	1.062693802	1.062596915	1.062455193
	1.06269305	1.062465065	1.046059145	1.062691419	1.062144908
	1.062476242	1.062531039	1.062688864	1.062488088	1.059981206
	1.062671159	1.062684869	1.062406237	1.062500271	1.062679261
	1.06251203	1.062460083	1.062440929	1.062522524	1.062659992
	1.062657317	1.062644735	1.062443066	1.062536878	1.062624167
	1.062540015	1.062674084	1.06243875	1.062543426	1.062542691
	1.062677635	1.062168242	1.062434847	  1	-5.362470359e-28
	0.9949682537	  1	4.28307863e-28	0.6944176378	0.9774575479
	0.9630255428	0.9547407705	0.9509749793	0.988252225	1.067874358
	0.9476436392	0.9498689318	1.050811309	1.063207326	0.9468717502
	0.9487994977	1.061558261	1.062490102	0.9485506596	0.946739457
	0.9467249287	0.9483963872	1.062622707	1.0624679	1.062470262
	1.062718884	0.9482747594	0.9467340373	0.9482650688	0.9467595555
	0.9488450359	0.9529875533	1.062472204	1.062736322	0.9702163501
	1.006359998	1.058498501	1.041281406	1.062747386	1.062473252
	1.061665111	1.062528674	1.062756607	1.062473292	1.062428907
	1.062484079	1.062472231	1.062763695	1.062469998	1.062768204
	1.062450108	1.062488962	1.062466545	1.062769746	1.062461871
	1.062768001	1.062506704	1.062424523	1.062762725	1.062456
	1.062407319	1.062524695	1.062398228	1.06254671	1.062396152
	1.062572136	1.062399187	1.062599902	1.062753769	1.062448914
	1.062405622	1.062628183	1.06241382	1.06265577	1.062741081
	1.062440818	1.062432215	1.062724735	1.062422993	1.06268145
	1.062704736	1.062687687	1.038927415	0.9901331173	1.062426219
	1.006556829	0.9600694946	0.9530216084	0.9722556773	0.9526878065
	1.062690239	0.9473123769	0.947043553	1.062424079	0.9483517731
	0.9466957019	0.9482550763	1.062692798	0.946636358	1.062423185
	0.9483125776	0.9465675899	0.9483703877	1.062695249	0.9465574362
	1.062423724	0.9484517616	0.9491693631	1.062697447	0.9496967368
	1.062425874	0.9742476968	1.062699233	1.062429774	1.062700484
	1.0624355	1.062572018	0.6776074758	1.062701181	1.013637101
	1.062443056	1.062701093	1.062551714	1.062586593	1.062452289
	1.062699895	1.046091569	1.062463206	1.062132658	1.062697868
	1.062475519	1.06253646	1.062694561	1.059979116	1.062526881
	1.062673322	1.062488624	1.062402202	1.062689716	1.062502151
	1.062682873	1.062465194	1.062515072	1.062436377	1.062660283
	1.0626643	1.062438204	1.06264224	1.062543186	1.062618213
	1.062681378	1.062547278	1.062433589	1.062527235	1.06268509
	1.06258766	1.062429432	1.062146743	1.059151594	  1
	-5.847859325e-28	0.993651324	  1	4.634366339e-28	0.6944665591
	0.9735264133	0.9602671096	0.9500683181	0.953128804	0.9882842543
	1.067838267	0.9495133737	0.9473730727	1.050791094	1.063208455
	0.9467614686	0.9487280084	1.061559078	1.062487782	0.9466740831
	0.9485251627	0.948398709	0.9466767991	1.062631077	1.062465303
	1.062467819	1.062728933	0.9483740304	0.9467133586	0.9489142513
	0.9529694367	1.006370484	0.9702187851	1.062747264	1.06246993
	1.058516871	1.041246313	1.062540606	1.061635066	1.06275904
	1.062471084	1.062404772	1.062491397	1.06276884	1.062471183
	1.062468471	1.062453214	1.062470104	1.062776333	1.062781013
	1.062467757	1.062488965	1.062424024	1.062464099	1.062782463
	1.062459134	1.062780328	1.062403954	1.062509581	1.062774337
	1.062452867	1.062534263	1.062393236	1.06239018	1.062562745
	1.062392867	1.062593505	1.062399393	1.062624921	1.062764316
	1.062445271	1.062655587	1.062408094	1.062684069	1.062417671
	1.062436767	1.062750207	1.062732045	1.062709766	1.062427622
	1.062420175	1.006549798	0.972253924	1.062698511	0.9527133162
	0.9575247162	0.9516478702	0.9472763581	1.062417912	0.9489766889
	0.9484487295	0.9466359275	1.062701153	0.9483762985	0.9465736298
	1.062417015	0.9484285393	0.9465525144	1.062703644	0.9485017032
	0.946916304	1.062417693	0.948988363	1.06270583	1.062420131
	0.9701435885	0.988785835	1.062707546	1.06242446	1.038947349
	1.059104848	1.062708705	0.6776508595	1.062119715	1.062430776
	1.01363933	1.062709252	1.062439071	1.062708726	1.062449259
	1.046120903	1.062707069	1.062461419	1.062121397	1.062704502
	1.062638508	1.062474952	1.062542843	1.059978365	1.062700343
	1.062489457	1.0623979	1.062694535	1.062504318	1.062471028
	1.062686296	1.062518849	1.062431529	1.062675146	1.062532081
	1.062671849	1.062659573	1.062433015	1.062550715	1.062689255
	1.06261034	1.062555934	1.062428074	1.062573472	1.062561889
	1.062693114	1.062507747	1.062600002	1.06242361	1.062590218
	1.062695838	  1	-6.310171377e-28	0.9919582226	  1
	4.967366005e-28	0.6945086085	0.9690266892	0.9575952922	0.9492231082
	0.951653395	0.9883134666	1.067806075	0.947119313	0.9492024388
	1.063208942	1.050774165	0.9486708928	0.9466686739	1.061561196
	1.062485155	0.9485259734	0.9466182021	0.9466602872	0.9484972439
	1.062640138	1.062462454	1.062739675	1.062465153	0.9489936334
	0.9529497589	1.006384942	0.9702175221	1.041200984	1.058540093
	1.062467436	1.06275893	1.062555779	1.061597185	1.062374958
	1.062500831	1.062771482	1.062468735	1.062457675	1.062443576
	1.062468909	1.062781918	1.062467718	1.062424157	1.062467815
	1.062789838	1.062465363	1.062794695	1.062400911	1.062491522
	1.06246151	1.062796024	1.062456263	1.062793434	1.062519424
	1.062388068	1.062449559	1.06278664	1.062551368	1.062383947
	1.062585764	1.062386311	1.062620681	1.06239278	1.06265463
	1.062402034	1.062441454	1.062775448	1.062686404	1.062412111
	1.062714789	1.062422666	1.062432552	1.062759797	1.062739571
	1.00653605	0.9722546879	0.9873883801	1.062707373	0.9527369806
	1.06241133	0.9472360513	0.948555751	0.9465723586	0.9488310536
	1.062710077	0.9484973885	1.062410431	0.9465442079	0.9485460669
	0.9468066823	1.062712599	1.062411244	0.9483712915	0.9504524939
	0.9552093253	1.062714767	0.9656187676	1.062413968	1.062716406
	1.062418765	1.038973555	0.6776894498	1.062717466	1.062613399
	1.06242576	1.013640543	1.062717734	1.062483085	1.062434883
	1.062716662	1.062446185	1.04614795	1.062714626	1.062110833
	1.062459637	1.062559741	1.062711333	1.062474486	1.05997883
	1.062657949	1.062706225	1.062393301	1.062490591	1.062699227
	1.062507149	1.062477587	1.062689537	1.062426352	1.062523432
	1.062676226	1.062538103	1.062680035	1.062427467	1.062550489
	1.062633111	1.062697748	1.062600008	1.062422149	1.06256652
	1.062556686	1.062574425	1.06270176	1.062417374	1.062615521
	1.062085187	1.062704611	1.059045388	1.062413715	  1
	-6.747581679e-28	0.9898948435	  1	5.280763423e-28	0.6945453547
	0.9640566775	0.955106716	0.950331415	0.9484601747	0.9883405684
	1.067776864	0.9469029014	0.948946479	1.063208843	1.050759978
	0.9465903875	0.9486506452	1.061564493	1.062482208	0.9486232272
	0.946605036	0.9490787278	0.9529306249	1.062649937	1.06245934
	1.062462223	1.062751134	0.9702072091	1.006406141	1.058570321
	1.041139864	1.062575321	1.061548284	1.062464718	1.062771382
	1.062513115	1.062337432	1.062463883	1.062412904	1.062784779
	1.062466187	1.062441931	1.062425216	1.062466456	1.062795884
	1.062398143	1.062469842	1.062465374	1.06280425	1.062462835
	1.062809279	1.062382843	1.062501689	1.062458795	1.062810459
	1.062453233	1.062807375	1.062537711	1.062377418	1.062446024
	1.062799716	1.062576125	1.062379372	1.062615292	1.062385962
	1.062652928	1.062395449	1.062406312	1.062688274	1.062787241
	1.062437493	1.062417383	1.062719795	1.062747226	1.062769847
	1.062428135	1.062716869	0.9722617834	1.062404274	0.9527487725
	0.9471965394	0.9531624135	0.9494093723	0.9486588293	1.062719632
	0.9465298193	1.062403365	0.9486030846	0.9467042217	0.9487142717
	1.062722169	0.9478342884	1.062404331	0.9607436095	1.062724283
	0.9859573183	1.062407388	1.062725826	1.062412716	1.039009774
	0.677724353	1.062726772	1.013640923	1.062420422	1.062726617
	1.062635497	1.062451242	1.062430439	1.062725031	1.04617334
	1.062443059	1.062100735	1.062722552	1.062457838	1.062570711
	1.062718237	1.059980415	1.062559601	1.062655004	1.062474248
	1.062388375	1.06271222	1.062492215	1.062528787	1.062703857
	1.062484914	1.062510652	1.062420826	1.062692317	1.062676532
	1.06268888	1.062545445	1.062421521	1.062625662	1.062706898
	1.06241582	1.062586495	1.062579484	1.062535117	1.062711065
	1.062590213	1.062410716	1.062040046	1.062714022	1.062643771
	1.062406806	1.058966961	1.006509001	  1	-7.158363752e-28
	0.9876022362	  1	5.573321779e-28	0.6945779307	0.9587798987
	0.9528761791	0.94917906	0.9478012233	0.9883661182	1.067749938
	0.9467230031	0.9487641464	1.063208199	1.050748107	0.9487305393
	0.9465697833	1.061568916	1.06247893	0.9491534859	0.9529185375
	1.006439787	0.9701749543	1.062660486	1.062455915	1.062763365
	1.062459023	1.058611465	1.041052645	1.062601278	1.06148265
	1.062529375	1.062288874	1.062461763	1.062784673	1.062472417
	1.062374361	1.062410266	1.062427461	1.06279896	1.062463433
	1.062443499	1.062395851	1.062810777	1.06246383	1.062377553
	1.06248035	1.062462776	1.062819622	1.062460156	1.062824835
	1.062370666	1.06252116	1.062455931	1.062825854	1.062450014
	1.062822231	1.062564492	1.06237189	1.0624423	1.062813605
	1.062608199	1.0623788	1.062650422	1.062388561	1.062689556
	1.062400126	1.062411784	1.062724727	1.062799712	1.062433451
	1.062423394	1.062755055	1.062780328	1.062396715	0.9527223724
	0.9471761872	1.062729849	0.9487251259	0.9513823741	0.9466068657
	1.062395806	0.9486327941	0.9473624825	1.062732372	0.9484894825
	1.062396939	0.9556502717	0.9844164995	1.062734415	1.062400342
	0.9722836617	1.006454423	1.062735891	0.6777564074	1.058857913
	1.062406244	1.013640596	1.062736647	1.062414709	1.062735892
	1.062425819	1.046197534	1.062733906	1.062439864	1.062090934
	1.06273069	1.062568709	1.062455985	1.062584162	1.059983074
	1.06272539	1.062474433	1.062383114	1.06271834	1.062554237
	1.062675861	1.062494315	1.062493006	1.062708142	1.062514933
	1.062414915	1.062694578	1.062535273	1.062698427	1.062415175
	1.062650384	1.062570654	1.062716758	1.06261551	1.062409056
	1.062595728	1.06272107	1.062506943	1.062610437	1.062403583
	1.062409186	1.062662046	1.062724131	1.061978672	1.062685431
	1.062399397	1.039063192	1.062727051	  1	-7.540896289e-28
	0.9852270541	  1	5.843886458e-28	0.6946071731	0.9533611742
	0.9509645966	0.9482034826	0.9472497102	0.9883905286	1.067724764
	0.9466328575	0.9487075208	1.06320704	1.050738253	0.9529284222
	0.9491750052	1.061574389	1.062475281	1.006497686	0.9700889716
	1.040919255	1.058670949	1.062671823	1.062452172	1.06245554
	1.062776416	1.062637336	1.061389594	1.062551465	1.062223534
	1.062484274	1.062324607	1.062798838	1.062458557	1.062431434
	1.06237045	1.062411135	1.062394127	1.062814081	1.062460459
	1.062372352	1.062454353	1.06282667	1.062461011	1.062363512
	1.062501119	1.06283603	1.062460009	1.062457332	1.062841433
	1.062364106	1.062550224	1.062452923	1.062842268	1.062838062
	1.06244658	1.062599275	1.062370997	1.062438433	1.062828379
	1.062381333	1.062646641	1.062690291	1.062393567	1.062729483
	1.062405947	1.062418225	1.062763043	1.062429287	1.062812936
	1.062791212	0.9525837062	0.9472272094	0.9828032518	1.062740776
	0.9485932865	1.0623877	0.9469470206	0.9476833994	0.9498566208
	1.062743268	0.9504655868	1.062389004	1.062745233	1.062392796
	0.9723340584	0.6777862302	1.062746648	1.039148032	1.062399332
	1.01363966	1.062747037	1.061890702	1.062408614	1.062745657
	1.062421014	1.046220919	1.062743283	1.062081306	1.062436451
	1.06261656	1.062739053	1.062454385	1.059986742	1.062601744
	1.062732928	1.062377473	1.062474978	1.062724197	1.06256492
	1.062496961	1.062501902	1.062712267	1.062408604	1.062520212
	1.062696048	1.062543137	1.062708742	1.062673947	1.06240839
	1.062643487	1.062584213	1.062727374	1.062401816	1.062600892
	1.062544967	1.062731824	1.062469132	1.06239595	1.062637303
	1.062351418	1.06269896	1.062734976	1.062391469	1.062745942
	1.05869574	1.062737954	1.006342038	1.062388619	  1
	-7.893669335e-28	0.9828694633	  1	6.091389702e-28	0.6946337303
	0.9493906498	0.9480127435	0.9468745534	0.9474370369	0.9884141475
	1.067700932	0.9489335377	0.9529794273	1.063205363	1.050730147
	0.9698560438	1.006602755	1.061580887	1.062471258	1.058761961
	1.040701298	1.061248357	1.06269034	1.062448093	1.062683992
	1.062790327	1.062451747	1.062582855	1.062130816	1.062501213
	1.062257656	1.062437866	1.062319026	1.062813937	1.062455077
	1.062393406	1.062370462	1.062422205	1.062367274	1.062830209
	1.062457252	1.062476621	1.062356039	1.062843628	1.062457995
	1.062532641	1.062355847	1.062457073	1.062853541	1.062454358
	1.06285915	1.062362627	1.062588157	1.062449731	1.062859805
	1.062442915	1.062854967	1.062641335	1.062373653	1.062434537
	1.062844125	1.062690186	1.062386486	1.062399974	1.062733985
	1.062412634	1.062771337	1.06280243	1.062826913	1.062424841
	1.062752465	0.9473490823	1.062379007	0.9469381099	0.9485764795
	0.9453322329	1.0627549	0.9811011387	1.062380491	1.062756812
	1.062384709	0.9724073267	0.6778143315	1.062758146	1.013638185
	1.062391906	1.062757929	1.062838042	1.061756383	1.062402109
	1.062756012	1.046243779	1.062415981	1.062071715	1.062753116
	1.062432967	1.06264415	1.062747843	1.059991406	1.062622311
	1.062582669	1.062453047	1.062371438	1.062740546	1.062475741
	1.062577954	1.062729978	1.062511652	1.062500552	1.062401865
	1.062715957	1.062526584	1.062696593	1.062719865	1.06255284
	1.062401141	1.062670246	1.062633573	1.062738793	1.06260116
	1.062394076	1.062512448	1.062743379	1.06238778	1.062416358
	1.062674697	1.06226787	1.062746616	1.062753251	1.06238297
	1.058435473	1.062749641	1.039290827	1.062379936	1.006101264
	0.9520142832	  1	-8.215290657e-28	0.980631586	  1
	6.314854717e-28	0.6946581118	0.9482116532	0.9429613512	0.9469110845
	0.9529580348	0.9884372209	1.067678081	0.9690876888	1.00678247
	1.06320319	1.050723602	1.058898125	1.040322906	1.062466836
	1.061588401	1.062771066	1.061017107	1.062629761	1.061991043
	1.062697027	1.062443645	1.06244762	1.062805154	1.062526363
	1.062162945	1.062448288	1.062249884	1.062394365	1.062317705
	1.062451306	1.06283003	1.06238163	1.062362477	1.062348337
	1.062446165	1.062847409	1.062453797	1.062510808	1.062347016
	1.06286173	1.062454766	1.062574259	1.062353684	1.062872249
	1.062453956	1.062451226	1.062878092	1.062634097	1.062365414
	1.062446315	1.062878568	1.062439094	1.062873036	1.062689231
	1.062378898	1.062430606	1.062860949	1.062737893	1.062393557
	1.062779964	1.062406978	1.062419871	1.062814162	1.062841576
	1.062369663	0.9402899598	0.9792909912	1.062767351	1.06237133
	0.9482963317	0.9492189358	1.062769264	0.6778410952	1.005464207
	1.062376037	1.013636197	1.062770354	1.062383875	1.062769311
	1.062395205	1.04626637	1.062767168	1.062410752	1.062062084
	1.062763406	1.062339089	1.062429397	1.062682478	1.059997064
	1.062757002	1.062451855	1.062364991	1.062748207	1.062622786
	1.062619139	1.062477056	1.062522284	1.062735716	1.062505091
	1.062394669	1.062718955	1.062534516	1.06273185	1.062695894
	1.062564779	1.062393392	1.06266395	1.062594346	1.06275108
	1.062385793	1.06255562	1.062650775	1.062755799	1.062465945
	1.062379028	1.062729378	1.062759109	1.062140367	1.062835068
	1.062373861	1.061537956	1.062968174	1.062762166	1.057976929
	1.039520681	1.062370619	0.9722876703	1.062764978	  1
	-8.504490893e-28	0.9792563123	  1	6.513399547e-28	0.6946806986
	0.9380281318	0.9533607594	0.9658471388	1.006868554	0.9884599822
	1.067655948	1.039547575	1.059030759	1.06320052	1.050718473
	1.062877803	1.060601079	1.061596918	1.062461987	1.062699891
	1.061767769	1.062022001	1.06256508	1.062710972	1.0624388
	1.062820954	1.062443134	1.062465521	1.062152358	1.062398189
	1.062246539	1.062358537	1.062328812	1.062847185	1.06244722
	1.062340568	1.062407217	1.062337503	1.062483455	1.062865765
	1.062450074	1.062556525	1.06234425	1.062881069	1.062451314
	1.062356323	1.062624647	1.062892253	1.062450656	1.062447907
	1.062898376	1.062686896	1.06237105	1.062898691	1.062442641
	1.062435219	1.062892405	1.062741442	1.062386379	1.062878876
	1.062426462	1.062401235	1.0627885	1.062414532	1.062826707
	1.062856965	1.062780727	1.062361483	0.9775641105	0.677866847
	1.062782675	0.9719861871	1.062366662	1.013633748	1.062783153
	1.057047019	1.062375137	1.062781484	1.062388078	1.046288916
	1.062779198	1.062052336	1.062405086	1.062809172	1.062773984
	1.062425799	1.06000371	1.062396494	1.062766724	1.062358096
	1.062450821	1.06275584	1.062651573	1.06247914	1.062533851
	1.062741292	1.062386983	1.062510781	1.062720951	1.062544582
	1.062744762	1.062693194	1.062385109	1.062579749	1.062653751
	1.062615531	1.062764298	1.062597454	1.062376931	1.062515724
	1.062690253	1.062769148	1.06236965	1.062738155	1.062220901
	1.062772526	1.061936139	1.062364083	1.062935789	1.061154536
	1.063040943	1.062775608	1.062360605	1.039597809	1.003074275
	1.062778386	0.9389205331	1.0623596	  1	-8.760128492e-28
	  1	0.9775762262	0.6947018291	6.686240643e-28	0.9553643586
	1.006351252	1.037431206	1.058618082	1.067634299	0.9884826292
	1.062876604	1.059778125	1.063197345	1.050714627	1.06138248
	1.062774471	1.061606444	1.06245668	1.06262183	1.061801412
	1.062493952	1.062008648	1.062725884	1.062433528	1.062438259
	1.062837795	1.062146379	1.062407207	1.062257072	1.062356612
	1.06235597	1.062332961	1.062865483	1.062442794	1.062327635
	1.062448096	1.062334057	1.062533582	1.062885369	1.062446062
	1.062346553	1.062612255	1.062901752	1.062447619	1.062682713
	1.062362588	1.062913682	1.06244716	1.062444357	1.062920163
	1.06274454	1.062378725	1.062438712	1.062920315	1.062913171
	1.062431371	1.062796953	1.062395044	1.062421978	1.062898011
	1.062408969	1.062839956	1.062873327	1.062795181	1.062350844
	0.6778918675	1.062797003	1.013630863	1.038122984	1.055111634
	1.062356406	1.062796618	1.06236589	1.062794855	1.046311592
	1.062380492	1.062042392	1.062889553	1.062791693	1.06239884
	1.0628165	1.062289224	1.062785349	1.060011353	1.06242234
	1.062350728	1.062691666	1.062776698	1.062449939	1.062763653
	1.062546409	1.062482271	1.062599355	1.062686958	1.062378773
	1.062746172	1.062518068	1.062721538	1.062758672	1.062557536
	1.062376251	1.062637175	1.062778524	1.062643819	1.062367438
	1.062563825	1.062454508	1.062783508	1.062746973	1.062359588
	1.062031992	1.062786951	1.062353576	1.061581388	1.062882202
	1.06043866	1.062790046	1.062312933	1.062349821	0.9986212228
	1.062792791	0.985603501	1.062348746	  1	-8.981194678e-28
	1.005084084	  1	6.832695866e-28	0.6947217736	1.03782683
	1.054870611	1.058564384	1.061854825	0.9885053191	1.067612922
	1.062636353	1.060674784	1.063193653	1.050711963	1.062662358
	1.061415501	1.062450882	1.061616997	1.062535549	1.061783789
	1.06199887	1.062425309	1.062741824	1.06242779	1.062432959
	1.062855754	1.062358632	1.062155443	1.062285834	1.0623265
	1.062400564	1.062317797	1.062437998	1.062885015	1.06232305
	1.062503329	1.062336282	1.062595421	1.062906332	1.062441735
	1.062353206	1.062676223	1.062443668	1.062923909	1.062746729
	1.062370791	1.062936696	1.062443456	1.062440472	1.062943632
	1.062805405	1.062388154	1.062434626	1.062943552	1.062427653
	1.062935592	1.062853933	1.062403348	1.062918458	1.062890781
	1.062416873	0.6779163808	1.062339259	1.013627558	1.062812249
	1.062345298	1.06281111	1.062356081	1.046334567	1.062809329
	1.060875656	1.062372031	1.062726153	1.062032188	1.062804788
	1.062392369	1.060020019	1.062797661	1.062824833	1.062358277
	1.062418695	1.062342851	1.062786762	1.06244971	1.062560022
	1.062771498	1.062486531	1.06237	1.06274973	1.062528034
	1.062773659	1.062719311	1.062574568	1.062366774	1.06267487
	1.062626032	1.062793846	1.062609477	1.06268309	1.062357264
	1.062510471	1.062748814	1.062798971	1.062348779	1.062115226
	1.062880203	1.062802481	1.061685711	1.062342262	1.06166167
	1.062805589	1.059340864	1.057310272	1.062338184	1.057548826
	1.020435281	1.062808332	1.062336984	1.062810809	  1
	-9.166816921e-28	1.022454926	  1	6.952187182e-28	0.694740759
	1.062569007	1.056171369	1.059384369	1.061164876	0.9885282001
	1.067591636	1.062383426	1.060608967	1.063189427	1.0507104
	1.061383397	1.062533783	1.062444555	1.061628606	1.06245064
	1.061771781	1.062368081	1.062005992	1.062758863	1.062421546
	1.062874923	1.062427194	1.062184833	1.062323627	1.062308753
	1.062333812	1.062311864	1.062461708	1.062905892	1.062432793
	1.062571707	1.06232543	1.062342956	1.062666587	1.062928784
	1.062437061	1.062362521	1.062747153	1.062439453	1.062947702
	1.0623805	1.062814072	1.062961502	1.062439451	1.06296893
	1.062436171	1.062397669	1.062868324	1.062430779	1.062968693
	1.062959928	1.062423613	1.062411239	1.062909884	1.062940129
	1.013623843	1.062828464	1.062333196	1.062826881	1.062345492
	1.055615538	1.046357999	1.06282487	1.062021661	1.060867454
	1.062362622	1.062818826	1.062385744	1.060029739	1.06286949
	1.062810645	1.06233443	1.062414855	1.062797007	1.062450561
	1.062574769	1.062562623	1.062778496	1.062360618	1.062492533
	1.062751027	1.062541798	1.06278982	1.062711526	1.062356622
	1.06259808	1.06265249	1.062663781	1.062810368	1.062346338
	1.062740958	1.062423978	1.062827525	1.062815651	1.062198922
	1.062337144	1.061772797	1.062595313	1.062819241	1.062330061
	1.061111254	1.059214747	1.062822369	1.060256013	1.062325551
	1.021570047	1.062825143	1.062324166	0.6779405933	1.062827784
	1.062326707	-9.316262627e-28	  1	1.020674289	  1
	7.044242966e-28	0.6947589846	1.057264408	1.054529346	1.058440146
	1.060468571	0.9885514134	1.067570272	1.062101281	1.06039555
	1.063184643	1.050709876	1.061349168	1.062401916	1.061641314
	1.062437653	1.062375257	1.061784569	1.062040771	1.062325324
	1.062777089	1.062414744	1.06289541	1.062420917	1.062237809
	1.062302539	1.062400915	1.062302085	1.062537044	1.062314252
	1.062427136	1.062928248	1.062332584	1.062651138	1.06274497
	1.062353343	1.062952892	1.062432019	1.062372692	1.06282245
	1.062434916	1.062973332	1.062391236	1.062883243	1.062988288
	1.062434991	1.06299635	1.062431732	1.062930628	1.062405752
	1.062996152	1.062427171	1.062418693	1.062986036	1.062963639
	1.062845617	1.062320052	1.020715418	1.062844506	1.046382039
	1.054122932	1.058362917	1.062333861	1.062010747	1.062841167
	1.06235236	1.062443692	1.062834314	1.060040556	1.062378761
	1.062325421	1.062823695	1.062813513	1.062486658	1.06241124
	1.062807314	1.062590741	1.062452628	1.062350574	1.062783037
	1.062502002	1.062747285	1.062807266	1.062562184	1.06234573
	1.062692841	1.062634663	1.062611008	1.062828212	1.062720993
	1.062334585	1.062285569	1.062833686	1.062836919	1.0623246
	1.061863294	1.060796044	1.062837377	1.060561008	1.062316824
	1.054829064	1.0628405	1.062311742	1.062843534	1.062310327
	0.6779646912	1.062846187	1.013619725	1.062312858	-9.428941989e-28
	  1	1.018556389	  1	7.108499875e-28	0.6947766287
	1.051358129	1.052624022	1.057313479	1.059672803	0.9885750926
	1.067548669	1.060137779	1.061804024	1.063179272	1.050710339
	1.06228634	1.061324705	1.062430122	1.061655178	1.062319424
	1.061822452	1.06229775	1.062104054	1.062407328	1.062796608
	1.062917348	1.06241407	1.062315294	1.062293384	1.062486424
	1.062303816	1.062322767	1.062625478	1.062420986	1.062952248
	1.06273827	1.062343634	1.062365096	1.062828843	1.062426542
	1.062978855	1.062383895	1.062898905	1.063001	1.062429943
	1.062952628	1.062400499	1.063017405	1.062430128	1.062427366
	1.063026286	1.062989652	1.062413034	1.063026047	1.062423362
	1.063014185	1.062305996	1.046406839	1.062863824	1.062320562
	1.061999379	1.05236401	1.057376142	1.062858534	1.062341625
	1.060052529	1.0628509	1.062371029	1.062315771	1.062836381
	1.062409227	1.062608047	1.06281541	1.062775618	1.062458062
	1.062339803	1.062781934	1.062659497	1.062519559	1.062826131
	1.062732683	1.062594066	1.062334019	1.062682769	1.062847534
	1.062551564	1.062321919	1.062371006	1.06278624	1.062853245
	1.061933046	1.06227931	1.062311005	1.060659468	1.059952514
	1.062857004	1.062302355	1.049336078	1.018816659	1.06286029
	1.062296783	1.062863836	0.6779888504	1.062295168	1.013615203
	1.062865671	1.06229742	1.062864481	  1	-9.504410333e-28
	1.01576249	  1	7.144704266e-28	0.6947938527	1.045518652
	1.050409481	1.058812454	1.056020148	1.067526672	0.988599374
	1.061506413	1.059852716	1.063173277	1.050711755	1.062189866
	1.061326041	1.062421899	1.061670275	1.062286238	1.061888323
	1.062189708	1.062287648	1.062399228	1.062817549	1.062406596
	1.062940904	1.062412588	1.062294746	1.062587186	1.062312376
	1.062334161	1.062725071	1.062414252	1.062978094	1.062831691
	1.062357283	1.062376618	1.062914592	1.063006859	1.062420537
	1.062395005	1.062975289	1.063031088	1.062424563	1.062407351
	1.063018432	1.063049267	1.062424781	1.062423273	1.063058945
	1.063044717	1.063058764	1.062418783	1.046432557	1.06288419
	1.016991717	1.061987487	1.062305805	1.062877316	1.06233096
	1.060065734	1.062866601	1.060467825	1.062305417	1.062364551
	1.062847284	1.062410849	1.062729596	1.062626822	1.062818394
	1.06272669	1.062328226	1.062468095	1.062775385	1.062539888
	1.062846578	1.062711306	1.062321405	1.062627725	1.062614301
	1.062868519	1.062439924	1.0623082	1.061972018	1.062084542
	1.062874459	1.062296169	1.05923924	1.056259549	1.050346008
	1.062878407	1.043925816	1.062286642	1.062882172	1.062290506
	1.062280431	0.6780132412	1.06288591	1.062278227	1.01361027
	1.062886449	1.062280507	1.062885772	  1	-9.542369834e-28
	1.013124974	  1	7.152713207e-28	0.6948108068	1.039797932
	1.047923977	1.0579071	1.054619512	0.9886244012	1.067504118
	1.05955035	1.061228351	1.063166609	1.050714102	1.061353289
	1.062114289	1.061686703	1.062412908	1.061986875	1.062268239
	1.062298711	1.062291388	1.062840075	1.062390375	1.062398385
	1.062966278	1.062305918	1.062524344	1.062698738	1.062326342
	1.062348313	1.062830655	1.062406819	1.063005967	1.062369879
	1.062929547	1.0629995	1.062388374	1.062414088	1.063037278
	1.063049371	1.062402578	1.063064084	1.062418489	1.063078398
	1.062413047	1.062419165	1.063083997	1.063094948	1.062419535
	1.063094168	1.061974991	1.062904738	1.062291267	1.062896948
	1.060080264	1.048057454	1.054989505	1.062320019	1.062294285
	1.062881424	1.062357996	1.062858638	1.062647228	1.062409197
	1.062652967	1.062315763	1.062820579	1.062674611	1.062477413
	1.062761346	1.062868806	1.062568782	1.062307751	1.062665843
	1.062495365	1.06289132	1.062293243	1.061998143	1.06183746
	1.06022455	1.062897627	1.058417706	1.06228007	1.038784419
	1.062901986	1.015378797	1.062269379	1.062906286	1.062273565
	1.062262335	0.6780380372	1.062262463	1.062909728	1.013604912
	1.062259327	1.0629089	1.062909284	1.046459364	  1
	-9.542670716e-28	1.010527861	  1	7.132495041e-28	0.6948276333
	1.045288603	1.034490218	1.053132449	1.056967058	0.9886503328
	1.06748084	1.059245711	1.060972038	1.050717374	1.063159211
	1.062066443	1.06140115	1.061704592	1.062403073	1.062108323
	1.062265342	1.062430063	1.062301498	1.062864382	1.062380641
	1.06299365	1.062389292	1.062322942	1.062650347	1.062817411
	1.062343015	1.062364455	1.062939158	1.062398778	1.063036213
	1.06302562	1.062381207	1.063082729	1.062397727	1.062406982
	1.063070571	1.062406717	1.063116765	1.063100099	1.062411544
	1.063132682	1.062415171	1.063122095	1.062414043	1.063134585
	1.062273764	1.06009624	1.062919607	1.062303096	1.062282296
	1.04556063	1.062899192	1.062349338	1.06266946	1.059916335
	1.062864446	1.061551585	1.062415468	1.062302272	1.062804885
	1.062508449	1.06289298	1.062713639	1.062606678	1.062292866
	1.06255272	1.062547767	1.062916248	1.062014043	1.062277036
	1.0575032	1.062923106	1.053559805	1.062262405	1.033971558
	1.013900426	1.06292784	1.062250387	1.062928177	1.062932843
	1.062253878	0.6780634183	1.062242606	1.013599109	1.062934686
	1.062238854	1.062933808	1.062243602	1.046487449	1.062934318
	1.061961802	  1	-9.505311802e-28	1.008342261	  1
	7.084129513e-28	0.6948444723	1.029762536	1.042589197	1.056014716
	1.05157827	0.9886773472	1.067456655	1.058941505	1.060730638
	1.063151022	1.050721584	1.061474539	1.062039205	1.062392262
	1.0617241	1.06224683	1.062279753	1.062572631	1.062319156
	1.06289063	1.062369876	1.062379406	1.063023321	1.062340506
	1.062787441	1.062360447	1.062940376	1.063048544	1.062377575
	1.062389991	1.063069198	1.06311695	1.062392657	1.062401426
	1.063159523	1.063106891	1.062398879	1.062408857	1.063176077
	1.063139698	1.062403977	1.063178674	1.062409341	1.063164448
	1.060113804	1.062938617	1.012427088	1.062269312	1.062292136
	1.042917224	1.062905397	1.062354136	1.062693668	1.062849149
	1.062287578	1.062436867	1.062767535	1.06252234	1.062919389
	1.062608975	1.062276801	1.062429876	1.062011085	1.061241666
	1.062943594	1.059549206	1.062259436	1.056503035	1.051993248
	1.062950824	1.029641059	1.062243121	1.062956389	1.06225315
	1.062229966	0.67808958	1.062961667	1.062963097	1.062220531
	1.013592825	1.062961891	1.062215683	1.062964014	1.062219525
	1.046517031	1.061947827	1.06222862	1.062956497	  1
	-9.430440561e-28	1.006605411	  1	7.007807447e-28	0.6948614651
	1.03992544	1.025709456	1.055068399	1.049983667	0.9887056464
	1.067431377	1.060509823	1.05862945	1.063141948	1.050726737
	1.061567401	1.062024582	1.061745303	1.062380338	1.062404931
	1.062301995	1.062344969	1.062723058	1.062358152	1.06291907
	1.062368515	1.063055648	1.062925842	1.062359261	1.062375637
	1.063064434	1.062387193	1.063152785	1.063105194	1.062380077
	1.063204041	1.062398455	1.062401738	1.063224986	1.063147233
	1.062389396	1.063227059	1.062404589	1.063183887	1.063212352
	1.062396227	1.062255222	1.062947614	1.011037389	1.062287448
	1.062900088	1.040232533	1.062720069	1.06235772	1.062271832
	1.062821316	1.062435349	1.06090925	1.062658984	1.062948298
	1.062305508	1.062259488	1.061995526	1.059139085	1.062973395
	1.055438832	1.06224017	1.050324948	1.025859764	1.062981658
	1.062221655	1.062989029	1.062237607	1.06220614	0.6781167373
	1.06220723	1.06299122	1.062994245	1.013586037	1.06219329
	1.062994649	1.062188406	1.062998426	1.046548328	1.062191798
	1.061932939	1.062978624	1.060133001	  1	-9.318352496e-28
	1.005304158	  1	6.903829802e-28	0.694878775	1.022371667
	1.037398041	1.048388346	1.054138194	0.9887354042	1.067404787
	1.060312703	1.058313849	1.050732727	1.06313188	1.062024193
	1.061668377	1.061768437	1.062367312	1.062573024	1.062327345
	1.062882986	1.062369251	1.062345121	1.062950201	1.062356194
	1.063091104	1.062380205	1.063062508	1.062385887	1.06318267
	1.063248862	1.062394538	1.062368791	1.06314538	1.062395203
	1.063280226	1.063280498	1.062398095	1.062378612	1.063192419
	1.062389661	1.063265782	1.063233373	1.062282553	1.062749143
	1.062873066	1.062345912	1.062254657	1.037622105	1.048607176
	1.06270854	1.062173676	1.062980254	1.06197263	1.060566423
	1.062240001	1.058696699	1.054347	1.063007174	1.062217808
	1.022644854	1.009732246	1.063017525	1.062196296	1.062950736
	1.063026761	1.062219283	0.6781450489	1.062178297	1.01357876
	1.063029236	1.062164153	1.062164385	1.063030523	1.062161761
	1.046581456	1.063029892	1.061917053	1.063018769	1.062184534
	1.06015402	1.062995717	1.062240125	  1	-9.169489549e-28
	1.004447921	  1	6.77260681e-28	0.6948966479	1.019718464
	1.035097291	1.046834853	1.053242438	0.9887667822	1.067376568
	1.060136952	1.05800266	1.050739753	1.063120774	1.06203392
	1.061775829	1.062352777	1.06179414	1.062742079	1.062357238
	1.063041172	1.062389592	1.06233042	1.062984558	1.062342505
	1.063130605	1.062394592	1.063199112	1.062393451	1.063289613
	1.063335339	1.06239294	1.063190372	1.062355764	1.063340036
	1.062388564	1.062383135	1.063324883	1.063242909	1.062367009
	1.063289437	1.062781738	1.062756848	1.008507529	1.06223494
	1.062042383	1.035189074	1.061943485	1.060227411	1.063016571
	1.058238621	1.062217661	1.053262741	1.046905738	1.063045473
	1.019987594	1.062192679	1.063057749	1.062254059	1.062169447
	0.6781747573	1.0630663	1.063000067	1.062148714	1.013570876
	1.063065829	1.062133985	1.062133603	1.063070422	1.062128858
	1.046616966	1.063062109	1.061899987	1.063044934	1.062159766
	1.060177616	1.062223246	1.062208521	1.062929156	  1
	-8.984439878e-28	1.003977329	  1	6.614657588e-28	0.6949153562
	1.017686932	1.033092097	1.045370912	1.05240385	0.9888003953
	1.06734644	1.057701735	1.059984063	1.050748265	1.063108315
	1.062049404	1.061884442	1.061822681	1.062336452	1.062911074
	1.062383833	1.063190477	1.062409365	1.063022725	1.062314026
	1.062326812	1.063174684	1.062398445	1.063324825	1.063387258
	1.062394559	1.062381207	1.063404691	1.062340158	1.063241055
	1.062375869	1.063387287	1.062355864	1.063352092	1.063299503
	1.06221345	1.06191305	1.059903368	1.057783146	1.063056516
	1.052223195	1.062193715	1.045283737	1.033019133	1.017853426
	1.063087611	1.007367089	1.062165771	1.063102559	1.061914858
	1.062139156	0.6782067204	1.062168348	1.062985097	1.063108978
	1.013561993	1.062113348	1.063109462	1.062106285	1.062099596
	1.063110616	1.046655834	1.062092025	1.061881096	1.063091333
	1.063056336	1.060204063	1.06213586	1.062204275	1.062804275
	1.062818062	  1	-8.763938094e-28	1.003823725	  1
	6.430604932e-28	0.6949347114	1.031430583	1.01618726	1.051641312
	1.044042102	0.988836975	1.067313948	1.057419916	1.059853924
	1.063094293	1.05075797	1.062068287	1.061989998	1.062318171
	1.061854396	1.06240464	1.063069642	1.063332867	1.062418183
	1.062295428	1.063065164	1.062308737	1.063224184	1.063431156
	1.062398892	1.063470361	1.062379745	1.063455438	1.062365337
	1.063297586	1.062323065	1.062347009	1.063420545	1.063362548
	1.051260844	1.063101376	1.043797761	1.031166086	1.062166257
	1.016202016	1.006325075	1.063136458	1.062134352	1.057347194
	1.063153338	1.059606103	0.6782410066	1.062103417	1.013552265
	1.063154395	1.062075806	1.062086861	1.063041372	1.063157363
	1.062062113	1.063113855	1.04669777	1.063144199	1.062055597
	1.061860736	1.06207542	1.060233024	1.062183955	1.062855427
	1.061795931	1.06285804	1.061882714	1.062189881	  1
	-8.50884801e-28	1.00388129	  1	6.2211735e-28	0.6949547978
	1.030145448	1.015138544	1.04287608	1.050970856	0.9888764466
	1.067278653	1.059747035	1.057160963	1.050768898	1.063078651
	1.062091378	1.062081666	1.061889687	1.062297647	1.06321311
	1.062420477	1.063455708	1.062412681	1.062274589	1.063112654
	1.062287574	1.063280113	1.063524142	1.062388117	1.06352741
	1.062355079	1.063492342	1.062338017	1.063361059	1.063433978
	1.062305628	1.063152874	1.014954069	1.062134837	1.005429705
	1.063192276	1.029676847	1.062099736	0.6782774709	1.063206655
	1.056946464	1.062063004	1.013541818	1.063203965	1.062036925
	1.061692662	1.063203602	1.062019143	1.046743386	1.0631687
	1.061838487	1.062023037	1.063106472	1.062013122	1.060265554
	1.062905272	1.062160768	1.061858931	1.05933977	1.06290365
	1.062162605	1.050402475	1.042487615	  1	-8.220171835e-28
	1.004116074	  1	5.987191304e-28	0.6949767833	1.014494953
	1.029223964	1.041890814	1.050401646	0.9889193766	1.067240104
	1.059659769	1.056930345	1.06306099	1.050781318	1.062089492
	1.062177603	1.061929572	1.062274352	1.062417573	1.063342793
	1.062401776	1.063552351	1.063166796	1.062250325	1.063343781
	1.062262852	1.062354978	1.063595578	1.0635639	1.062326764
	1.063510763	1.062291217	1.063431542	1.062099632	1.063254766
	1.004616968	1.062060231	0.6783177308	1.028564006	1.041369458
	1.063260636	1.013529849	1.062019354	1.063257445	1.059113825
	1.061996979	1.063234428	1.04679414	1.061976736	1.06181345
	1.063170943	1.061957746	1.062959511	1.060302454	1.061599909
	1.062134686	1.061847337	1.056588486	1.062955234	1.049669774
	1.062131878	1.01408409	1.063211547	  1	-7.899062968e-28
	  1	1.00452745	5.72958169e-28	0.6950003749	1.014182581
	1.028640624	1.041083053	1.049934275	0.9889671452	1.067197257
	1.056730711	1.059581435	1.050795687	1.063040836	1.06224902
	1.062088895	1.062247806	1.061974879	1.063441989	1.062397362
	1.063632105	1.062371295	1.062222218	1.063228338	1.062237051
	1.063414199	1.063633241	1.062314529	1.062280499	1.063586895
	1.063508586	1.063319986	0.6783619918	1.062016137	1.013516449
	1.063313538	1.027797761	1.040445708	1.061977994	1.063304855
	1.056283842	1.061951382	1.046850683	1.063235076	1.06191095
	1.061785628	1.063026658	1.061525739	1.060344094	1.061841605
	1.058935353	1.062105062	1.049064774	1.063013982	1.062096613
	1.013608716	1.003917323	1.063278466	1.062060896	  1
	-7.546778741e-28	1.004957217	  1	5.449361425e-28	0.6950261645
	1.014175917	1.028381342	1.040420974	1.049560206	0.9890204808
	1.067149398	1.059512467	1.056548315	1.063018082	1.050811664
	1.062307539	1.062061449	1.06221767	1.062026041	1.063510243
	1.062369184	1.063681011	1.062314244	1.063297709	1.062189557
	1.062215103	1.063490038	1.063652245	1.062270326	1.063588639
	0.6784115431	1.063381086	1.003471082	1.061969604	1.01350112
	1.063364871	1.061939659	1.063315772	1.061875201	1.056038476
	1.046914282	1.063091046	1.06175426	1.061479966	1.061853429
	1.058792664	1.060390959	1.062071542	1.048589517	1.039698376
	1.027383873	1.063080176	1.013448543	1.062057397	1.063352277
	1.062019316	  1	-7.164713112e-28	1.005435252	  1
	5.147635243e-28	0.695054793	1.014514416	1.028370015	1.049262511
	1.039879725	0.9890805746	1.067095366	1.056382986	1.059443758
	1.062992505	1.050828873	1.062331489	1.062016294	1.062183389
	1.062083365	1.062310417	1.063561146	1.062257459	1.063691698
	1.062154615	1.063373119	1.063567856	1.063659822	1.062202523
	1.013483775	1.061928303	1.063394181	1.061868085	1.063160426
	1.027286749	1.039097206	1.046985802	1.06144377	1.061719263
	1.061889311	1.058695338	1.055841523	1.060442709	1.048247372
	1.062033834	1.01363805	1.063153712	1.003129739	1.062015489
	1.063427334	1.061975315	0.6784672414	1.063430314	-6.754371718e-28
	  1	1.006073158	  1	4.825593672e-28	0.6950872724
	1.028531966	1.015138362	1.039426615	1.049025897	0.989148441
	1.067034092	1.059352731	1.056233269	1.062964526	1.050845618
	1.062329254	1.061961407	1.062145634	1.062144767	1.063572994
	1.062226721	1.062196292	1.06369276	1.06212461	1.063449624
	1.063640969	1.063251549	1.061426287	1.047066006	1.06192439
	1.05865022	1.027403623	1.06168052	1.05570011	1.048012812
	1.060497905	1.03862136	1.061992761	1.014296379	1.002941583
	1.063231653	1.061974095	1.063489868	1.061868954	1.063455213
	0.6785306798	1.061930047	1.013464183	-6.31737582e-28	  1
	1.006566032	  1	4.484505643e-28	0.6951250921	1.016049956
	1.028854189	1.03900815	1.048828904	0.989224974	1.066964414
	1.059256284	1.056068236	1.062934905	1.050858674	1.06186649
	1.062319466	1.062208508	1.06210379	1.062158263	1.063550069
	1.063681677	1.063517973	1.062110185	1.061975046	1.058623313
	1.003236155	1.047154633	1.055612411	1.061638756	1.047879485
	1.038241831	1.027740041	1.060552836	1.015276219	1.061951163
	1.063304617	1.061934534	0.6786031963	1.063511811	1.061864815
	1.013442735	1.063324803	1.061444953	  1	-5.855448738e-28
	1.007015347	  1	4.125715048e-28	0.6951707838	1.017370068
	1.029220826	1.048649113	1.038615413	1.066885492	0.989310279
	1.05590195	1.059157696	1.062905202	1.05086136	1.062270606
	1.061761049	1.062260528	1.062068015	1.063530836	1.062085157
	1.063555646	1.047249973	1.04785011	1.003639052	1.061595818
	1.037934207	1.028242197	1.016626559	1.060598965	1.061914318
	1.063340318	1.061868882	0.6786866281	1.063358842	1.013420291
	1.061458187	1.0620494	1.058628168	1.055540692	  1
	-5.370415228e-28	1.007767216	  1	3.750634108e-28	0.6952281997
	1.029530903	1.018956025	1.038246539	1.048496355	0.9894035138
	1.066796531	1.05902438	1.055758456	1.062877269	1.050840259
	1.062196388	1.06169658	1.062271346	1.063411132	1.062027287
	1.061555054	1.0185936	1.004126515	1.060608732	1.061859886
	1.02872639	1.037691583	1.063176177	0.6787826982	1.061452725
	1.013398764	1.062065089	1.058679238	1.055497015	1.047866566
	1.047347177	-4.864188805e-28	  1	1.008111922	  1
	3.360737852e-28	0.6953039324	1.020725289	1.029875441	1.037862681
	1.048370545	0.989501739	1.066694723	1.055582888	1.058919408
	1.050758295	1.062831806	1.061662177	1.06205649	1.062086785
	1.060416333	1.061454965	1.005489851	0.678893252	1.061809665
	1.058697976	1.013379667	1.055458428	1.047924228	1.037474238
	1.029281051	1.047427536	1.020728747	1.061497404	  1
	-4.3387678e-28	  1	1.008276192	2.957548248e-28	0.6954078201
	1.022924069	1.030169637	1.037510662	1.048254839	0.9895907721
	1.066545117	1.055297325	1.058931936	1.062464879	1.050437177
	1.060685552	1.058964649	1.0586937	0.6790141301	1.055085337
	1.013339194	1.048043709	1.037256195	1.029856085	1.022998166
	1.047349888	1.006742641	1.061104515	  1	-3.796207529e-28
	1.009351276	  1	0.6955387647	2.542524804e-28	1.025315264
	1.030293646	1.037092761	1.048261877	1.066003296	0.98953916
	1.059813388	1.053781861	1.04881586	0.6790647483	1.048126791
	1.012975172	1.036774861	1.030155255	1.025975491	1.007317791
	1.046103736	1.058372468	1.051967313	  1	-3.238444309e-28
	1.009452407	  1	2.116477012e-28	0.6955093106	1.030475882
	1.027511841	1.04935398	1.035106418	0.9883835449	1.04158837
	1.063063951	1.010429281	1.028217338	1.00897691	1.039402597
	1.047798937	1.030609993	0.6784169888	1.033247311	  1
	-2.666326575e-28	1.009194472	  1	1.67838434e-28	0.6940491099
	1.026810083	1.032319102	1.022522782	1.052315148	0.9821185069
	1.021266062	1.030326886	1.013699159	0.6745356706	1.028489093
	1.000501864	  1	-2.077816878e-28	  1	1.004625849
	0.6874698731	1.228181702e-28	1.033049363	1.030071452	0.9654978428
	1.017469582	0.663766382	0.9746561539	0.9851042314	  1
	-1.472535472e-28	1.019949089	  1	0.6832000354	7.668395776e-29
	0.9274381529	0.6088170717	1.174335437	  1	-8.461801446e-29
	  1	3.927987828e-29	1.075698986	  1	-4.86375879e-29
	  1	
