12221	
	-3.322675807e-33	4.214218592e-33	0.05777440828	2.495796865e-33	-0.05517034802
	0.05744545669	-8.528061923e-33	-0.03220113922	0.06103647904	0.01032104929
	0.03829895793	-1.14402742e-32	-0.03168011035	1.400719905e-32	0.06887069176
	-0.02681354098	0.0001984516364	0.05024394592	0.0271200767	-0.02993310615
	-0.02141750956	1.40747815e-32	-0.02139118904	0.02621359429	-1.035123657e-32
	0.0419269943	-0.01884797962	0.04003867104	-0.0221204399	0.02663104556
	0.005749763831	-0.01057860969	0.02682408496	0.02617847669	0.04753170144
	0.007568377308	0.01932744593	-8.983421468e-33	-0.01519532943	1.273203971e-32
	0.02616963827	-0.02158736029	0.03267173969	-0.01372081549	0.0229408906
	0.005552066454	-0.0008218266142	-0.00913199719	-0.0149258602	-0.01858269735
	0.03803142038	0.01227220427	0.02025529039	0.03836099583	0.0106708411
	0.01532356879	-7.86747664e-33	-0.01143400673	1.147152692e-32	0.02582430877
	-0.01114530509	0.01942485639	-0.01835058116	-0.005979622002	-0.001491992571
	0.01480798419	0.004398791423	-0.007902541091	0.00364067298	-0.00380923116
	0.006638099066	0.01198678711	-0.01138160287	-0.0157706869	0.02797853261
	0.003007766146	0.01338955905	0.02971607702	0.01277851662	-7.250394812e-33
	-0.009176209035	1.084932632e-32	0.02081588754	-0.009437423156	0.01582635046
	-0.01506184865	0.003920355736	-0.004065100458	-0.001623914097	0.009109392808
	-0.005387964076	0.001623074478	-0.0008411343133	0.002893722538	0.008500667876
	-0.007280902475	-0.009114231075	0.005612921328	-0.006898911992	0.009116580925
	0.01968399871	-0.009177017163	0.01004008391	0.001513074373	0.01955067878
	1.048780191e-32	0.01101550207	-6.784022626e-33	-0.007693718729	0.01745763025
	-0.008221311875	0.01345116279	-0.01240282727	0.003502380189	-0.003337800236
	-0.002219459875	0.0064767531	-0.004537937033	0.001600885073	-0.0008118321814
	0.002725712099	-0.004702738794	-0.006125885639	0.003358900128	0.003571358817
	-0.005958802851	0.007903217133	0.004799935757	-0.008070515224	-0.004324589056
	0.007583266996	0.01442938751	-0.00404269768	0.01070446857	0.008742193758
	0.001472075454	0.00971713688	-6.447221203e-33	-0.006665956795	1.029039036e-32
	0.01176016802	-0.01049771551	0.01510585683	-0.007275774923	0.002905557747
	-0.002955632829	-0.002182297461	0.005282745065	-0.003567519265	0.001739159648
	-0.001734534289	0.00227507121	-0.003014218166	-0.004824349496	0.002133790378
	0.00248586391	-0.004610815678	-0.006163989865	0.003371160201	0.003912137203
	0.006518229912	-0.004989312408	0.004216720129	-0.006683840411	-0.002128203595
	-0.001010020534	0.00659892443	0.01105366362	0.003573027627	0.005992073477
	0.001312080943	0.00872290939	-6.166199005e-33	-0.005904709345	1.014379686e-32
	0.01340289095	-0.006540162764	0.0104710625	-0.009143233517	-0.00270999488
	-0.001872983375	0.004674161384	0.002409562192	0.001474114995	-0.002836314282
	0.001659640451	-0.002066020026	-0.002392672606	-0.004241790491	0.001873800169
	0.00235100523	-0.003871486293	-0.004879379219	0.002549826935	0.002816852848
	-0.004372273689	-0.005622422943	0.002955070664	0.003772065602	0.003628108402
	-0.005282558435	0.005699153746	-0.004239847917	0.001634735255	0.007185814759
	-0.0006912392212	0.005112742167	0.003972210157	-0.000249672745	0.002423389195
	0.007940951619	-5.942278121e-33	-0.00532083461	1.00352787e-32	0.01209732175
	-0.005954547101	0.009469233132	-0.008150696476	0.002053966995	-0.002492823601
	-0.001519563102	0.004242952903	0.0009504216251	-0.002387224849	0.00144178739
	-0.001973312971	0.002071355283	-0.002384393317	-0.003639890762	0.001830069514
	-0.002974340528	-0.004080886798	0.002186344429	0.00197532757	-0.003592471817
	-0.00483377367	0.002413538912	0.002793231648	-0.005297955642	0.002906643442
	0.003608194386	-0.004188111698	0.003289561243	-0.004253722539	0.005502018256
	-0.00358538626	0.002004731618	0.003752082954	0.005191911603	0.0007004366642
	-0.0002681962359	0.003558806671	0.001270455042	0.007313849493	-5.754586445e-33
	-0.004858786878	9.944408252e-33	0.01106674333	-0.005485138927	0.0086706572
	-0.007388735622	0.001819193548	-0.00230761306	-0.001255508721	0.003893952008
	-0.002132710677	0.001216151408	-0.001685423886	0.0007193347141	0.001649050927
	-0.002414963004	-0.003106571735	0.001771907921	0.001908944712	-0.002437192688
	-0.003567824105	0.001697043012	0.002328604396	-0.003066564652	-0.004168319641
	0.002043141806	-0.003630370264	-0.004561984942	0.002346642799	0.002707340216
	0.002601213727	0.003222149854	-0.003679673926	-0.004784916693	-0.002415889646
	0.002984002846	0.004798784367	-0.003640797052	0.001710852603	0.0007417985033
	0.003384546325	0.004980856642	0.0005417879133	0.0011661331	-0.0001942886826
	0.006802925176	-5.600984197e-33	-0.004486572945	9.872133693e-33	0.01023277143
	-0.005102400581	0.008025936279	-0.006783518893	0.001652593038	-0.002148728614
	-0.001070968077	0.003598026978	0.0006651860511	-0.00195445913	0.001033675963
	-0.001412216841	-0.002299802542	-0.002683089931	0.001625388189	0.001262211585
	0.001568975925	-0.002172501406	-0.003172592366	0.001673511817	0.001792440034
	0.001991197432	-0.002623440084	-0.003604911097	0.001935254081	-0.002988684976
	-0.004031362389	0.002187929873	0.002726384734	-0.003451575984	-0.004541608592
	0.002345884718	0.002480379036	-0.00349632392	-0.004244462509	0.003146426733
	-0.001571325198	-0.002695147588	0.002385115944	0.003918519494	0.0003882355033
	0.003788656941	0.002815443558	0.002259412048	-0.0001992906204	0.0005749236483
	1.461352775e-05	0.006382358234	-5.465072631e-33	-0.004181292064	9.808084603e-33
	0.009550876585	-0.004789292983	0.007497952342	-0.006291845315	0.001524517087
	-0.002018161586	-0.0009432826046	0.003352681238	-0.001806353542	0.0008998050715
	-0.001198070274	0.0006621125033	-0.002075160124	-0.002388434212	0.001450405964
	0.001014078839	-0.002058590401	-0.002828208076	0.001490866225	0.001456994911
	-0.002288051075	-0.003123777807	0.001578113846	0.001675363495	0.001687737022
	-0.00366157603	0.001965506986	-0.002469913212	0.002259856338	-0.003129848182
	-0.003967061165	0.002056317037	0.002112416958	-0.003144246968	-0.004254227007
	0.002453668762	-0.004048892961	-0.002941337394	0.003029245317	0.002410727295
	-0.001341289811	0.00222675705	-0.002015552922	0.003705460035	0.001988542405
	0.002003827463	0.002957843907	0.0006130141939	-0.0005565239312	-0.000294060652
	0.001608645716	0.006033250646	-5.353754466e-33	-0.00392929956	9.75561248e-33
	0.008984870034	-0.004529489532	0.007063353823	-0.005885959968	0.001419710256
	-0.001908583056	-0.0008444527237	0.003146836102	0.0006615295205	-0.001671498465
	0.000798093693	-0.00104594958	-0.00182733587	-0.002180005404	0.001282197516
	0.0008864861301	-0.001951550569	-0.002522951011	0.001401797791	0.001245840647
	-0.002008010763	-0.00278682287	0.001416840066	0.001409030367	-0.002219123982
	0.001580439904	-0.003267700664	0.001832785871	-0.003496591186	0.001669394966
	0.001840261709	-0.002600156288	0.002286797556	0.00199338606	-0.002865538233
	-0.004060338004	-0.003978435687	-0.003174970741	0.002145851328	0.00245176755
	-0.002365727067	0.002566579488	-0.003553024207	0.002040689579	0.00213075626
	-0.0006526707007	0.003319619367	-0.001824346406	0.0004146698767	0.003064529342
	0.001308991197	0.001868875984	-0.0009634632475	0.0005751469201	0.0002648085322
	9.706532275e-33	0.005742071827	-5.247178843e-33	-0.003718918441	0.008514710422
	-0.004313980132	0.006700911764	-0.005546813837	0.001332972353	-0.001821413599
	-0.0007671166241	0.002978433214	-0.001557494541	0.0007195446434	-0.0009294703962
	0.0006508140582	0.0008345851506	-0.001612287276	-0.002023561098	0.001147458699
	-0.001817987831	-0.00226668138	0.001291918492	0.001069823642	-0.001800221537
	-0.002545336751	0.001283746044	0.001259208406	-0.002068068419	-0.002841196956
	0.001464898973	0.001575256432	-0.002074843917	-0.003249364893	0.001421769859
	0.001697050418	-0.00357860898	0.001839297478	0.002037330006	-0.002721817548
	0.001806104085	0.002064282529	-0.002750207322	-0.003829878158	-0.003979967488
	-0.002812872689	0.002455482263	0.002116148979	0.002473218111	0.001979694124
	-0.002289808062	-0.003079741625	-0.0001320484781	0.002672038614	0.001712729703
	-0.00135422796	0.002507523021	0.001421294683	0.001688352753	2.230070694e-05
	-0.0004939346016	0.0002217837314	-9.30277642e-05	0.005498668618	-5.160013876e-33
	-0.003543775595	9.664819403e-33	0.006399518645	-0.005262780368	0.008119916208
	-0.004133003313	0.001258094205	-0.001747852845	-0.0006988681603	0.002838725192
	0.0006381011789	-0.001458539572	0.0006543942916	-0.0008433976901	-0.001441043284
	-0.001890531255	0.001035549647	0.0008083699263	0.001174035685	-0.001652567437
	-0.002073790805	0.0009400755565	-0.00165810372	-0.002341328958	0.001201385077
	0.001163676819	-0.001878318635	-0.00251001075	0.001309028324	0.001294307095
	-0.001850159896	-0.002990546756	0.001355715542	0.001682965181	-0.002330366286
	-0.003123896991	0.00150226228	0.001660516232	0.002023468128	-0.003686491082
	0.00170696604	-0.002426836989	-0.003725792928	0.00193364545	0.002164133904
	-0.002898132526	0.001837482024	-0.002482785182	0.002136634773	-0.003674289056
	0.002421302836	-0.0018658495	-0.002972943762	0.001961658164	0.002484854322
	-0.0001852042978	-0.0009986624519	0.0016462282	0.0001091382056	-0.0001878317302
	-0.0005065060231	0.001258944648	0.0008447957599	0.001259437514	0.001936368944
	0.005295366909	-5.070833142e-33	-0.003396868868	9.62200532e-33	0.007791023418
	-0.003982155416	0.006145350998	-0.00502351414	-0.001690320836	-0.000641413823
	0.002725037164	0.001195661684	0.0006226937526	-0.001379276218	0.0005984842538
	-0.0007669847006	-0.001307802789	-0.001780003453	0.0009514885348	0.0007926900896
	-0.001496247015	-0.001928092805	0.001066134295	0.0008676935532	-0.00155422065
	-0.002141914104	0.001123069202	0.001071456072	-0.001646961156	0.001155048261
	-0.002309604634	0.001121203647	-0.001810977616	-0.002645714431	0.001328395085
	0.001529185595	-0.001827683052	-0.002903098785	0.001227955751	0.001506950338
	-0.002357803743	-0.00329069822	0.001631308868	0.001902946918	-0.00348584651
	0.001852017206	0.001588473524	-0.002473216561	0.002194713114	-0.0038217368
	0.0018905468	-0.002604255296	0.001868037011	0.002111756569	-0.002562336651
	-0.003394262605	0.002060271589	-0.001436709584	0.001656814806	-0.002626093951
	0.0003396052443	0.001888042542	-0.0005614073647	0.0001508328229	0.002265745162
	0.001248417845	4.684717647e-05	0.001660199561	-0.001009682705	8.310905658e-05
	0.0007963065281	0.005126354984	-4.986827582e-33	-0.00327518933	9.583740897e-33
	0.007514960786	-0.003854722772	0.005933453491	-0.004823581331	0.001141630057
	-0.001640283582	-0.0005878112801	0.002629494782	0.0006144441445	-0.001311908403
	0.0005480869137	-0.0007053187808	-0.00120331503	-0.001680757677	0.0008767996531
	0.0007746388064	-0.001350108052	-0.001817326718	0.0009712361007	0.0008263442553
	-0.001448892255	-0.001974973093	0.0009781396202	0.001048732412	-0.001467481958
	0.001052773141	-0.002169918971	0.001071053394	-0.001738037824	-0.002321912337
	0.001221695144	0.001260719657	-0.00155726552	-0.002742060029	0.001147002718
	0.001537645363	-0.002110147996	-0.002855068107	0.001376840472	0.001578400279
	-0.002102536776	-0.003355938345	0.001835347146	0.001457935789	-0.003497488948
	0.001750602598	0.002024201382	-0.002648074916	-0.003599479604	0.001950080949
	0.001674593218	-0.002457693646	0.001872081442	0.002122854167	-0.003400678789
	-0.002288198525	-0.002280641538	0.001971702999	-0.00147205036	0.001623985727
	0.00147913569	-9.716848121e-06	8.431496406e-05	-0.0001178330182	0.0008312511309
	0.001244415371	0.001828956731	0.001409481489	0.0003072451268	-0.0008017464908
	-0.000169345888	0.004987709611	-4.902194366e-33	-0.003174879823	9.53970866e-33
	0.007286411291	-0.003748893601	0.005755761552	-0.004657563061	0.001096704488
	-0.001599319095	-0.0005437225837	0.002551844276	0.0006088049533	-0.001259776853
	0.0005051262436	-0.0006446706407	0.0007600987706	-0.001115791684	-0.001599948018
	0.0008175923466	0.0008113431652	-0.001237671929	-0.00172387985	0.0008953238976
	0.0009005903923	-0.001343245726	-0.00183801138	0.0009642345004	-0.001346301122
	0.0009813534152	-0.002032743193	0.001042353007	-0.00154941577	-0.00212979623
	0.001076533815	0.001056805625	-0.001554325583	-0.002489508106	0.001170682218
	0.001489988486	-0.00167384066	-0.002618662809	0.00109153749	0.001384465374
	-0.002028481441	-0.00304910497	0.001794218335	0.001422648281	-0.002265175962
	-0.003194061747	0.001421940416	0.001729972811	-0.003616985682	0.002041918841
	0.001677488933	-0.002395731084	0.001997948496	0.0017684921	-0.003456115477
	-0.002633744195	0.001633183275	0.001848722061	-0.003161859379	-0.002028394631
	6.152223905e-05	0.001000952217	0.0004245811725	-7.207034659e-05	-0.001253211024
	-0.002236767386	0.001653418905	0.001941154093	0.001043172738	-8.037720579e-05
	0.0007503120513	0.001679298169	0.001401687209	-0.0006106713588	0.0001263322183
	0.004875648085	-4.812452508e-33	-0.003094442195	9.49404689e-33	0.007097685987
	-0.003659405252	0.005607259889	-0.004520743578	0.001059561337	-0.001563932629
	-0.0005047104251	0.002484733867	0.0006093180607	-0.001215464893	0.0004666244789
	-0.0005933383981	-0.001036127658	-0.001530962412	0.0007609470254	0.0007450124914
	-0.001138687388	-0.001645368474	0.0008333068692	0.0007965294005	0.0008526068499
	0.0008917925975	-0.001231472701	-0.001741637798	-0.001273222875	-0.001895365367
	0.0009304954548	0.001001860266	0.0009953911395	-0.001354539754	-0.002018332206
	0.0009484670915	-0.001570703912	-0.002199266597	0.001126614978	0.0012703614
	-0.001353808235	0.001408040005	-0.002517081212	0.0009789668431	-0.001907237154
	-0.002652824914	0.001263131561	0.001544418288	-0.001865320925	-0.003049090331
	0.001245697741	0.001683789886	-0.002400825988	-0.003278023559	0.00156911327
	0.001928732181	0.0008396428022	0.00013121739	0.0001650911058	0.0001558393247
	-0.002385200587	0.001524628922	-0.003439347985	0.00185141375	-0.003531758169
	0.001772071324	0.002027627459	-0.002438816684	-0.002923929701	0.00180041169
	0.001653598633	-0.00215050904	0.001099358833	-5.436039018e-05	0.00153225914
	0.0004372002025	0.001448669306	-0.002015855744	-0.001008247398	-0.0006598311435
	0.0001864935102	0.001666616935	0.00146174563	0.004787693323	-4.729433921e-33
	-0.003032125847	9.440782053e-33	0.006945488787	-0.003584420632	0.005483278739
	-0.004411927392	0.001027984358	-0.001532888959	-0.0004741862723	0.002429750689
	-0.001180356927	0.0004371217812	-0.000547768612	0.0006125845475	0.0007388009242
	-0.0009642827911	-0.001476159312	0.0007120343047	-0.001060995541	-0.001574983025
	0.0007792270062	0.0007863092654	-0.001131108385	-0.001663208511	0.0008272867973
	0.0008241224449	-0.001776142009	0.0008737864496	0.0009362258326	-0.001195090022
	0.001002266253	-0.001204910607	-0.001933667188	0.000875975695	-0.00147028249
	-0.00200044544	0.001017657858	0.001055072935	-0.001328560366	-0.002347750388
	0.001005727065	0.001435467375	-0.001564790772	0.0009976527977	-0.002398356318
	0.001315893072	-0.001743346463	-0.002831379139	0.001226499891	0.00168851328
	-0.002092117588	-0.002938728471	0.001288850617	0.001653348711	-0.002197792349
	-0.003371435176	0.001467476437	0.001914097792	-1.859406049e-05	0.0005320491858
	6.209222428e-05	0.0005097535452	0.001166184206	0.001215557344	0.0004411079797
	-0.000161537965	-0.002593272856	-0.003386410708	0.001645088919	0.001948615472
	-0.003357694573	0.001585333025	-0.002315765108	0.001806144261	-0.002932499932
	-0.002011431035	0.001800867102	0.001690645346	0.0002642566142	-0.0005361735715
	0.001575483724	0.001319616391	-0.001776204335	-0.001118158839	0.001446540067
	0.004721294651	-4.645668967e-33	-0.002986015813	9.377771611e-33	0.006827159838
	-0.003522010442	0.005378264875	-0.004328586086	0.001001995711	-0.001505835506
	-0.0004497781693	0.002380863306	0.0006150664561	-0.001150583261	0.0004129724482
	-0.0005102274669	-0.0008952530241	-0.001433014279	0.0006693077219	0.0007366897099
	0.0007322040916	-0.0009863988928	-0.00151766374	0.0007752686673	-0.001045624692
	-0.001600126794	0.0008177431388	0.0007724761364	-0.001116640543	-0.001684603326
	0.0008160682493	0.0008863710638	-0.001830902778	0.0008288712385	0.001001080001
	-0.001124563434	0.0009515908265	-0.001281459915	-0.001899500447	0.0008873340625
	0.001292165501	-0.001389161204	-0.002116894449	0.001026348898	-0.001236299296
	-0.00231600549	0.0013076113	0.0008588509796	-0.001712162259	-0.002490562346
	0.001143953486	0.001522557484	0.0001269457524	0.0002014780545	-2.230486995e-05
	0.000743784838	-0.001690232774	0.001555802243	-0.00277141675	0.001074659182
	-0.002151498913	-0.003061430416	0.001392230129	0.001835166517	-0.002283943035
	0.001384935459	-0.00322790312	0.001775140028	0.00108956346	0.0004104033656
	-7.16466057e-05	0.001069182502	-0.000396574048	7.585247551e-05	0.001531567494
	0.00134242855	-0.003481963748	0.001634589793	0.001975050098	-0.00244875829
	0.001645628806	-0.002504737343	-0.00320958395	0.001803923962	-0.001858159139
	0.001520433749	-0.001038304396	-0.001757723676	0.001577167902	-0.002763106783
	0.001501021795	0.004674881738	-4.561027573e-33	-0.002954950309	9.305193163e-33
	0.006739639824	-0.003470830766	0.005290722567	-0.004270747354	0.0009804065701
	-0.001478799162	-0.0004310454801	0.002334056342	0.0006178391415	-0.001126028818
	0.0003947432721	-0.0004835005449	0.0007410613486	-0.0008377913094	-0.001397615282
	0.0006326467982	-0.000915476831	-0.00147083531	0.0006853971153	0.0007688505243
	-0.0009706659407	-0.00154440607	0.0008083882953	0.0007275032452	-0.001028915809
	-0.001619629345	0.0007634464397	0.0008543641868	-0.001065676499	-0.001732191641
	0.0007940584697	0.00096738963	-0.001841901571	0.0008010044576	0.0009608331004
	-0.001118153067	0.0009610520632	0.001083070098	-0.001372418775	-0.00191616843
	0.0008639949027	-0.001142235524	-0.002218393036	0.00136082134	0.001288458433
	-0.001469459017	-0.002239433628	0.0009409178849	7.973905917e-07	0.0002001687451
	2.67068028e-05	0.0007916822028	0.00105807887	-0.001520248823	-0.002626215811
	0.00158551041	0.0009816346511	0.0002118488868	0.001128667936	-5.787590422e-06
	-0.001937581131	0.00159651814	0.001173195552	-0.002711976494	-0.002010325459
	-0.003100939962	0.001268991054	0.001780430224	0.001501334983	-0.002466965124
	-0.00323435056	0.001887503586	-0.0004217220501	8.399168678e-05	0.001310388731
	0.001403547122	-0.001603673052	-0.0009234122046	0.001516564159	0.001371816376
	-0.002423325352	0.00179513576	0.001501191706	-0.003348229516	-0.003260834848
	-0.002423754951	-0.002577201471	0.001818917621	-0.002010807732	0.001542038317
	0.001686250723	0.004647511609	-4.474627405e-33	-0.002937898985	9.22222768e-33
	0.00668084325	-0.003430552141	0.005219388925	-0.004237401041	0.0009642741553
	-0.001450357842	-0.0004211271122	0.002286194264	0.0006189565527	-0.001108006074
	0.0003842223826	-0.0004659927117	-0.0007925456688	-0.001369007312	0.0006051074746
	0.0007479964289	-0.0008503433446	-0.001435138363	0.0006425224084	0.0007726584488
	-0.0009065993836	-0.001495445625	0.0008022618739	0.0006837444089	-0.0009518889517
	-0.001567964336	0.0007159289212	0.0008417433936	-0.001002973061	-0.00165008392
	0.0007513953846	0.0009199452351	-0.001010917023	-0.001777779242	0.00075526497
	0.0009843325227	-0.001812799653	0.0008542191656	0.0009471282709	-0.001229553232
	-0.0020487745	0.001300054774	0.0009192354056	-0.00121406029	0.001230250137
	-0.001168343892	-0.002145697941	0.0007802094203	-0.001512245111	-0.002359217774
	0.001028416434	0.001484511581	-0.0001122347168	0.0001264872747	-2.102488502e-05
	0.0009493183052	0.001172711411	0.000755266058	0.0002596222587	-6.741448686e-05
	0.0009601459326	-0.002536928408	-0.00155377924	0.001450754401	0.001304443251
	-0.000308880279	0.00123087797	0.0001253599322	0.001736310757	-0.001918342013
	0.001235133467	-0.002847896286	-0.002166266413	-0.002985495352	0.001256731485
	0.001697473486	0.001464741484	-0.002364501475	-0.003307601866	0.001892185575
	0.001500632925	-0.001429946932	-0.001058714495	0.001389080792	0.001630540781
	0.001600099744	-0.001971317113	-0.002585862314	-0.002630160051	0.001575672172
	0.001821444443	-0.003262771306	-0.002350563067	0.001553315494	-0.003138326364
	0.00463848683	-4.393152052e-33	-0.002934311823	9.130558522e-33	0.006648776519
	-0.003400769249	0.005163693608	-0.004227090697	0.0009536441465	-0.001419849156
	-0.00042220849	0.002235011595	-0.00109568806	0.0003842401429	-0.0004622007909
	0.0006182533209	0.0007527813464	-0.0007591637569	-0.001345492197	0.0005853153794
	-0.000791702737	-0.001408718573	0.0006070151389	0.0007832460662	-0.0008433047355
	-0.00145720265	0.0008008391312	0.00064098989	-0.0008892260258	-0.00152367619
	0.0006763883827	0.0008394684491	-0.000936863528	-0.001590803481	0.0007051993848
	0.0008886526158	-0.0009538497497	-0.001700657103	0.0007236178675	0.000981180263
	-0.001060493197	-0.00176745716	0.0007578924842	0.0009258880891	-0.001869156885
	0.001120642421	0.0009077981169	-0.001250203785	-0.002098672916	0.0007621587958
	0.001282714246	-0.001013008166	0.0002704205069	-0.0001211590019	0.001002264481
	-0.0002682638492	0.001283664001	0.0008986373602	-0.001378042791	-0.002122625325
	0.001477307894	-0.001352209744	-0.002431730446	0.0009187062846	1.922928711e-05
	0.001054729027	0.0006996388071	0.0003262843628	0.001324873647	-0.0001869037061
	0.001188366439	-8.401943295e-06	0.001532570729	-0.001772960047	-0.002519713971
	0.001073626879	0.001443907661	-0.00142173777	-0.001030458414	0.001319358957
	0.001638072026	-0.001827893262	-0.002837895058	0.001112162003	-0.00228617452
	0.001365473883	0.001799365752	-0.003035369268	-0.003198436181	0.001754949769
	-0.002413851156	0.001393609691	-0.00246715118	0.001597661668	0.001487366109
	-0.001897850491	-0.003005072681	-0.002537441246	-0.002592805178	-0.003319736672
	0.001840112248	0.001588131948	0.001604973178	0.004646871142	-4.316938368e-33
	-0.002943245798	9.034561555e-33	0.006643334816	-0.00338144754	0.005122614334
	-0.004238376873	0.0009481750161	-0.001388570755	-0.0004356546972	0.002180425789
	0.0006123957966	-0.00108759097	0.0003971738359	-0.0004765963844	-0.0007378567835
	-0.00132908859	0.0005748990014	0.0007550336696	0.0005815225528	-0.0007460021255
	-0.00138793719	0.0007970627025	-0.0007794035707	-0.001429344963	0.0008075324793
	0.0005992197399	-0.0008328393554	-0.00148488629	0.0006391776017	0.0008375816304
	-0.0008711170724	-0.001549672387	0.0006646965094	0.0008771989086	-0.0009090270127
	-0.001630096391	0.0006916740253	0.0009548953028	-0.0009412908898	-0.001728957888
	0.0006995832278	0.0009618686321	-0.001175302491	-0.001755683224	0.0009670555073
	0.0008267086962	0.001277239505	-0.001988118033	0.0008177876104	-0.001051222016
	-0.0002137563199	0.0005564564419	-0.000150350879	0.0008049214468	-0.002017087515
	0.00117508663	0.0007446147151	-0.001117864184	0.0006768888421	0.0002396632232
	0.0001252960702	0.001049302031	0.0009308617057	-0.002247753418	0.001431536287
	-0.001326912671	0.0008908367353	0.001371686398	-0.001453141796	-0.002341552413
	-0.0002036561287	0.001346259715	0.001025372716	5.089226368e-05	-0.001301757966
	-0.0009664929462	0.001269618784	0.001343360964	0.001623833217	-0.001712054319
	-0.002636603938	0.001093914826	0.001502879778	0.001603645191	-0.002322400377
	-0.002054517809	-0.00274308667	-0.002020318403	0.001599116451	0.00114374934
	0.001759709738	-0.003071879133	0.001302972668	-0.002202967676	-0.002583997793
	-0.003165593559	0.001479691003	0.001784955618	0.001688505455	-0.003032562598
	0.001649208384	-0.00254276073	0.001524386172	-0.003231208637	-0.002578937147
	0.004672513003	-4.25006243e-33	-0.002963440985	8.937128757e-33	0.006664837662
	-0.003374500812	0.005097683677	-0.004271585375	0.0009457069108	-0.001356114399
	-0.0004602761149	0.002123339551	0.0005977087546	-0.001081750744	0.0004242608442
	-0.0005135005435	0.0007548847165	-0.0007334002249	-0.001319504774	0.0005766676473
	-0.0007140340878	-0.001371212866	0.000564846284	0.0008076408648	-0.0007191156615
	-0.001411982233	0.0005642188599	0.0008237215893	-0.000776338873	-0.001453882197
	0.0006010856662	0.0008387292418	-0.0008155820607	-0.001515930921	0.0006309651317
	0.0008773917043	-0.0008557847254	-0.00157799642	0.0006542607241	0.000928006393
	-0.0008742664964	-0.001677880347	0.0006684006034	0.0009858833904	-0.001033834228
	0.0007340845685	-0.001710841499	0.0009169682726	-0.001129033008	-0.001838854685
	0.0008435067341	0.001155924867	-0.001987573692	0.0006892132475	0.001207559142
	-0.0009385426414	-3.02627747e-05	0.0004529109505	-9.409994798e-05	0.0006901222303
	0.001018986499	0.000545736631	0.00037457869	6.3818808e-05	-0.002037769908
	0.0008563885318	0.001273125675	-0.001272070522	-8.822323483e-05	0.00121456265
	0.001008779321	0.0001332051259	0.001365004139	-0.0022616798	0.0008221272208
	-0.00121934906	0.001461843674	0.001000594952	-0.001602033994	-0.002364346887
	-0.001082844825	-0.001167599289	0.001348889779	0.00126527253	0.001566674684
	-0.002330053241	-0.002060048637	0.00145615062	0.001004569012	0.001505458512
	-0.001672908431	-0.002595806323	-0.002502486358	0.001578371881	-0.002957446796
	0.001662175879	-0.002810830086	0.001686121376	0.001238448484	-0.002089015535
	-0.002969415816	0.00166043345	-0.002312501496	0.001275875311	0.001571310241
	-0.002558977097	-0.002745136767	0.001777391245	-0.003203571593	-0.003148235597
	0.001479989984	0.004715800607	-4.187047682e-33	-0.002993693466	8.843344244e-33
	0.006713245835	-0.003382447423	0.005091745829	-0.00432522415	0.0009473063389
	-0.001323336984	-0.0004946421642	0.00206252477	0.0005698965255	-0.001078108796
	0.000462729788	-0.0005714701995	-0.0007519046901	-0.001316518378	0.0005960538859
	0.0007497287892	-0.0006966197516	-0.001360564267	0.0005586914795	0.0008141237487
	-0.0006725094961	-0.001399846066	0.0008452617029	0.0005399133808	-0.0007145610454
	-0.001433072038	0.0005603717703	0.0008470701903	-0.0007668426498	-0.001486866667
	0.0006008790879	0.0008793519605	-0.0007994866997	-0.001544874329	0.0006199866758
	0.0009179670444	-0.0008324439774	-0.001621727006	0.0006422687388	0.0009816336498
	-0.0009054649472	-0.001689114164	0.0009420410122	0.0006672168429	-0.00111577248
	-0.001725715796	0.00080102877	0.00100616261	-0.000109335769	3.607755301e-05
	-0.0003466593816	0.0007474996995	-0.0009334402485	-0.001928024514	0.0007315138529
	0.001240807287	0.00114938545	-0.001920583396	0.0007261693114	-0.001089830695
	0.0001430431235	0.0008003396242	0.0006047674016	0.0005280835758	3.334527355e-05
	0.001021845403	0.001202584118	4.355967213e-05	-0.002140669331	0.0008381672042
	0.001365074445	-0.001179628286	-0.001179443345	0.00138543323	0.001137440818
	-0.001031356796	0.001301855539	-0.002182873732	0.0008423670418	-0.001365502389
	0.001492057252	-0.001521657407	0.000978902094	-0.002443797143	-0.002255924463
	0.001495547719	0.001410386636	-0.001998835379	0.001664547932	0.001592831313
	-0.002641899949	-0.002853390472	-0.00253067781	0.001065054863	-0.001850376842
	0.001487527396	-0.003167612624	0.001663911896	0.001608771451	-0.002769985696
	0.001179028436	0.001607340174	-0.002820289754	-0.002016629138	-0.002973322108
	-0.003122845332	-0.002442168159	0.001439335682	0.001695168189	-0.002604337263
	0.001375136726	0.004778283293	-4.136660437e-33	-0.003033639481	8.756120736e-33
	0.006788031876	-0.0034085856	0.005109891136	-0.004397329181	0.0009532854644
	-0.001291817408	-0.0005389805544	0.002000207158	-0.001079176921	0.000512988579
	-0.0006497136228	0.0005310847146	0.0007343866589	-0.0008020150403	-0.001315509256
	0.0006343982362	-0.0006962523277	-0.001357266575	0.0005644774239	0.0008158407347
	-0.0006416398629	-0.001391563498	0.0008632661133	0.0005272355786	-0.0006527521428
	-0.001424445987	0.0005255767453	0.0008680182606	-0.0007190414092	-0.001462385605
	0.0005685317273	0.0008826921953	-0.0007500585376	-0.001520623462	0.0005914533485
	0.0009205064985	-0.0007871015182	-0.001578485405	0.0006117013808	0.0009656266123
	-0.0008247148066	-0.001660631172	0.0009810608944	0.0006314428049	-0.001015808041
	-0.001674277318	0.0007238104883	0.0009277489215	0.001328941658	0.0008899653217
	0.001236024352	0.002589463972	-0.001014089889	-0.001817320852	0.000778543158
	0.001173893678	-0.0009736016404	0.0009214196389	0.0006821905065	0.0002164921026
	-0.0009062165477	-0.001893932277	0.0006504302616	0.001147207387	0.0008136082801
	-0.00197304458	0.0012607101	-0.001172288291	-0.0001108786956	0.000910566021
	0.001202850364	0.000173171667	-0.00109479826	-0.0009306402647	0.001279894883
	0.001121486401	-0.002113153491	0.0007571206459	0.001273239247	-0.001141471138
	-0.002148128998	-0.002096557596	0.001422711569	0.001481498436	0.001390577814
	-0.002228219167	0.0009291186645	-0.001455299569	0.0009215348116	0.001380669789
	-0.00154713464	-0.002379966272	0.001639767628	0.001560995207	-0.002678654732
	-0.002855565013	-0.002775642603	0.001647921859	-0.003110564434	0.001577724177
	0.001123854198	0.001543278079	-0.001879509063	-0.002591771925	0.001648964372
	-0.00273438516	0.00151238506	-0.003084905155	0.001181407241	-0.002729573316
	0.001524227033	-0.002141846106	-0.002400834238	-0.002998126821	0.001364903405
	0.004860852331	-4.095993272e-33	-0.003083202113	8.684682723e-33	0.006890350252
	-0.003454624388	0.005155032878	-0.004483545377	0.0009653255147	-0.001267650238
	-0.0005924568949	0.001940492086	0.0004823112952	-0.001085032662	0.0005733432934
	-0.0007474839394	-0.0008817394879	-0.001317290386	0.0006900485394	0.0007020088256
	0.000591688413	-0.0007227200778	-0.001362405414	0.0008136748875	-0.0006297812878
	-0.001386579701	0.0008749374317	0.0005254795778	-0.00060299771	-0.001421836378
	0.0005009488971	0.000896640606	-0.0006607673342	-0.001448560692	0.0005306466379
	0.0008910658913	-0.0007092652531	-0.001501440322	0.0005699429116	0.0009269682007
	-0.0007384040724	-0.001552191621	0.0005826180278	0.0009604370307	-0.0007777603814
	-0.001621349969	0.0009975129554	0.0006057621542	-0.0008933567244	0.0009309434837
	-0.001659843364	0.0006547352072	-0.005720381213	-0.003103827733	-0.0007626893113
	0.00307511688	-0.001048508702	0.0007734206307	-0.001713981197	0.001047070572
	0.00184436821	0.001738548611	0.001272040785	-0.00140138074	-0.000857830563
	-0.001867894825	0.000668418218	0.001192064946	-0.001053383976	0.001167454536
	0.0009939730029	9.548286839e-05	0.001136198933	-0.001061097905	-0.001852424827
	0.0007185818549	-0.002040608198	0.0007647705056	0.001290157023	-0.001069802164
	-0.001013868891	0.001250308627	-0.001089046651	0.001160604746	0.001512993803
	-0.002153758075	-0.002094427309	0.001344128736	-0.002059343139	0.001247706923
	0.000812332566	-0.001292623076	-0.002814434849	0.001614049427	0.001520714908
	-0.002645271432	-0.002269598664	0.001371936303	0.0008886535367	-0.001382062142
	0.0009966141019	-0.002343866781	-0.001703778373	0.001386593771	-0.003055109948
	0.001619031868	-0.002870703131	0.001617835823	0.001532451094	-0.002731577294
	0.001549643994	-0.003100791396	0.001453371426	0.001070383555	-0.002572726658
	-0.001848705751	-0.00291870914	-0.002472059478	-0.002242870642	0.001555508487
	0.00126344973	-0.002744642971	0.001341825025	8.631633673e-33	0.004965520601
	-4.072220237e-33	-0.003142163623	0.007023362599	-0.003524535195	0.005232236601
	-0.004583546541	0.0009796793994	-0.001254941624	-0.0006512661786	0.001893400166
	0.0004261008565	-0.001094510322	0.000644270158	-0.0008659466481	0.0006539779898
	-0.0009911810512	-0.001322649158	0.0007599777523	-0.0007869060137	-0.001369797584
	0.0006413302752	0.0007995141789	-0.0006341704407	-0.0013904844	0.0008786400895
	0.0005362480742	-0.0005731867403	-0.00142346015	0.0004929760068	0.0009243451096
	-0.0005991494003	-0.001447332127	0.0004953580344	0.0009148875528	-0.0006714090745
	-0.001483388015	0.0005444335551	0.000931611536	-0.0006923687744	-0.001537717306
	0.0005590953189	0.0009662686453	-0.0007341438679	-0.001589435159	0.0005805151043
	0.0009968803274	-0.0008038187168	-0.001648481477	0.0006137076049	0.0009719115141
	-0.0009966925016	-0.001655994767	0.0007196954908	0.0009526451093	0.005923130011
	0.004895445287	-0.002932107391	-0.01015544958	0.003441500844	0.006781244451
	-0.002842850176	-0.0003286127578	-0.000917958011	-0.001796906384	0.0007201685696
	0.001170292258	0.002421158443	0.001470364539	0.001642768243	-0.0009904766867
	-0.0008991440417	-0.001819067867	0.001102486056	0.0006379180878	-0.00113576791
	-0.001789904184	0.001372120254	0.001142512487	-0.001080606069	0.0007718453256
	-0.001916932727	0.001234210593	-0.001988408644	0.001195245875	0.0007204987859
	-0.001093887021	-0.002020830356	-0.002209718159	0.001479347123	0.001316537808
	-0.00268402123	0.001617969323	-0.002762693893	0.00150843672	0.001312611785
	-0.002110225908	0.0008679591571	-0.001326872972	-0.003055476447	0.001639918088
	0.001535978986	-0.002880526008	0.000868296242	-0.002200408216	0.001274705323
	-0.001448900884	0.001029271976	-0.002392176451	-0.001703522509	0.001407762675
	0.001549300587	0.001506978365	-0.003041909655	-0.002765877605	-0.002588014381
	0.001497831771	0.001410632516	-0.002899518271	-0.001980650278	0.001099674878
	0.001395360304	-0.002501093301	-0.002217937185	-0.002750934976	0.001245916462
	0.005095027522	-4.044339877e-33	-0.003210375902	8.599268008e-33	0.00534644474
	-0.004695610548	0.007190779763	-0.003622557999	0.0009969669585	-0.001258820513
	-0.0007077992983	0.00186355844	0.0003596635945	-0.0011053378	0.0007163402261
	-0.0009974638921	-0.001125360525	-0.001336633577	0.0008452366217	0.0005925889841
	-0.0008919946137	-0.001379196273	0.0007155792938	0.0007666702793	-0.0006697718373
	-0.001403143594	0.0008794224576	0.0005690390132	-0.0005670376678	-0.001424977588
	0.0004953284508	0.0009417330852	-0.0005438566131	-0.001456209217	0.0004699465708
	0.0009494421878	-0.0006206488472	-0.001476499338	0.0005130268341	0.0009396090204
	-0.0006603545755	-0.001527909416	0.0005463602296	0.0009787470471	-0.0006892019663
	-0.001569859571	0.0009995273674	0.00055375936	-0.0007461349073	-0.001626837943
	0.0005853757363	0.001002248699	-0.0008947307386	-0.001643360289	0.0006581721043
	0.0009312435423	0.009799418929	-0.00282769549	-0.001240682977	0.004594546088
	-0.000979821087	-0.001711709901	0.0007447452638	0.001078800701	-0.00684572081
	-0.006085131405	0.004782531706	-0.0009588586235	0.0004641690598	-0.0009671940441
	-0.0002399688136	0.004289917507	-0.0008209777312	-0.001810084702	0.001138983115
	0.0006309502797	-0.001428549172	0.0007547189496	0.001480979788	0.001528936406
	-0.001027193139	0.0007137819997	-0.0018044179	0.001125757199	-0.002603074046
	0.00152838179	-0.002153204959	0.001368202928	-0.0009966795305	-0.001947004546
	0.000713822643	0.001212120811	0.001198245976	0.0007917634031	-0.001961119873
	-0.00122620424	-0.002828631712	0.001623181989	-0.002682135709	0.00146409113
	0.001613959116	0.00152296968	-0.003018724367	-0.002882611897	0.0008241289013
	0.001258894259	-0.002115242295	-0.001279946301	-0.003009486979	0.001515494395
	-0.002854639715	0.001548442058	-0.002186101494	0.0009418891347	-0.001570141304
	0.00128803612	-0.002354901494	0.0009917850716	0.001312008839	-0.001705206061
	-0.002584339952	-0.002908490075	0.001418933372	0.00141928934	-0.002302886512
	-0.002521738577	-0.002046851338	0.001166358541	0.001412511979	-0.002681546299
	0.001245493667	0.005254412418	-4.025226719e-33	-0.003290153871	8.586136114e-33
	0.007394000314	-0.00375301364	0.00550690889	-0.00481997888	-0.001280538039
	-0.0007567063334	0.001857941032	0.001016731302	-0.001120793266	0.0007843011228
	-0.001132394982	0.0002904629084	0.0005225066131	-0.001290700882	-0.001354186562
	0.0009435412395	-0.001033183128	-0.001390605931	0.0008045860351	0.0007100103638
	-0.0007460026339	-0.001422374306	0.0008678729666	0.0006304413969	-0.0005800641939
	-0.001436257604	0.0005133788602	0.0009493462095	-0.0005160463702	-0.001468194616
	0.0004650801924	0.0009888774417	-0.0005613992632	-0.001481184325	0.0004759711837
	0.0009625299872	-0.0006322523016	-0.001518193385	0.0005299963997	0.0009845705086
	-0.0006440484168	-0.001566518132	0.001011840432	0.0005358819378	-0.0007009855477
	-0.001607361763	0.0005632293539	0.001018796348	-0.0008055313272	-0.001641545123
	0.0006135257585	0.0009624088792	-0.0004503677223	0.0007585723219	-0.001462321648
	-0.001980230153	-0.0009714094435	-0.001652992445	0.0007173400198	0.0009820616309
	0.003546885333	0.004023629526	-0.001478390127	0.003593155613	-0.0008478828677
	-0.001774469727	0.00114751729	0.0006760914478	-0.002645004251	0.003511394965
	-0.004409971981	0.0006292985871	0.001686448993	-0.001018345617	-0.0002020187607
	0.0002201126496	-0.0009038189424	-0.001762445757	0.0006438323252	0.00107095016
	-0.00078517609	-0.002394743428	0.001654737191	0.001630142372	-0.001862757947
	-0.001004732049	0.0007342058515	0.001192880588	0.001497831059	-0.003142900652
	0.001650092442	-0.002758444493	-0.00106433213	-0.001886550925	0.0007048211069
	0.001129451172	0.001229903913	-0.002005010534	0.0008179839529	-0.00122148425
	-0.002926684213	-0.00305239957	0.001627953965	0.0015118683	-0.002854571089
	-0.003014880498	0.001558493353	0.001450252091	0.0008367325971	0.001183522718
	-0.00137103919	-0.002053113305	-0.00285530198	0.001419701032	-0.002628617261
	0.00140753907	0.0009546567177	0.001278248359	-0.002214418381	-0.001559327557
	0.001271302182	-0.001828157017	0.001035249557	-0.002301316716	0.0013087251
	0.001343862444	-0.002676000949	-0.002389326903	-0.002512226073	0.001148126168
	-0.002033944237	0.005448495897	-3.998309407e-33	-0.003384223427	8.58951944e-33
	0.007639054678	-0.00391848438	0.005716332216	-0.004953175476	0.001043405137
	-0.001330542388	-0.0007964478644	0.001883814607	-0.001145443714	0.0008410628887
	-0.001256064967	0.0002251181366	-0.001476205905	-0.001375937504	0.001050890112
	0.000440385876	0.0009137490515	-0.001207897243	-0.001411921016	0.0006389032015
	-0.0008787994653	-0.001439576135	0.0008372864398	0.0007204287999	-0.0006241537007
	-0.001456680901	0.0005488015151	0.0009505343981	-0.0005142164114	-0.001480283786
	0.000473953117	0.001013722773	-0.0005017140478	-0.001503140588	0.0004513474973
	0.001002946215	-0.0005968024563	-0.001516471042	0.0005080795067	0.0009930968788
	-0.0006197122536	-0.001565290344	0.001031369769	0.0005287865974	-0.0006534716919
	0.001030354452	-0.001596726047	0.0005358326177	-0.0007372122374	-0.001637604964
	0.000998752179	0.0005839208516	-0.0009015860131	-0.001638891226	0.0006728213172
	0.0009417557004	-0.001459891662	-0.0001917198098	0.0001489772644	0.0003280455509
	0.000755208127	0.0004140967644	0.0006311134041	-0.0008958345568	-0.0009182203857
	-0.001711637132	0.0007175044862	0.001093698436	0.00238593756	0.001898275118
	-0.0002758497561	0.002560962706	-0.000812188159	-0.001757851294	0.0006169817353
	0.001087269022	-0.003874324656	-0.002574314543	0.0009978465553	0.002880464824
	-8.306836268e-05	0.0006352729493	-0.002092062549	0.0003032776513	-0.0009883538985
	-0.001769274111	0.001109310232	0.0007099645101	-0.001687354629	-0.002984911929
	0.001719299547	0.001769765512	-0.0009551600028	-0.001861570271	0.0006857820887
	0.001137108892	-0.002991683002	0.001669116825	0.001510763525	-0.003334735067
	-0.001165630775	-0.001879728601	0.001147398593	0.0007761903745	0.001156110332
	-0.001208659234	-0.001981271067	0.0007820705737	-0.002870670555	-0.003031559624
	0.001448707059	0.001544437642	0.001378295783	-0.00269350305	-0.002843053829
	0.001448422188	0.0008988537036	-0.002053376376	-0.001453401763	0.001192608452
	0.001308011298	0.001282541357	-0.002676480459	-0.002381139558	-0.00158886048
	0.0009387205075	0.001188435117	-0.002170155927	-0.00231896552	-0.001870677901
	-0.002121571475	0.001161598229	0.001274098156	0.001085687581	-0.002452752048
	0.005682621286	-3.96112165e-33	-0.003497424153	8.613705409e-33	0.00793286789
	-0.004119184275	0.005980331915	-0.005098850193	0.001073653883	-0.001410802935
	-0.0008198780418	0.001952557152	-0.001176888012	0.0008842848185	-0.001368992381
	0.0001777896091	0.0003502497546	-0.00167098067	-0.001399273605	0.001149524553
	0.0005536956343	-0.001414710784	-0.001440739724	0.001037966687	-0.001052895703
	-0.001461046851	0.0008332978127	0.0007755052051	-0.0007157811463	-0.001488994884
	0.000622578541	0.0009454967814	-0.0005434770734	-0.001496510027	0.0004981162163
	0.001027643161	-0.0004736295388	-0.001526652568	0.0004443385891	0.0010527342
	-0.000541149842	-0.00152845206	0.0004715111409	0.001010471767	-0.0006021676855
	0.000526956453	-0.001567620355	0.00104199223	-0.0006098041939	-0.001604050037
	0.0005227415642	0.001054304557	-0.0006903269451	-0.001628906011	0.0005600776379
	0.001029421987	-0.0008209068843	-0.001641475408	0.0006275501334	0.0009546492516
	0.0009737315898	-0.0003354833017	0.0001444886228	0.000100742177	-0.0009397795619
	-0.001661061523	0.001007179928	0.0007167430433	0.0008271354794	0.0002025964138
	0.0004545720134	0.0002901439837	0.0004207142192	0.0005730082737	0.000773996896
	0.0002955741062	-0.0008076567623	-0.001749910893	0.0006514379297	0.001111622722
	0.000603816909	0.0002034705863	0.0003199695545	0.002086552384	-0.000910783058
	0.001047419972	-0.001719925905	0.0006593164557	-0.004189970037	-0.003269371686
	0.002731581367	0.00125287728	-0.001090742253	0.0006312900777	0.0008939383534
	-0.002744109308	-0.0009480284765	0.0007045472063	0.001137690302	-0.001807986854
	-0.002094187931	0.001763672421	0.001702442051	-0.003181113154	-0.001041914966
	-0.001805793475	0.001072281362	0.0007031814985	-0.00296206817	-0.003270182308
	0.00160266652	0.001456496869	0.001145265958	-0.001140959426	-0.001909919373
	0.0007824944241	-0.001308291209	0.001103933317	-0.00193229459	0.0008193278499
	-0.002889550077	0.001330609279	-0.002685543648	0.001449350074	-0.002630487627
	0.001283922603	-0.002429534219	0.001303995063	-0.001446455376	-0.002059085501
	0.0008987914726	0.001158066856	-0.00245387906	0.001203951496	0.001216487435
	-0.00218412821	0.001157442395	0.0009855010775	-0.001691045226	-0.002133512259
	0.001074080424	-0.001870245862	-0.002301045323	0.005966108392	-3.917478892e-33
	-0.003633821467	8.637254166e-33	0.008287747469	-0.004362806614	0.006303764206
	-0.005265731182	0.001104881915	-0.001524790185	-0.000823255358	0.002075309377
	-0.001216123179	0.0009103360553	-0.001453397411	0.0001474068149	0.0002663832006
	-0.001854642809	-0.00143631198	0.001240903564	-0.001658008728	-0.00147093133
	0.001175912051	0.0004605526512	0.0009606918499	0.0006934196563	-0.001270683747
	-0.00148789492	-0.0008707714185	-0.001519165003	0.0007266995706	0.0009160684345
	0.001028238324	-0.000595165733	-0.001528916867	0.0005411459164	-0.0004799143854
	-0.001553314878	0.0004652157293	0.001092133887	-0.0004855609694	-0.001559954308
	0.0004455190056	0.001056649487	-0.00058851838	-0.00156856765	0.00105003127
	0.0005128404159	-0.0005857309179	-0.001614393057	0.0005176623581	0.001080455271
	-0.0006348812037	-0.001632081334	0.0005339029419	0.001051156017	-0.0007512654022
	0.0009920643327	-0.001652322746	0.0006016513076	0.0006024004796	1.042051759e-06
	-0.0003143189467	0.0006194959228	-0.000909594963	-0.00164293514	0.0009577787931
	0.00069189724	0.0004539016325	0.0002518092237	0.0004021623008	0.0007916209629
	-0.0008688385738	0.001087824371	-0.001709175789	0.0006947215813	0.0001078001726
	0.001045788092	0.0007381626251	0.0002452523623	-0.0005260584166	-0.0007496320012
	0.0009711095956	0.0006200292263	-0.0008194097235	-0.001715767875	0.000623035371
	0.001039759484	-0.0008602274889	0.0007171177545	0.002081513704	-0.001136151811
	-0.0009495813398	0.0007088937973	0.00108366152	-0.001740449366	0.002638087595
	-0.003656112084	-0.004412445105	0.001435563401	-0.001585663696	0.0008080715711
	-0.003008307572	0.0009893655071	-0.001784855184	-0.0009385178687	0.0006779582598
	0.001068121161	0.001596294219	-0.003102823922	-0.002210406766	0.001684156625
	-0.001111451494	-0.001808298503	0.0007620625642	0.001091023703	0.001359861364
	0.001475253787	-0.002764532938	-0.003070747087	-0.00115827782	0.0010632255
	0.0007595118864	-0.001868280659	0.001101413774	0.0008673022834	-0.001941176375
	-0.001354950483	0.001241602452	-0.002478945133	-0.002668899667	0.001346836186
	-0.002171641358	0.001212927544	-0.002453962591	0.001155105199	0.000906036845
	0.001083075533	-0.001497177654	-0.002016308354	-0.002140853926	0.001092382505
	-0.001948164491	-0.001721003682	-0.002252659139	0.001019833882	0.001146816148
	0.006309694518	-3.843905285e-33	-0.003800747366	8.6521024e-33	0.008713680828
	-0.004652465445	0.006690988535	-0.005458062292	0.001143420259	-0.001674620911
	-0.0007973655772	0.002243581221	-0.001261555668	0.0009011481831	-0.001499793684
	0.0001408279329	0.0001969914221	-0.002014668162	-0.00148651144	0.001315069807
	-0.001904942721	-0.001507889132	0.00131312966	0.0003498641149	-0.001521960646
	-0.001531143584	0.00111766655	0.0005988144256	-0.001548739399	0.0008641713992
	0.0008576273725	-0.00108905924	-0.0007066431119	-0.001570985438	0.000618091609
	0.001028661075	-0.0005241843354	-0.00157649098	0.0004930993781	0.001109496269
	-0.0004486850115	-0.001602625525	0.0004383982137	0.001113574149	-0.0005446422464
	-0.001590310441	0.001063195723	0.0004879627493	-0.0005864572191	-0.001627997977
	0.0005322833179	0.001104511536	-0.000594102637	-0.001645884955	0.000516460259
	0.001088422775	-0.0006996238455	-0.00165409548	0.0005708015677	0.001027428634
	0.0002531936128	-0.0001343571364	-0.0003178462432	0.0008612044647	-0.0008416677898
	0.0006547756465	-0.001651423931	0.0009502109342	0.000429219162	5.418551558e-05
	0.0005550610922	0.0007622055543	-0.0009089486655	-0.00167476197	0.0007205440577
	0.001023793166	0.0005168743686	-9.081145296e-06	0.0008904366612	0.0009240685641
	-0.0007970379776	0.0006454070265	0.00106906649	-0.001722047487	-0.0008525384782
	-0.0008542518508	0.001122884579	0.001081469275	-0.001704791635	-0.001913435639
	0.001250967162	0.000943870821	-0.0009144330667	-0.001687336869	0.0006756734617
	0.001023810767	-0.001721873847	0.00102404779	-0.001985543826	0.002062690961
	-0.0009085176924	-0.00175451209	0.001072646513	0.0006864521976	0.0014568415
	-0.004321979794	-0.003761164677	0.002484105096	0.000996569921	-0.001737320794
	0.0008301119478	-0.002966193481	-0.001021317913	0.001020151561	-0.001743501238
	0.0007128795796	-0.002143199264	0.001589308881	0.00147656139	-0.002920972733
	-0.00108640552	-0.001822629939	0.0007620085616	0.001063316977	0.001223315293
	-0.002865856699	-0.002506115213	0.001373421791	0.0008091796941	-0.001830847923
	0.001030424708	-0.001256219768	0.0008588206579	-0.001926072542	-0.001358224817
	0.001048300664	-0.002218284961	-0.002447578503	0.001157899806	0.001211278925
	0.001136206651	-0.001995558746	-0.002254483389	0.001085470004	0.0009495454506
	0.001055176673	-0.001570404394	-0.001995988778	-0.001732881732	-0.002121801627
	0.001021379132	0.006725888363	-3.75188754e-33	-0.004009490735	8.661587075e-33
	0.009224617674	-0.004988489339	0.007149779373	-0.005687673278	0.001192216714
	-0.001857959431	-0.0007463434574	0.002462143355	-0.00132255271	0.0008608270966
	-0.001502273697	0.0001770382093	-0.00215606497	-0.001542041963	0.001361505288
	0.0001588987217	-0.002144462045	-0.001553678142	0.001426406149	0.0002419266869
	-0.001810081179	-0.001578538939	0.001285548554	0.0004871359899	-0.001339638061
	-0.001590555426	0.001022190679	0.0007605179218	-0.001622607037	0.0007499710244
	0.001006632191	-0.0008815155993	0.001117149954	-0.0005990999033	-0.001617523711
	0.0005495022319	0.001173180281	-0.0004718859183	-0.001640386529	0.0004632299089
	-0.0004951957826	-0.001627686326	0.001105075888	0.000451847979	-0.0005889040316
	-0.001638366004	0.0005308360681	0.00110863376	-0.0005627002918	-0.001675673757
	0.0005198592971	0.001125937855	-0.0006439144335	-0.001670777692	0.000550119717
	0.001064887566	0.0005771351131	-0.0001424285671	-0.0003888873191	0.0009172402103
	-0.0007874477911	0.0006304415296	-0.001667071913	0.0009850572111	0.0005958811489
	-1.964762172e-05	0.0004588150869	0.0008051006451	-0.0009136875262	-0.001653136376
	0.0007082627174	0.0009705658217	5.405912903e-05	0.0008260803623	0.001178966912
	0.0003804158592	-0.0008328766514	-0.001705988062	0.001062593023	0.0006824162788
	-0.000805949918	-0.001032038973	0.001197893285	0.001092735484	-0.0008348976249
	0.0006471698401	0.0009994523409	-0.001685545038	-0.001836205634	0.001357656904
	-0.00204405027	0.001301354159	-0.002595527443	-0.002346500385	0.001403666564
	0.001135760593	-0.0009210459714	-0.001711608171	0.0007112986806	0.001049256021
	-0.002126627843	0.002019507431	0.001119284079	-0.002311057383	-0.001715555706
	-0.000937887452	0.0006818745856	0.001004892489	0.002350539167	0.001381625902
	-0.003653320824	-0.004099385241	0.0009090293437	-0.001649522238	-0.002839232833
	0.0008061486629	-0.001062448185	-0.001744595412	0.0007496528273	0.001025705612
	-0.001982794793	0.001364724872	-0.002655633189	0.001437707627	0.0007545234452
	-0.001777332044	0.0009810966658	-0.001120329395	0.001139962121	-0.002304227462
	-0.002622687969	0.00128171239	-0.001277667795	-0.001844196607	0.0008485728363
	0.001016570934	-0.001425470317	0.0008849182168	0.0009934418898	-0.001886674767
	-0.002291416908	0.0010442311	0.001141721051	-0.001984451164	-0.001788282937
	0.0009656811517	-0.001988123188	-0.001594708804	0.00103786204	-0.002090092105
	0.00103145441	0.00723033412	-3.644911764e-33	-0.004269328931	8.659996254e-33
	0.009848320848	-0.00537975767	0.007685669607	-0.005974028211	0.001251126347
	-0.00207714015	-0.0006785132	0.00273943175	-0.001401176841	0.0007986784105
	-0.001455139806	0.0002597949272	0.0001521492287	-0.002248312436	-0.001609727512
	0.00137504008	-0.002363789334	-0.001618662732	0.001523266668	0.0001643110273
	-0.002130452496	-0.001624798637	0.001448843735	0.0003688260883	-0.00164348426
	-0.001645212022	0.001193012961	0.0006537921163	0.0009427979424	-0.001132994399
	-0.001666616478	0.0009061190511	0.0006388918539	-0.001680546717	0.001109892667
	-0.0007109369591	0.0005175964069	0.001198136669	-0.0005251607866	-0.001683013255
	-0.0004583376458	-0.001690756424	0.000454521447	0.001176463691	0.001123452032
	-0.0005810989826	-0.001660049327	0.0005179776894	-0.0005817895681	-0.001696073447
	0.0005361532307	0.001163676471	0.0003859185633	-4.898340303e-05	-0.0005029495994
	0.001057433989	-0.0005920592755	-0.001694878016	0.0005207499495	0.001106528102
	-0.000725827733	-0.001687258955	0.001017684354	0.0006035742763	0.0005069979648
	1.953709791e-05	0.0003936710651	0.001026236635	-0.0008702963288	-0.001669237832
	0.0006947195105	0.0009541350888	0.0002687805794	-9.42562807e-05	0.0009798749255
	0.001173232377	-0.0008917330966	-0.001684356821	0.0007249051241	0.001030154222
	-0.000599954183	-0.001160088678	0.001116233852	0.001176535198	-0.0008086087508
	0.001021779096	-0.001691416835	0.0006490546788	-0.001878298031	-0.002062990358
	0.001368128676	0.001361948554	0.0006902860846	0.0009925494495	-0.0009084015019
	-0.001664114608	0.001505772837	-0.002679480449	-0.002490409921	0.001486132887
	-0.002628206221	0.00116213594	-0.002898278705	0.001521932951	-0.0008852497114
	-0.001708120179	0.0006861114569	0.001005220366	-0.002416198998	0.001098471707
	0.001850014614	-0.002107072497	-0.001692802135	-0.001005989241	0.0009734528586
	0.0007309829603	0.00212231127	-0.003774088534	0.001310304101	-0.003366845586
	-0.002620815874	0.0007864147533	0.0008429261727	-0.001562416975	-0.001056809594
	-0.001739656067	0.0007518043345	0.0009851992575	-0.002379845058	0.001354145721
	0.001215721207	-0.001869096816	0.0007991734862	-0.00174459735	-0.001208368791
	0.000957315546	-0.002053247153	0.001159631834	0.001060730128	-0.002416176707
	0.0009494371798	-0.001817521221	-0.00128566321	0.0008357478478	0.0009275398176
	-0.00146831922	0.000967840225	-0.001883889975	0.001065887091	0.0009901256549
	-0.00211076397	-0.001831343168	0.0009834838058	-0.001971939051	-0.001622556721
	0.007848989081	-3.476311318e-33	-0.004590251524	8.632394428e-33	0.01061847397
	-0.005846501062	0.008316562351	-0.006342924304	0.001321138876	-0.002327897387
	-0.0005915339296	0.003066967173	-0.001490105243	0.0007122528732	-0.001367054434
	0.0003858057128	0.0001874283472	-0.002268248475	-0.001699258588	0.001348443511
	-0.002542792003	-0.001698564225	0.001599360586	0.0001162711753	-0.002430468735
	-0.001687441769	0.001598196553	0.0002481686127	-0.001996903776	-0.001712581969
	0.001393920288	0.0005441752398	-0.001452606054	-0.001717066445	0.00108233832
	0.0008503535582	-0.000923495685	-0.001747227776	0.0007719055307	0.001100322526
	-0.00173090656	0.000572620978	0.001200148044	-0.0006224588375	0.0004855225388
	-0.001754525329	0.001240331166	-0.000469630251	-0.000524645777	-0.00171586437
	0.000497430432	0.00114928212	-0.0006056380394	-0.001723701475	0.0005728392387
	0.001177638962	-0.0005682847284	0.001169536021	-0.001736465729	0.0005305640029
	0.0004389221647	-0.000131734974	-0.000543009003	0.001148131572	0.000409549648
	-3.510945268e-05	0.0005417965446	0.001068772697	-0.0006835345661	-0.001704867156
	0.001067505365	0.0005725410234	-0.0008295077008	-0.001685836802	0.0006631954285
	0.000972161211	0.0004342013502	-0.0002776425856	0.0009614933928	0.001161848783
	-0.0009077610161	-0.001674201236	0.0007293975839	0.0009747159479	-0.0006774881167
	-0.00112639144	0.001068036655	0.00136504688	-0.000818237601	0.001029602088
	-0.001703727488	0.0006911208765	-0.001846479025	0.001427703909	-0.002182314784
	0.001389511146	-0.0008632444784	-0.001659998714	0.0006803210764	0.000970006215
	0.0014702769	-0.002460985117	-0.002780470024	0.001577144385	0.0007094558061
	-0.0009083495995	-0.001675483864	0.001004645925	-0.002968142964	-0.002616117598
	0.001500055742	0.001461414343	0.001426966418	0.001188744931	-0.00281461075
	-0.002644635096	-0.001657704746	0.0006890883204	0.0009418754642	-0.0009398721227
	0.001685384154	-0.002332473032	-0.002051713293	0.001107619454	-0.001692116723
	0.0007461961269	0.0009549921016	-0.001017302138	0.001148736847	-0.003365197577
	-0.003155874023	0.001971690618	0.0007798720472	0.000682473455	-0.001369771092
	-0.002392173568	-0.001095415233	0.0007676272448	-0.001705660175	0.0009129212265
	-0.002201876393	0.00114856189	-0.001690261019	0.001256698448	-0.001754001519
	0.0009405920619	-0.001225919179	0.0008366672106	-0.002268796602	-0.001867470534
	0.0009690737302	0.001114765013	-0.001364484076	0.0009118254658	0.0008646828837
	-0.001775357472	-0.001481679262	-0.001991578781	-0.00186605196	0.001004030164
	-0.001648417301	0.0009288680768	0.0009225674883	0.008632061019	-3.136155819e-33
	-0.004995090979	8.538153044e-33	0.01157106866	-0.006417207803	0.009082115671
	-0.006820746904	0.001413067341	-0.002603892743	-0.0004926443211	0.003430277014
	-0.001593103276	0.0006016368384	-0.001241149826	0.0005532530561	0.0002869935014
	-0.002226516528	-0.001814414567	0.001288456466	-0.002663073846	-0.00178819524
	0.001630475786	0.000102192063	-0.002688902128	-0.00177663527	0.001725129934
	0.0001490520934	-0.002369844579	-0.001783355079	0.001602733411	0.0004133525124
	-0.001803456618	-0.001794031786	0.001290147045	0.00073467462	-0.001229124555
	-0.001814699062	0.0009606070195	0.001055700659	-0.0007778278478	-0.001806226643
	0.000664836305	0.001209211311	-0.001806072352	0.001291912577	0.0005398094302
	-0.0005689263837	-0.001790693451	0.0004769603657	0.00122074496	-0.0004949197563
	0.001171303831	-0.0006158456337	-0.001752498831	0.0005701624713	0.00120870126
	-0.0005658594821	-0.001784967783	0.0005666027333	0.0004116966315	1.885545447e-05
	-0.0005064447511	0.001234745426	-0.000610611755	0.0005620539053	-0.001752184109
	0.001116362522	0.000542309674	-0.0001654928421	0.00057750636	0.001031892709
	-0.0002483421807	0.0009017956276	0.001368421028	0.0003734701446	0.001014175292
	-0.0007841986831	-0.001717621847	0.0006576815844	-0.0009127074941	-0.001681670305
	0.0009629859446	0.0007276501051	-0.0008026866376	-0.001271334369	0.001231594301
	0.001374849874	0.000720759235	-0.0008829227235	-0.001687269099	0.001015656852
	0.001423790439	-0.001669321007	-0.002338615513	0.001403979968	-0.001670450308
	-0.0008220005379	0.0006652781909	0.000968325848	0.001514785642	-0.00240263461
	-0.002796617567	0.001517867331	0.0007159342379	0.0009580029828	-0.0008968870328
	-0.00165303055	-0.002945634711	-0.002715226352	0.001549198913	0.001569345927
	-0.0008886254874	-0.001664640434	0.0009484359116	0.0007045833252	-0.002983479681
	0.001553952824	0.001357968945	-0.002644688274	-0.002746236511	0.001340519999
	-0.002360104706	0.001039134004	-0.001641624027	-0.001005095736	0.0009293419903
	0.0007429545552	0.0009523988676	-0.001844250749	-0.002119032076	0.001567474918
	0.0009065133294	0.0007407194953	-0.001661826931	-0.001040027691	0.001831247149
	0.001086460928	-0.002850565423	-0.003122177603	-0.001217517561	-0.002252156674
	0.0006904106194	0.0006783196573	-0.001678214814	-0.001156109754	0.0008813094616
	0.0007931549336	-0.001950984549	-0.001590993353	0.001163991785	0.001050954082
	0.0008691028765	-0.001227933137	0.0008344950643	-0.001734559405	-0.002103269529
	0.0009246033342	0.001024779021	-0.001714537369	0.0008997180627	-0.001787540178
	0.0009155929485	-0.001393091906	-0.001867095815	-0.00153569912	0.0009468809543
	0.009673167752	-2.473472376e-33	-0.005543311895	8.283146718e-33	0.01274758013
	-0.007112575532	0.01003049371	-0.007431544943	0.0015439734	-0.002911676073
	-0.0004047072789	0.003830469092	-0.001720291917	0.0004830247801	-0.001088186909
	0.0007658930832	-0.002135150781	-0.001947491179	0.00120004268	0.0004513957232
	-0.002699406483	-0.001904174521	0.001606671832	0.0001426065366	-0.002908641282
	-0.00188563349	0.001824818561	9.576567408e-05	-0.002728028793	-0.001867141718
	0.001786839111	0.0002735524952	-0.002198438201	-0.001890363793	0.001527718878
	0.0006107750198	-0.001590174379	-0.00188647758	0.001179042493	0.0009521042752
	-0.001006274286	-0.001906498391	0.0008259469741	0.001205938415	-0.0007050576772
	0.0006224350983	-0.001870134197	0.001308578625	-0.00187905891	0.0005125087312
	0.001322221229	-0.0005331725529	-0.001806192946	0.0005412417737	0.001203551611
	-0.000616410994	0.0005990294525	0.001239385695	-0.0006356404882	-0.001816276376
	-0.0005700042357	-0.001805497957	0.0005471035533	0.001178633026	0.0002054767921
	-2.208953752e-05	-0.0003275774242	0.001126955168	0.0005787542698	-0.0001180474587
	0.0005342264941	0.00120426091	0.001043104404	-0.0007135572093	-0.001754932058
	0.00063054785	0.0001952718091	-0.0003618510595	0.001104660947	0.001407383477
	-0.0006388726136	-0.001512277187	0.001244942337	0.001342922741	-0.0008620525895
	-0.001720534231	0.0007332756383	0.0009593286189	-0.0009141832697	-0.001695437926
	0.000769664033	0.0009829130292	-0.001705680542	0.001587109294	-0.002314238678
	0.001328643092	-0.0008429459938	0.000999574008	-0.001686372387	0.0007060581221
	-0.002855932697	0.001569364328	0.001601323432	-0.002432308331	-0.0008966409622
	-0.001630622036	0.0006975113588	0.0009382311468	-0.003092052769	-0.002650909609
	0.001484504152	0.0016598203	0.0007046980293	-0.0008936330901	-0.001642408935
	0.0009420219302	-0.003013787327	-0.002497218106	0.001408289345	0.001461708073
	-0.001622506639	-0.00093256901	0.000713448881	0.0008811474056	0.0013485602
	-0.002720905415	-0.002474842974	0.001331660901	0.001293047362	-0.002508591491
	0.0009858786748	-0.002253720603	0.0008949092852	-0.001648977777	-0.0009933587473
	0.0007630537046	0.0009630921857	-0.001612922182	0.001358487532	-0.002038553504
	-0.001636765079	0.0007833576708	-0.001095622721	0.0008623506788	0.001653119391
	0.0009771912434	-0.002742867373	-0.002644389174	-0.001115704363	0.000595559949
	-0.002031884869	0.0006682210104	-0.001193268182	0.0008656700602	-0.001664283576
	0.0008142847784	0.0009976991164	-0.001834890706	0.001121042398	-0.001475357291
	0.0008413367574	0.0008312411527	-0.001296029715	-0.001690323905	-0.001573970932
	-0.001379880161	0.0008584210032	0.001012336608	-0.001805119483	0.0009048126545
	-0.002016685709	0.01111030992	-1.589053033e-33	-0.006366791344	7.763695981e-33
	0.01419704358	-0.007899195957	0.01116987133	-0.00820945792	0.00172578765
	-0.00327161812	-0.0003485805812	0.004294582839	-0.001866886318	0.0003803016551
	-0.0009387371371	0.001018890086	0.0006700242175	-0.001990831152	-0.00209929158
	0.001081658424	-0.002649075177	-0.002057347856	0.001540065058	0.0002641685466
	-0.003066307685	-0.002008620511	0.001876288103	8.862212541e-05	-0.003040162734
	-0.001985759764	0.001940951857	0.0001643201104	0.0004762688933	-0.002638293546
	-0.001992491843	0.001777416886	-0.001993302632	0.001416595259	-0.001984992414
	0.0008219610243	-0.001343467091	-0.002004178981	0.001049718683	0.001163667782
	-0.0008722230596	-0.001967405371	0.0007350085624	0.001303304246	-0.0006389420139
	-0.001961802256	0.0006009680991	0.001389243662	-0.001905086325	0.0005344449614
	0.001276519098	-0.0005903554925	-0.001854649829	0.0006299312766	0.001252524716
	-0.000709583022	-0.001866237474	0.001264954114	0.0005751531969	-0.0006062511463
	0.0005731800428	-0.0001701901731	-0.0003001885614	0.001057639908	-0.0006750748002
	-0.001798023768	0.0005854721704	0.001112807275	0.0004185047146	-7.593101808e-05
	0.0007520206931	0.001268371359	0.0003440856495	-0.0006096393767	0.001164525738
	0.001343886013	-0.0008376744643	-0.001750163414	0.0007031082819	0.0009857246208
	-0.0007166417088	-0.001504919724	0.001164559782	0.001559623006	0.00163474904
	-0.00187164613	-0.002432424131	0.001489314307	-0.0009115686629	0.0009412603924
	-0.001712376687	0.0007727397896	0.000977173593	-0.0008535559754	-0.001706536767
	0.0007596625136	-0.003050016641	0.001612860136	0.00157747366	-0.00227581685
	0.0009292529939	0.000724539886	-0.0008438196724	-0.001660840062	0.001535173096
	-0.002496497313	-0.003119184535	0.001529331439	0.0007471878917	-0.001630677877
	-0.0009142830933	0.0009350485165	-0.00292731878	0.00146253923	0.001541426959
	-0.0026289946	-0.0009213913324	-0.001607941727	0.0007100728452	0.0008976785755
	-0.002840683285	0.00148169474	0.00130968573	-0.002465308785	-0.0015926439
	-0.0009962962773	0.0007351877316	0.000868196131	-0.002645818189	0.001107409138
	-0.002132295209	0.001323256895	-0.002296013201	0.0008968702296	-0.001909710994
	0.001090603738	-0.00161023406	-0.001011664606	0.0007442514421	0.000824540526
	-0.001777606948	0.001329059934	-0.001528114914	0.0008353513894	0.0008198165677
	-0.001634771561	0.0008133302756	-0.00111033238	-0.002461420187	-0.00257682489
	0.0009054885838	0.001617279403	-0.00196816618	0.0006113038477	0.0005734103677
	-0.0009465208342	-0.001206968608	-0.001660998036	0.0008479485464	0.0008204057615
	-0.001402278654	0.001034859182	0.0009265522237	-0.001639756624	0.0008562068178
	-0.001711301963	0.0008875705221	-0.001350222299	-0.001476491365	0.0009172629564
	-0.001878817833	0.01299774202	-1.698663052e-33	-0.007647944691	7.156100945e-33
	0.01601328418	-0.008628538292	0.01233982686	-0.009236741782	0.001963782279
	-0.003723121175	-0.0003305940072	0.004863423907	-0.002017530144	0.0003030925874
	-0.0008188423442	0.001285049967	0.0009459491235	-0.001798009877	-0.002281479857
	0.0009474812074	-0.002527961498	-0.002235982392	0.001438458011	0.0004703183034
	-0.003117636861	-0.002161702638	0.001859931081	0.0001414276907	-0.003302408559
	-0.002138907994	0.002068925482	0.0001142051962	-0.003068347538	-0.002107926983
	0.002003345109	0.0003313088332	-0.00244850594	-0.002119328958	0.001689951404
	0.0006940929345	-0.001771030562	-0.002101018747	0.001307126823	0.001065124052
	-0.001124794528	0.0009127776576	-0.002097847385	0.001301105778	-0.0008080694787
	-0.002043945724	0.000709902891	0.00140568801	-0.0006088016716	-0.002026253924
	0.0005791302607	0.001378611407	-0.001919871072	0.0006342787338	0.001256653841
	-0.0007257975379	-0.001926828028	0.001314503214	0.0006490443829	-0.0006840379328
	0.0003904242453	0.0001679364518	-0.0001713369338	0.001176806326	-0.001872055701
	0.000577676953	0.001205670661	-0.0006382296989	0.000556444979	-0.0002596824443
	0.0009086317	0.001150181218	0.00104687291	-0.0008219776348	-0.001791844076
	0.0006769130457	-0.0005760101471	0.001101223758	0.00156696575	0.0002922816812
	-0.0009859716952	-0.001666358075	0.001396004104	0.001622445824	0.0009602245754
	-0.0009389125873	-0.001739331485	0.0007608660163	0.001566939809	-0.00170720224
	-0.002717874492	0.00154061848	0.001715139889	-0.002238688344	-0.00303109199
	0.001477301165	-0.001706966658	0.0009614687942	-0.0009225011372	0.0007722539535
	0.0009277379215	-0.001681027307	-0.000834415409	0.0007272504829	-0.002606691487
	-0.003088665648	0.001545162726	0.001695187929	-0.001633215886	0.00075299706
	0.0008777772069	-0.0008718164658	-0.003100911356	0.001443996395	0.00163591884
	-0.002596818942	-0.001629467162	0.0007598639306	-0.0008705236065	0.0008806066407
	0.001407851796	-0.002932152121	0.001277507819	-0.002237114088	0.0008488466689
	-0.001588013034	0.0007672320328	-0.000952594601	-0.002551878997	0.001245003954
	-0.002141298081	0.001203125479	-0.001016274002	0.0007675182221	-0.001583182988
	0.0008503155094	-0.00230911557	0.00112875842	-0.002070448746	0.001185251831
	-0.002179051598	0.001149750353	0.000779115531	-0.001773101369	-0.00156309592
	0.0008027312257	-0.001099199006	0.0007656966942	-0.00123771372	0.001142737001
	0.0008208885902	-0.00174978895	-0.001137521134	0.0007773529736	0.0007907312403
	-0.001601359308	-0.002274200331	-0.002303131875	0.0008598011212	0.001426684392
	0.000523104821	-0.0009254358071	0.0006011695808	-0.001779207046	-0.001217411328
	0.0008538182961	0.0007762452819	-0.001671435684	-0.001854282432	0.001035858749
	-0.001597154619	-0.001324322449	-0.001350404472	0.000900005626	0.0009414487283
	0.01473329038	-6.645122531e-33	-0.009261644528	7.611084735e-33	0.01849111854
	-0.009175438379	0.01305235577	-0.01074301857	0.002242611783	-0.004338095264
	-0.000325768509	0.005516321969	-0.002157177492	0.0002189874311	-0.0007498630826
	0.001538759653	0.001278399654	-0.001595548417	-0.002486097839	0.0008120774253
	-0.002331310935	-0.002431674566	0.00128878043	0.0007450491863	-0.003050669799
	-0.002363475296	0.001784672578	0.0002904525691	-0.003494899609	-0.002310552822
	0.00214649802	0.0001227227142	-0.003437945323	-0.00226879407	0.00219168288
	0.0002149696393	-0.002957278734	-0.0022680449	0.001989196101	0.0005639609424
	-0.002244495808	-0.002231251689	0.001584648819	0.0009269587192	-0.001509275018
	-0.002237497752	0.001278449254	0.001171882452	-0.001019566372	-0.002159438253
	0.0008435854338	0.001397127153	-0.000737399166	-0.002143619359	0.0006867378024
	0.001470566864	-0.0007093826757	-0.002031333453	0.0006290274835	0.001307693206
	-0.001977999333	0.001317260001	0.0007195557915	-0.0007850662484	-0.001960432159
	0.0006176356529	0.001294110886	-0.0006363228207	3.045552616e-05	5.666220894e-05
	0.0003078143293	0.0008687693654	0.0006977924549	-0.0001919094288	0.000873315679
	0.001331190841	-0.001854996046	0.0006542244711	0.001107895064	-0.000762508616
	-0.000671584922	0.001385068142	0.001635381242	-8.699777511e-06	0.0007669718447
	0.000993020604	-0.0009355690711	-0.00178748166	-0.0008661372037	-0.002027744163
	0.001478533542	0.001535828251	-0.001757551207	-0.002703460273	0.001395343073
	0.001785104319	0.0007965642617	0.0009635913012	-0.0009814374321	-0.001731339535
	0.001835681853	0.00159829218	-0.002472035209	-0.003067979069	-0.003315457952
	0.00168547477	0.001620458132	-0.00250557243	0.0007519251887	0.0009631575363
	-0.0009090120126	-0.001697906086	0.0007259514726	0.0008855852267	-0.001635545243
	-0.0008935746366	-0.003185865035	0.001485730784	-0.002326356429	0.001440355027
	-0.001612756005	0.0008599908785	-0.0008933599264	0.0007491693887	0.001464249353
	0.001294550371	-0.00278245699	-0.002353500617	-0.001590057125	-0.0008785779719
	0.0008001877753	0.0007513420622	0.001284264169	-0.002595000021	0.001335992151
	-0.002257568886	-0.0009360121439	0.000791015178	0.0008023945782	-0.001584597307
	0.001033160194	-0.001916354432	0.001298541483	-0.002482727899	-0.001574964882
	0.0007778628094	0.000815447585	-0.0010021847	0.001074480777	0.0009323186725
	-0.001634286328	-0.002238049368	0.0009041366964	0.0007935108138	-0.001572352066
	-0.001922242873	-0.001568592664	0.0008359125646	0.0007958472499	-0.001125832345
	0.0007376011358	0.001170357335	-0.001277969839	-0.001527731621	-0.001586022319
	0.0008169420044	-0.001217294082	0.0007883830807	0.0007924838549	-0.002183002258
	-0.002199096945	0.001466886308	0.0004925617656	-0.0007518002605	-0.001779535372
	0.0005718225523	-0.001278390927	0.0009499324017	-0.001306116084	-0.00173927625
	0.0008478434019	-0.001414770094	0.0008490941232	0.01333275905	-2.285746905e-32
	-0.009308501195	1.194472548e-32	0.02251789127	-0.01065905646	0.01271249923
	-0.013262565	0.002528494445	-0.005352147814	-0.0002373044225	0.005905446984
	-0.002263857353	-4.492093533e-05	-0.0008115878981	0.001795291909	-0.001459308656
	-0.002680169805	0.0006244750265	0.00165029709	-0.002068323024	-0.002648832147
	0.001065791215	0.001093871053	-0.002890163314	-0.002595858933	0.001645721883
	0.0005499385131	-0.003562683443	-0.002514249704	0.002134573962	0.0001982084637
	-0.003741953289	-0.002481567016	0.002349315139	0.0001735647286	-0.003467182215
	-0.002431658672	0.002267456244	0.0004207014154	-0.002762125693	-0.002413800911
	0.0007937949223	0.0019002673	-0.002011509733	0.001482549477	-0.002375884069
	0.001190755961	-0.001305344757	-0.002327453514	0.001042344265	0.001397596394
	-0.0009582975394	-0.002252511129	0.0008349547293	0.001505360378	-0.0007344850881
	-0.0021880107	0.0006736949209	0.001418488028	-0.0008594842668	-0.002046690354
	0.0007532925855	0.001307087137	0.0007843710564	-0.0002147309895	0.0003962661032
	0.000623197299	-0.002043675772	0.0007075538154	0.001363007484	-0.0007213637584
	-0.001940798945	0.0006394386289	0.001191112601	-0.0007007334054	0.0004137910025
	-1.921899812e-05	0.001193615631	0.001453971868	0.0001233445815	-0.001021829786
	0.001518770009	0.001515832382	-0.001841133942	0.0007622789428	0.00102556029
	-0.0009053681555	-0.001008469231	-0.002040560353	0.00135985504	0.001802176452
	-0.001775193669	0.0009595575025	0.0008234485807	-0.0009937135704	0.001902990598
	-0.002116081907	-0.002819941594	0.001613655299	0.001715544918	-0.00232817918
	-0.003386957442	0.001725836186	0.0009641446031	0.000802679484	-0.0009628268905
	-0.001726089319	-0.003338938538	0.001692344681	0.001495148395	-0.002339526549
	0.001378754945	-0.002488341468	-0.003040780023	0.001700596761	0.0009192462106
	-0.001669400384	-0.0009153002636	0.000747586558	-0.001609904555	0.0007509264088
	-0.000951275012	0.0008762405301	-0.002909540395	0.001431847491	0.001512686042
	-0.002456884386	0.0008362822212	-0.0009264280997	-0.001583302733	0.0007324339267
	-0.00279624193	0.001157096843	0.001390355618	-0.002000160087	0.0007711239637
	-0.00095206731	0.0007515586557	-0.001547713933	0.001107325659	-0.002448806494
	0.001095856891	-0.001760155298	0.0007283902524	-0.0009425018188	-0.001554270088
	0.000781362132	0.001116153723	-0.001788398921	0.0009802746804	-0.002105425459
	-0.0009922125793	0.0006967673008	0.0008387981583	-0.001559339583	-0.00198498903
	0.0009710673382	0.001049053146	-0.001710993023	-0.001425414262	0.0006473826314
	-0.001917622517	0.001046168929	0.0007278708519	-0.001607462091	-0.001063705957
	0.0008886326235	-0.000961563744	-0.001557018959	0.0007392078411	0.0009896263585
	0.0008490988877	-0.001237839501	-0.001719804575	0.0009360001517	-0.001968478189
	0.0007693414583	0.001270358891	-0.002035569549	0.000557983931	-0.0007892919972
	-0.001197422692	0.0009557159634	-0.001436878628	-0.001597835917	0.0004549171189
	0.001103876138	-4.662996984e-32	-0.0001649877215	2.214704779e-32	0.03023278615
	-0.02082972033	0.01313697824	-0.01810654231	0.002485442385	-0.008108178816
	4.496055888e-05	0.004848269661	-0.002410199962	-0.0009799934382	-0.001356756873
	0.002200898996	0.002089815261	-0.001590525621	-0.002794708531	0.0001762751597
	-0.001848207822	-0.002842125287	0.0006611934257	0.001550384373	-0.002664572733
	-0.002824084674	0.001355396353	0.0009123230952	-0.003492209805	-0.002771462128
	0.002002332009	0.0003922274721	0.0002127855291	-0.003977953176	-0.002721236554
	0.002438287662	-0.003906819253	0.002490170971	-0.002649152928	0.0003045744398
	-0.003346961343	-0.002629446795	0.002254455528	0.0006733667658	-0.002568449997
	-0.002546477306	0.001811688265	0.001047833418	-0.001737315047	-0.002525045968
	0.001342624279	0.001391422989	0.0004002406342	0.0004749256161	0.0005721995593
	0.0008444794672	-0.001226876483	-0.00239157625	0.001002636047	0.001495154613
	-0.0008783275815	-0.002351615782	0.0008070414748	0.001538387361	-0.0008820430481
	-0.002172723472	0.001335415573	0.0007615403365	-0.0008718604267	0.00138426486
	-0.002114830776	0.0008189079484	0.0005289204708	-0.0002770935279	0.001510546754
	0.001248889973	-0.002049978774	0.0006716686609	0.001299118348	-0.0006884742331
	-0.001909433724	0.0007416611363	0.001079330646	-0.0008592246832	3.547955254e-05
	-0.000988311162	0.001427908316	0.001797782396	-0.001486378957	-0.00223064188
	0.001668975226	0.001916325048	-0.001827535954	0.0009726778816	0.00084299649
	-0.001000676325	0.001760475309	-0.001999364871	-0.003235598924	0.001745641041
	-0.001759137385	0.0008444889174	0.0009474382049	-0.001001871955	0.001491944679
	0.001888676207	-0.002268548528	-0.00337345638	0.00149747296	-0.003235984165
	0.001927965126	-0.002639808821	-0.001705978521	0.0007913820674	0.0009287782627
	-0.0009336998712	0.0016361539	0.00163059791	-0.003247276868	-0.002540913701
	-0.003126302308	0.001460015441	-0.002087239815	0.001311158513	-0.001633447963
	0.0008695861829	-0.0009467620185	0.0007700414968	-0.001597371441	0.0008559074136
	0.0007641214393	-0.0009576555706	0.00113286717	-0.002662158326	0.001322212225
	-0.001958653345	-0.0009805830074	0.0008029715995	0.0007454293643	-0.001549888738
	0.001076406093	0.001297819371	-0.002009365999	-0.00232328578	0.0007726187841
	0.0007570955755	-0.00101541629	-0.001527698872	-0.002232898104	0.001069281582
	-0.001843336949	0.001199928681	-0.00151046075	0.0007634432472	-0.001026768724
	0.0007073227879	0.001145050049	-0.002169440395	0.0008512808431	-0.001459837401
	-0.001032635509	0.0008125287997	0.0006730614322	-0.001549577733	-0.001264686736
	0.0009262977038	0.0007920197113	-0.001953985355	-0.001294501718	-0.001674585353
	0.0007569092155	0.0007144797997	-0.001064208193	0.0008967044702	0.0007069244519
	-0.001689177873	0.001084250296	-0.0013263273	0.0006216638689	-0.001095580483
	0.0004246661547	0.001032572574	-0.001183580598	-0.001238161466	-0.001633559614
	-0.001942974509	0.000634413357	0.0007336950427	-0.001970466853	0.001367999225
	-0.0006241951302	-0.02005051268	-7.104731178e-33	0.0351721711	2.319155488e-32
	0.04227038908	-0.06869637446	0.0326389659	-0.02965829244	-0.002885317116
	-0.01640334308	-0.0001859712629	-0.0007459437726	-0.003593405742	-0.003368153636
	-0.003885438311	0.003036586581	0.002714939371	-0.002480141776	-0.002594212384
	-0.001028006429	-0.001925431568	-0.002806602353	-0.000265304999	0.002182211795
	-0.002481526077	-0.002973479883	0.0006848770844	0.001434556902	-0.003377228429
	-0.003031845093	0.001632003498	0.0007633672476	-0.004115492279	-0.002981761324
	0.002339022624	0.0003480069811	-0.004283128117	-0.002939950594	0.002636582973
	0.000289209171	-0.003960637799	-0.002862852535	0.002577569352	0.0005479601632
	-0.0031683694	0.002169846078	-0.002793123061	0.0009106545934	-0.002323925793
	-0.00272187745	0.001715409558	0.00132526683	-0.0003698278449	0.0003514074166
	0.001457499145	0.0002654034754	-0.001560549044	-0.002603981347	0.00122894888
	0.001488710779	0.0007916356991	-0.0001924395774	0.001468147355	0.001479283842
	-0.001153156849	-0.00250079353	0.001002445418	0.001601972188	-0.0009129503257
	-0.002363352949	0.001437925862	0.0008120185977	-0.001018138764	-0.00219592173
	0.0009003954461	0.001363353853	-0.0007723057857	-0.002164808574	0.0007746427479
	0.001398018974	-0.0004964788215	-0.00108111058	0.001814664386	0.001917115911
	-0.002006884595	0.0007245947405	0.001164234804	-0.0007992594293	-0.001889750697
	0.001002587699	0.0008543471429	-0.001000798379	-0.001429160467	-0.00274495275
	0.001819546981	0.001769325841	0.002020007536	-0.002090275015	-0.003228103474
	0.001516398538	-0.001807030026	0.0008819882356	0.0009447221538	-0.001038339053
	-0.003343838626	0.001618470907	0.002110616848	-0.002715817349	-0.001740126456
	0.0008397836146	0.0009306127569	-0.0009797090364	0.001756620521	0.001783980693
	-0.00260715475	-0.00355418914	-0.002205192507	-0.003405959245	0.001558597174
	0.001484460756	-0.001666453617	0.00087145403	0.0007921200777	-0.0009428582574
	-0.002911387667	0.001149598282	-0.002161137446	0.001612589847	0.001232122184
	-0.00259851911	-0.00227897542	0.001488214039	0.0008384024425	-0.001608355817
	0.0007908441932	-0.0009644861238	0.0007677973976	0.0008026983664	-0.0009604258976
	-0.001569408284	-0.002553872078	0.001348200978	0.001164792098	-0.001940973041
	-0.00153013738	0.0007728406834	0.0007750991602	-0.001016250523	0.001194727868
	-0.002418196073	0.0009268463106	-0.001483503785	0.0007496995304	-0.001051061658
	0.0007688469582	-0.001512547402	-0.002079710226	0.0008936203021	0.0009564965692
	-0.001357870232	0.0007800849116	-0.001515390822	-0.001114147524	0.000733235142
	-0.001790048978	0.0007765527031	-0.001469839515	0.001018350446	0.0007611013677
	-0.001619785015	-0.001155573996	0.0008053069612	-0.001688654302	-0.001482814178
	0.0009016528183	0.0009079953226	0.0005775755539	-0.001674999417	0.001034205157
	-0.001221527402	0.0008914156106	0.0003955544879	-0.001208092524	-0.001142973794
	0.0008842799272	0.0008030394307	-0.001443278297	-0.0007078180172	0.0005510141969
	-0.001954308094	0.001395568659	-0.001559312682	-0.0004567563377	0.0005255303155
	-0.001544462168	0.7553759362	1.007857377e-30	0.068413127	-2.025724109e-31
	0.1902129136	-0.3791381059	0.1649661793	-0.05506841521	-0.02048159247
	-0.08028415194	-0.006945195958	-0.02057050944	-0.01400965971	-0.02113215776
	-0.01377909669	0.002228410223	0.003115892884	-0.004576069667	-0.00453949761
	-0.00520931944	-0.002438758719	-0.00286864093	-0.001473292251	0.003028127434
	-0.002549096135	-0.002853777751	-0.0003491106615	0.002251369425	-0.00338340479
	-0.003087261491	0.0007975871726	0.001384922616	-0.004226690691	-0.003209583332
	0.001852100581	0.0006934585775	-0.004677637401	-0.003237983821	0.002562496105
	0.0004253658232	-0.004549713121	-0.00315076544	0.002751057789	0.0004678711942
	-0.003869884925	-0.003099453016	0.0008184822556	0.002541171966	-0.003003383736
	-0.002952983657	0.002092282784	0.001190872257	-0.002049747919	-0.002873939043
	0.001564997582	0.001500910212	0.001120227926	-0.0001926435551	0.001503631067
	-0.0002892660003	0.0002687640163	0.0001999470465	0.001917163014	0.001722371931
	0.001594052293	-0.001504661405	-0.002674857215	0.001218312985	-0.0004380061756
	-0.001608048494	0.002037675814	0.001727434757	-0.001067629721	-0.00258406791
	0.001585646967	0.0009643367109	-0.001099214738	-0.002330466335	0.0009411671799
	0.001358668744	-0.0009621343002	-0.002268838559	0.0009277216498	0.001443770692
	-0.0007687627522	-0.002137122156	0.0007485716072	0.00128231662	0.002103575219
	-0.001672951276	-0.002771907262	0.001632047151	-0.001967037596	0.001048167365
	0.0008507024361	-0.0009759980383	-0.001869787644	0.0009209695146	0.0009565697241
	-0.001070382536	0.002220508979	-0.002684524553	-0.003316888232	0.001772653333
	-0.003774481015	0.001869877042	0.001900587993	-0.002643147089	-0.001783182192
	0.0009277549838	0.0008906571375	-0.001032880156	0.001813523332	-0.003630605789
	0.001492555165	-0.002344602088	0.0008868471056	-0.0009665725002	0.0008305923111
	-0.001707901798	-0.002473690342	0.00190862461	-0.003150569772	0.001234876789
	-0.002937006981	0.001393769164	0.00171839572	-0.002510070169	-0.001628356501
	-0.0009738072956	0.0008293090137	0.0008098456748	-0.002935375787	0.001476376451
	0.001268259472	-0.002005294973	0.001086739465	-0.001565381073	-0.002659764449
	0.001189955401	0.000792796903	-0.001583973373	0.0008017970729	-0.0009658577345
	0.0007826047444	0.0007526855114	-0.0009914741707	-0.001534237948	0.00116895498
	-0.00222029559	-0.001540577162	0.0008576280252	0.0007352045448	-0.001025634601
	-0.001515000836	0.0007888747451	-0.001918552497	0.001181608258	-0.001701128322
	0.0008562387198	0.0007932015157	0.0007227027974	-0.001515819097	-0.001081102781
	0.001069187077	-0.001870630189	-0.001558438921	0.0009814677913	0.0008212304375
	-0.001169668461	-0.001616489001	0.0007956987998	-0.001152220564	0.001221378208
	-0.001900944365	0.0006883184115	-0.001298664219	0.0008649081189	-0.001121394551
	0.0004899940941	-0.001829647687	0.001167201987	0.0005147077607	-0.0008252618085
	0.0009542751424	0.0004071581257	-0.001655212858	-0.0007140289593	0.0006834349874
	0.0004281422988	-0.001473659695	-0.0006529531857	-0.001300371225	0.0006380449064
	-0.0006074702994	0.0008380227425	0.001156805751	-0.001675120158	-0.001786984637
	-3.322046053	2.834064213e-30	-2.542094969e-31	0.8161806773	-4.728619652
	1.839473779	-0.2386420001	-0.1434052687	0.04508018236	-0.02131960987
	0.006759010358	-0.03522867207	-0.01009101821	-0.07149828587	-0.001355967893
	-0.02381315049	0.003792706682	-0.03415895451	0.003114652758	-0.006171553596
	0.001944512783	-0.01752711022	0.003585425873	-0.002581770646	-0.002231944034
	-0.006305843353	0.002994965331	-0.003175428252	-0.003486318162	-0.001119170457
	0.002186951568	-0.004338253976	-0.003582901125	0.001121137126	0.001365558823
	-0.005142185037	-0.003499158969	0.002218466395	0.0007902256894	-0.005208990276
	-0.00346448793	0.002693113822	0.0005890875827	-0.004733273895	0.00276611045
	-0.003394586529	0.0007835818453	-0.003779162802	-0.00326980124	0.002407111703
	0.001082138501	-0.002771001089	-0.003157660655	0.001961842518	0.00148129976
	0.0005476098898	0.00106236103	0.001404143011	0.0001470696154	-0.001923959529
	-0.002937746158	0.001459244968	0.001583724491	0.0002987863263	-0.0001586953012
	0.002462933862	0.001397221888	-0.000623374913	-0.00160695567	0.001891015723
	0.002098472911	-0.001409049892	-0.002797618253	0.001205801066	0.00168910409
	0.002280855794	-0.002435538021	-0.002978407966	0.002018890975	-0.001155907451
	-0.002553659138	0.0009950943008	0.001441937249	-0.001188933635	-0.002367435359
	0.001073159082	0.001422234513	-0.0008413389964	0.001407548009	-0.002289659462
	0.0008533755194	-0.0009244455607	-0.0020734295	0.0008381291206	0.00112449791
	0.002001455565	0.001988528883	-0.002630847301	-0.00386487824	-0.001942566264
	0.0009566118022	0.0009790983074	-0.001095812697	-0.001841233362	0.0009276838269
	0.0009435050351	-0.001082806143	-0.003783260858	0.001527253107	0.002051413255
	-0.002530329346	0.001372709356	0.002189690741	-0.003378758406	-0.002829091714
	0.0008975782668	0.0008832547594	-0.001010888704	-0.001754110024	-0.002744071753
	-0.003323976635	0.001885620536	0.001600589341	-0.00166521299	-0.0009830780277
	0.0008340137009	0.0008363377781	0.001565470422	-0.0021093762	-0.003308639347
	0.001426662971	-0.002902048404	0.001120701883	0.001347447914	-0.001689784713
	0.0008215287915	0.0008003755234	-0.001601712383	-0.0009874470802	0.0008658181908
	0.001435775731	-0.001839402246	-0.002377189631	-0.00212353539	0.001005826962
	-0.001934936914	0.001347653362	0.000753548555	-0.0009849927537	0.0007952686009
	-0.001549490568	-0.00151202527	0.0007990154777	-0.001021975808	0.0007225526298
	0.0009849104247	-0.001587465745	0.001302464795	-0.002137036	0.0007965006397
	-0.001511511979	0.0007036792643	-0.001048893362	-0.002129017884	0.001390172774
	0.0006544739022	-0.001032420272	0.0008304488083	0.0007608631806	-0.001127766445
	-0.001601741397	-0.0006683106698	-0.001988476215	0.0005456973152	0.001205547226
	-0.001122480863	0.0008798860205	0.0004656620595	-0.001236871185	0.0006015161482
	-0.001771868078	-0.0006864617545	0.0009536308596	-0.0006478456458	0.0004631776899
	0.0007019192707	-0.001471364493	-0.0008954006055	0.000770858551	-0.00158735698
	0.0007006831417	0.0006782637118	0.0006301296338	-0.001032603227	-0.001472860148
	-0.001748672712	-0.0008848793005	-0.001227433725	0.0005433264904	0.0009518527925
	-0.001766254515	0.00114409591	-4.221501782	3.383140754e-30	-4.891452455e-31
	0.5078491329	-4.127104884	0.6528178889	-0.2998413868	-0.1243374919
	-0.1969028728	-0.1653076146	0.05739152395	-0.08018683603	-0.02181959706
	0.01237346513	-0.04098016015	-0.006876860501	-0.008508999638	0.003758468908
	0.002240224865	-0.009679501554	0.008249239907	-0.006698307531	0.007456642593
	-0.00726287577	0.003633369572	-0.009987300346	0.004761790484	-0.005644969842
	-0.001718898408	-0.005387932465	0.002523744281	-0.005598924654	-0.003851065247
	-0.0004867496602	0.001355349511	-0.005873193126	-0.004152429646	0.002107329659
	0.0009354047921	-0.005674697201	-0.003874490708	0.00286090841	0.0008759144063
	-0.004796732402	0.002724411669	-0.003675391789	0.001123424917	-0.003734446999
	-0.003436957507	0.002294709578	0.001433844394	-0.002566172212	-0.003282129922
	0.001743582522	0.001644777319	-0.0009181012124	0.001078345771	0.002429131917
	-0.0008780883433	0.0008085410127	-5.311254912e-05	0.002367980226	0.001699879006
	-0.001906570113	-0.003016242273	0.0014322823	0.001714815727	-0.001530963268
	-0.001705619814	0.002392010944	0.002290606813	0.002049493395	-0.002459109134
	-0.003663972248	0.002240427413	0.001135396222	-0.001344699026	-0.002847063375
	0.00161283498	0.00164966544	0.002268565139	-0.002747299556	-0.003844884171
	-0.001367331634	-0.002514037184	0.001151519537	0.001391651607	-0.001057584871
	-0.002435794038	0.001041904414	0.001488135084	-0.0008872802115	-0.00222567493
	0.0008510725263	0.001242804961	-0.001101228736	-0.002029240105	0.0009760866542
	0.001015198586	-0.003611770908	0.001585507897	0.002412576828	-0.00321137601
	-0.001914305249	0.000937314546	0.001002135437	-0.001133403637	0.0009011426917
	-0.001808145425	0.0009425944727	-0.001066180641	-0.003722571205	0.001823857976
	0.00200752216	-0.002983762668	-0.00225515805	-0.003654202092	0.001616270136
	0.001601759154	0.0008776202321	0.0008475296009	-0.001004895954	-0.001713707324
	0.00107656065	-0.00198431884	0.001654512403	-0.00311131343	-0.001628465111
	-0.001005118689	0.000796284406	0.0008503717858	-0.002567753468	0.0009337813376
	0.001755251064	-0.002212131656	0.001238594626	0.001471419677	-0.002118586213
	-0.002430367187	-0.001572722245	0.0007604153375	-0.0009929142165	0.0008212588683
	-0.002461481679	0.001547274456	-0.001546125001	0.0009787573428	-0.002388146851
	0.0006468737874	-0.0008818245352	0.001503964992	0.0007162188148	0.0008098136879
	-0.001020105417	-0.001519721892	0.0007023652137	0.0008071065957	-0.001513962644
	-0.001044983767	0.001214650443	-0.002137316056	0.0006052520408	-0.0006303154245
	-0.001588092774	0.000743179801	-0.001113218592	0.0008294760034	-0.0007516137253
	0.0007529593723	0.0008958214669	-0.001858878117	0.0004436960849	-0.001205285552
	-0.001108175364	0.0008786376391	0.0008644386283	-0.001680728639	-0.0009846296804
	0.0007189477302	-0.001441386654	0.0006501105483	-0.000597342967	0.0004673813507
	0.0006941774741	-0.001586624545	0.000871478299	-0.001154700689	-0.001639309133
	0.001151330752	-0.001743205651	0.0008948133792	-0.001537975877	-0.001164103712
	0.0008143990949	0.0007067881269	-0.001481981032	0.0006162471887	0.0005820190715
	-0.001232647577	-0.0010751253	-0.0008110430065	0.0007129182604	-3.936959372
	3.659464874e-30	-7.50122363e-31	0.2426973005	-3.745642262	0.2720009997
	-0.3236747917	-0.07332108692	-0.4091230997	-0.1957623505	-0.09025923962
	-0.05686615976	-0.1636646138	0.03009699708	-0.09443511669	0.04752943299
	-0.02565678977	-0.01077358239	-0.02627192746	0.01522214218	-0.005154488398
	0.02139630016	0.001112709978	-0.005413590365	0.002878241703	0.007651087844
	0.006609778434	-0.0102160128	0.001875210959	-0.002644520083	0.004781611305
	-0.00917342454	-0.001595761464	-0.003114643169	0.002475597507	-0.007435968875
	-0.003794865781	-0.0002043861111	0.001349408838	-0.006112545815	-0.004358430342
	0.0019534596	0.001253283732	-0.004826515244	0.002458664849	-0.004083580326
	0.001431410543	-0.003565205366	-0.003751119555	0.002175803425	0.001765032863
	0.002288092196	3.927740751e-06	0.001486221937	-0.002179345786	-0.002570011621
	-0.003330040996	0.0016596801	0.001764415568	8.240982342e-05	0.0008503574535
	0.002866519325	0.002170158814	-0.001619817388	-0.002465170989	0.002708236306
	0.002004066445	-0.00183412759	-0.003124884279	0.001355220301	0.001807751482
	0.002451464267	-0.002820256806	-0.003668001783	0.001945154303	0.001918060483
	0.002571273047	-0.003610933223	-0.003835745591	0.001165171585	-0.001532018823
	-0.00276107749	0.001457144219	-0.004123200456	0.00205449444	0.00210001508
	-0.00325322398	-0.001392520492	-0.002566087648	0.001223084698	0.001496897462
	-0.0009491386698	-0.002416018919	0.0009371117689	0.001391255976	-0.001082135948
	-0.00215011257	0.0009710919942	0.001078969046	-0.001187223119	-0.002000429199
	0.001060664685	0.0009568566366	-0.003952248772	0.001613117421	0.00183298885
	-0.002505881466	-0.001876618948	0.0009050537763	0.001008163124	-0.001125883393
	0.0008613142263	-0.001769775609	-0.001046941365	0.0009334585023	-0.002431266314
	-0.003288468354	0.00108157346	0.002001551417	0.001128310641	0.002013202264
	-0.002640842679	-0.002824265887	-0.001669203077	0.0008834735949	-0.001020544024
	0.0007989863894	-0.002807582736	0.001557965165	0.001538531827	-0.002277450259
	-0.001599262814	0.000854719638	0.0007638307515	-0.001012167946	-0.002834689756
	0.001746658437	0.0009881646468	-0.001417313822	-0.002640016025	0.001545345611
	-0.0007807892012	0.0007081772622	-0.001539288434	0.0007161877873	-0.001016723916
	0.000826134296	-0.002279557401	0.0007789301348	-0.0006922180566	0.001148352103
	0.0008450269241	-0.001977715101	0.0009372529347	-0.0009417618262	0.0006993797044
	-0.001048165061	0.000823246395	-0.001520932233	-0.001588012326	0.0008348238487
	-0.001103472907	0.0007354482306	-0.001200451326	0.001028101236	0.0007200914415
	-0.001795273364	0.0004362227256	-0.001099645996	0.0008836116777	-0.001200750432
	-0.001716117662	0.0006940793112	0.001015019086	-0.001252700254	-0.001418238987
	0.0006304110377	0.0004648102815	-0.000586919891	0.0007261191469	-0.001667037791
	-0.001186431582	0.0009102753002	0.0008631004812	-0.00159940942	-0.001703367898
	0.001138147271	0.0008161382096	-0.001100949818	0.0007490668706	-0.00159648656
	0.0005686169642	-0.001199685901	-0.0007371942805	0.0005657369094	0.0007341943103
	-0.001532430374	0.0007396210916	-0.001006998801	-0.001447551935	0.0007181743347
	-0.0009543299542	-3.658088417	3.966741383e-30	-8.828747282e-31	-0.03310814173
	-3.425308702	0.1159378637	-0.4852911647	-0.1391963064	-0.5136200588
	-0.1925840748	-0.1645040013	-0.03371552476	-0.2525543493	-0.05809481228
	-0.0803868156	0.03881847981	-0.001227714757	-0.0808922941	-0.04350870636
	0.04561227872	-0.009022699485	0.004822092306	-0.020088104	0.01810004193
	-0.008295871503	0.02386600277	-0.003137138158	-0.003573683715	-0.002553135755
	0.01460126788	0.00399019553	-0.01126433283	-0.0004515614728	0.003540233989
	0.00454128943	-0.01075266142	-0.001681927192	-0.0007913734875	0.003113768553
	-0.007794711513	-0.00344903369	-0.0004722737545	0.00215145178	-0.005321228666
	0.0009061902768	-0.004148281648	0.001932163382	0.002224999412	0.001328618667
	-0.0007835850179	-0.001660749369	-0.003490593064	-0.004044934602	0.001484928566
	0.001901895762	0.000204183781	0.000753387981	0.003612148985	0.001726250391
	-0.002574110553	-0.003577255746	0.001603807219	0.00193572334	-0.001904796029
	-0.002500891521	0.002474701932	0.002472973041	0.002677931617	-0.003895329398
	-0.003836383434	0.002431751207	-0.001849189126	-0.00316650062	0.001305275083
	0.001691982189	0.002335344127	0.002189803967	-0.003589032606	-0.004505566193
	-0.004214304318	0.001662104357	0.002086892448	-0.002935180991	-0.001782609084
	0.001334773721	-0.002724221577	0.001487053801	-0.003478461783	0.001199956303
	0.002335270369	-0.00302225197	-0.001228878253	-0.002601869288	0.001097879705
	0.001542042837	-0.001078926705	-0.002313019754	0.001198209961	0.000947801095
	-0.001247608135	-0.002104863683	0.001088916687	0.0009891816089	-0.0011975642
	-0.001963644761	0.001075040586	0.0009184273678	-0.003085235737	-0.00315896992
	0.001466687677	0.002174477066	-0.001835660052	0.0008709253397	0.0009978517547
	-0.001105548707	-0.001724531748	0.0008110560155	-0.001045672413	0.0009279937488
	-0.002357605403	0.001535427397	-0.003249419829	0.001912710272	0.001906581077
	0.0009950204962	-0.001317271946	-0.00320939264	-0.001632831308	0.0008906699604
	-0.001034752876	0.0007643920756	0.001500597593	0.0008839822909	-0.0008031757629
	-0.002855810064	-0.001568047684	-0.001022302808	0.000852586374	0.0007229513682
	-0.002431494397	0.001042205135	-0.000884510271	0.001040789986	0.0007998774055
	0.001187549606	-0.001231611159	-0.002120212754	-0.001533674494	0.000695088427
	0.00083997712	-0.001051106562	-0.001967192545	0.0007343256175	0.001207117445
	-0.001418908704	0.001108376939	0.0007629633172	-0.001884184096	-0.001403723723
	0.0007326043322	-0.001596484185	0.0008477266395	-0.001099717227	0.0008913788622
	-0.001094915885	-0.001198190851	0.0004247137302	0.0007707072891	-0.001802081654
	0.001007355061	-0.001253788118	0.0006178844566	0.0004704994183	-0.0005823137792
	-0.001407547161	0.0007491123821	-0.00172283386	0.0009122988806	-0.001075651179
	-0.001674292295	-0.001585775697	0.001133689369	0.0008424061131	0.0007472362117
	-0.001630952186	-0.0009954436635	0.0008194579991	-0.001179831591	-0.0007170718419
	0.0005598183887	0.0005603423908	0.0007772742484	-0.0009536594602	0.0007243436646
	-0.001543041758	-0.0009187703663	0.0006973044541	-0.001486098345	0.0007084148659
	-0.001404512156	-0.0009242990212	0.0007138946797	-3.333575765	4.215406877e-30
	-1.030670046e-30	-0.2469287171	-3.139376179	-0.1266130218	-0.6657192707
	-0.2112521434	-0.6784036523	-0.2758197452	-0.1534197595	-0.06998365832
	-0.2906958326	-0.08102390862	-0.06668687951	-0.01321592743	0.01218163085
	-0.1038537421	-0.0199648106	0.02452389034	0.01089599594	-0.0314106023
	-0.02174775765	0.03072452141	-0.005825830394	0.005512829214	-0.01732505572
	0.01571890937	-0.01017597987	0.02062164479	-0.006468144866	-0.001146866461
	-0.006177037593	0.0172321271	0.001502980756	-0.009501016808	-0.002585342192
	0.007633846999	0.004343373257	0.0004350723859	0.002339932216	-0.002300576628
	-0.00330997173	-0.009958634625	-0.001932402983	0.001000500963	0.004009879416
	-0.007099031616	-0.0008582732714	-0.002944680817	0.003132693002	0.001744135219
	0.00133994736	0.003329642113	0.00208660203	-0.004469290561	-0.003565122382
	-0.0002682918116	0.002329484934	-0.003150204542	-0.002550326608	0.003097387085
	0.002723080062	-0.002716442505	-0.003729906213	0.0006596751948	0.002021043359
	0.002276671064	-0.003895385195	-0.004671851626	0.002777624544	0.001867827366
	0.002380842301	-0.00358235749	-0.004456328422	-0.002134026137	-0.003208343065
	0.001185038921	0.001541691683	-0.003760164209	0.001523896283	0.002604752952
	-0.003757292924	-0.003606467625	0.001945742255	0.002216490552	-0.003506576454
	-0.001712334172	-0.002885353563	0.001630087381	0.001356851601	-0.002383666066
	-0.003737496004	0.002263227359	0.001469155878	-0.001192678289	-0.002553500556
	0.001020235091	0.001400664287	-0.001325658705	-0.002226671163	0.001063842143
	0.001086291852	-0.001315627672	0.001122836835	-0.00206136961	0.0009514507048
	-0.00118916162	0.001050648042	0.0008866990256	-0.001913459482	0.001981303313
	0.001058887107	-0.001306316389	-0.003543733466	0.0009780383449	0.0008286465746
	-0.001790554977	-0.001094866075	-0.001680577407	0.000768773391	0.0009266172781
	-0.001059691263	-0.00304046433	0.00113951072	0.001398203722	-0.001008625196
	0.0009569591218	0.001357375922	-0.001276101002	-0.002582726736	-0.001603604289
	0.0008876967278	0.0007312005915	-0.001040753652	0.001469357059	0.0007759186358
	-0.00157847728	-0.002306350659	-0.001556951583	-0.001052804482	0.0008593527818
	0.0006952165291	0.0007803032526	0.001384202633	-0.001644201892	-0.002180508788
	0.0008194476192	-0.002077349985	0.001234448152	-0.00151861511	-0.001610206789
	0.0008668061002	0.0007323289731	-0.001104555242	0.001082472554	0.0008294982674
	-0.001974329227	-0.001315817445	0.0009793152219	-0.001850622394	-0.001158346413
	0.0008097840216	0.0004137926357	-0.001096472274	0.0009005707895	-0.001195825736
	-0.000585571269	-0.001401100462	0.0004821984496	0.0006065418864	0.0007491130983
	0.0009346330973	-0.001015901602	-0.001739795582	-0.001653805103	-0.001574928387
	0.0008176058678	0.001132571656	0.0008663775337	-0.0009301865493	-0.001654893721
	0.0007145544356	0.0005663377306	0.0005539216121	-0.0007114516256	-0.001165868655
	0.0007128316704	-0.00092509203	-0.001565661066	0.0008069630351	0.0006821864343
	0.0006997891632	-0.001379405568	-0.0008911277786	0.0007735994714	-0.001502049818
	-0.0008931361603	0.0006865968701	0.0006952234519	-0.0008972455179	-0.001452536759
	-3.050524597	4.447663966e-30	-1.188337404e-30	-0.4817080902	-2.880959883
	-0.3769947926	-0.8047130007	-0.2683921819	-0.8619838457	-0.3611456316
	-0.2214752511	-0.09658451582	-0.3721997322	-0.0610392342	-0.1034726354
	-0.01053983921	-0.005709327061	-0.1025515749	-0.01020494011	-0.007570664859
	0.01532349746	-0.02929995943	-0.0008232568373	0.005918869629	0.008159588571
	-0.01394692458	-0.0112694327	0.00687891807	0.001431805832	-0.007286619936
	-0.00646931772	0.01660065241	-0.004619220556	0.002670983436	-0.01399499631
	0.01285246793	-0.0100616425	0.01572820369	-0.007791497559	0.002204469884
	-0.008035873765	0.01656322648	-0.0002755227061	0.002297552422	0.003680390654
	0.003385674175	0.002944778345	-0.005758445734	-0.00419247555	0.009553080974
	0.003894569427	-0.007723133086	-0.002287347182	0.004425428598	0.002411280307
	-0.003207093176	-0.003390869495	0.003486290302	0.002292827129	-0.006346422829
	-0.002342551913	-0.0006919076713	0.003608885979	0.002670378086	-0.004205397909
	-0.004556250785	0.00238577981	-0.004077987054	-0.002873673409	-0.0009411000408
	0.002353206609	0.002170522526	0.002764959763	-0.004608567274	-0.004192766066
	-0.004218120924	0.002558464427	0.002143308313	-0.003903280321	-0.002825006234
	-0.003039357248	0.0002442010026	0.001776359972	-0.004260276989	0.00256998329
	0.001392318162	-0.002443436558	-0.001476685013	-0.003829946313	0.001959688529
	0.001214953624	-0.00160447556	-0.00300110611	0.001617019746	0.0007497219451
	-0.003199278783	0.001276248179	-0.001458401081	0.001470855853	-0.001386207127
	0.001188526973	0.001025498644	-0.002549304581	-0.001457964279	-0.002235000166
	0.001005410768	0.001217075906	-0.001323771932	0.0009279811391	0.001131385626
	-0.002020705483	-0.001190206204	-0.001858164002	0.0008591490473	0.001028139756
	-0.002755233851	0.001699324837	-0.001822421083	0.0009085699787	-0.001737384786
	0.0009565318774	0.0007878720779	-0.001108695298	-0.001644721133	0.0009166741882
	0.0007401659661	-0.001075313266	0.0008187439627	0.001710223696	-0.002537528944
	-0.001991047391	0.001554890874	0.0008560242608	-0.002412597086	-0.001885565363
	-0.00159229612	0.0008812529175	0.0007034458236	-0.001061707505	0.001363664487
	-0.001617587953	-0.002292728209	0.0008756282534	-0.001629742713	0.0008870897677
	-0.001113869924	0.0007322499346	0.000876056257	-0.002148223365	0.001194546739
	-0.001389966403	0.001084952338	0.0008398525281	-0.001216251918	-0.002003579898
	-0.001106833936	0.000914248036	0.0004081284283	-0.001196031041	0.0008054293475
	-0.001876197528	-0.001109341003	0.0009968011372	0.0007553715421	-0.001759542023
	0.000958531358	-0.001023890854	0.0005929661003	-0.001396516573	0.0004960732962
	-0.0005947906207	0.0007975221605	-0.001569894561	-0.001644770144	0.001137287519
	-0.001676778713	0.0006926967119	-0.0009144038618	0.0009265182526	-0.0007210460917
	-0.001150255064	0.0005393310208	0.0005788772989	0.0008481814193	-0.001603698778
	0.000687883413	-0.0008801884927	0.0006753030556	-0.001366427758	0.0006915636231
	-0.0008676675197	-0.0008767963281	-0.001522151231	0.000680947748	0.0008094343018
	-0.0008780753217	-0.0008448875663	0.0006650908134	0.0006868475582	0.0007594912842
	-0.001478342625	-0.001422286742	-2.798847251	4.688107472e-30	-1.378457611e-30
	-0.7089730574	-2.679471021	-0.5819956383	-0.9713261469	-0.3723572781
	-1.02545482	-0.420780411	-0.3205763546	-0.1087857976	-0.46093629
	-0.09116352971	-0.1311082474	0.009976160461	-0.008431706928	-0.1306513442
	-0.02950902841	0.00307216034	0.003927657731	-0.01967580484	0.001862609414
	-0.01249547129	0.006478214296	-0.004926870424	0.004478819244	0.008965517608
	-0.002067967594	-0.01535160817	-0.007209720707	0.003984501582	0.005400549197
	0.003810288357	0.002725255322	-0.00628678877	0.00412009063	-0.006775290321
	-0.004348916089	0.006613642842	-0.003462428915	0.000160999715	-0.009683777526
	0.01053733699	-0.008659358958	0.01025623435	-0.007408405646	-0.003077892718
	-0.003384202304	0.003248679399	0.00278100315	0.005430219537	-0.008426185991
	0.01376825878	-0.001532797876	-0.001743401585	-0.005083216301	0.002718328552
	0.009917946467	-0.005255027353	0.002804965368	-0.004595511171	0.003204085962
	-0.005288068777	-0.002695778611	0.003825288357	0.004095923166	0.003293386429
	0.001993763337	-0.00427872155	-0.005019858618	-0.005776177639	-0.001772074079
	0.003312881456	0.000111161346	-0.004817260479	0.002813404294	0.001395329076
	-0.002699371021	-0.004100795281	0.001873485918	0.001498259746	-0.001964881606
	-0.004082027139	-0.002228546317	-0.0008431241668	0.002617715608	-0.002192432462
	-0.003370988637	0.001181880307	0.001867567749	-0.002980000682	0.0009318606408
	-0.002498869499	0.002020486475	-0.002407628792	-0.002520327075	0.001681630322
	-0.0004801036591	0.001907522387	0.0009221761502	-0.002804488425	-0.002442389424
	-0.001855614422	-0.002477237544	0.0005375960987	0.001124231132	-0.001503868647
	0.0009634834925	0.001040587968	-0.002295489565	-0.001297211516	0.001108381711
	-0.002038772349	0.000889066272	-0.001186515118	0.0008249135535	-0.001833729985
	0.001038514047	-0.002661917002	0.0009544661095	0.001692710424	-0.002130521558
	0.000761521644	-0.001694878911	0.00095890836	-0.001133634052	-0.001630640674
	0.0007240399455	0.0009044130053	-0.001098165406	-0.00250411047	0.001478098925
	0.0009524873911	-0.001768447564	0.0009142713208	0.001329713825	-0.001493479623
	-0.00232344562	0.0007374514674	0.0008986376637	-0.001655155834	-0.001131055614
	0.0008703867589	-0.002166252734	0.001206341268	-0.001304316063	0.0004088412934
	-0.001122745616	0.0009293867208	-0.00120627407	-0.002019415911	0.001117146376
	0.0008323847563	-0.001194296691	-0.001100703336	-0.001902971641	0.001039137021
	0.0007940018239	-0.001397210958	0.0005055899036	-0.0006027292137	0.0005770974971
	0.0007637544686	-0.001036083816	0.0009776597674	-0.001794295511	0.0009634104937
	-0.0009356952753	0.0006998800733	-0.00170028763	-0.001644571512	-0.001577394205
	0.0007838684849	0.001152387577	0.0005910735719	-0.001137367844	-0.0007354184605
	0.0005153549268	-0.0008388343203	0.0009115429768	-0.001637222159	0.0006553849412
	0.000684711674	0.0006888510616	-0.001359913058	-0.0008643999086	0.0008375419297
	-0.001559474115	0.0006700307953	-0.0008432211048	-0.0008593232665	0.0006763018513
	0.0007416048465	-0.001399777396	-0.0008205004707	0.0008122037425	0.0006588836089
	0.000647835567	-0.001493670292	-0.000819003465	-0.001457260586	-2.597449119
	4.953123089e-30	-1.598248564e-30	-0.9119738797	-2.536906737	-0.7982818234
	-1.145159384	-0.499580456	-1.206187454	-0.5030685233	-0.4145239264
	-0.1454881345	-0.5339146694	-0.1280171133	-0.142193718	-0.00244145395
	-0.002252469357	-0.1562566924	-0.03552508792	0.01038638075	0.009066467754
	-0.02615502996	-0.007680939985	0.01590087237	0.007394697594	-0.03068266658
	-0.01070597604	-0.0001489793495	-0.001377057921	0.001592520764	0.002336006498
	0.008489404679	0.007580809589	0.00354480364	0.002983547314	-0.003326470861
	-0.003587524917	0.00415730076	0.002906415793	-0.01429670538	-0.0004667673914
	0.006146583605	0.00294861113	-0.01146565603	0.001018811172	-0.002809280581
	0.0007352656529	0.0005011153594	-0.002401722474	-0.001662065893	-0.005215858609
	-0.004383323042	0.001887622561	-0.00577366852	0.004061755937	0.008275803968
	-0.006649021738	0.005208790542	-0.006198738045	0.007062172222	-0.007646308991
	-0.002571141464	0.01029643908	0.002976142685	0.001619595817	-0.003298967054
	-0.005398687288	0.001421412728	-0.005380453873	0.009307259155	0.0009946650018
	-0.004428651426	0.00180349308	0.001941497653	-0.00294166706	-0.00337208279
	-0.002884155884	0.003164914176	0.0052126832	-0.003632801272	0.001180214028
	0.002310956793	-0.00324894322	-0.003296105664	-0.003295352443	0.001057185143
	0.002295406017	-0.004370768778	-0.001768629039	0.0009711428485	0.003293288605
	-0.003113241789	0.001078650291	-0.002921610091	0.002057668745	-0.002919121173
	0.001076214603	-0.002409917552	0.001798833297	-0.003965073762	-0.001600032847
	-0.0006108153694	0.002249983354	0.001591377704	-0.002707021449	-0.001974177907
	0.001035106214	-0.001942319948	-0.002882350708	-0.0003687178875	0.001479645286
	-0.001892368751	0.001049544367	0.0002804300983	-0.002115895515	-0.001381040867
	0.0007749906517	-0.002040749838	0.0008618849937	-0.001186865526	-0.001860559735
	0.0007775910807	0.0009660970667	0.001448898152	0.0009676206578	-0.001658034719
	-0.002501636881	0.0009727911312	0.0007449966973	-0.001721361583	-0.001138113718
	-0.001702343777	0.0007562305588	0.0009375331707	-0.001156850124	-0.002323929613
	0.0009142846365	-0.001454572199	0.001333412891	-0.002173935915	0.001243198136
	0.0008593540481	-0.001297721135	-0.001137597086	0.0009514896397	0.0004165794606
	-0.001234679891	-0.002045448404	0.001150504516	0.0008265277256	-0.001193104345
	0.0005686885894	-0.001405422287	0.0005082055707	-0.0006119154026	-0.001104821797
	0.001079427187	-0.001929777404	0.0007898758708	-0.001033531118	0.0007625468705
	-0.001831333993	0.00100676401	0.0007708666583	0.001171704927	-0.001603140524
	-0.001644646883	0.0009753740291	-0.0009653246392	0.0007210665553	-0.001732031152
	-0.0008428346353	0.0009693994335	-0.001659733429	0.0006461300959	0.0006013447031
	0.0004913331745	-0.001135226782	-0.0007485091236	0.0006785075095	-0.001351195722
	0.0007076478369	-0.0008866031455	-0.001603185688	0.0008912253225	-0.0007875225181
	0.0006352575755	0.0007310859	-0.001392667832	0.0006702391646	-0.0008404502402
	-0.001520772729	0.0006474760752	-0.0008085278103	0.0008426985636	0.0008046121404
	0.0006247270066	-0.001480104349	-0.000813559422	-0.001434029534	-0.0007706074491
	0.0006610766976	-2.467134537	5.288127553e-30	-1.854829002e-30	-1.120289999
	-2.455569049	-1.011229775	-1.308219411	-0.6316721163	-1.394038619
	-0.5907236282	-0.5475063788	-0.1867370242	-0.6210164616	-0.1516301076
	-0.1683802346	0.02184458724	0.08519984053	-0.04014058927	-0.01177493649
	-0.010114202	-0.01140095186	-0.1690684224	-0.0330731576	0.01592920244
	0.01234602224	0.002309768135	0.004022616245	0.006818374795	0.0137184504
	-0.009923910401	-0.0350988785	0.005613698428	0.003299106756	-0.005679932945
	-0.005757564343	-0.001934891206	-0.004445837369	0.004022445785	0.002522166023
	-0.003872266248	0.002328070595	-0.005880767923	0.002883790276	-0.002565455975
	-0.005133367823	0.001707334005	0.005111396433	-0.0121440231	-0.004239055027
	0.005300705732	0.006457128404	-0.01192827696	-0.001165347915	-0.0005414657421
	0.003989870671	0.001827172127	0.00262075792	-0.004500567031	-0.004871729139
	-0.003199814425	-0.001533755073	-0.002487966084	-0.001684933797	0.005447016534
	-0.004643551501	-0.004641039127	0.001574652628	-0.004098200856	0.001335845081
	0.002787895344	-0.004637456525	0.006701805693	-0.006051661196	0.00697860885
	-0.003474224752	-0.003744969986	0.001311652859	0.002522552998	-0.004238838966
	0.003464603943	-0.005285802468	-5.21958121e-05	0.008114841696	-0.003460450861
	-0.003483947353	0.001289232754	0.002171238521	-0.003189806269	0.00122290009
	-0.002768132355	0.00189165482	-0.0009290954844	-0.003128746784	0.005406425612
	0.001939905596	-0.002258995734	-0.002915026269	0.001132602833	0.001697278057
	0.001556943936	-0.001900843354	-0.002681185776	0.001042511637	-0.003619047306
	0.00248128415	-0.001689683723	0.002217531537	0.0009694678875	-0.001652059609
	-0.002484690399	0.001449049493	-0.003744380029	0.0001441381441	0.002107880765
	-0.001353424554	-0.002814746395	-0.001551696391	0.001469769841	-0.0003229490887
	7.876275007e-05	-0.001898551567	0.001015017003	-0.001773391782	-0.001376358135
	-0.001827870403	0.0007995879535	0.0005767940815	0.001348364008	-0.002327260718
	-0.0014563428	0.0009094670524	-0.001837961381	0.0007719327516	0.0008633885335
	-0.001203922662	-0.00120678354	0.0009838585092	0.0004154021606	-0.001248761134
	-0.00218460825	0.001265735178	-0.001314103254	0.0008615028816	0.001182791693
	0.0008200556193	-0.002067722586	-0.001192045882	0.0005393439781	-0.001441569747
	0.0005717855285	-0.0006161859256	-0.001110805213	0.0007899953664	-0.001955807656
	0.001110077662	-0.001647040738	0.0007545670407	-0.001637567254	0.001199594361
	-0.001032825027	-0.001861239596	0.0007573374378	0.001045549371	0.0009882658331
	-0.0009790641535	-0.001770220439	0.0007332856208	0.000620534624	0.0004783031169
	-0.001142382816	-0.0007721233141	-0.00168415969	0.0009917577582	-0.000886533009
	0.0006693972986	-0.000759654252	-0.001633340619	0.000966714118	0.0006034128565
	-0.00092418943	0.0007296404739	-0.001338663005	0.0006526251196	0.00068107547
	-0.000840018759	-0.001397183809	0.0007316658444	-0.001569380964	0.000876248473
	0.0006281669979	-0.0007626716485	0.0007848214079	-0.001413998701	-0.0008111761177
	0.0006592798747	-0.0007630025968	0.000617885349	-0.001496315235	0.0008557026918
	0.0006224842947	-0.001472883027	-0.0007452806891	-2.403055322	5.728671283e-30
	-2.163492052e-30	-1.33000268	-2.444221895	-1.209603819	-1.486055315
	-0.7874815545	-1.576390704	-0.6684973646	-0.7020652529	0.01798309086
	0.05633010483	-0.09563393105	-0.1224695082	-0.1932495864	-0.222356541
	-0.7111998297	-0.1953841762	0.03908779365	0.1220958816	-0.01905795195
	0.007265820884	-0.007059479906	-0.01869708665	-0.1914241678	-0.04201896594
	-0.001496415526	0.004916842922	0.001249465004	0.004400870638	0.006991079864
	0.009395153257	-0.006808294891	-0.03201205185	-0.001911303969	0.006676673324
	-0.004953233146	-0.002460945693	-0.005881511082	0.003939277501	-0.005154613168
	0.001610783767	0.00162028316	0.003363738604	-0.006182368577	-0.004858480867
	-0.001301228101	-0.0004109122149	-0.00272340455	-0.0006839788634	-0.00259661197
	-0.00613653159	0.004326262806	0.001443649587	-0.008377579769	-0.005725247603
	0.00515102219	0.005658618452	-0.00436880542	0.001682447737	0.00276207111
	-0.005338160483	-0.01043143935	-0.002520062944	0.0009823919774	0.005332342944
	-0.005353133751	-0.001065708496	0.0005000709229	-0.002294292231	-0.003956106422
	0.001565501697	0.002276163777	-0.004130157566	0.002026260307	-0.002838624937
	-0.0002562918261	-0.002798637915	-0.003268942596	-0.003500610487	0.00140878808
	0.001993093859	0.003699844485	0.005960584106	-0.004656146778	-0.00317234508
	-0.002660002962	-0.003154776824	0.001265129848	0.001797452973	0.001654269432
	-0.002877683083	0.001146061543	-0.002230346914	0.00631419963	0.004018660063
	-0.004515101746	-0.001364693092	0.001542173046	-0.001911232827	-0.002656015328
	0.001049467945	0.0009753922605	-0.002477351105	0.001440380237	-0.001665618093
	0.0003033050629	-0.003185395423	0.000819950442	0.005492495996	0.0009100235328
	0.001357885411	-0.001470926612	-0.00232377708	-0.002305559038	0.001864694235
	0.002878068056	-0.001861212705	-0.003069684742	-0.001299747907	0.0007724023218
	0.001846423804	-0.002625095606	-3.164752518e-05	0.001403594694	-0.001358336357
	-0.001940910433	0.001056288669	-0.001648892384	0.000122057375	-0.002194643409
	0.0008639189813	0.001275184821	-0.001324745804	-0.001213419171	0.0004878309521
	0.0005563540404	-0.001526770268	0.0004066789631	-0.001514571874	0.0005826214726
	-0.0006793680557	0.0008184619469	0.001209061804	-0.00207897988	-0.001203983131
	-0.001114321449	0.0007878614528	0.001136575176	-0.001979592967	-0.001699352874
	0.001199722376	0.0007305205022	-0.001655372564	0.0007569543817	-0.001042483713
	-0.001885309146	0.001080050245	0.0004650123429	-0.001169360862	-0.0008040373209
	0.0006671713881	-0.0009809673964	-0.001805048419	0.001017754138	0.0007326403903
	-0.0009273680155	0.0006996201978	0.000991118094	-0.001719492401	-0.001340954402
	0.0007588265683	0.0006196738443	-0.00095528422	-0.0007949315543	0.0006121602386
	-0.001652944172	0.001016146106	0.0005828839762	0.0009490007433	-0.001615147227
	-0.0007022594504	-0.001399126743	0.000718760149	0.0007304090793	-0.0008766359429
	0.0006543815822	0.0007680890862	-0.0008030508932	-0.001408463777	0.0008793972566
	0.0006203183926	-0.0007478257786	-0.001536057126	-0.00145982965	-0.001491261036
	-0.0007523973311	0.0006359706146	0.0005918469018	-0.0007120638256	0.0008584285886
	-2.409791939	-2.525355877e-30	3.412605235e-33	-0.06301923788	-1.671628013
	-1.423277337	-0.8580079937	-0.7541115989	0.1090301442	-0.05181918532
	-0.2445272616	-0.2085470591	0.02130694552	0.003638812244	-0.01766528125
	-0.04733067087	-0.006057343371	0.004638375515	0.01305041352	-0.01221093302
	0.001139363702	-0.0007995401152	-0.006190553345	0.003274709209	-0.004948443718
	0.00246704895	0.001214780251	-0.0065583744	-0.003994510932	-0.0002752815594
	-0.002160691975	0.001119993371	-0.003947862007	0.002140186737	-0.005036871921
	0.004195309927	-0.008614669111	0.004963858558	-0.003220657246	0.001899451345
	-0.005853288792	0.002427545225	-0.00266408971	0.001742640425	-0.001351959683
	-0.0003425870285	-0.002250017466	0.001617448302	-0.001932423223	0.00151469752
	0.00346933667	-0.002679685292	0.001428003816	-0.001681316953	0.001353377248
	-0.001492126972	0.003640540966	-0.001649336393	0.001283065509	-0.001335997085
	0.001241546974	8.398935676e-05	-0.001183827158	0.001226662168	-0.002341936136
	0.001541513473	-0.002377329857	0.0009572976957	0.001221362518	-0.001223175543
	-0.001281376411	0.0008269000912	-0.001932101532	0.0008091353259	0.001161645994
	-0.001123057216	-0.00105453616	0.001104599565	0.0004547501397	-0.0009241748494
	-0.00098807736	0.001053802325	-0.000989623154	0.0005919144239	0.001000895498
	-0.0009433072975	-0.0008615684481	0.001017494361	-0.0009303688658	0.0007010683427
	-0.0006997693523	0.001030963319	0.0009265941321	-0.000681901158	0.0007661518709
	-0.0007985663707	-0.0007720579217	0.000839732377	0.0009006373256	-0.0007208883761
	-0.0006826571035	-0.001409445032	0.0007671923113	-2.497051171	-0.004547216197
	-0.001385806237	0.001875710185	0.0007483008968	-0.001185624424	0.0005456067648
	-0.2679576949	-0.003905161905	-0.001664708731	0.001639388859	0.0008707241141
	-0.03739241169	-0.001310975146	-5.99152027e-05	-0.001229108978	-0.00346260675
	-0.000877132169	0.001458387022	0.0004528645935	-0.001510937425	0.001298577493
	-0.003118530032	-0.002015492031	0.00265774947	0.001292399084	0.003016493641
	0.004135037581	-0.00301247765	0.004613276815	-0.002851085572	-0.003008613412
	-0.003716752689	0.001164372779	0.004412024093	-0.003158060249	0.001799370787
	-0.002637427519	-0.001643900204	0.001063465949	-0.001432696054	-0.0012742334
	-0.001446478551	-0.002463216312	0.0009797005614	0.002098577486	-0.005860446533
	-0.002316086053	-0.005469329504	0.000916164132	-0.002044667574	0.0001415356597
	-0.00219532367	0.0007323361912	0.000862302422	0.001478715781	0.003014834729
	-0.002085879328	0.009180144949	0.0008225132679	-0.02063420347	-0.2129412465
	-0.001994459672	0.000785123509	-0.7923961319	-0.9540132045	-1.77053283
	-0.001907586354	-1.540604981	0.0007597236743	-0.001831225164	0.0007309799642
	0.0006770180213	0.07761452641	-0.00175851355	0.0006545946459	0.0007134104784
	-0.04669605731	-0.001680175206	-0.001498019451	0.0006543032263	-0.001639020822
	0.000560482869	0.07136007328	-0.001595321099	-0.01576775967	0.0005852477374
	-0.001511933042	0.000599345262	0.005428140919	0.0006471423329	0.0005903137064
	-0.001442870943	-0.004761245335	-0.001429896263	0.001886348442	6.290352614e-30
	4.216612251e-33	-2.489597125	-2.942590286e-30	8.28552483e-33	-0.02590778782
	-1.650236187	-1.857879874	-0.8392527343	-1.029570509	0.05148736738
	-0.031899247	-0.2283029585	-0.286582341	0.01357063285	0.000322549186
	-0.02834350087	-0.04656645627	-0.004162425891	0.003046893183	-0.0129192487
	0.008592351002	-0.004918434099	0.005856564961	0.002457035585	-0.00454313638
	0.002057909544	-0.003916830102	-0.002074715409	0.001411490706	0.002956866017
	-0.007019234531	0.001358807022	-0.004941651823	0.001834668678	-0.003207675855
	0.0005269638879	-0.00222583929	0.003041151834	-0.003105534971	0.001686492637
	-0.002692108248	-0.005645152421	0.004188226954	-0.002275213616	0.001574088716
	0.00268761198	-0.005948219146	-0.0019560559	0.001482606617	-0.001707955087
	0.001409154251	-0.002335739507	6.167039605e-05	0.001340356612	-0.001512037668
	0.001284464579	-0.001358099304	-0.001563278123	0.001430179026	0.001225138785
	-0.001238384463	-0.001353811007	0.00256351191	0.001278458072	-0.0001604269369
	0.0004567315925	-0.0006311593778	0.000965196697	-0.001068288105	0.001177645161
	-0.001142471832	0.001095970081	-0.002361473009	0.0006146525075	-0.00136185624
	-0.001064708994	0.001124262147	-0.001003776848	0.001080842607	0.0006667844734
	-0.001272160032	0.001029939725	-0.000948710918	0.000676825027	-0.001073471185
	0.001004216818	-0.0009075567591	-0.0007720385449	0.001060540805	0.0007702112568
	-0.0008536867735	-0.0006258968528	0.001022148161	-0.0006877678741	0.000919676932
	0.0008064864946	-0.0007733058367	-0.0006896368499	0.0009147296307	-0.0006717779645
	-0.003839264221	0.0006582212427	0.00168997943	-0.001336160254	0.000551441145
	-1.972501445	-1.118371372	-0.001026826521	-0.003439941376	0.0003469858799
	0.00148769422	-0.001516292742	0.001084503673	-0.001389401683	-0.04111490354
	-0.003088848718	0.001079378939	-0.004718826535	0.001324447309	-0.001562668458
	0.002719275798	-0.002769295646	-0.002826993412	0.00280436762	0.003416429665
	0.001185196487	-0.002867855805	0.002613183136	-0.002140898361	0.001253866682
	-0.004145663483	-0.002615139885	0.0004131655164	0.00107569895	-0.001159132103
	-0.001183225616	-0.001368419017	-0.00244324372	-0.0002794051991	0.0009881271702
	-0.003392172919	0.002023948108	-0.005135613805	-0.002305222715	0.003221441033
	0.0009208602707	-0.002545197451	-0.002186612265	0.0003932763658	0.0008646743603
	-0.002228837532	-0.002186234345	-0.002089203107	0.00354173519	0.000824667547
	0.004332798443	0.01212927286	-0.002000258553	0.0007878699303	-0.02951214424
	-0.2267333117	-0.3147119939	-0.001925305417	-0.8759524138	0.0007608762603
	-1.7705336	-0.00185175516	-2.609003466	0.0007352748334	-0.00178978103
	0.0007141471871	0.0006728258583	0.03884942144	-0.001718838453	-0.02662365588
	0.0006910949442	-0.001655903118	0.0006250221081	-0.001508625729	0.0005945487308
	-0.001636634581	0.04419921582	0.000532939574	-0.009596942768	-0.001568858301
	0.0005991179978	-0.001512927692	0.004173063413	0.0005789202728	0.0009896412252
	-0.001452685427	-0.00390281336	0.0006533703577	0.001747921652	-0.001464974996
	-0.001398393957	6.986829369e-30	-6.963164006e-35	-2.631826143	-3.414956783e-30
	8.615928949e-33	-0.01732279454	-1.88798286	-2.056848058	-1.204689759
	-0.9146774181	0.03215485792	-0.02241697799	-0.2458909935	-0.3354175243
	-0.0005318460912	0.009529720062	-0.05036996352	-0.03312073396	-0.003182333737
	0.002336667808	-0.01052210284	0.006697244033	0.002586346107	-0.004061429081
	-0.003665897745	0.002005659209	0.001790023189	-0.003204562315	-0.001754790389
	0.0009475649379	0.002039378273	-0.002607499526	0.003246342054	-0.005890664276
	0.001630651042	-0.002706807756	-0.005601818719	0.002036654654	0.0009780894982
	-0.001982603173	0.001529643482	-0.00230702271	-0.001914809071	0.00157905578
	0.001448601011	-0.001987375624	0.002961830155	-0.004097867434	0.001380991227
	-0.001737747672	-0.001536932167	0.001324583084	0.002686091623	-0.004895838127
	-0.001383407393	0.001273217549	-0.001255867907	0.001226012859	-0.00303455155
	0.001003744623	0.001180672233	-0.001163152566	-0.0002938960179	-0.0003636504214
	0.001004084149	-0.0009691663312	-0.0002316521084	0.001277727839	0.0005615047111
	-0.0009623929299	0.001139729969	-0.001080082517	0.0005492392503	-0.0009423419337
	0.0007918442564	-0.001476354233	0.001097094457	-0.001019702974	0.001060617085
	-0.0009620413609	0.0007842311953	-0.001380385626	0.001013011989	-0.000922825725
	0.0008346593203	-0.00113617638	-0.0008569517954	0.001036001635	-0.0006619639308
	0.001098250871	0.0008249263046	-0.0008655762401	0.0009888372359	-0.0005941741897
	-0.0006814882377	0.0009369392	-0.0007594596853	0.000904623838	-0.0006299218342
	0.00150183693	-0.001289010224	0.0009030712764	-0.003066433244	-0.001206898106
	-2.175610429	0.0012115825	0.001347214119	-0.002030914428	-0.3558533663
	0.002346770285	-0.2430654817	-0.002798019001	-0.002063806021	0.001749211166
	0.001204621406	-0.001683601115	-0.00568197785	0.0068954237	0.001419282259
	-0.002590305338	-0.0002576103645	-0.001700174654	-8.675418568e-05	0.001089129276
	-0.001133508495	-0.0006903812244	-0.002422714222	-0.001725804376	0.0005316870613
	0.0009992044224	-0.003237069169	0.002230682245	-0.00228729123	-0.003961406507
	0.001891653244	0.0009255164507	-0.003268863904	0.0002546937236	-0.002175298579
	-0.002332211349	0.000939413726	0.0008712066476	-0.003503515307	0.002898886252
	-0.002083396924	-0.004106111385	0.003605727704	0.0008254749579	0.0001390788088
	-0.002002286584	0.0007937508334	0.009622853867	-0.04046386618	-0.001933330005
	-0.03800879148	0.0007628290778	-0.9551980523	-0.001869112014	-1.286261492
	0.0007413967298	-2.020263448	-2.77913277	-0.001810792051	0.0007166414881
	0.0006362587964	-0.001312915276	-0.001755825094	0.02629705162	-0.00139850482
	0.0007044916052	-0.01844092089	-0.001686656475	0.0006560898121	-0.00165203778
	0.0005351383936	0.03193473656	-0.001638083951	0.0005470361736	-0.006747669257
	-0.001552641794	0.0006013519556	0.003322638278	-0.001546561257	0.00055873965
	0.000973639201	-0.001503426102	0.0006032725695	-0.003315071772	-0.001454227508
	0.0005426676117	0.001604673604	0.0005837285478	-0.003357473533	7.80433615e-30
	-1.551566686e-33	-2.83230481	-3.925366061e-30	8.567597732e-33	-0.01329194504
	-2.15209418	-2.26342397	-1.370051972	-0.9875915081	0.02359781345
	-0.01739801953	-0.3833931155	-0.2566165933	0.007340897436	-0.000722125917
	-0.05245463635	-0.04373742961	-0.002515679942	0.001886493277	-0.01239751256
	0.008703091507	0.003280862637	-0.002248068333	-0.003072942432	0.001741294779
	0.001593053361	-0.002701778047	-0.0004560371272	-0.001845745939	-3.678876389e-05
	-0.001217852387	-0.002611255747	0.001456676287	0.001484977595	-0.002337187341
	-0.00458822153	0.003378368733	-0.004637551449	0.00223354012	-0.002021600172
	0.001410764011	-0.002844746043	0.0008623305209	-0.001768647467	0.001349692086
	-0.001634345306	0.00102705811	-0.001568553517	0.00130128074	-0.001406800619
	0.001255515645	-0.002596861299	0.002007162685	0.001218356427	-0.001280690751
	0.00117741405	-0.001179831182	0.002297992064	-0.003629550572	0.00114482219
	-0.001102033562	-0.003007175402	0.001065684993	0.0002773420842	-0.0006273169047
	2.115660765e-05	-0.0007074109262	-0.0001783911325	0.0002197431155	0.001108303261
	-0.001034565861	0.0002868335835	-0.0005305776375	-0.0009756712222	0.0006371129541
	-0.0009823246534	0.00107825774	0.001040010516	-0.0009310894388	-0.001200645975
	0.0008352104993	-0.0008997422733	0.001011027296	0.0009388495339	-0.001057376934
	-0.0007688886754	0.001092259209	-0.0005550237334	0.001104903999	-0.000951142403
	0.0009396015643	-0.0006191019348	0.0009721907426	0.00100326848	-0.0006836776069
	-0.0007311710133	-0.001613238524	0.001524572662	-3.000877139	-0.002768998995
	-0.001494024905	-2.386328638	0.001221521019	0.001177452083	-0.001850794491
	0.001084112164	-0.002564603853	-0.00126963317	0.001104068271	-0.0004502190407
	-0.04366769827	-0.0008214164417	2.001501828e-05	-0.004376787071	-0.002399958233
	-0.002054049195	0.00100974545	0.001551751809	0.0009721918032	-0.002887507527
	0.001730834204	-0.002266245274	-0.003038535933	0.0009349102034	0.001158661098
	0.002878172874	-0.002306460309	0.0002566202976	-0.002160518711	-0.002324953346
	0.0008767139027	0.0007594651742	-0.003882278513	-0.002070760336	-0.004101397221
	0.0008306627076	0.002870081232	-0.002207357615	0.000763129021	-0.001999156037
	0.0007970471674	-2.11177365e-05	0.005258677225	-0.001933583693	0.008614244801
	0.0007689782641	-0.04313728017	-0.2572769295	-0.001879532703	-0.3985143724
	0.0007459127565	-1.022634966	-1.448914689	-0.001826018483	-2.289443442
	0.0007258809192	-0.001781352541	0.0007087657676	0.001289834808	0.02007953425
	-0.001728501502	0.0009494285097	0.000699091824	-0.01419527908	-0.001671997574
	-0.001433271048	0.0006037875226	-0.001673775435	0.0004920481816	0.02522801165
	-0.001632004982	-0.005232130714	0.0005591039694	-0.00154770618	0.000520735891
	0.002739193931	-0.001543853497	0.0009028128756	0.0004964110011	-0.001437210997
	0.0005365342901	-0.002860177753	0.001444180196	0.0006365290987	-0.001404576326
	-0.002999465029	-0.001522520758	0.001346705206	8.702984749e-30	-2.053977107e-33
	-3.087863056	-4.451980064e-30	8.563413521e-33	-0.01076179471	-2.440319547
	-2.470749709	-1.530474823	-1.053051344	0.01877538508	-0.01432492802
	-0.2678051169	-0.4233249779	0.006099566156	-0.0007195891787	-0.05097721956
	-0.05368309837	-0.002088948998	0.001588436284	-0.01229333791	0.005624391836
	0.005939648791	-0.004103868352	-0.002618109057	0.001560458105	0.001447465737
	-0.002340593563	0.0006274083224	-0.0003977223566	0.000963027055	-0.003398243368
	0.0008317801967	-0.002798227484	0.001372029006	-0.002053491003	-0.001635058049
	0.00145198666	0.002305841257	-0.003584226131	0.001316612728	-0.001802116862
	0.002145596578	-0.004246686773	0.001270797671	-0.001599845256	-0.002883187854
	0.001148555846	-0.001434578611	0.001234503438	0.001200333546	-0.001305855621
	-0.001669553148	0.0009267657562	0.001170415806	-0.001199944843	0.001139278914
	-0.00112217101	0.00103745313	-0.001893741337	0.001113250215	-0.00105366163
	0.001530261062	-0.001777860597	0.001356218149	-0.002855365352	-0.001310897813
	0.000442062126	0.0001503936024	-0.000858953879	-0.0009999902087	0.001084074855
	0.000210279014	-0.0005725376497	-0.0006009862888	0.0004155115178	-0.0009471889037
	0.001060488369	0.001018732806	-0.0009085744934	-0.0007452652327	0.0007712391397
	0.001043071497	-0.0008631088709	0.0009058365166	-0.0008446758886	0.001173515981
	-0.0006574025881	-0.0005436800679	0.001110480587	-0.0008677919973	0.001070218685
	-0.0007415944065	0.00104648951	-0.0007507688978	-0.002535315558	0.0005768048652
	-3.270078063	0.001117069859	-0.00101213031	-2.599005126	7.837549914e-05
	-0.001623836549	-0.002375485796	0.0007622857976	0.001021524629	-0.2657181793
	-0.001775674769	0.0005360656062	-0.001876626645	-0.002245151512	0.00128248876
	-0.006802433906	0.005879278685	0.0009458759462	-0.002423827794	0.0006638967596
	-0.001934675269	-0.002140312533	0.0002685728517	0.0008835289021	0.001177451972
	-0.002306312328	0.001275848259	-0.00342872537	-0.002056105142	0.002398901659
	0.0008380690291	-0.003860379237	0.00169755575	-0.002487356776	-0.001987572439
	0.0008003417571	-0.001135976734	0.001066521576	0.0002287640807	-0.001929809606
	0.0008390741429	0.0007760389668	0.009702845959	-0.00188043989	-0.04599933357
	0.0007526545286	-0.0512410817	-0.4382055055	-0.001837494097	-1.083321404
	0.0007374296462	-1.597897359	-2.585524485	-0.001798073138	0.0007192680855
	-0.001764650572	0.0007113745663	0.001057302286	0.01626921967	-0.001711058599
	-0.01155823798	0.0006709585385	-0.001677643769	0.001114544437	-0.001603310019
	0.0005027848758	-0.001685484754	0.02097201761	0.0004394404724	-0.004351581366
	-0.001580224658	0.0005160024956	-0.001537689378	0.002350566441	0.000474694888
	0.0008400604983	-0.001523772156	0.0006515110926	-0.001508182474	-0.00252659381
	0.0008230652996	0.00129198399	-0.001612458757	-0.002713150195	0.00120860632
	0.001221879266	-0.001600469412	-0.001383643634	9.636606702e-30	-2.406380833e-33
	-3.390565587	-4.968487312e-30	8.679276029e-33	-0.009033037031	-2.748511449
	-2.680544994	-1.67842247	-1.106074957	0.01562837264	-0.01218466377
	-0.4622168297	-0.2765560354	0.005317668054	-0.000693782444	-0.05186669937
	-0.05934304666	-0.001792278602	0.001396631732	0.004020283437	-0.01036837863
	0.00406889036	-0.003706063461	-0.002267430278	0.001419098943	0.001336801638
	-0.002065912661	-0.001053862153	0.001735793373	0.001199422405	-0.002308712467
	0.002156111154	-0.003486285618	0.001281553305	-0.001833219695	-0.002849463622
	0.0009505935599	-0.002130875182	0.001004853693	0.001239078906	-0.001630288429
	0.001779429673	-0.002641575689	-0.001466058355	0.001206896191	-0.003334696278
	0.001937772456	0.001178078029	-0.001330290896	0.001154667218	-0.001224883818
	-0.002782416977	0.0009506107676	0.001128591582	-0.001138971732	0.001106808179
	-0.001074141606	0.0007952245237	-0.000995915883	0.001083877694	-0.001014853135
	0.00111051672	-0.001985986621	0.0009108009132	-0.001490812663	-0.001932321072
	0.0009425883772	0.0007030879465	-0.001759126906	0.001066517141	-0.0009679022079
	0.000493935561	-0.001150497915	0.0005167992934	-0.000761107336	0.001047500385
	-0.0009233430808	-0.0009158902521	0.001029890762	0.0006589795355	-0.0004766796837
	0.001152126535	-0.0008369916557	0.0008634040593	-0.0006026185512	0.001263686332
	-0.000596751019	-0.0006442311415	0.001094664458	0.00104908869	-0.00059120028
	-0.0007498174158	0.001032746898	-0.001409384528	0.0006611925271	-0.002222351543
	-0.002136014776	-2.805544554	-1.73520027	0.001154462017	0.0009557597465
	-0.4714649045	-0.001689241537	-2.844770714e-05	-0.002118602135	-0.001214037576
	0.0005459057919	0.000893803314	-0.002366199115	0.001285136337	-0.002037850247
	-0.00306341388	0.001876924903	0.001146001579	0.0008446572149	0.001741413437
	-0.003072886044	0.001468908534	-0.001971248859	-0.00236632855	0.000757769357
	0.0008078146352	-0.00250452726	0.001516707994	-0.001920482284	-0.001820467385
	0.0007817847404	-0.001510540817	-0.001875972553	0.007751060307	-0.007896006557
	0.0007635051046	0.007956303376	-0.04574142992	-0.001842582133	-0.05855150821
	-0.2739497683	0.0007472634583	-1.13402644	-0.001810495031	0.0007306631885
	-2.90520548	-3.586234999	-0.001784239136	0.0007057494911	0.00065885192
	-0.001427747729	-0.001747328674	0.01371518612	-0.001338809331	0.0006851929342
	-0.009776901535	-0.001684355398	0.000572492802	-0.001680152237	0.0003931563901
	0.01799007435	-0.001665645643	0.0004987634699	-0.003764707204	-0.001572768621
	-0.001626458594	0.0006243741443	0.002087902786	-0.001648758028	0.0007288061189
	0.000775243968	0.0009202621478	-0.002280251132	-0.00166127968	0.0008865034048
	0.001167935537	-0.001555908719	0.0008389025797	-0.00248143117	-0.001442960505
	0.0006104315909	0.001119093834	0.0005833848618	-0.002348298413	1.054498358e-29
	-2.783372243e-33	-3.737388881	-5.439766993e-30	8.82676063e-33	-0.007804156187
	-3.080598043	-2.884996722	-1.1508893	-1.806765927	0.01345392041
	-0.01059759876	-0.2808762969	-0.4964486888	0.00474650496	-0.0006675755459
	-0.06688408553	-0.05201222394	-0.001555223125	0.001263815958	-0.01116477272
	0.004984608904	0.004312606018	-0.002265208621	-0.002001518163	0.00130664479
	-0.001849513905	0.001248554548	-0.0009467961658	1.215076267e-05	0.0005789483196
	-0.001117228181	-0.001950800134	0.001522897938	0.001207345949	-0.001659728315
	-0.003689049428	0.001777585065	-0.003064475283	0.0012522149	0.001175209036
	-0.001495461396	-0.002073489645	0.001052883845	0.001152413104	-0.001358338649
	-0.002178511635	0.0009917794113	0.001130525034	-0.001248211956	-0.001157959304
	0.001112607725	-0.001667538575	0.001409318556	0.001092143929	-0.001090061632
	0.001079638558	-0.001034452099	-0.002733388913	0.001365640512	-0.000993640114
	0.001070068351	0.0006338736685	-0.001324839108	0.0007134508247	-0.001460176476
	0.0007787089943	-0.00168555	-0.00176858906	0.0009287152322	0.001074754841
	-0.0009645371479	0.0008518442322	-0.001589975326	-0.001085514296	0.0008580686524
	0.001062967788	-0.0009564052622	0.001090958091	-0.0009618322024	-0.0007176668289
	0.0007482765243	0.00125878658	-0.0007524839168	-0.0004702486334	0.0009134047798
	0.001183791428	-0.0004659680163	-0.0005605447598	0.0009390874223	-0.0004482171733
	-0.001254529839	0.0001968805169	-3.94672132	-0.002096891499	-0.001857012389
	-3.004207385	0.0009040717928	0.0009401509527	-0.001898174537	-0.5023467883
	0.0005633600938	-0.002015979385	-0.001923186623	0.0008535925942	0.001424669359
	-0.002634690834	0.001016606272	-0.007394014654	-0.001953839686	-0.0023241223
	0.0008173351997	0.002872571989	0.0009977762333	-0.002595375994	0.001741405672
	-0.001905423288	-0.002811854469	0.0007892882257	0.001235150605	-0.001071040154
	9.84848399e-05	-0.001868848923	0.0007719186814	-0.002171915579	0.007018796069
	-0.001839102074	0.007230869751	0.0007521328159	-0.04730776619	-0.06346068094
	-0.2799046597	-0.001814306348	0.0007301266275	-1.171901571	-1.856363599
	-0.001786802045	-3.243512905	0.0006973322446	-0.001761273974	0.0006747999734
	0.0006848790345	0.01190051072	-0.001712600468	0.0009014780549	0.0006582721365
	-0.00852212484	-0.001677908796	-0.001579805648	0.0005239584734	-0.001743266903
	0.000489661098	0.01579585375	-0.00170882597	-0.0033276068	0.0007246226881
	0.000606469748	-0.001684226938	0.0007045075854	0.001889205602	-0.001709726265
	0.000708661415	0.000723525698	-0.001565097852	-0.002086308838	-0.001545568804
	0.001070677031	0.0005823420771	-0.001448043785	0.0006743220559	-0.002295658523
	0.001035106646	0.0008652747916	-0.001621565668	-0.00219627794	-0.001627662128
	0.0009649038464	1.136360612e-29	-3.085718229e-33	-4.126622459	-5.833725874e-30
	8.95679763e-33	-0.006882658696	-3.430043232	-3.075540213	-1.18596886
	-1.918845891	0.01188778994	-0.009398703967	-0.5231338582	-0.2849905423
	0.00429858305	-0.0006320481159	-0.07285735137	-0.05068418418	-0.00136155507
	0.001160512416	-0.01103162463	0.003396994623	-0.003486991922	0.006285894738
	-0.001796133741	0.001217248357	0.001176270881	-0.001677504955	3.349338911e-05
	0.000100984926	-0.001613192343	0.001075012445	-0.002215293951	0.0007057768945
	0.001144148059	-0.001521559602	-0.002522987955	0.001390405219	-0.003067221795
	0.001759603332	0.001121295338	-0.001386334014	0.0009226114593	-0.00286598158
	0.001103195042	-0.001270462514	0.0009381312173	-0.00116025862	-0.001179682553
	0.001089751863	-0.001107988544	0.001077898962	0.001259896599	-0.002225240076
	0.001073645215	-0.001063084998	0.001076836809	-0.00103151553	-0.001437303532
	0.0009894321506	0.001085165986	-0.001015477299	0.0009625536644	-0.001943992525
	0.0007234235531	-0.00181173479	-0.001692608829	0.0007102618914	-0.001503077329
	0.0007968453416	-0.0009901337983	0.001083519217	0.001039925909	-0.001481786021
	0.001043156032	-0.001198627163	0.00103793947	-0.0009700763479	-0.0008506828001
	0.001101185893	0.001073633036	-0.001022405573	-0.0004354409434	0.001234409607
	-0.0005948513533	0.001008693859	0.001025391136	-0.0002972545768	-0.0005533792165
	-0.00199439883	0.0005625784335	0.0008651554161	-0.002231654883	0.001236536217
	-3.187424808	-1.958511323	-0.00187586649	-0.001934448936	0.0002137357965
	0.0008262543758	-0.001480625205	0.001031513355	-0.002739001772	-0.04801267801
	-0.001888186399	0.001517463086	-0.008957257409	0.007487729815	0.0007968340601
	-0.002853052932	0.001457678758	-0.001775859336	-0.001855168872	0.0003543246132
	0.000771604839	-0.0003361259661	-0.0005881030803	0.002584144145	-0.001826724548
	-0.001453204571	0.0007488855716	0.007838857625	-0.001803646681	0.0007232883075
	-0.06936130748	-0.2822985142	-0.5289097046	-0.001780327849	-1.200951187
	0.0007044369724	-3.598000954	-0.00176493215	-4.350335213	0.0006988283514
	-0.001756719921	0.0007387075309	0.0006592380584	0.01054317	-0.001729516396
	-0.007594676916	0.0007210814056	-0.001766746967	0.0008313601514	-0.001608121264
	0.0005331960738	-0.001824497353	0.01413437477	0.0005657333111	-0.002991906649
	-0.00168153985	0.0006172811267	0.0005874315319	-0.001678266983	0.001725761288
	0.0004581839643	0.0006502311341	-0.001595381647	0.0005658090338	-0.001605826827
	-0.001928087062	0.0009927575779	-0.001653319377	0.0008536779254	-0.001669944049
	-0.002145612282	0.0008517936084	0.0009677501117	-0.001535503519	-0.002072278051
	0.0006340046558	0.0009125890835	-0.001534026193	-0.001513996554	1.203992057e-29
	-3.314098426e-33	-4.554555014	-6.123861247e-30	9.080641452e-33	-0.006164094289
	-3.788368387	-3.24854754	-2.012844941	-1.210419099	0.01070010246
	-0.008475816219	-0.2875418312	-0.5466234107	0.003947293199	-0.0005913513456
	-0.05113644999	-0.07602893683	-0.001208691666	0.001076076886	0.003275061293
	-0.01001559147	0.005341848515	-0.003895093062	-0.00163239828	0.001143970489
	-0.001537929818	0.00111436534	0.001982055827	-0.0003349370705	-0.001193721482
	0.0009198218317	-0.003126340126	0.001325163655	0.001089257723	-0.001409394265
	-0.002651614652	0.001225040675	-0.002413845492	0.0008456407577	0.001075049029
	-0.001296123913	0.001328374496	-0.001575086075	0.001066131799	-0.001205035077
	0.001437797631	-0.002733019127	-0.001138319341	0.001065709814	0.00106631816
	-0.001097526232	0.0008600873644	-0.001325584996	0.001071416118	-0.001070826551
	0.001066128588	-0.001040359049	-0.001545974535	0.0008400957905	0.001052260879
	-0.0009878287456	0.0009007401298	-0.001822860847	-0.002045194774	0.0008255382627
	0.0008449052705	-0.001823764103	-0.001598492515	0.0008348623693	0.001003405204
	-0.0009107996954	-0.001196409077	0.001030023727	-0.00117090751	0.001089917821
	0.0009756739899	-0.0008546316676	-0.0006330194068	0.001199371717	-0.0009435879124
	0.00127314694	-0.00030417516	0.001321374522	-0.0008658962288	0.001147373695
	-0.0006131294612	0.0008328843081	-0.002119425031	0.001150806644	-0.001868070297
	-0.002065294482	0.0005804163595	0.0007980250211	-0.001800917759	0.001177887267
	-0.5503168279	-0.001832622678	-0.2842847846	-0.002309570375	0.0007113292531
	0.0007664251012	-0.001537727307	0.0006700773936	-0.009384820939	0.009128893055
	-0.0018062837	-0.0003142260162	-0.0004482997496	0.0007448317395	0.00282201106
	-0.002694986019	-0.001785544766	0.0007334881369	0.006738219538	-0.04735985175
	-0.001776786299	-0.07396623206	0.0007406983897	-1.221057569	-0.001778109502
	-2.044909878	-3.347915427	0.0007609775415	-3.959488245	-4.797099738
	-0.001795771797	0.0007899664339	0.0003004778427	-0.001440365803	-0.001792023084
	0.009490986065	-0.001719181153	0.0008038154599	-0.006875295538	-0.001755159721
	0.0006028770188	-0.001807671604	0.0003354445286	0.0128396748	-0.00175553749
	0.0004759203689	-0.002732350918	-0.001644671817	-0.001618674453	0.0004676327459
	0.0007279933451	0.001590888558	-0.001760770688	0.0005715189869	0.0006042812405
	-0.001684498623	0.0006999453866	-0.001799345292	-0.001771945453	0.0009310164089
	0.000793009954	-0.002024055811	-0.00164909679	0.0008190475985	0.0009157453781
	-0.001609831322	0.0009013935787	-0.00197196827	-0.001774690892	0.0008866884905
	0.0008735484208	0.0006345771139	-0.001912986707	1.253109787e-29	-3.517920258e-33
	-5.019683426	-6.28929688e-30	9.20624843e-33	-0.005595341932	-4.149644555
	-3.397093949	-2.088803629	-1.227637588	0.009762744377	-0.007745082588
	-0.2882374667	-0.565665076	0.003671081853	-0.0005546429081	-0.0798667319
	-0.05107075443	-0.0010877229	0.001005708046	-0.01123578924	0.004684427026
	0.005649207711	-0.002957781636	-0.001498612387	0.001082346049	0.001062301101
	-0.001425433005	0.002213311556	-0.0006951674605	-0.000952994452	0.000302885355
	0.001461038335	-0.002389646288	-0.001324706699	0.001048853239	-0.003019398345
	0.0010212288	0.001081373579	-0.001549309746	0.001045867211	-0.001238294398
	0.001408316257	-0.002525604588	-0.001175011874	0.001048004665	-0.001400750619
	0.001089445561	0.001047206692	-0.001125047495	0.00103766558	-0.001082625716
	-0.001763937234	0.001094247612	0.001019898365	-0.001024972795	0.001001175399
	-0.0009572636743	0.0008845206894	-0.001921351764	0.0009999808821	-0.0008877651418
	-0.001862695007	0.0007021277906	0.0008577230793	-0.001955411091	0.0008763813237
	-0.001830403675	0.001090612809	-0.001631172344	-0.0008814387715	0.0009948172869
	0.001014562714	-0.001245434325	-0.001072206233	0.00121887082	-0.0009088496064
	0.001139305071	-0.0006344975487	0.001490356364	-0.0008170775473	0.001202996649
	-0.0004957007362	-0.0008996353904	0.001372817413	-0.002329216474	0.001179095267
	-0.001806403276	-0.001779643923	0.0007687202272	-3.482909241	7.888177352e-05
	-0.001231093736	0.0009227160843	-0.5691078472	-0.001783869739	-0.001857189124
	0.0007574164572	0.0006679874612	-0.04789691542	0.0002394040554	-0.0007556829324
	-0.001773840447	0.003823783311	0.0007681787557	-0.003535120466	0.008960524869
	-0.008518332411	-0.001779060663	0.006637891466	0.0007879225389	-0.07707752358
	-0.2847244085	-0.00179210531	0.0008022259104	-1.232787681	-2.116213266
	-0.001804263653	-4.317710443	0.0007830843666	-5.284908851	-0.001805315614
	0.0007519947671	0.0004668064289	0.008658416042	-0.001753592024	0.000602706919
	0.0006560193966	-0.006300832373	-0.001743997309	-0.001708732275	0.0003447629161
	-0.001855875709	0.0003170756452	0.01180361882	-0.001759387331	-0.002525738301
	0.0005939059899	0.0009130820364	-0.001800055119	0.0005122944165	0.001479870884
	-0.001749973549	-0.001801032871	0.0005696946147	0.0006776556736	-0.001712685799
	0.0006093737351	-0.001695774014	0.0008815531165	0.0008434492089	-0.001716745997
	-0.001925577082	-0.001789614143	0.0008717309535	0.001047395926	-0.001744675231
	0.0008331383335	-0.001888282266	0.0008339230997	0.0007258488421	-0.0017766001
	-0.001842474002	-0.001610245383	0.0007959941755	1.280895024e-29	-3.708825494e-33
	-5.519894901	-6.320929602e-30	9.325248489e-33	-0.005140927585	-4.502486992
	-3.516525889	-2.151760805	-1.23781231	0.00900945383	-0.007153381691
	-0.2891568937	-0.580518989	0.003448036683	-0.0005243639694	-0.05062052788
	-0.08200984001	-0.000992762903	0.0009493100473	0.00398187324	-0.01182788265
	-0.003456643773	0.008064616069	-0.001395988355	0.001035924131	0.001026665482
	-0.001348352351	0.002275648343	-0.0009418518361	-0.001136237179	0.0005991488799
	-0.001961003318	0.0004747330688	0.00102171074	-0.001271540251	-0.001270938358
	0.001169656881	0.001631560047	-0.00299507784	-0.001199206472	0.001016278128
	-0.001453030205	0.001085658506	-0.001130571152	0.001006646186	-0.001605022386
	0.001165459067	0.0009878717402	-0.001063222482	0.0009770714448	-0.001002841244
	0.0009905217059	-0.00185289469	0.0009856295915	-0.0009603879261	0.001030898232
	-0.000955004874	-0.002054849418	0.0009201886116	-0.0009852692869	0.001080040786
	0.0007767920249	-0.002209517628	0.0008231579535	-0.001888954623	0.0009572488969
	-0.001821608677	0.001129712525	-0.001410283507	-0.00107547648	0.001108467422
	0.001191004188	-0.001399016585	0.001301949004	-0.0009525867272	-0.0009754572582
	0.001365043714	0.001572444536	-0.0004821887317	0.001233255138	-0.0009470008768
	-0.0006000790403	-0.001767629466	0.001220487018	-5.810634133	0.0007874304102
	-0.001649177102	-3.588787498	-2.174860599	2.152477287e-05	-0.0003134094486
	-0.001767425152	0.0001730208281	-0.2839347772	0.0007995609177	0.0004867633228
	-0.0006729905437	0.004136410107	-0.001773705359	-0.002977826788	0.0008036505855
	0.0089692354	-0.009374264591	0.007558861588	-0.00178144057	-0.0474318043
	0.0007842919888	-0.08069727279	-0.5843881904	-0.001780154197	-1.239101555
	0.0007390525797	-4.663377959	-0.00178305606	0.0006926053732	-0.001781435983
	0.0006951774614	0.0001986249095	0.007989005339	-0.001756002398	-0.00583570842
	0.0005602387701	-0.001865676535	0.0007421076465	-0.001875011726	0.000267219079
	-0.0019289715	0.01095941052	0.000468797565	-0.002357267106	-0.001756929562
	0.0005481397014	0.0009508467922	-0.001878410517	0.001387913639	0.001005549506
	-0.001799102568	0.0005297050074	0.0005390883253	-0.001764166387	0.0007454828986
	-0.001892175348	-0.001609510543	0.0007850519388	0.0008342859555	-0.001846719893
	-0.001840003103	0.0008291542811	-0.001734694628	0.0009935428783	-0.001877881565
	-0.001814480025	0.0009093854181	0.0008022540365	-0.001910190494	-0.001783976597
	0.0005260373019	0.0007868982076	-0.001507650539	-0.002182801713	1.286295951e-29
	-3.870856561e-33	-6.050987019	-6.220551877e-30	9.430626352e-33	-0.004772140529
	-4.83646333	-3.606001227	-1.242181281	-2.203970222	0.008395859162
	-0.006666682492	-0.5937455717	-0.2888555121	0.003257753575	-0.0004955618622
	-0.05183131496	-0.08325065597	-0.0009254617161	0.0009080494825	-0.01108941591
	0.004576153175	0.008671869581	-0.004476572105	-0.001321116964	0.0009978255481
	0.0009871324355	-0.001283254674	0.002879648486	-0.001286012651	-0.0003324259491
	-0.0001013840797	0.0008198328502	-0.0006041114081	-0.001202324504	0.0009725157902
	0.001358100732	-0.002624702708	0.001215104492	-0.001277359089	-0.00112123061
	0.0009591093852	-0.001779785726	0.001401229698	-0.001053628586	0.0009543629722
	-0.001840997655	0.001132265749	0.000967374508	-0.001022447444	-0.00102759852
	0.001006227557	-0.002075735734	0.0009626028474	0.001057810703	-0.00106091363
	0.001109391121	-0.00108503328	0.0007594361766	-0.002164150506	-0.001102512854
	0.001100475084	-0.002240326102	0.0009305312524	0.0008565146529	-0.002065251854
	0.001134113278	-0.001698030408	0.001063827325	-0.001430955296	-0.001117933113
	0.001161604757	-0.001207899049	0.001385825461	-0.001006652032	0.001261790497
	0.001562848729	-0.0007608200769	-0.0003754512362	-0.0009240206589	0.001550077585
	0.0007969187173	-0.0004720520744	-0.0007151296078	-0.00174840097	0.001744702321
	-3.664850324	-2.224871617	-0.0006498127781	0.0007761504002	-0.5971233243
	0.004308250951	-0.002765642246	-0.001747139968	0.0100120337	-0.009917917201
	0.0007436930454	0.006918513645	-0.04639894054	-0.001752416192	-0.08273465255
	-0.2835009143	0.0007179199678	-1.240433923	-0.001772197545	0.000703004404
	-4.985628518	-6.368839171	-0.00181347824	0.0007217976202	0.0008849967705
	-0.001783600237	-0.001815906943	0.007443015274	-0.001568252387	0.0007194612331
	-0.005456838475	-0.001811345557	0.0004001271285	-0.001966671759	0.0002076646205
	0.01026591038	-0.001875799106	0.0005821552379	-0.002221231899	-0.001846469874
	-0.001907061161	0.0005278196476	0.001172601997	0.001313917073	-0.001978301826
	0.0007629773364	0.0005112031858	-0.00185501618	0.0007622183746	-0.001536157987
	-0.001961693591	0.0009522673841	0.0008014566608	-0.001821890886	0.001007052105
	-0.001771418665	-0.001960892594	0.000815659177	0.0009929462384	-0.001765716598
	-0.00194584789	0.0008610952694	0.0008107112667	-0.001943302355	0.0005668321858
	-0.001754134963	-0.001922317638	0.0005368196829	0.0008074695455	0.0002192505069
	-0.001750506834	1.269485756e-29	-4.009667925e-33	-6.607814452	-5.99919329e-30
	9.519178758e-33	-0.004467914496	-5.143256471	-3.665224511	-1.242543439
	-2.249271159	0.007887675988	-0.006262858406	-0.2882852856	-0.6043113019
	-0.0004731792925	0.003095365078	-0.08596221801	-0.05191072024	-0.0008627116623
	0.0008627869902	0.006740776887	-0.01184861514	-0.004748451351	0.008423213532
	-0.001236231768	0.0009446459554	-0.001195924427	0.0009339490179	0.003531014615
	-0.002150866065	-0.0001857486628	0.001950279375	-0.001789233148	0.00110301951
	0.0009316081282	-0.001128965374	0.001162568519	-0.001106611288	-0.001502011264
	0.001362414252	-0.001088486786	0.0009488062443	0.001357730203	-0.001682027219
	0.0009780538405	-0.001084500942	-0.002115067157	0.001088193161	0.001014160051
	-0.001106998433	0.00104435615	-0.001123537084	0.0009131720311	-0.002254853975
	0.001074551495	-0.001121103726	0.001101323382	-0.001099395889	-0.002475472034
	0.0008243374576	0.001097169116	-0.001144969715	-0.002140098316	0.000845786565
	-0.002123297954	0.001081474991	-0.001586633707	0.001123495639	-0.001547164859
	0.001282068267	0.001360020027	-0.001109077273	-0.0009941682761	0.001333207646
	-0.001110536033	0.001404268244	0.001779893456	-0.0005519226132	-0.0005268010392
	0.001668513467	-0.002037439905	-6.950752875	-0.001717057789	0.006104871316
	0.0007328622057	-0.00294331411	0.01036424639	-0.008991892632	-0.6086577726
	-0.001739914224	0.006651141788	0.000734977053	-0.04715100126	-0.08396137629
	-0.2818288179	-0.001773312556	0.0007379221955	-1.238703773	-2.2679991
	-3.712791374	-0.001813688939	-5.276745354	0.0007244779871	-0.001841284999
	0.0007362359177	0.000543141341	0.006993341658	-0.001803385787	1.591536205e-05
	0.000617791731	-0.005143536097	-0.001890740389	-0.001829877731	0.0002033965479
	-0.002064360072	0.0003734943328	0.009691168623	-0.001871603289	-0.002101179761
	0.0006761220724	0.0009882389773	-0.002028637304	0.0005744285409	0.001247902056
	-0.001955247454	-0.001940800116	0.0005048082278	0.0008817634716	-0.002016186585
	0.0008406259071	-0.001484994695	-0.001988246492	0.0007971430423	0.001190982282
	-0.002047952757	0.001113095562	-0.001726504787	0.0008147096629	0.001200572774
	-0.002067599849	-0.001729996336	-0.00201765825	0.0007972720707	0.0008255385855
	-0.002125722881	0.0005860233178	-0.001718269857	0.0007691193131	0.0003038340218
	-0.001072711771	-0.001712704635	-0.0009106193746	0.0007441193896	1.231835882e-29
	-4.14938249e-33	-7.182315881	-5.676445729e-30	9.599993783e-33	-0.004216509841
	-5.415279673	-3.697604835	-2.29064358	-1.238714098	0.007470802225
	-0.005933859883	-0.2884389896	-0.6145118789	-0.0004661515996	0.002974020671
	-0.05089827472	-0.08679931776	-0.0007930553637	0.0008163367762	0.006426788239
	-0.01301642644	0.009231526009	-0.005811827134	-0.001167630018	0.0009108053448
	0.0009260082324	-0.001164189379	0.006213437212	-0.001952856783	0.0001268231141
	0.000345874545	0.0006283075567	0.0001096724253	0.0009481794901	-0.001146908111
	0.001414924111	-0.000985741798	0.001501890475	-0.001597033908	-0.001140850482
	0.0009717708736	-0.001837780406	0.001160595252	0.0009876272777	-0.001141536226
	0.001060710111	-0.002276366686	0.001007104281	-0.001137103281	0.001038931972
	-0.00113558478	0.0007840443225	-0.002526887223	0.001099054005	-0.001142235363
	0.001125773327	-0.001171367108	-0.002491582326	0.0009620544667	0.001164873665
	-0.001257752482	-0.002377722606	0.0008703529169	-0.001854072532	0.001205054408
	-0.001736625489	0.001135795568	0.001484868597	-0.001294873126	-0.0009600886057
	0.001627219526	0.001284077806	-0.001174046623	-0.0008413485102	-0.0002998591284
	0.001779621078	-0.00172735972	-0.004489617893	0.0007510286346	0.01221092645
	-0.008851769279	-3.734783163	-2.307735598	0.007566304564	-0.001757600742
	-0.04722592206	0.0007450067349	-0.08647651639	-0.280487105	-0.6174174788
	-0.001786159294	-1.234931738	0.0007230279407	-5.531365013	-0.00183049902
	-7.545566465	0.0007218153839	-0.001852851824	0.0007594686222	-0.0007038691825
	0.006617822546	-0.001845097978	-0.00487564681	0.0004775438482	-0.002064318131
	0.0002069130302	-0.00163290671	0.0001235879392	-0.002065882952	0.009206597649
	0.0005987799331	-0.001991133127	-0.001916804561	0.0006160403418	0.001075773364
	-0.002168682511	0.001186417795	0.00120387815	-0.002088034321	0.0008121058029
	0.0004985350575	-0.00199030104	0.0009534252302	0.001225265355	-0.002213880625
	-0.001440920166	0.00109805466	0.0007696398632	-0.002006513809	-0.002203771292
	-0.001677287258	0.001343804204	0.0007711444895	-0.002219434977	-0.001683773135
	0.0007506751951	-0.002129433024	0.0006442556979	-0.002008371895	-0.001685258026
	0.0005208111962	0.0007403591308	-3.405166383e-05	-0.001701094157	-0.0006007535219
	0.0007463553751	0.001388007438	0.005864910896	1.175720341e-29	-4.243514776e-33
	-7.764763183	-5.276290078e-30	9.691933957e-33	-0.004008139582	-5.650576263
	-3.706841806	-2.328380832	-1.233528269	0.007126470813	-0.00565926284
	-0.2864096363	-0.6251923257	-0.0004477540521	0.002863687616	-0.08700924042
	-0.05167840688	-0.0007706776711	0.0008048524841	0.005459515785	-0.01415884596
	-0.005462626697	0.01232862867	-0.001165273334	0.0009132023727	-0.001181466367
	0.0009296916251	-0.001761185057	0.004663513294	-0.0002756796978	0.002446163971
	0.001109069918	6.313989353e-06	0.0009413082302	-0.001162447577	0.001360759885
	-0.0008704332915	-0.001462184341	0.001405996622	-0.001145995906	0.0009536442
	-0.002238149869	0.001118254147	-0.00115008938	0.000979016994	0.0008688071348
	-0.002424186189	0.001020382642	-0.001169333767	0.001073416518	-0.001196056395
	0.0008953413121	-0.002795643506	0.001124884372	-0.001200030488	0.001104924775
	-0.001240909888	-0.002464869926	0.0008267040468	0.001307212789	-0.001258958144
	-0.002406853885	0.001183100007	-0.0018177726	0.001086592443	-0.001715082258
	0.001427486993	0.001339813421	-0.001134342943	-0.0006342812371	0.001926876069
	0.001621160295	-0.00123963052	-0.0003344232102	0.0007415285006	0.0100167123
	-0.04619118187	-0.001761433251	-0.0876776203	-3.736520043	-0.2808084032
	0.000741993436	-0.6257140444	-1.228108478	-0.001815506682	-2.345253492
	0.0007409173268	-5.746542622	-8.139853479	-0.001881606665	0.000780395364
	-0.01116971682	0.01200967478	-0.001870698124	0.006302382979	0.005576408311
	0.000733074563	-0.004654803566	-0.001930003884	0.0002210724517	-0.002210986544
	0.0002286692456	0.008803411046	-0.002010300638	0.0007983420185	-0.001916078277
	-0.002146839924	-0.002271543387	0.0006458434241	0.001040601873	0.001143413474
	-0.002186140666	0.001080698283	0.0004682232042	-0.002172708751	0.001538482616
	-0.002258221013	0.0009841083788	-0.001395755276	-0.002255955178	0.001436494879
	0.0007325956928	-0.002255622982	0.001343432283	-0.00163989232	0.0007502765585
	-0.002328009306	0.001209121286	-0.001664810692	-0.002224490296	0.0007500335822
	0.0006512172312	-0.001681542663	-0.001701052797	0.0001839043019	0.0007494872724
	-0.0006295188829	-0.0003045936661	-0.001699965588	0.002154561687	-0.001865245183
	0.0007469223225	-0.003255978405	-0.001725652052	1.104211423e-29	-4.294247835e-33
	-8.344527179	-4.824512316e-30	9.757798499e-33	-0.003829635293	-5.847596397
	-3.696798622	-2.366527918	-1.227390165	0.006822501324	-0.005416309435
	-0.2840889373	-0.6324703643	-0.0004199291747	0.002744707864	-0.05401038535
	-0.09005099875	-0.0007689184719	0.0007928833476	-0.01323053265	0.008652372491
	0.01044803786	-0.005018126964	-0.001151408248	0.0008945881554	0.0009104570914
	-0.00116608304	-0.00209208398	0.006694716058	0.0001833967411	0.002312870795
	0.001189758216	0.0003923470476	-0.001160083572	0.0009318818408	0.001462309871
	-0.0009573788639	-0.001674121963	0.001102304837	-0.001174689018	0.0009583072911
	0.001072123219	-0.002369826332	-0.001199043837	0.000991945992	0.0007494228745
	-0.002855147542	-0.00121601534	0.001027756073	0.001084351341	-0.001221180172
	0.0009294474782	-0.002706550869	0.001124243104	-0.001229458323	-0.001340486679
	0.001130406387	-0.002751138927	0.0009089581356	0.001626894761	-0.001159994663
	0.001212955081	-0.002041613025	-0.002076349961	0.001215333382	-0.001339505063
	0.001522762039	0.001359344874	-0.001394742659	0.00206150962	-0.0002663598412
	-0.0006742228167	-0.08451670695	-0.2795119518	-8.720050999	-0.001794772307
	-0.6347570281	0.0007642930815	-1.221695864	-2.379202011	-3.721574745
	-0.0018595927	-5.92517084	0.0007619882493	-0.001907831005	0.0008213001633
	-0.04853464369	0.006040380365	-0.001882145701	-0.01005408954	0.0005909469566
	-0.004477464843	-0.002122326802	0.006414798426	3.789222357e-05	-0.002288758174
	0.0005640686651	0.008468358525	-0.002013944391	-0.001854648559	0.0008050788919
	0.000437121565	-0.002383159069	0.0008829056246	0.001102634539	-0.002291072811
	-0.002172552948	0.000459253332	0.001233379302	-0.002487164872	0.001571205172
	0.001297966619	-0.001372002834	-0.002263321682	0.0007271530393	0.001601357502
	-0.002534978389	0.001641940953	-0.001620954653	-0.002338996249	0.000746621579
	-0.002550154843	0.001395318693	-0.001649340563	0.0007409497066	0.0008041577745
	-0.001942994765	-0.001668126108	-0.0009543283395	0.0007426775305	-0.0003740011228
	0.001544491324	-0.001660031285	-0.001697795843	0.0007524164178	-0.004642737752
	0.0116083163	-0.001743476833	0.009214838681	0.0007649555257	1.021092855e-29
	-4.429111348e-33	-8.909160005	-4.346337379e-30	9.787758324e-33	-0.003679384725
	-3.675548859	-6.006774347	-1.217549346	-2.403995551	0.00656638129
	-0.005218367037	-0.6395082546	-0.2866943782	-0.0004108202873	0.00265648536
	-0.08927046391	-0.05238880842	-0.0007516245519	0.0007725901921	-0.0123600073
	0.006536221965	0.01249822814	-0.005281297158	0.0008834257029	-0.001140070234
	-0.001177031012	0.0009097627257	-0.00145768445	0.006375921885	0.0005870184364
	0.002520342577	0.001163203125	0.0003704317739	-0.001187109535	0.0009294496855
	0.00130015141	-0.0009078074874	-0.002209246381	0.001082974214	-0.001203667622
	0.0009511733973	-0.002559646155	0.0007411218621	-0.001221073777	0.0009868207638
	-0.003074244226	0.0009194108562	0.001041689012	-0.001247022005	0.001117077431
	-0.001264090979	0.0007262577057	-0.00281416955	0.001113360768	-0.001313130697
	0.001237449759	-0.001412948708	-0.002621442025	0.001244384022	0.002024886983
	-0.0007975237063	-0.002126830963	0.001015778643	0.00157063968	-0.001840504413
	0.001293950835	-0.001334465342	-0.001247060371	-8.0976903e-05	0.001908798372
	-0.0018235796	-1.216629564	0.0007745476817	-2.412892432	-3.692120183
	-6.069544368	-0.001910892805	-9.274646393	0.0008179913363	-0.001935158117
	0.0008559562109	-0.2799570764	0.005819974398	-0.001962539206	-0.004321792879
	0.0003169098678	-0.00235597272	-0.0117202358	0.01245110451	6.240148168e-05
	-0.002216675852	0.008183149274	0.0009279129889	-0.001792159339	-0.002231151129
	0.000793652483	-0.0003618805678	-0.002494271855	0.001065532527	0.0005896644569
	-0.002276835009	0.001322427816	0.0004544919573	-0.002354289831	0.001280384365
	0.00156380714	-0.002624143606	-0.001348812705	0.001793263759	0.0007138788586
	-0.002509671184	0.001725017979	-0.002662195775	-0.001599338597	0.002018710517
	0.0007374442447	-0.002641993518	-0.002474179467	-0.001640821685	0.001340497265
	0.0007475012858	-0.00107652881	-0.001674296005	0.0007630227481	0.001080154781
	-0.001689908342	0.00554627801	-0.001715629754	-0.004441391881	0.0007719906165
	0.008343367767	-0.00176336396	-0.0476974631	0.0007770573798	-0.08631199052
	-0.6360963872	9.304004074e-30	-4.553476221e-33	-9.447524371	-3.863431236e-30
	9.837900684e-33	-0.003557048553	-3.647068485	-6.135671172	-2.433010448
	-1.212814183	0.0063564035	-0.0050561811	-0.6454677729	-0.2851153299
	-0.0003987790529	0.002578353003	-0.05027887426	-0.09273278663	0.000763586933
	-0.0007539055072	-0.01245919017	0.00862706923	-0.004296929023	0.01172657943
	-0.001144235147	0.000873307555	0.0008964515765	-0.001182134983	-0.0009038497305
	0.006330938107	0.0006862371214	0.002740140494	0.001317404135	0.0001288304908
	0.0009177446982	-0.001200714528	-0.001375394003	0.0009699717693	0.0009933400829
	-0.002369241081	-0.001233083437	0.0009537440497	-0.003187342169	0.0006758015272
	-0.001266919194	0.0009994659055	-0.002907979198	0.0008004389361	-0.001291574905
	0.001063397677	0.00112056328	-0.001296611484	-0.003139173992	0.0009368215359
	0.001089164283	-0.001405284065	0.001543619758	-0.001355518401	-0.002220990017
	0.001103242319	0.002335292597	-0.0002709778617	-0.002383421907	0.001301888063
	-0.001363560531	0.001466061649	0.001512683074	-0.001611128442	-0.0003465836322
	0.0008144315858	-6.179086623	-9.793629399	-0.001966496264	0.0008996390269
	-3.659233017	-2.440139148	-0.001939319144	0.005636451708	-0.6413621762
	0.0007644310059	-0.004193345293	-0.002152211777	8.200191339e-06	-0.002533039565
	0.0004551543205	0.007949876117	-0.002146635725	0.001102255907	-0.001745509587
	-0.002596750856	0.005055301459	0.001011656976	-0.001876826172	0.001037950607
	-0.002447066362	0.001655372799	0.000451078289	-0.002777126615	0.0008456235251
	-0.002321671383	0.001593860419	-0.001335175435	-0.002626825828	0.002150347484
	0.0007162036076	-0.002939722791	0.002062207769	-0.001594882969	-0.002687699421
	0.00208672358	0.0007473504397	-0.002914881693	0.001721422156	-0.00164344072
	0.0007605682705	-0.001491221858	-5.517253961e-05	-0.001680325807	0.0006960432803
	0.0007744431098	-0.004512359436	-0.001731664929	0.01115765074	-0.01134184554
	0.0007914475894	0.009003549243	-0.04974181342	-0.001795321683	-0.08921506588
	-0.2775645211	0.0008061693113	-1.210129915	-0.001879834145	8.360513034e-30
	-4.63147402e-33	-9.956181893	-3.392297712e-30	9.873656989e-33	-0.003454531184
	-6.236670202	-3.613202344	-2.456858951	-1.208614038	0.006177334333
	-0.004920971352	-0.6564481258	-0.280619947	-0.0003935381706	0.002511765842
	-0.04988105115	-0.09026164359	-0.0007504233818	0.0007473300874	-0.01107837913
	0.007085577202	0.01153282194	-0.003605654116	-0.001143529999	0.0008622174556
	-0.001198513728	0.0008912532027	-0.0003322760353	0.006415190528	0.00079520378
	0.002335076229	0.001099154113	-4.652872501e-05	-0.001235970435	0.0009164974339
	0.001046111634	-0.002125191863	0.0005700561638	-0.002775002708	-0.001268353429
	0.0009527799741	-0.003361375767	0.0008980241656	-0.001297854585	0.001003315781
	0.000576158056	-0.003249484953	-0.00131618245	0.001085666295	0.001104430131
	-0.001353928614	-0.002782563611	0.001227850649	-0.001518516223	0.001137525141
	0.002030351035	-0.001009416274	-0.002510020068	0.0009171087961	0.0002074781557
	0.002270881042	0.001637635693	-0.001853355504	0.001211622959	-0.001579871349
	-0.001037452536	-0.00200444458	0.0009928084387	-10.26307802	0.005485336632
	-0.001991995717	-3.629635711	0.0005063529503	-0.004086193731	-0.002469747985
	-0.6490782511	-9.43850216e-05	-0.002505787682	0.00104340591	0.007756411038
	-0.00230072199	-0.001699800767	0.001083005943	-0.01144409167	-0.002864299698
	0.00160223881	0.00101024156	0.004304932134	-0.002569807335	0.000457142098
	0.001755553726	-0.003097626525	9.178602664e-05	0.002240418488	-0.001327518242
	-0.002829593348	0.000719306871	0.002261904267	-0.003182859581	0.002567184263
	-0.00159111973	-0.002965225292	0.0007549845799	0.001931002225	-0.002671275929
	0.001520335145	-0.001648431773	-0.001907497209	0.0007808035701	0.0004252718038
	-0.0017426752	-0.00170081051	0.0008046679817	-0.004569334765	0.01034673837
	-0.00176400193	0.007184283935	0.0008260010797	-0.04892533465	-0.08923515379
	-0.2799799704	-0.001836661725	0.0008345270827	-1.198420842	-2.460395822
	-0.001940779776	-6.250885513	0.0008762014239	7.416719888e-30	-4.733242384e-33
	-2.942152893e-30	-10.42352681	-0.003372224085	9.909254701e-33	-6.266884565
	-3.591306278	-2.49018035	-1.200825054	-0.004815568462	0.006033884816
	-0.2786213219	-0.6535846676	-0.0003905908686	0.002459127503	-0.09262156688
	-0.04806116489	-0.000757540013	0.0007387974883	-0.009914292975	0.006511729066
	-0.002734367909	0.01119462009	-0.001156566414	0.0008546130892	0.0008789090121
	-0.001218831452	0.006325432684	-0.000189073736	0.001854091293	0.001045113071
	-0.0009480704037	0.0008256003001	-0.001260362325	0.0009089773832	0.0008899776466
	-0.002393938957	0.0006543331398	-0.003668241498	-0.001298266591	0.0009539378523
	0.0006074465505	-0.003252041398	-0.0013330372	0.00101956173	-0.003584897676
	0.0009836410692	-0.001340116989	0.001094933975	0.001041190507	-0.001430291566
	-0.002485461629	0.0008770629499	0.001373467867	-0.001513835694	-0.0003255113954
	0.002538688286	-0.002627114515	0.001410004105	0.001772685939	0.000189001791
	0.00127796593	-0.001411805454	-0.001718753199	-0.002016887826	0.0009993189013
	0.00536183556	-0.002162384109	-0.003997673136	-3.586570241	-2.46369395
	9.665967138e-05	-0.002783062631	0.0002696529449	-0.002356868011	0.007602094288
	0.001482988978	-0.001664366809	-0.04919384686	-0.002774299224	0.001222057231
	-0.01148523701	0.009405603217	-0.002841638525	0.0009906660088	0.002182754339
	0.0004631868066	-0.001272325447	-0.003078349794	0.001983692768	-0.003124934893
	-0.001325692864	0.002804776266	0.00188060111	-0.003216244833	0.0007319348837
	-0.003393126113	0.00252065125	-0.003116462666	-0.001599625388	0.00263449439
	0.0007799662161	-0.002018534951	-0.00166477463	0.0005347606296	0.0008101619098
	-0.0002934740409	0.003671803023	-0.001725790742	-0.004693746291	0.0008373936283
	0.005830570732	-0.001798594084	0.0008665644735	-0.09060030328	-0.280060549
	-0.6460189567	-0.001895523118	-1.201874635	0.0008891399269	-6.278657767
	-0.002019467976	-10.65268696	0.0009967697033	6.4967902e-30	-4.799331363e-33
	-10.71428737	-2.796717889e-30	9.944576427e-33	-0.003306387292	-6.275368726
	-3.605583747	-2.468238144	-1.19921502	0.005915855088	-0.004731510894
	-0.275865485	-0.6521280304	-0.0003914272725	0.002414032879	-0.04589409367
	-0.09397386414	0.0007258869966	-0.0007631722322	-0.008692127952	0.005639047005
	0.0108529154	-0.001922585047	-0.001165721808	0.0008419186645	0.0008696312311
	-0.001243254457	8.852808327e-05	0.005397247535	0.001380875623	0.0007332116337
	-0.001921270188	0.001027832176	0.0009045760893	-0.00128959638	0.0004312748148
	-0.003179734828	0.0008909339977	-0.003790227386	-0.001323878791	0.0009496387582
	0.0004811136433	-0.003945800931	0.001027271508	-0.001341177708	-0.003015531175
	0.00114563731	-0.00135405728	0.001066645522	0.001004726201	-0.001540867501
	-0.003047552324	0.0008591810906	0.001900126032	-0.001221606779	0.002685742871
	0.0004952057935	-0.001791587269	0.001595545066	-0.0005353228368	-0.00189270815
	0.001163939822	0.005264569544	0.0008029990102	-0.003927324812	-0.002531988481
	-0.0002052563971	-0.002880335151	0.001060741414	0.007481474363	-0.002380284514
	-0.6389579113	0.001529502357	-0.2813923091	-0.001631005524	-0.003267239584
	0.001855952797	0.0009717445702	-0.002853551338	-0.01189418126	0.008177695567
	0.002374489991	0.0004784821923	-0.003644367536	0.002682419243	-0.001331136022
	-0.003226482123	0.002898774468	0.0007516359155	-0.003786733858	0.003077044175
	-0.001610400894	-0.003220187174	0.002222552378	0.0008100155623	-0.002664327932
	0.001440158753	-0.001686879545	-0.0009000668363	-0.0010425461	0.0008505146755
	0.003028730868	-0.00440511581	-0.001763160874	0.0008920175744	0.005162624468
	-0.05042693843	-0.001850257275	-0.08961585099	0.0009243883237	-1.201823489
	-0.001971108308	-2.43793745	-3.584438839	0.0009725197407	-6.242559438
	-10.62022981	-0.002082469656	0.001153823184	-0.002037605813	6.582100626e-30
	-4.878789342e-33	-10.43329078	-3.111767965e-30	9.97637004e-33	-0.003256720918
	-6.214051447	-3.632672839	-2.419613312	-1.206369776	0.005826522273
	-0.004672535796	-0.275451168	-0.6400351964	-0.0003969007998	0.002382559668
	-0.09282794087	-0.04374898584	0.0007150432839	-0.0007718096596	-0.006868209239
	0.004219837698	-0.001436066305	0.009662981516	-0.00118196535	0.0008265969252
	-0.001262347142	0.0008536609008	0.004331396294	0.0005113388969	0.0005682439967
	-0.0001352052123	0.0007169065368	-0.002327447653	-0.001301274928	0.0008898276342
	-0.004303831545	0.0007230994318	0.0004112836219	-0.003881801344	-0.00133268767
	0.0009459047682	0.001112261491	-0.004188737233	0.001030051194	-0.001335428039
	0.000620968025	-0.003028980645	-0.001392926778	0.0009780369038	-0.001598585562
	0.001134184187	0.001574614741	-0.00286316121	0.002626547541	-0.0004600480149
	0.0008739639625	0.00220702434	0.001005923874	-0.001626879145	-0.001644221889
	-0.003871525364	-0.003008200596	-2.349017005e-05	-0.002688480517	0.00184423346
	-3.617423151	0.007393351416	-0.002877313504	-0.001603163285	-0.630945573
	0.001496997668	-0.00337085514	0.002702882454	0.0009586414948	-0.04976838355
	-0.003364344061	0.0004977744416	0.00244290458	-0.003775276839	0.003494943853
	-0.001342208555	0.002012460249	-0.003858814605	0.0007855357686	0.00300274183
	-0.00361640671	0.00318754438	-0.001631712496	-0.003355228583	0.0008575738685
	0.001752080694	-0.001177054267	-0.0004901325729	-0.001721319513	0.0009065268372
	-0.004112393736	0.007602593463	-0.01224118785	-0.001807038487	0.004293850314
	0.0009571928886	-0.09019714008	-0.2798273245	-0.001914503086	0.000999628926
	-1.205408941	-2.38371129	-0.00206862917	-6.111333955	0.001117646676
	-10.10662861	-0.002115619231	0.001270132409	0.005190230618	-0.002162580304
	0.0003217212441	-4.933958936e-33	7.546418108e-30	-9.906731958	-3.57758536e-30
	1.001401429e-32	-0.003221848376	-6.047130836	-3.653582746	-2.371467423
	-1.206209445	0.005761083138	-0.004634241227	-0.2750759266	-0.628806423
	-0.0004077851699	0.002361808843	-0.08897186683	-0.04360509987	-0.0007750747826
	0.0006960883026	-0.006111652821	0.005092442547	0.008050412147	-0.0006798965597
	-0.001191622409	0.0008040034995	-0.001271535318	0.0008357449608	0.002974979741
	0.0003536551854	-0.001651507405	0.001018218662	-0.003754306645	0.0003055948895
	0.0008721311728	-0.001306009096	0.0008494658673	-0.004335802637	-0.004935908752
	0.000503583418	-0.0013212301	0.0009394762375	0.001000455803	-0.003438058876
	0.001001128537	-0.001313479047	0.0009589475938	-0.003811023492	-0.001489973672
	0.000870618742	-0.001429843519	0.001646029383	-0.001813573229	0.001445230533
	0.0006589984523	0.003139966708	0.001310687458	0.0002475563853	-0.002324851164
	-0.003313630499	0.000845534056	-9.529670753	-0.002505952438	0.007335090926
	-3.62390453	-2.330247975	0.002077895358	-0.001575542323	-0.003645031165
	0.002026520902	-0.2803236594	-0.003251888315	0.0009459343442	0.003117759047
	0.0005292665189	-0.004239249419	-0.01026280923	0.006402930382	0.00311156229
	-0.003753387208	-0.001359560319	0.003651989987	0.0008327030193	-0.004451415331
	0.003425977794	-0.003255344301	-0.001659554967	0.002107028271	0.0009152049375
	-0.002004899934	0.0004663940004	0.001450220258	-0.001764615062	-0.003463338816
	0.0009802322274	0.001905820784	-0.001866752829	-0.04794533043	0.001039708806
	-0.08992071314	-0.6181800139	-0.002002514157	-1.20929161	0.001098054224
	-5.951999199	-0.002165198466	0.001315192597	-0.002113457934	0.00116412163
	0.005138362955	-0.002533280353	-0.003830052131	-0.0002611109406	-4.986819992e-33
	8.463151412e-30	-9.3152608	-4.040252549e-30	1.005615878e-32	-0.003201808699
	-5.857225861	-3.66384365	-2.310525959	-1.204586276	0.005722599604
	-0.004619695469	-0.6176404265	-0.2713778867	-0.0004257358105	0.002358065479
	-0.04235231133	-0.08826496374	0.0006721315796	-0.0007762830686	-0.007041509447
	0.005712231922	-0.001008265866	0.008419441884	0.0007785764884	-0.001198441694
	-0.001267267943	0.0008102216698	0.00146581085	0.0002190743449	-0.002341212916
	0.0006260379881	0.0009855545689	-0.005299589219	0.0008546073543	-0.0012958771
	-0.004972093923	0.000250456358	0.001291499092	-0.004947311681	0.0009417720505
	-0.001298877068	0.0003953558022	-0.003946743616	-0.001329404305	0.000923692791
	-0.003080463981	0.001781374362	-0.001636220773	0.0008934115897	0.002589908401
	-0.0007525392381	-0.002163736392	0.0007598246943	0.001537137874	0.00290659055
	-0.001321857155	0.002039796987	0.007305868775	-0.002903864871	0.001893467315
	-0.001550120164	-3.613376326	-2.27725962	-0.004052687535	0.003150162034
	0.0009368107069	-0.00366888354	0.002995115502	0.0005712778867	-0.004568834994
	0.004036352742	-0.001383210713	-0.004151810381	-0.008410249943	0.003243200227
	0.0008942815769	-0.003796447505	0.0004025812798	0.003465287617	-0.00170109156
	-0.002758409256	0.001578486307	0.0009878556185	-0.0009585579246	-0.001818827467
	0.003950050166	0.00106239737	0.001098240533	-0.04852330082	-0.001939147334
	-0.08724788399	-0.2805888549	0.001123695336	-0.6058190741	-1.204847447
	-0.002114578952	0.001234352265	-5.748949793	-8.917772865	-0.002228397039
	0.001508476066	-0.002167757108	0.005107060684	0.0006471118041	-0.003800330558
	-0.003156400303	-0.0004420451199	-0.003173730008	9.352310942e-30	-5.009246143e-33
	-8.685596168	-4.49891415e-30	1.011155842e-32	-0.003196040346	-5.633863411
	-3.646373222	-1.202424869	-2.244674382	-0.004625862029	0.005709156036
	-0.2689462209	-0.599508496	-0.0004519704043	0.002369507648	-0.03953823306
	-0.08737173142	0.0006414228336	-0.0007740236547	-0.005908743989	0.002147836032
	0.007260800379	-0.002391639319	0.0007540845016	-0.001197288796	0.0007903668229
	-0.001263602397	0.001448707833	-0.0003348040252	-0.003199244265	-0.0001951345415
	0.0007892587562	-0.004797382663	0.0008519441774	-0.001288316411	-0.006398073689
	0.0008180864443	0.0008338574761	-0.004313529042	-0.001283951065	0.0009429560074
	0.001286538581	-0.004821067621	-0.001439326476	0.0007966872866	0.001149703249
	-0.002046887782	-0.00167284757	0.001327176285	0.003592442378	0.0005523995269
	-0.002790321269	0.001278756697	0.001802795068	0.007303662545	-0.003928118582
	-8.281260348	-0.00152442619	0.002054647357	-0.003762420395	0.00378642706
	0.0009289925861	-0.004608153655	-0.5939604406	0.0006252269002	0.003366004395
	-0.004124445173	0.004719088812	-0.04780715335	-0.001414541887	-0.00493614624
	-0.009198217267	0.0009604182867	0.004627401269	-0.003363607411	0.003599031869
	-0.001751102715	-0.001616777168	0.00106487559	0.0005260269877	0.003530994136
	-0.001884665529	0.0014541665	0.001144906091	-0.08620551332	-0.275870295
	-0.00203273523	0.001210323056	-1.195451583	-2.216478809	-3.58521659
	-0.002239626881	-5.500900961	0.001428785865	-0.00222463114	0.002673221069
	0.00152063499	0.005096234938	-0.002480478025	-0.0002111781967	-0.003782925713
	-0.003770755166	0.0003219101727	-0.002783788038	1.018194469e-29	-5.011116801e-33
	-8.033694712	-4.932086066e-30	1.017730226e-32	-0.003204246714	-5.363730209
	-3.597531538	-1.192525275	-2.179210946	0.005722367718	-0.004652995921
	-0.5796470416	-0.267838539	-0.0004849269435	0.002393585598	-0.08230501964
	-0.03944682115	-0.0007779996169	0.000616067882	0.0001168294603	-0.004042438662
	0.002143308936	-0.001186390579	-0.001200541594	0.0007364349911	0.0007834378491
	-0.001269127898	-0.001463174501	-0.0002160773251	-0.00362459581	-0.0003209215775
	-0.000702413014	-0.004570429705	0.0008737199375	-0.001290632525	0.001270490363
	-0.005065798887	-0.005255371733	0.0003743773078	0.0009097270668	-0.001309748533
	-0.003425327424	0.002043478816	-0.001668165937	0.0007131409925	-0.003200461112
	0.0007274457429	0.002401100827	-0.001211100361	0.002021663758	0.003876558834
	-0.0006384399697	-0.001502317149	-0.004609869458	0.003500958647	-0.003824901902
	0.0009263985549	-3.526262606	-2.148168127	0.004383212845	0.0006826244088
	-0.005654978154	0.00599065844	-0.005015209431	-0.001455892298	0.005375294418
	-0.04363673683	0.001028117476	-0.004668503244	-0.007758818354	0.004470859745
	-0.001601532285	-0.001810680227	-0.0006199650712	0.001141042088	0.00362018341
	-0.0007354881135	-0.001963152843	0.001222923175	-0.08540380846	-0.269908783
	-0.5773787665	-0.002156433642	-1.183381712	0.001325930035	-5.213368641
	-0.002355848514	-7.631021978	0.001680450398	-0.002222504462	0.002334132498
	0.001058483188	0.005104984967	0.001792483157	-0.003199688351	-0.003778775577
	-0.0009653102902	-0.003802816243	-0.00274720274	0.007328989043	1.091396355e-29
	-4.981878465e-33	-7.368283693	-5.315032909e-30	1.024845093e-32	-0.003224993585
	-3.51830697	-5.04744136	-2.105743497	-1.174917571	0.00575839274
	-0.004698024141	-0.5611744908	-0.2638988671	0.002420565283	-0.0005215255445
	-0.04012665364	-0.07829877746	-0.0007885950955	0.0006005853167	0.001200941275
	-0.00551642884	0.0001718466601	0.0003202040805	-0.001216405435	0.0007302187231
	-0.001287236375	0.0007944007069	-0.0002851686201	-0.005178638999	-0.004836871931
	-0.0006436071691	-0.0003542387378	-0.00580385906	0.0009081167031	-0.00130066544
	-0.003342421756	-0.0006130724924	-0.004606829622	0.001354354539	0.0008037510298
	-0.001429150057	0.0006525487148	-0.002248292114	-0.001946686052	0.001022262357
	-0.003128967589	0.002869889679	3.152788469e-05	0.004008021786	0.002353554212
	0.006177448167	0.0009274774915	-0.005683927202	0.005113639792	0.0007384497425
	-3.430649157	-0.005209374836	0.005688719301	-0.001506739179	-0.5571542735
	-0.004661192904	-0.2640784077	0.003002198134	0.001098807135	-0.001200377482
	0.001049973571	-0.001887118128	0.0006777419786	-0.003823670766	0.001221039843
	-0.00245824083	-0.04044957406	-0.002072776952	-0.0819317218	0.00129657131
	-1.162918344	-0.002317179599	-2.073753088	0.001467454256	-4.88446291
	-6.980543518	-0.002365062532	0.001750704082	-0.004950353555	-0.002325192305
	0.003138987608	0.005133636194	-0.0001224273847	-0.003790417253	-0.004005625176
	-0.0005889275948	-0.003113185985	0.003556103384	0.007382996556	-0.004032397405
	-0.001483296162	1.150481631e-29	-4.950587138e-33	-6.704337544	-5.618652173e-30
	1.031179127e-32	-0.003257633772	-4.695332501	-3.402829265	-1.151631856
	-2.021393104	0.005815677673	-0.004763701627	-0.5394578255	-0.2581848425
	-0.0005565992932	0.002446900545	-0.07578398447	-0.03910178763	0.0005928725372
	-0.0008042793777	-0.0004869918826	-0.006477851033	0.0009803349705	-0.001896716766
	-0.001245655625	0.0007399741602	0.0008513342006	-0.001334404615	0.001272860187
	-0.006160836181	-4.477512447e-05	-0.00846745311	-0.006344471622	0.0007581615156
	0.0009775535023	-0.001397764069	-0.005590578071	-0.0008090703494	0.0007862045508
	-0.001551224606	-0.001804677933	0.000711175179	0.0003138452914	-0.002909680965
	-0.001876877167	0.002070404046	0.001383690118	0.004791776806	0.002308904661
	0.0009236468807	-0.005771902428	-6.338699196	0.0007943378797	0.004467470011
	-3.29900247	-0.003807380922	0.004201328852	-0.001573814801	-0.004052812029
	0.001155997612	0.004670642675	-0.0009131806132	-0.002429302743	-0.001970704389
	-0.002263683351	0.001246472772	-0.03774932517	-0.07796289078	-0.2555378325
	-0.00216348279	-0.5344242777	0.001298673776	-1.132239978	-1.988184838
	-0.002379385599	-4.519246779	0.001683684007	-0.002180646313	0.004738709831
	0.001637971437	0.005181733209	-0.003012042023	-0.005930957395	-0.0008118340978
	-0.003817196186	-0.004772618474	0.00232559306	-0.003228720683	0.004605221741
	0.007468565079	-0.001467432838	0.004401949533	-0.004268692656	1.191330964e-29
	-4.923325293e-33	-6.05456499	-5.816587534e-30	1.035824599e-32	-0.003302381694
	-3.249293487	-4.313388843	-1.120213686	-1.927277706	0.005890088534
	-0.004853391283	-0.2514418512	-0.5137372133	-0.0005801883927	0.002473725346
	-0.07207337161	-0.0385989607	-0.0008560074765	0.0006216901867	-0.002484951111
	-0.005654097181	-0.00257567295	-0.002285543707	0.0008142435414	-0.001350705653
	0.0009479103947	-0.001452575002	-0.004197716795	-0.0010491715	0.00162835403
	-0.008930447908	0.0002229079158	-0.007483987498	-0.001471720838	0.0008093139599
	-0.006781006793	0.002140466126	-0.0008052952254	-0.002729827357	-0.001815957764
	0.0003463904163	-0.001170589566	0.003240848846	0.0002509305938	0.005264987261
	0.003250582172	0.0008042180708	-0.005894048507	-5.713530733	0.007436489095
	-0.005208887328	-3.130748309	-0.001598307298	0.004493828536	0.001166159654
	-0.0004816867206	-0.0008818558393	-0.2444191995	-0.003434056881	-0.001990664338
	-0.03396972732	0.001340235582	-0.07326199524	-0.5076421547	-0.002268483353
	-1.092425358	0.001739307628	-1.888173479	-4.127819672	-0.002556139275
	0.002694171532	-0.002530872108	0.004482659898	0.001484701739	0.00524830206
	0.004989320514	-0.005129873742	-0.004734942689	-0.003857457277	-0.0006241945942
	-0.00434660022	0.004084423771	-0.00366101617	0.007587905419	0.002211491485
	-0.001479765886	-0.004934477604	0.000937637733	1.210492738e-29	-4.897944329e-33
	-5.427267654	-5.886419739e-30	1.040283233e-32	-0.00336151994	-3.910245281
	-3.061180513	-1.821308825	-1.078677138	0.005960603861	-0.004947871804
	-0.2429934302	-0.4848751264	0.002474947561	-0.0005788564393	-0.03751690071
	-0.06823660957	-0.0009175488438	0.0006252175332	-0.003210915403	-0.0067747989
	-0.004419054298	-0.0008646860476	0.0006858641603	-0.001267899633	0.0005408394171
	-0.0009893394387	-0.001855381797	-0.007466287342	0.0002507970369	-0.005601713475
	-0.008611141449	0.0009163930536	-0.0001140175076	-0.0007493636184	0.001931729397
	-0.004262799696	-0.006217706851	0.001914126461	0.0006005627146	-0.0009437523014
	0.005492917874	0.003163715454	0.00314944679	0.005048322249	-0.001676910586
	-0.002793342598	0.001806283815	0.001580956994	-2.927802884	-1.77304151
	-0.003728774182	-0.03076934017	-0.002272311863	-0.06762798232	-0.2309756172
	0.002073042902	-0.4763048726	-1.043548538	-0.002795515102	0.002688047384
	-3.719590888	-5.110711545	-0.002783854892	0.002787624638	-0.003571825282
	-0.002946415526	0.006163014361	0.005351530552	-0.001350116051	-0.00392980319
	-0.005219286918	-0.0004704695681	0.003786992574	-0.002545590337	0.004024777461
	0.007774401894	-0.005926682588	-0.001508267268	-0.005098285934	0.007155947341
	0.0009955977682	-0.007300452739	0.0009435067663	1.20506012e-29	-5.088931282e-33
	-4.828638963	-5.811928467e-30	1.043777872e-32	-0.003447856365	-3.497105989
	-2.843439635	-1.701087703	-1.026704236	0.00608520271	-0.005109898795
	-0.2323454148	-0.453860865	0.002691175111	-0.0007784931874	-0.03603630997
	-0.06308222444	0.0002532711463	-0.0004816416757	-0.005948502852	-0.006568992572
	-0.004041533221	-0.002595853074	0.0002497085074	-0.0005408499157	0.0003143349831
	-0.0004240125316	0.001061349282	-0.009229273884	-0.00169783431	-0.007582078726
	-0.005596381229	0.002242349922	-0.001439064343	0.0002020225732	-0.004732291629
	-0.0004237122233	0.006831949351	-0.001928472216	-0.001629052121	0.003971051674
	0.004211152587	-0.002008417323	-0.003281463131	-4.53302899	0.001987609632
	-0.02651736669	-2.69591196	-0.06202369271	-0.2165395732	-0.002561138359
	-0.4398212205	0.001930390747	-0.9848263035	-1.643852953	-0.002698896767
	-3.303776127	0.002063993952	-0.002025613312	0.001984759292	0.0006773573309
	0.005492644043	-0.0040187507	-0.005784159309	-0.003095290438	-0.003946442066
	-0.005423895679	0.003944795977	0.006508792828	-0.003765149423	0.004048516851
	0.007941585785	-0.00712005649	-0.001276880951	-0.004681303482	0.005080828622
	0.000865867838	0.001445304005	0.007792900244	-0.003720432893	1.173113736e-29
	-5.221736213e-33	-4.261681393	-5.586810068e-30	1.076865732e-32	-0.00359842594
	-3.084378575	-2.601565596	-1.566400524	-0.9664625836	0.006461578453
	-0.005453847036	-0.419885493	-0.2178595023	0.003184709335	-0.001033307017
	-0.03534382097	-0.05869406956	-0.0003035979241	0.0003580710585	-0.006560250734
	-0.005264120281	-0.007851267735	-0.002730465916	-0.00111509902	0.0009549672284
	0.001070930893	-0.001961863522	-0.0004679973443	-0.006065038516	-0.01058971385
	0.001458789217	4.581711632e-05	-0.003640988417	0.001138658429	-0.003286394434
	0.003128444848	-0.005796205658	0.006689790643	0.006178454001	0.0009737835816
	0.001234545604	-0.05401080317	-0.2010365803	-0.4009222746	-0.002385173191
	-0.9159100264	0.001488025192	-1.50165829	-2.444331583	-2.888593227
	-0.002623956532	-3.981221919	0.002583801782	-0.00275089811	-0.02291528016
	-0.0006550686258	0.005596566598	0.003583320247	-0.002564554555	-0.006592531177
	-0.003906502914	-0.001529526296	-0.003592525076	0.008365309866	0.005752766079
	-0.005789984535	0.008072772324	0.003131898588	-0.001255392625	-0.005265390405
	-0.007319835197	0.0008907638432	0.006175493021	0.001122585698	-0.004981258933
	-0.001852299151	1.114037333e-29	-3.724017634e-33	-3.727054935	-5.215323587e-30
	1.127627792e-32	-0.00371917121	-2.342178677	-2.678514374	-0.8980491773
	-1.422924756	0.006639855186	-0.005485405216	-0.38039135	-0.2026934864
	-0.0005894306819	0.002824861534	-0.03156134702	-0.05583034619	0.0009854227873
	-0.001229975621	-0.006925989043	-0.007116006009	-0.008824524996	0.0003977618718
	0.001116244619	-0.00181183221	0.0001292184921	-0.002068553357	-0.009253963396
	-0.002484951521	-0.005509224966	0.00284838601	-0.007582836809	-0.000267056771
	-0.002104085566	0.002574022082	0.008847239465	0.001196462082	0.005853076413
	-0.8417885499	-0.003094230116	-1.347681107	-2.180724754	0.002643323926
	-2.482816654	-3.454322625	-0.002683530959	0.002239971565	-0.3603159656
	-0.003844897498	-0.1816675302	0.005788710576	-0.004158459198	-0.004244543647
	-0.006798781298	0.002261330531	0.005578581245	-0.005549970906	-0.002731755319
	0.005074127135	-0.004065245364	0.008507855323	-0.008570163488	0.006734913879
	-0.001736047504	0.005683564739	0.001087577551	0.0009533830134	-0.003886550577
	-0.02149763401	-0.002118099013	-0.04677524098	0.001727286425	1.028958424e-29
	-3.868916552e-33	-3.222411916	-4.714232832e-30	1.052854587e-32	-0.003745599748
	-2.076824093	-2.282012801	-1.273082866	-0.8201517551	0.006599414626
	-0.005511469488	-0.1871252701	-0.3415559206	0.002815157891	-0.0007093853293
	-0.04850070986	-0.02826779266	-0.0008328145257	0.0006402562237	-0.0118550232
	-0.004967612397	-0.006578451361	-0.001984636758	0.0007400578588	-0.001335619034
	0.0003646821668	-0.002908254926	-0.01206453386	0.002571102966	-0.004323756332
	-0.00154484052	-0.005923538165	0.006682414918	-0.0005886448106	0.0087800506
	0.007264397011	-0.002928746095	-2.090687429	0.00272546777	-2.952636434
	-0.002197755223	-1.910795482	-0.0002792601267	0.006031581759	-0.00684626627
	-0.3149293849	-0.004499481489	-0.004409532899	-0.0051175838	0.00688097377
	-0.01654224969	-0.005219143622	0.002448147158	0.008743577305	-0.005922195663
	-0.001498674998	0.008962707943	-0.005930606674	0.002809974169	0.0008412346891
	-0.002529742532	0.001377752006	-0.04204533824	-0.1634885298	-0.002430448943
	0.001801205305	-0.7636932027	-1.1906205	9.211484764e-30	-5.804865984e-33
	-2.744778593	-4.109806426e-30	1.0620707e-32	-0.003954570903	-1.902627273
	-1.812733956	-1.116170241	-0.7403296093	0.007079388298	-0.005944828693
	-0.1660066759	-0.3037940251	-0.0007460785611	0.003182590677	-0.02806193429
	-0.04353460836	-0.001141163655	0.001070915869	-0.001546203214	-0.0104517171
	-0.002400936095	-0.01236539792	-0.002312145108	0.0005925202258	-0.003612936051
	0.001691284317	0.002898975707	-0.005286170581	-0.01097447064	0.001057249455
	0.005967228103	0.011512526	0.005359191195	0.00312974121	-0.003331505175
	-2.474553838	-0.004787695213	0.006245996999	-1.64752383	-1.035054882
	-0.008844452915	-0.004523952768	-0.0009850412857	-0.001785540125	-0.1471780319
	0.006245176068	-0.009352835695	0.009168349533	0.004977101001	-0.001739801285
	-0.002265181498	0.004112996558	-0.006319734254	0.001044075502	-0.01311165367
	0.001158304173	-0.03278159719	-0.2719234334	-0.002669437141	-0.6789890738
	0.00225228066	-1.711775305	-0.002974394809	7.953034069e-30	-4.573433533e-33
	-3.434886684e-30	-2.293262803	1.085709866e-32	-0.0041209166	-1.541539319
	-1.5527741	-0.9650433855	-0.6602824825	0.007267906244	-0.006055566742
	-0.2593452315	-0.1470735483	0.003099833675	-0.0006466453923	-0.04335324421
	-0.02144634433	0.0009235638312	-0.001193143154	-0.008590610375	-0.005375854976
	-0.01303188063	0.004638763288	-1.396094472e-05	-0.002993907156	0.006873458009
	-0.002661152488	-0.00710805983	-0.002768116826	0.0121193746	-0.004663596409
	0.01126808225	-0.006394164249	0.006591236201	-0.008657343706	-0.004841733276
	-0.007403274579	-1.397814806	-0.8791572795	0.006284590907	-0.003254475574
	-0.2330685975	0.001321156916	0.009618130958	-0.006765228019	0.007512274768
	-0.001751799543	-0.004243342289	-0.01503159942	0.0008272213236	-0.02601366349
	-0.1249099142	0.001423539382	-0.5976932221	-0.003024420916	0.0027518443
	-1.352892197	-2.016468248	-0.002101138294	0.0006584121271	6.579383107e-30
	-5.473032203e-33	-1.861953107	-2.730902405e-30	1.060516251e-32	-0.004333837746
	-1.19208313	-1.310953419	-0.8227192768	-0.5744664277	0.007732069906
	-0.006452902451	-0.1317887355	-0.2211011002	-0.000536049608	0.003336624581
	-0.03329202715	-0.01620641344	0.0009722585966	-0.001874696383	-0.01692216606
	-0.002697659815	-0.004256340516	0.00181460107	-0.004912314456	0.0008455106687
	0.01434225435	0.002851604914	-0.01469065815	0.004986110859	0.01222680016
	0.006919953813	-0.01078275582	-1.579535558	-0.006721999867	-0.005111071295
	-0.001350229324	0.007866018238	-0.008995913346	0.000463268782	-0.1891856853
	0.01019681486	-0.000243781725	-0.002083765259	-0.008797799411	-0.02610675815
	-0.1070255822	0.0008874009983	0.001386482278	-0.5212424132	-0.7355541605
	-1.160574702	-0.002928948853	-1.014939362	0.003393449226	-0.002288699921
	-0.004955090705	5.166522125e-30	-5.193722676e-33	-1.445640467	-2.035624812e-30
	1.063678861e-32	-0.004555543702	-0.8653877721	-1.091850925	-0.4960362616
	-0.6799707381	0.008030266289	-0.006637680599	-0.190314786	-0.1074032355
	-0.0003787856255	0.003235365971	-0.0274566916	-0.02001709272	0.000124948782
	-0.002816919342	0.006034465497	-0.01275935068	-0.003663215177	-0.01145190213
	0.005501926773	-0.005335438602	0.01279075137	0.00035154309	0.01929413536
	-0.005563821238	0.003242162909	0.0006518625026	-0.0002449358936	-0.008413835329
	-0.950805665	-0.6067793201	0.010833259	-0.003857061471	-0.002266844311
	-0.01638108993	-0.09581895312	-0.1531614005	0.0006430604463	-0.4398430187
	0.001965054417	-0.6912958011	-0.001957547863	-1.160653983	0.002057024566
	-0.004981868314	-0.01299528133	0.007385343103	-0.01098775649	-6.163881067e-33
	3.776491743e-30	-1.045607139	-1.380224068e-30	1.033802967e-32	-0.00483634935
	-0.8891719914	-0.5628751075	-0.5555554366	-0.4260710108	0.008556301173
	-0.007036166873	-0.08925870307	-0.1474592916	-0.0004279384045	0.003223192799
	-0.03436312275	-0.01076059535	-0.004963929005	-0.0002445771959	-0.002273208385
	-0.002142075989	0.01244818406	-0.01664697918	0.01590918193	-0.001029630716
	0.02085215806	-0.007122153687	-0.01296114859	0.01165347729	-0.009244893807
	-0.0723195365	-0.7720205915	-0.002645216325	-0.1280539865	-0.3705041376
	0.00088023741	-0.4794413742	0.002949080264	-0.3942459796	-0.7523817253
	-0.0006784237409	-0.003745432449	-0.01181667507	0.009484419629	-0.002060735005
	0.007900691362	-0.01537545411	-0.006058615348	-6.487056666e-33	2.470968986e-30
	-0.6532956422	-7.974896074e-31	1.016202844e-32	-0.00515511101	-0.2699884145
	-0.7209193728	-0.4489364687	-0.3480261768	0.009038524546	-0.007394855082
	-0.08243184716	-0.1177070544	-0.001449091538	0.002931903396	7.683831749e-05
	-0.01919462063	-0.00684876458	0.002519624479	-0.004008677423	-0.01738589452
	0.01224988368	0.01275145408	0.02751449697	-0.01922946943	-0.05696247706
	-0.3582407795	0.01246560953	-0.09010121324	-0.002550919053	-0.3137672308
	-0.3717712287	-0.6104056861	0.002132947952	-0.1258582216	0.003370312485
	-0.001721049698	-0.01625633322	0.008566205314	-0.01605804034	-0.004262871181
	-0.006651210867	0.006569808135	-0.006166186454	1.304836117e-30	-7.482024145e-33
	-0.262471953	-3.036696952e-31	1.002804189e-32	-0.005602403207	-0.01002569944
	-0.5869973041	-0.2865746917	-0.3325927118	-0.008107373606	0.009817393589
	-0.105336643	-0.05459267799	-0.003492411549	0.00187393227	-0.006210662268
	-0.01432496768	-0.004837565681	0.01429441183	-0.01389474428	0.0246269282
	0.03220866097	0.01364800987	-0.2434128022	0.02509085676	-0.00181339435
	-0.2842552679	-0.4870873847	0.1285415498	0.005451488468	-0.0009401563126
	-0.01009813697	-0.02773738139	0.009371503695	-0.005441065512	-0.007376011838
	0.006703374966	-0.008158186725	-0.06019810504	-0.06385367754	2.960520172e-31
	-7.834640043e-33	0.1179803299	9.819570407e-32	9.788381081e-33	-0.006126849971
	-0.4639115564	0.2134460054	-0.2425692964	-0.2429731644	0.01069736642
	-0.009751482108	-0.03537394228	-0.05974736076	-0.004485696712	-0.0001432056885
	-0.03003564039	-0.00456832713	0.01084057106	0.03479138499	0.0350616344
	-0.0002367430656	0.3449415841	0.4090541556	0.008875103961	-0.01758074486
	-0.4014882791	-0.1814261447	-0.02188490491	0.0103041598	-0.02258194523
	-0.008065250784	0.01139008362	-0.0338712076	-0.06218064453	-0.1948230784
	0.01596782544	-8.111055101e-33	-5.363809135e-31	0.4971538514	3.987663428e-31
	9.435454688e-33	-0.0068463791	0.4345164828	-0.3832565725	-0.177522489
	-0.1713673676	0.01147276694	-0.01371595787	-0.03361227415	-0.05114617401
	-0.0007632941149	0.004727039696	0.04214598184	-0.003982401855	0.04600526444
	0.003081495782	-0.04696222228	0.7802918622	0.01136723019	-0.0153069311
	-0.01543067076	-0.008450051816	-0.02225573378	-0.1736530846	-0.103115677
	-0.3145461043	0.02222557856	0.5215809358	-0.001734721156	-1.173159922e-30
	-7.954347245e-33	6.068647235e-31	0.8806551825	8.72920247e-33	-0.008026899606
	0.606556107	-0.3397114134	-0.06499195286	-0.1280041642	0.01111394361
	-0.02082619442	-0.0575848943	-0.01106172366	0.0345885233	0.01337278447
	0.07448640306	-0.02015619852	-0.06884393927	0.01286538928	0.01457805906
	-0.007395927313	-0.1050714627	-0.06026335748	-0.272874564	0.7001505229
	0.03496504889	1.136145322	-0.02114803953	-1.639672538e-30	-8.673506549e-33
	1.241703416	7.437974224e-31	-0.01126553129	1.028187903e-32	0.7258512439
	-0.2665411347	0.003841029838	-0.1338555807	-0.02349270918	0.008784070541
	0.06026276194	0.02709903543	0.06895079997	0.01783116526	-0.07796296152
	-0.005340801989	0.05209293597	-0.2807832831	0.8294805835	1.498984042
	0.0449409199	-0.08603657066	-0.02174859838	-1.949993399e-30	-1.569211778e-32
	1.593468752	8.100045798e-31	2.370501418e-32	-0.02166809244	-0.2509495093
	0.8970158218	-0.03208683113	0.009355946957	0.01404581848	0.1692384396
	0.005875183543	-0.0180814473	0.9064140318	1.834448665	0.01888885654
	-0.185091422	-0.2246972459	0.03919157896	0.154791569	-2.096587294e-30
	-4.144440522e-32	1.953242592	8.154443289e-31	7.126137631e-32	-0.04874555653
	1.014260107	-0.3126226954	0.248932016	0.07387093721	0.09582903494
	0.1220012717	-0.2615955865	2.077659012	0.1131297835	1.091686329
	-0.14691897	-2.106708863e-30	-9.349478154e-32	8.101810874e-31	2.318119436
	-0.07137322236	1.482623086e-31	-0.1969833676	1.037280179	0.5371584342
	1.556252552	0.2465378144	2.3930739	-0.7121436383	-2.101962425e-30
	-6.778981796e-32	2.289839395	7.374212017e-31	0.120935563	1.203130689e-31
	1.713291512	0.09898254118	1.687269682	-1.410515696e-30	2.079266172e-31
	3.13992141e-31	3.131261424e-31	2.660077389	2.214558451e-31	-8.858233803e-31
	-8.858233803e-31	
