8241 16000 480
0 0 4
0.000123367518339 0 1
0.000493439634268 0 1
0.00111012503803 0 1
0.00197327157173 0 1
0.00308266626687 0 1
0.00443803539692 0 1
0.00603904454482 0 1
0.00788529868552 0 1
0.00997634228344 0 1
0.0123116594049 0 1
0.0148906738452 0 1
0.0177127492713 0 1
0.0207771893782 0 1
0.0240832380613 0 1
0.0276300796023 0 1
0.0314168388714 0 1
0.0354425815422 0 1
0.0397063143231 0 1
0.0442069852017 0 1
0.0489434837048 0 1
0.0539146411725 0 1
0.0591192310458 0 1
0.0645559691701 0 1
0.0702235141117 0 1
0.0761204674887 0 1
0.082245374316 0 1
0.0885967233646 0 1
0.095172947534 0 1
0.101972424239 0 1
0.108993475812 0 1
0.116234369911 0 1
0.123693319956 0 1
0.131368485562 0 1
0.139257972996 0 1
0.147359835646 0 1
0.155672074498 0 1
0.164192638632 0 1
0.172919425725 0 1
0.181850282575 0 1
0.190983005625 0 1
0.200315341513 0 1
0.209844987624 0 1
0.219569592662 0 1
0.229486757224 0 1
0.2395940344 0 1
0.24988893037 0 1
0.260368905021 0 1
0.271031372579 0 1
0.281873702237 0 1
0.292893218813 0 1
0.304087203408 0 1
0.315452894071 0 1
0.32698748649 0 1
0.338688134676 0 1
0.35055195167 0 1
0.362576010251 0 1
0.374757343664 0 1
0.387092946347 0 1
0.399579774674 0 1
0.412214747708 0 1
0.424994747957 0 1
0.437916622148 0 1
0.450977182002 0 1
0.464173205021 0 1
0.477501435284 0 1
0.49095858425 0 1
0.504541331568 0 1
0.518246325898 0 1
0.532070185739 0 1
0.54600950026 0 1
0.560060830144 0 1
0.574220708435 0 1
0.588485641395 0 1
0.602852109365 0 1
0.617316567635 0 1
0.631875447315 0 1
0.646525156221 0 1
0.661262079755 0 1
0.676082581802 0 1
0.690983005625 0 1
0.705959674768 0 1
0.721008893961 0 1
0.736126950035 0 1
0.751310112835 0 1
0.766554636144 0 1
0.781856758603 0 1
0.797212704643 0 1
0.812618685414 0 1
0.828070899721 0 1
0.84356553496 0 1
0.859098768062 0 1
0.874666766436 0 1
0.890265688909 0 1
0.905891686681 0 1
0.921540904272 0 1
0.937209480471 0 1
0.95289354929 0 1
0.968589240922 0 1
0.984292682688 0 1
1 0 1
1.01570731731 0 1
1.03141075908 0 1
1.04710645071 0 1
1.06279051953 0 1
1.07845909573 0 1
1.09410831332 0 1
1.10973431109 0 1
1.12533323356 0 1
1.14090123194 0 1
1.15643446504 0 1
1.17192910028 0 1
1.18738131459 0 1
1.20278729536 0 1
1.2181432414 0 1
1.23344536386 0 1
1.24868988716 0 1
1.26387304997 0 1
1.27899110604 0 1
1.29404032523 0 1
1.30901699437 0 1
1.3239174182 0 1
1.33873792025 0 1
1.35347484378 0 1
1.36812455268 0 1
1.38268343237 0 1
1.39714789063 0 1
1.41151435861 0 1
1.42577929157 0 1
1.43993916986 0 1
1.45399049974 0 1
1.46792981426 0 1
1.4817536741 0 1
1.49545866843 0 1
1.50904141575 0 1
1.52249856472 0 1
1.53582679498 0 1
1.549022818 0 1
1.56208337785 0 1
1.57500525204 0 1
1.58778525229 0 1
1.60042022533 0 1
1.61290705365 0 1
1.62524265634 0 1
1.63742398975 0 1
1.64944804833 0 1
1.66131186532 0 1
1.67301251351 0 1
1.68454710593 0 1
1.69591279659 0 1
1.70710678119 0 1
1.71812629776 0 1
1.72896862742 0 1
1.73963109498 0 1
1.75011106963 0 1
1.7604059656 0 1
1.77051324278 0 1
1.78043040734 0 1
1.79015501238 0 1
1.79968465849 0 1
1.80901699437 0 1
1.81814971743 0 1
1.82708057427 0 1
1.83580736137 0 1
1.8443279255 0 1
1.85264016435 0 1
1.860742027 0 1
1.86863151444 0 1
1.87630668004 0 1
1.88376563009 0 1
1.89100652419 0 1
1.89802757576 0 1
1.90482705247 0 1
1.91140327664 0 1
1.91775462568 0 1
1.92387953251 0 1
1.92977648589 0 1
1.93544403083 0 1
1.94088076895 0 1
1.94608535883 0 1
1.9510565163 0 1
1.9557930148 0 1
1.96029368568 0 1
1.96455741846 0 1
1.96858316113 0 1
1.9723699204 0 1
1.97591676194 0 1
1.97922281062 0 1
1.98228725073 0 1
1.98510932615 0 1
1.9876883406 0 1
1.99002365772 0 1
1.99211470131 0 1
1.99396095546 0 1
1.9955619646 0 1
1.99691733373 0 1
1.99802672843 0 1
1.99888987496 0 1
1.99950656037 0 1
1.99987663248 0 1
2 0 2
0 3.85333283359e-05 4
0.000123367518339 3.85333283359e-05 0
0.000493439634268 3.85333283359e-05 0
0.00111012503803 3.85333283359e-05 0
0.00197327157173 3.85333283359e-05 0
0.00308266626687 3.85333283359e-05 0
0.00443803539692 3.85333283359e-05 0
0.00603904454482 3.85333283359e-05 0
0.00788529868552 3.85333283359e-05 0
0.00997634228344 3.85333283359e-05 0
0.0123116594049 3.85333283359e-05 0
0.0148906738452 3.85333283359e-05 0
0.0177127492713 3.85333283359e-05 0
0.0207771893782 3.85333283359e-05 0
0.0240832380613 3.85333283359e-05 0
0.0276300796023 3.85333283359e-05 0
0.0314168388714 3.85333283359e-05 0
0.0354425815422 3.85333283359e-05 0
0.0397063143231 3.85333283359e-05 0
0.0442069852017 3.85333283359e-05 0
0.0489434837048 3.85333283359e-05 0
0.0539146411725 3.85333283359e-05 0
0.0591192310458 3.85333283359e-05 0
0.0645559691701 3.85333283359e-05 0
0.0702235141117 3.85333283359e-05 0
0.0761204674887 3.85333283359e-05 0
0.082245374316 3.85333283359e-05 0
0.0885967233646 3.85333283359e-05 0
0.095172947534 3.85333283359e-05 0
0.101972424239 3.85333283359e-05 0
0.108993475812 3.85333283359e-05 0
0.116234369911 3.85333283359e-05 0
0.123693319956 3.85333283359e-05 0
0.131368485562 3.85333283359e-05 0
0.139257972996 3.85333283359e-05 0
0.147359835646 3.85333283359e-05 0
0.155672074498 3.85333283359e-05 0
0.164192638632 3.85333283359e-05 0
0.172919425725 3.85333283359e-05 0
0.181850282575 3.85333283359e-05 0
0.190983005625 3.85333283359e-05 0
0.200315341513 3.85333283359e-05 0
0.209844987624 3.85333283359e-05 0
0.219569592662 3.85333283359e-05 0
0.229486757224 3.85333283359e-05 0
0.2395940344 3.85333283359e-05 0
0.24988893037 3.85333283359e-05 0
0.260368905021 3.85333283359e-05 0
0.271031372579 3.85333283359e-05 0
0.281873702237 3.85333283359e-05 0
0.292893218813 3.85333283359e-05 0
0.304087203408 3.85333283359e-05 0
0.315452894071 3.85333283359e-05 0
0.32698748649 3.85333283359e-05 0
0.338688134676 3.85333283359e-05 0
0.35055195167 3.85333283359e-05 0
0.362576010251 3.85333283359e-05 0
0.374757343664 3.85333283359e-05 0
0.387092946347 3.85333283359e-05 0
0.399579774674 3.85333283359e-05 0
0.412214747708 3.85333283359e-05 0
0.424994747957 3.85333283359e-05 0
0.437916622148 3.85333283359e-05 0
0.450977182002 3.85333283359e-05 0
0.464173205021 3.85333283359e-05 0
0.477501435284 3.85333283359e-05 0
0.49095858425 3.85333283359e-05 0
0.504541331568 3.85333283359e-05 0
0.518246325898 3.85333283359e-05 0
0.532070185739 3.85333283359e-05 0
0.54600950026 3.85333283359e-05 0
0.560060830144 3.85333283359e-05 0
0.574220708435 3.85333283359e-05 0
0.588485641395 3.85333283359e-05 0
0.602852109365 3.85333283359e-05 0
0.617316567635 3.85333283359e-05 0
0.631875447315 3.85333283359e-05 0
0.646525156221 3.85333283359e-05 0
0.661262079755 3.85333283359e-05 0
0.676082581802 3.85333283359e-05 0
0.690983005625 3.85333283359e-05 0
0.705959674768 3.85333283359e-05 0
0.721008893961 3.85333283359e-05 0
0.736126950035 3.85333283359e-05 0
0.751310112835 3.85333283359e-05 0
0.766554636144 3.85333283359e-05 0
0.781856758603 3.85333283359e-05 0
0.797212704643 3.85333283359e-05 0
0.812618685414 3.85333283359e-05 0
0.828070899721 3.85333283359e-05 0
0.84356553496 3.85333283359e-05 0
0.859098768062 3.85333283359e-05 0
0.874666766436 3.85333283359e-05 0
0.890265688909 3.85333283359e-05 0
0.905891686681 3.85333283359e-05 0
0.921540904272 3.85333283359e-05 0
0.937209480471 3.85333283359e-05 0
0.95289354929 3.85333283359e-05 0
0.968589240922 3.85333283359e-05 0
0.984292682688 3.85333283359e-05 0
1 3.85333283359e-05 0
1.01570731731 3.85333283359e-05 0
1.03141075908 3.85333283359e-05 0
1.04710645071 3.85333283359e-05 0
1.06279051953 3.85333283359e-05 0
1.07845909573 3.85333283359e-05 0
1.09410831332 3.85333283359e-05 0
1.10973431109 3.85333283359e-05 0
1.12533323356 3.85333283359e-05 0
1.14090123194 3.85333283359e-05 0
1.15643446504 3.85333283359e-05 0
1.17192910028 3.85333283359e-05 0
1.18738131459 3.85333283359e-05 0
1.20278729536 3.85333283359e-05 0
1.2181432414 3.85333283359e-05 0
1.23344536386 3.85333283359e-05 0
1.24868988716 3.85333283359e-05 0
1.26387304997 3.85333283359e-05 0
1.27899110604 3.85333283359e-05 0
1.29404032523 3.85333283359e-05 0
1.30901699437 3.85333283359e-05 0
1.3239174182 3.85333283359e-05 0
1.33873792025 3.85333283359e-05 0
1.35347484378 3.85333283359e-05 0
1.36812455268 3.85333283359e-05 0
1.38268343237 3.85333283359e-05 0
1.39714789063 3.85333283359e-05 0
1.41151435861 3.85333283359e-05 0
1.42577929157 3.85333283359e-05 0
1.43993916986 3.85333283359e-05 0
1.45399049974 3.85333283359e-05 0
1.46792981426 3.85333283359e-05 0
1.4817536741 3.85333283359e-05 0
1.49545866843 3.85333283359e-05 0
1.50904141575 3.85333283359e-05 0
1.52249856472 3.85333283359e-05 0
1.53582679498 3.85333283359e-05 0
1.549022818 3.85333283359e-05 0
1.56208337785 3.85333283359e-05 0
1.57500525204 3.85333283359e-05 0
1.58778525229 3.85333283359e-05 0
1.60042022533 3.85333283359e-05 0
1.61290705365 3.85333283359e-05 0
1.62524265634 3.85333283359e-05 0
1.63742398975 3.85333283359e-05 0
1.64944804833 3.85333283359e-05 0
1.66131186532 3.85333283359e-05 0
1.67301251351 3.85333283359e-05 0
1.68454710593 3.85333283359e-05 0
1.69591279659 3.85333283359e-05 0
1.70710678119 3.85333283359e-05 0
1.71812629776 3.85333283359e-05 0
1.72896862742 3.85333283359e-05 0
1.73963109498 3.85333283359e-05 0
1.75011106963 3.85333283359e-05 0
1.7604059656 3.85333283359e-05 0
1.77051324278 3.85333283359e-05 0
1.78043040734 3.85333283359e-05 0
1.79015501238 3.85333283359e-05 0
1.79968465849 3.85333283359e-05 0
1.80901699437 3.85333283359e-05 0
1.81814971743 3.85333283359e-05 0
1.82708057427 3.85333283359e-05 0
1.83580736137 3.85333283359e-05 0
1.8443279255 3.85333283359e-05 0
1.85264016435 3.85333283359e-05 0
1.860742027 3.85333283359e-05 0
1.86863151444 3.85333283359e-05 0
1.87630668004 3.85333283359e-05 0
1.88376563009 3.85333283359e-05 0
1.89100652419 3.85333283359e-05 0
1.89802757576 3.85333283359e-05 0
1.90482705247 3.85333283359e-05 0
1.91140327664 3.85333283359e-05 0
1.91775462568 3.85333283359e-05 0
1.92387953251 3.85333283359e-05 0
1.92977648589 3.85333283359e-05 0
1.93544403083 3.85333283359e-05 0
1.94088076895 3.85333283359e-05 0
1.94608535883 3.85333283359e-05 0
1.9510565163 3.85333283359e-05 0
1.9557930148 3.85333283359e-05 0
1.96029368568 3.85333283359e-05 0
1.96455741846 3.85333283359e-05 0
1.96858316113 3.85333283359e-05 0
1.9723699204 3.85333283359e-05 0
1.97591676194 3.85333283359e-05 0
1.97922281062 3.85333283359e-05 0
1.98228725073 3.85333283359e-05 0
1.98510932615 3.85333283359e-05 0
1.9876883406 3.85333283359e-05 0
1.99002365772 3.85333283359e-05 0
1.99211470131 3.85333283359e-05 0
1.99396095546 3.85333283359e-05 0
1.9955619646 3.85333283359e-05 0
1.99691733373 3.85333283359e-05 0
1.99802672843 3.85333283359e-05 0
1.99888987496 3.85333283359e-05 0
1.99950656037 3.85333283359e-05 0
1.99987663248 3.85333283359e-05 0
2 3.85333283359e-05 2
0 0.000153895742561 4
0.000123367518339 0.000153895742561 0
0.000493439634268 0.000153895742561 0
0.00111012503803 0.000153895742561 0
0.00197327157173 0.000153895742561 0
0.00308266626687 0.000153895742561 0
0.00443803539692 0.000153895742561 0
0.00603904454482 0.000153895742561 0
0.00788529868552 0.000153895742561 0
0.00997634228344 0.000153895742561 0
0.0123116594049 0.000153895742561 0
0.0148906738452 0.000153895742561 0
0.0177127492713 0.000153895742561 0
0.0207771893782 0.000153895742561 0
0.0240832380613 0.000153895742561 0
0.0276300796023 0.000153895742561 0
0.0314168388714 0.000153895742561 0
0.0354425815422 0.000153895742561 0
0.0397063143231 0.000153895742561 0
0.0442069852017 0.000153895742561 0
0.0489434837048 0.000153895742561 0
0.0539146411725 0.000153895742561 0
0.0591192310458 0.000153895742561 0
0.0645559691701 0.000153895742561 0
0.0702235141117 0.000153895742561 0
0.0761204674887 0.000153895742561 0
0.082245374316 0.000153895742561 0
0.0885967233646 0.000153895742561 0
0.095172947534 0.000153895742561 0
0.101972424239 0.000153895742561 0
0.108993475812 0.000153895742561 0
0.116234369911 0.000153895742561 0
0.123693319956 0.000153895742561 0
0.131368485562 0.000153895742561 0
0.139257972996 0.000153895742561 0
0.147359835646 0.000153895742561 0
0.155672074498 0.000153895742561 0
0.164192638632 0.000153895742561 0
0.172919425725 0.000153895742561 0
0.181850282575 0.000153895742561 0
0.190983005625 0.000153895742561 0
0.200315341513 0.000153895742561 0
0.209844987624 0.000153895742561 0
0.219569592662 0.000153895742561 0
0.229486757224 0.000153895742561 0
0.2395940344 0.000153895742561 0
0.24988893037 0.000153895742561 0
0.260368905021 0.000153895742561 0
0.271031372579 0.000153895742561 0
0.281873702237 0.000153895742561 0
0.292893218813 0.000153895742561 0
0.304087203408 0.000153895742561 0
0.315452894071 0.000153895742561 0
0.32698748649 0.000153895742561 0
0.338688134676 0.000153895742561 0
0.35055195167 0.000153895742561 0
0.362576010251 0.000153895742561 0
0.374757343664 0.000153895742561 0
0.387092946347 0.000153895742561 0
0.399579774674 0.000153895742561 0
0.412214747708 0.000153895742561 0
0.424994747957 0.000153895742561 0
0.437916622148 0.000153895742561 0
0.450977182002 0.000153895742561 0
0.464173205021 0.000153895742561 0
0.477501435284 0.000153895742561 0
0.49095858425 0.000153895742561 0
0.504541331568 0.000153895742561 0
0.518246325898 0.000153895742561 0
0.532070185739 0.000153895742561 0
0.54600950026 0.000153895742561 0
0.560060830144 0.000153895742561 0
0.574220708435 0.000153895742561 0
0.588485641395 0.000153895742561 0
0.602852109365 0.000153895742561 0
0.617316567635 0.000153895742561 0
0.631875447315 0.000153895742561 0
0.646525156221 0.000153895742561 0
0.661262079755 0.000153895742561 0
0.676082581802 0.000153895742561 0
0.690983005625 0.000153895742561 0
0.705959674768 0.000153895742561 0
0.721008893961 0.000153895742561 0
0.736126950035 0.000153895742561 0
0.751310112835 0.000153895742561 0
0.766554636144 0.000153895742561 0
0.781856758603 0.000153895742561 0
0.797212704643 0.000153895742561 0
0.812618685414 0.000153895742561 0
0.828070899721 0.000153895742561 0
0.84356553496 0.000153895742561 0
0.859098768062 0.000153895742561 0
0.874666766436 0.000153895742561 0
0.890265688909 0.000153895742561 0
0.905891686681 0.000153895742561 0
0.921540904272 0.000153895742561 0
0.937209480471 0.000153895742561 0
0.95289354929 0.000153895742561 0
0.968589240922 0.000153895742561 0
0.984292682688 0.000153895742561 0
1 0.000153895742561 0
1.01570731731 0.000153895742561 0
1.03141075908 0.000153895742561 0
1.04710645071 0.000153895742561 0
1.06279051953 0.000153895742561 0
1.07845909573 0.000153895742561 0
1.09410831332 0.000153895742561 0
1.10973431109 0.000153895742561 0
1.12533323356 0.000153895742561 0
1.14090123194 0.000153895742561 0
1.15643446504 0.000153895742561 0
1.17192910028 0.000153895742561 0
1.18738131459 0.000153895742561 0
1.20278729536 0.000153895742561 0
1.2181432414 0.000153895742561 0
1.23344536386 0.000153895742561 0
1.24868988716 0.000153895742561 0
1.26387304997 0.000153895742561 0
1.27899110604 0.000153895742561 0
1.29404032523 0.000153895742561 0
1.30901699437 0.000153895742561 0
1.3239174182 0.000153895742561 0
1.33873792025 0.000153895742561 0
1.35347484378 0.000153895742561 0
1.36812455268 0.000153895742561 0
1.38268343237 0.000153895742561 0
1.39714789063 0.000153895742561 0
1.41151435861 0.000153895742561 0
1.42577929157 0.000153895742561 0
1.43993916986 0.000153895742561 0
1.45399049974 0.000153895742561 0
1.46792981426 0.000153895742561 0
1.4817536741 0.000153895742561 0
1.49545866843 0.000153895742561 0
1.50904141575 0.000153895742561 0
1.52249856472 0.000153895742561 0
1.53582679498 0.000153895742561 0
1.549022818 0.000153895742561 0
1.56208337785 0.000153895742561 0
1.57500525204 0.000153895742561 0
1.58778525229 0.000153895742561 0
1.60042022533 0.000153895742561 0
1.61290705365 0.000153895742561 0
1.62524265634 0.000153895742561 0
1.63742398975 0.000153895742561 0
1.64944804833 0.000153895742561 0
1.66131186532 0.000153895742561 0
1.67301251351 0.000153895742561 0
1.68454710593 0.000153895742561 0
1.69591279659 0.000153895742561 0
1.70710678119 0.000153895742561 0
1.71812629776 0.000153895742561 0
1.72896862742 0.000153895742561 0
1.73963109498 0.000153895742561 0
1.75011106963 0.000153895742561 0
1.7604059656 0.000153895742561 0
1.77051324278 0.000153895742561 0
1.78043040734 0.000153895742561 0
1.79015501238 0.000153895742561 0
1.79968465849 0.000153895742561 0
1.80901699437 0.000153895742561 0
1.81814971743 0.000153895742561 0
1.82708057427 0.000153895742561 0
1.83580736137 0.000153895742561 0
1.8443279255 0.000153895742561 0
1.85264016435 0.000153895742561 0
1.860742027 0.000153895742561 0
1.86863151444 0.000153895742561 0
1.87630668004 0.000153895742561 0
1.88376563009 0.000153895742561 0
1.89100652419 0.000153895742561 0
1.89802757576 0.000153895742561 0
1.90482705247 0.000153895742561 0
1.91140327664 0.000153895742561 0
1.91775462568 0.000153895742561 0
1.92387953251 0.000153895742561 0
1.92977648589 0.000153895742561 0
1.93544403083 0.000153895742561 0
1.94088076895 0.000153895742561 0
1.94608535883 0.000153895742561 0
1.9510565163 0.000153895742561 0
1.9557930148 0.000153895742561 0
1.96029368568 0.000153895742561 0
1.96455741846 0.000153895742561 0
1.96858316113 0.000153895742561 0
1.9723699204 0.000153895742561 0
1.97591676194 0.000153895742561 0
1.97922281062 0.000153895742561 0
1.98228725073 0.000153895742561 0
1.98510932615 0.000153895742561 0
1.9876883406 0.000153895742561 0
1.99002365772 0.000153895742561 0
1.99211470131 0.000153895742561 0
1.99396095546 0.000153895742561 0
1.9955619646 0.000153895742561 0
1.99691733373 0.000153895742561 0
1.99802672843 0.000153895742561 0
1.99888987496 0.000153895742561 0
1.99950656037 0.000153895742561 0
1.99987663248 0.000153895742561 0
2 0.000153895742561 2
0 0.000345375995029 4
0.000123367518339 0.000345375995029 0
0.000493439634268 0.000345375995029 0
0.00111012503803 0.000345375995029 0
0.00197327157173 0.000345375995029 0
0.00308266626687 0.000345375995029 0
0.00443803539692 0.000345375995029 0
0.00603904454482 0.000345375995029 0
0.00788529868552 0.000345375995029 0
0.00997634228344 0.000345375995029 0
0.0123116594049 0.000345375995029 0
0.0148906738452 0.000345375995029 0
0.0177127492713 0.000345375995029 0
0.0207771893782 0.000345375995029 0
0.0240832380613 0.000345375995029 0
0.0276300796023 0.000345375995029 0
0.0314168388714 0.000345375995029 0
0.0354425815422 0.000345375995029 0
0.0397063143231 0.000345375995029 0
0.0442069852017 0.000345375995029 0
0.0489434837048 0.000345375995029 0
0.0539146411725 0.000345375995029 0
0.0591192310458 0.000345375995029 0
0.0645559691701 0.000345375995029 0
0.0702235141117 0.000345375995029 0
0.0761204674887 0.000345375995029 0
0.082245374316 0.000345375995029 0
0.0885967233646 0.000345375995029 0
0.095172947534 0.000345375995029 0
0.101972424239 0.000345375995029 0
0.108993475812 0.000345375995029 0
0.116234369911 0.000345375995029 0
0.123693319956 0.000345375995029 0
0.131368485562 0.000345375995029 0
0.139257972996 0.000345375995029 0
0.147359835646 0.000345375995029 0
0.155672074498 0.000345375995029 0
0.164192638632 0.000345375995029 0
0.172919425725 0.000345375995029 0
0.181850282575 0.000345375995029 0
0.190983005625 0.000345375995029 0
0.200315341513 0.000345375995029 0
0.209844987624 0.000345375995029 0
0.219569592662 0.000345375995029 0
0.229486757224 0.000345375995029 0
0.2395940344 0.000345375995029 0
0.24988893037 0.000345375995029 0
0.260368905021 0.000345375995029 0
0.271031372579 0.000345375995029 0
0.281873702237 0.000345375995029 0
0.292893218813 0.000345375995029 0
0.304087203408 0.000345375995029 0
0.315452894071 0.000345375995029 0
0.32698748649 0.000345375995029 0
0.338688134676 0.000345375995029 0
0.35055195167 0.000345375995029 0
0.362576010251 0.000345375995029 0
0.374757343664 0.000345375995029 0
0.387092946347 0.000345375995029 0
0.399579774674 0.000345375995029 0
0.412214747708 0.000345375995029 0
0.424994747957 0.000345375995029 0
0.437916622148 0.000345375995029 0
0.450977182002 0.000345375995029 0
0.464173205021 0.000345375995029 0
0.477501435284 0.000345375995029 0
0.49095858425 0.000345375995029 0
0.504541331568 0.000345375995029 0
0.518246325898 0.000345375995029 0
0.532070185739 0.000345375995029 0
0.54600950026 0.000345375995029 0
0.560060830144 0.000345375995029 0
0.574220708435 0.000345375995029 0
0.588485641395 0.000345375995029 0
0.602852109365 0.000345375995029 0
0.617316567635 0.000345375995029 0
0.631875447315 0.000345375995029 0
0.646525156221 0.000345375995029 0
0.661262079755 0.000345375995029 0
0.676082581802 0.000345375995029 0
0.690983005625 0.000345375995029 0
0.705959674768 0.000345375995029 0
0.721008893961 0.000345375995029 0
0.736126950035 0.000345375995029 0
0.751310112835 0.000345375995029 0
0.766554636144 0.000345375995029 0
0.781856758603 0.000345375995029 0
0.797212704643 0.000345375995029 0
0.812618685414 0.000345375995029 0
0.828070899721 0.000345375995029 0
0.84356553496 0.000345375995029 0
0.859098768062 0.000345375995029 0
0.874666766436 0.000345375995029 0
0.890265688909 0.000345375995029 0
0.905891686681 0.000345375995029 0
0.921540904272 0.000345375995029 0
0.937209480471 0.000345375995029 0
0.95289354929 0.000345375995029 0
0.968589240922 0.000345375995029 0
0.984292682688 0.000345375995029 0
1 0.000345375995029 0
1.01570731731 0.000345375995029 0
1.03141075908 0.000345375995029 0
1.04710645071 0.000345375995029 0
1.06279051953 0.000345375995029 0
1.07845909573 0.000345375995029 0
1.09410831332 0.000345375995029 0
1.10973431109 0.000345375995029 0
1.12533323356 0.000345375995029 0
1.14090123194 0.000345375995029 0
1.15643446504 0.000345375995029 0
1.17192910028 0.000345375995029 0
1.18738131459 0.000345375995029 0
1.20278729536 0.000345375995029 0
1.2181432414 0.000345375995029 0
1.23344536386 0.000345375995029 0
1.24868988716 0.000345375995029 0
1.26387304997 0.000345375995029 0
1.27899110604 0.000345375995029 0
1.29404032523 0.000345375995029 0
1.30901699437 0.000345375995029 0
1.3239174182 0.000345375995029 0
1.33873792025 0.000345375995029 0
1.35347484378 0.000345375995029 0
1.36812455268 0.000345375995029 0
1.38268343237 0.000345375995029 0
1.39714789063 0.000345375995029 0
1.41151435861 0.000345375995029 0
1.42577929157 0.000345375995029 0
1.43993916986 0.000345375995029 0
1.45399049974 0.000345375995029 0
1.46792981426 0.000345375995029 0
1.4817536741 0.000345375995029 0
1.49545866843 0.000345375995029 0
1.50904141575 0.000345375995029 0
1.52249856472 0.000345375995029 0
1.53582679498 0.000345375995029 0
1.549022818 0.000345375995029 0
1.56208337785 0.000345375995029 0
1.57500525204 0.000345375995029 0
1.58778525229 0.000345375995029 0
1.60042022533 0.000345375995029 0
1.61290705365 0.000345375995029 0
1.62524265634 0.000345375995029 0
1.63742398975 0.000345375995029 0
1.64944804833 0.000345375995029 0
1.66131186532 0.000345375995029 0
1.67301251351 0.000345375995029 0
1.68454710593 0.000345375995029 0
1.69591279659 0.000345375995029 0
1.70710678119 0.000345375995029 0
1.71812629776 0.000345375995029 0
1.72896862742 0.000345375995029 0
1.73963109498 0.000345375995029 0
1.75011106963 0.000345375995029 0
1.7604059656 0.000345375995029 0
1.77051324278 0.000345375995029 0
1.78043040734 0.000345375995029 0
1.79015501238 0.000345375995029 0
1.79968465849 0.000345375995029 0
1.80901699437 0.000345375995029 0
1.81814971743 0.000345375995029 0
1.82708057427 0.000345375995029 0
1.83580736137 0.000345375995029 0
1.8443279255 0.000345375995029 0
1.85264016435 0.000345375995029 0
1.860742027 0.000345375995029 0
1.86863151444 0.000345375995029 0
1.87630668004 0.000345375995029 0
1.88376563009 0.000345375995029 0
1.89100652419 0.000345375995029 0
1.89802757576 0.000345375995029 0
1.90482705247 0.000345375995029 0
1.91140327664 0.000345375995029 0
1.91775462568 0.000345375995029 0
1.92387953251 0.000345375995029 0
1.92977648589 0.000345375995029 0
1.93544403083 0.000345375995029 0
1.94088076895 0.000345375995029 0
1.94608535883 0.000345375995029 0
1.9510565163 0.000345375995029 0
1.9557930148 0.000345375995029 0
1.96029368568 0.000345375995029 0
1.96455741846 0.000345375995029 0
1.96858316113 0.000345375995029 0
1.9723699204 0.000345375995029 0
1.97591676194 0.000345375995029 0
1.97922281062 0.000345375995029 0
1.98228725073 0.000345375995029 0
1.98510932615 0.000345375995029 0
1.9876883406 0.000345375995029 0
1.99002365772 0.000345375995029 0
1.99211470131 0.000345375995029 0
1.99396095546 0.000345375995029 0
1.9955619646 0.000345375995029 0
1.99691733373 0.000345375995029 0
1.99802672843 0.000345375995029 0
1.99888987496 0.000345375995029 0
1.99950656037 0.000345375995029 0
1.99987663248 0.000345375995029 0
2 0.000345375995029 2
0 0.000611793546311 4
0.000123367518339 0.000611793546311 0
0.000493439634268 0.000611793546311 0
0.00111012503803 0.000611793546311 0
0.00197327157173 0.000611793546311 0
0.00308266626687 0.000611793546311 0
0.00443803539692 0.000611793546311 0
0.00603904454482 0.000611793546311 0
0.00788529868552 0.000611793546311 0
0.00997634228344 0.000611793546311 0
0.0123116594049 0.000611793546311 0
0.0148906738452 0.000611793546311 0
0.0177127492713 0.000611793546311 0
0.0207771893782 0.000611793546311 0
0.0240832380613 0.000611793546311 0
0.0276300796023 0.000611793546311 0
0.0314168388714 0.000611793546311 0
0.0354425815422 0.000611793546311 0
0.0397063143231 0.000611793546311 0
0.0442069852017 0.000611793546311 0
0.0489434837048 0.000611793546311 0
0.0539146411725 0.000611793546311 0
0.0591192310458 0.000611793546311 0
0.0645559691701 0.000611793546311 0
0.0702235141117 0.000611793546311 0
0.0761204674887 0.000611793546311 0
0.082245374316 0.000611793546311 0
0.0885967233646 0.000611793546311 0
0.095172947534 0.000611793546311 0
0.101972424239 0.000611793546311 0
0.108993475812 0.000611793546311 0
0.116234369911 0.000611793546311 0
0.123693319956 0.000611793546311 0
0.131368485562 0.000611793546311 0
0.139257972996 0.000611793546311 0
0.147359835646 0.000611793546311 0
0.155672074498 0.000611793546311 0
0.164192638632 0.000611793546311 0
0.172919425725 0.000611793546311 0
0.181850282575 0.000611793546311 0
0.190983005625 0.000611793546311 0
0.200315341513 0.000611793546311 0
0.209844987624 0.000611793546311 0
0.219569592662 0.000611793546311 0
0.229486757224 0.000611793546311 0
0.2395940344 0.000611793546311 0
0.24988893037 0.000611793546311 0
0.260368905021 0.000611793546311 0
0.271031372579 0.000611793546311 0
0.281873702237 0.000611793546311 0
0.292893218813 0.000611793546311 0
0.304087203408 0.000611793546311 0
0.315452894071 0.000611793546311 0
0.32698748649 0.000611793546311 0
0.338688134676 0.000611793546311 0
0.35055195167 0.000611793546311 0
0.362576010251 0.000611793546311 0
0.374757343664 0.000611793546311 0
0.387092946347 0.000611793546311 0
0.399579774674 0.000611793546311 0
0.412214747708 0.000611793546311 0
0.424994747957 0.000611793546311 0
0.437916622148 0.000611793546311 0
0.450977182002 0.000611793546311 0
0.464173205021 0.000611793546311 0
0.477501435284 0.000611793546311 0
0.49095858425 0.000611793546311 0
0.504541331568 0.000611793546311 0
0.518246325898 0.000611793546311 0
0.532070185739 0.000611793546311 0
0.54600950026 0.000611793546311 0
0.560060830144 0.000611793546311 0
0.574220708435 0.000611793546311 0
0.588485641395 0.000611793546311 0
0.602852109365 0.000611793546311 0
0.617316567635 0.000611793546311 0
0.631875447315 0.000611793546311 0
0.646525156221 0.000611793546311 0
0.661262079755 0.000611793546311 0
0.676082581802 0.000611793546311 0
0.690983005625 0.000611793546311 0
0.705959674768 0.000611793546311 0
0.721008893961 0.000611793546311 0
0.736126950035 0.000611793546311 0
0.751310112835 0.000611793546311 0
0.766554636144 0.000611793546311 0
0.781856758603 0.000611793546311 0
0.797212704643 0.000611793546311 0
0.812618685414 0.000611793546311 0
0.828070899721 0.000611793546311 0
0.84356553496 0.000611793546311 0
0.859098768062 0.000611793546311 0
0.874666766436 0.000611793546311 0
0.890265688909 0.000611793546311 0
0.905891686681 0.000611793546311 0
0.921540904272 0.000611793546311 0
0.937209480471 0.000611793546311 0
0.95289354929 0.000611793546311 0
0.968589240922 0.000611793546311 0
0.984292682688 0.000611793546311 0
1 0.000611793546311 0
1.01570731731 0.000611793546311 0
1.03141075908 0.000611793546311 0
1.04710645071 0.000611793546311 0
1.06279051953 0.000611793546311 0
1.07845909573 0.000611793546311 0
1.09410831332 0.000611793546311 0
1.10973431109 0.000611793546311 0
1.12533323356 0.000611793546311 0
1.14090123194 0.000611793546311 0
1.15643446504 0.000611793546311 0
1.17192910028 0.000611793546311 0
1.18738131459 0.000611793546311 0
1.20278729536 0.000611793546311 0
1.2181432414 0.000611793546311 0
1.23344536386 0.000611793546311 0
1.24868988716 0.000611793546311 0
1.26387304997 0.000611793546311 0
1.27899110604 0.000611793546311 0
1.29404032523 0.000611793546311 0
1.30901699437 0.000611793546311 0
1.3239174182 0.000611793546311 0
1.33873792025 0.000611793546311 0
1.35347484378 0.000611793546311 0
1.36812455268 0.000611793546311 0
1.38268343237 0.000611793546311 0
1.39714789063 0.000611793546311 0
1.41151435861 0.000611793546311 0
1.42577929157 0.000611793546311 0
1.43993916986 0.000611793546311 0
1.45399049974 0.000611793546311 0
1.46792981426 0.000611793546311 0
1.4817536741 0.000611793546311 0
1.49545866843 0.000611793546311 0
1.50904141575 0.000611793546311 0
1.52249856472 0.000611793546311 0
1.53582679498 0.000611793546311 0
1.549022818 0.000611793546311 0
1.56208337785 0.000611793546311 0
1.57500525204 0.000611793546311 0
1.58778525229 0.000611793546311 0
1.60042022533 0.000611793546311 0
1.61290705365 0.000611793546311 0
1.62524265634 0.000611793546311 0
1.63742398975 0.000611793546311 0
1.64944804833 0.000611793546311 0
1.66131186532 0.000611793546311 0
1.67301251351 0.000611793546311 0
1.68454710593 0.000611793546311 0
1.69591279659 0.000611793546311 0
1.70710678119 0.000611793546311 0
1.71812629776 0.000611793546311 0
1.72896862742 0.000611793546311 0
1.73963109498 0.000611793546311 0
1.75011106963 0.000611793546311 0
1.7604059656 0.000611793546311 0
1.77051324278 0.000611793546311 0
1.78043040734 0.000611793546311 0
1.79015501238 0.000611793546311 0
1.79968465849 0.000611793546311 0
1.80901699437 0.000611793546311 0
1.81814971743 0.000611793546311 0
1.82708057427 0.000611793546311 0
1.83580736137 0.000611793546311 0
1.8443279255 0.000611793546311 0
1.85264016435 0.000611793546311 0
1.860742027 0.000611793546311 0
1.86863151444 0.000611793546311 0
1.87630668004 0.000611793546311 0
1.88376563009 0.000611793546311 0
1.89100652419 0.000611793546311 0
1.89802757576 0.000611793546311 0
1.90482705247 0.000611793546311 0
1.91140327664 0.000611793546311 0
1.91775462568 0.000611793546311 0
1.92387953251 0.000611793546311 0
1.92977648589 0.000611793546311 0
1.93544403083 0.000611793546311 0
1.94088076895 0.000611793546311 0
1.94608535883 0.000611793546311 0
1.9510565163 0.000611793546311 0
1.9557930148 0.000611793546311 0
1.96029368568 0.000611793546311 0
1.96455741846 0.000611793546311 0
1.96858316113 0.000611793546311 0
1.9723699204 0.000611793546311 0
1.97591676194 0.000611793546311 0
1.97922281062 0.000611793546311 0
1.98228725073 0.000611793546311 0
1.98510932615 0.000611793546311 0
1.9876883406 0.000611793546311 0
1.99002365772 0.000611793546311 0
1.99211470131 0.000611793546311 0
1.99396095546 0.000611793546311 0
1.9955619646 0.000611793546311 0
1.99691733373 0.000611793546311 0
1.99802672843 0.000611793546311 0
1.99888987496 0.000611793546311 0
1.99950656037 0.000611793546311 0
1.99987663248 0.000611793546311 0
2 0.000611793546311 2
0 0.000951505843609 4
0.000123367518339 0.000951505843609 0
0.000493439634268 0.000951505843609 0
0.00111012503803 0.000951505843609 0
0.00197327157173 0.000951505843609 0
0.00308266626687 0.000951505843609 0
0.00443803539692 0.000951505843609 0
0.00603904454482 0.000951505843609 0
0.00788529868552 0.000951505843609 0
0.00997634228344 0.000951505843609 0
0.0123116594049 0.000951505843609 0
0.0148906738452 0.000951505843609 0
0.0177127492713 0.000951505843609 0
0.0207771893782 0.000951505843609 0
0.0240832380613 0.000951505843609 0
0.0276300796023 0.000951505843609 0
0.0314168388714 0.000951505843609 0
0.0354425815422 0.000951505843609 0
0.0397063143231 0.000951505843609 0
0.0442069852017 0.000951505843609 0
0.0489434837048 0.000951505843609 0
0.0539146411725 0.000951505843609 0
0.0591192310458 0.000951505843609 0
0.0645559691701 0.000951505843609 0
0.0702235141117 0.000951505843609 0
0.0761204674887 0.000951505843609 0
0.082245374316 0.000951505843609 0
0.0885967233646 0.000951505843609 0
0.095172947534 0.000951505843609 0
0.101972424239 0.000951505843609 0
0.108993475812 0.000951505843609 0
0.116234369911 0.000951505843609 0
0.123693319956 0.000951505843609 0
0.131368485562 0.000951505843609 0
0.139257972996 0.000951505843609 0
0.147359835646 0.000951505843609 0
0.155672074498 0.000951505843609 0
0.164192638632 0.000951505843609 0
0.172919425725 0.000951505843609 0
0.181850282575 0.000951505843609 0
0.190983005625 0.000951505843609 0
0.200315341513 0.000951505843609 0
0.209844987624 0.000951505843609 0
0.219569592662 0.000951505843609 0
0.229486757224 0.000951505843609 0
0.2395940344 0.000951505843609 0
0.24988893037 0.000951505843609 0
0.260368905021 0.000951505843609 0
0.271031372579 0.000951505843609 0
0.281873702237 0.000951505843609 0
0.292893218813 0.000951505843609 0
0.304087203408 0.000951505843609 0
0.315452894071 0.000951505843609 0
0.32698748649 0.000951505843609 0
0.338688134676 0.000951505843609 0
0.35055195167 0.000951505843609 0
0.362576010251 0.000951505843609 0
0.374757343664 0.000951505843609 0
0.387092946347 0.000951505843609 0
0.399579774674 0.000951505843609 0
0.412214747708 0.000951505843609 0
0.424994747957 0.000951505843609 0
0.437916622148 0.000951505843609 0
0.450977182002 0.000951505843609 0
0.464173205021 0.000951505843609 0
0.477501435284 0.000951505843609 0
0.49095858425 0.000951505843609 0
0.504541331568 0.000951505843609 0
0.518246325898 0.000951505843609 0
0.532070185739 0.000951505843609 0
0.54600950026 0.000951505843609 0
0.560060830144 0.000951505843609 0
0.574220708435 0.000951505843609 0
0.588485641395 0.000951505843609 0
0.602852109365 0.000951505843609 0
0.617316567635 0.000951505843609 0
0.631875447315 0.000951505843609 0
0.646525156221 0.000951505843609 0
0.661262079755 0.000951505843609 0
0.676082581802 0.000951505843609 0
0.690983005625 0.000951505843609 0
0.705959674768 0.000951505843609 0
0.721008893961 0.000951505843609 0
0.736126950035 0.000951505843609 0
0.751310112835 0.000951505843609 0
0.766554636144 0.000951505843609 0
0.781856758603 0.000951505843609 0
0.797212704643 0.000951505843609 0
0.812618685414 0.000951505843609 0
0.828070899721 0.000951505843609 0
0.84356553496 0.000951505843609 0
0.859098768062 0.000951505843609 0
0.874666766436 0.000951505843609 0
0.890265688909 0.000951505843609 0
0.905891686681 0.000951505843609 0
0.921540904272 0.000951505843609 0
0.937209480471 0.000951505843609 0
0.95289354929 0.000951505843609 0
0.968589240922 0.000951505843609 0
0.984292682688 0.000951505843609 0
1 0.000951505843609 0
1.01570731731 0.000951505843609 0
1.03141075908 0.000951505843609 0
1.04710645071 0.000951505843609 0
1.06279051953 0.000951505843609 0
1.07845909573 0.000951505843609 0
1.09410831332 0.000951505843609 0
1.10973431109 0.000951505843609 0
1.12533323356 0.000951505843609 0
1.14090123194 0.000951505843609 0
1.15643446504 0.000951505843609 0
1.17192910028 0.000951505843609 0
1.18738131459 0.000951505843609 0
1.20278729536 0.000951505843609 0
1.2181432414 0.000951505843609 0
1.23344536386 0.000951505843609 0
1.24868988716 0.000951505843609 0
1.26387304997 0.000951505843609 0
1.27899110604 0.000951505843609 0
1.29404032523 0.000951505843609 0
1.30901699437 0.000951505843609 0
1.3239174182 0.000951505843609 0
1.33873792025 0.000951505843609 0
1.35347484378 0.000951505843609 0
1.36812455268 0.000951505843609 0
1.38268343237 0.000951505843609 0
1.39714789063 0.000951505843609 0
1.41151435861 0.000951505843609 0
1.42577929157 0.000951505843609 0
1.43993916986 0.000951505843609 0
1.45399049974 0.000951505843609 0
1.46792981426 0.000951505843609 0
1.4817536741 0.000951505843609 0
1.49545866843 0.000951505843609 0
1.50904141575 0.000951505843609 0
1.52249856472 0.000951505843609 0
1.53582679498 0.000951505843609 0
1.549022818 0.000951505843609 0
1.56208337785 0.000951505843609 0
1.57500525204 0.000951505843609 0
1.58778525229 0.000951505843609 0
1.60042022533 0.000951505843609 0
1.61290705365 0.000951505843609 0
1.62524265634 0.000951505843609 0
1.63742398975 0.000951505843609 0
1.64944804833 0.000951505843609 0
1.66131186532 0.000951505843609 0
1.67301251351 0.000951505843609 0
1.68454710593 0.000951505843609 0
1.69591279659 0.000951505843609 0
1.70710678119 0.000951505843609 0
1.71812629776 0.000951505843609 0
1.72896862742 0.000951505843609 0
1.73963109498 0.000951505843609 0
1.75011106963 0.000951505843609 0
1.7604059656 0.000951505843609 0
1.77051324278 0.000951505843609 0
1.78043040734 0.000951505843609 0
1.79015501238 0.000951505843609 0
1.79968465849 0.000951505843609 0
1.80901699437 0.000951505843609 0
1.81814971743 0.000951505843609 0
1.82708057427 0.000951505843609 0
1.83580736137 0.000951505843609 0
1.8443279255 0.000951505843609 0
1.85264016435 0.000951505843609 0
1.860742027 0.000951505843609 0
1.86863151444 0.000951505843609 0
1.87630668004 0.000951505843609 0
1.88376563009 0.000951505843609 0
1.89100652419 0.000951505843609 0
1.89802757576 0.000951505843609 0
1.90482705247 0.000951505843609 0
1.91140327664 0.000951505843609 0
1.91775462568 0.000951505843609 0
1.92387953251 0.000951505843609 0
1.92977648589 0.000951505843609 0
1.93544403083 0.000951505843609 0
1.94088076895 0.000951505843609 0
1.94608535883 0.000951505843609 0
1.9510565163 0.000951505843609 0
1.9557930148 0.000951505843609 0
1.96029368568 0.000951505843609 0
1.96455741846 0.000951505843609 0
1.96858316113 0.000951505843609 0
1.9723699204 0.000951505843609 0
1.97591676194 0.000951505843609 0
1.97922281062 0.000951505843609 0
1.98228725073 0.000951505843609 0
1.98510932615 0.000951505843609 0
1.9876883406 0.000951505843609 0
1.99002365772 0.000951505843609 0
1.99211470131 0.000951505843609 0
1.99396095546 0.000951505843609 0
1.9955619646 0.000951505843609 0
1.99691733373 0.000951505843609 0
1.99802672843 0.000951505843609 0
1.99888987496 0.000951505843609 0
1.99950656037 0.000951505843609 0
1.99987663248 0.000951505843609 0
2 0.000951505843609 2
0 0.00136241844765 4
0.000123367518339 0.00136241844765 0
0.000493439634268 0.00136241844765 0
0.00111012503803 0.00136241844765 0
0.00197327157173 0.00136241844765 0
0.00308266626687 0.00136241844765 0
0.00443803539692 0.00136241844765 0
0.00603904454482 0.00136241844765 0
0.00788529868552 0.00136241844765 0
0.00997634228344 0.00136241844765 0
0.0123116594049 0.00136241844765 0
0.0148906738452 0.00136241844765 0
0.0177127492713 0.00136241844765 0
0.0207771893782 0.00136241844765 0
0.0240832380613 0.00136241844765 0
0.0276300796023 0.00136241844765 0
0.0314168388714 0.00136241844765 0
0.0354425815422 0.00136241844765 0
0.0397063143231 0.00136241844765 0
0.0442069852017 0.00136241844765 0
0.0489434837048 0.00136241844765 0
0.0539146411725 0.00136241844765 0
0.0591192310458 0.00136241844765 0
0.0645559691701 0.00136241844765 0
0.0702235141117 0.00136241844765 0
0.0761204674887 0.00136241844765 0
0.082245374316 0.00136241844765 0
0.0885967233646 0.00136241844765 0
0.095172947534 0.00136241844765 0
0.101972424239 0.00136241844765 0
0.108993475812 0.00136241844765 0
0.116234369911 0.00136241844765 0
0.123693319956 0.00136241844765 0
0.131368485562 0.00136241844765 0
0.139257972996 0.00136241844765 0
0.147359835646 0.00136241844765 0
0.155672074498 0.00136241844765 0
0.164192638632 0.00136241844765 0
0.172919425725 0.00136241844765 0
0.181850282575 0.00136241844765 0
0.190983005625 0.00136241844765 0
0.200315341513 0.00136241844765 0
0.209844987624 0.00136241844765 0
0.219569592662 0.00136241844765 0
0.229486757224 0.00136241844765 0
0.2395940344 0.00136241844765 0
0.24988893037 0.00136241844765 0
0.260368905021 0.00136241844765 0
0.271031372579 0.00136241844765 0
0.281873702237 0.00136241844765 0
0.292893218813 0.00136241844765 0
0.304087203408 0.00136241844765 0
0.315452894071 0.00136241844765 0
0.32698748649 0.00136241844765 0
0.338688134676 0.00136241844765 0
0.35055195167 0.00136241844765 0
0.362576010251 0.00136241844765 0
0.374757343664 0.00136241844765 0
0.387092946347 0.00136241844765 0
0.399579774674 0.00136241844765 0
0.412214747708 0.00136241844765 0
0.424994747957 0.00136241844765 0
0.437916622148 0.00136241844765 0
0.450977182002 0.00136241844765 0
0.464173205021 0.00136241844765 0
0.477501435284 0.00136241844765 0
0.49095858425 0.00136241844765 0
0.504541331568 0.00136241844765 0
0.518246325898 0.00136241844765 0
0.532070185739 0.00136241844765 0
0.54600950026 0.00136241844765 0
0.560060830144 0.00136241844765 0
0.574220708435 0.00136241844765 0
0.588485641395 0.00136241844765 0
0.602852109365 0.00136241844765 0
0.617316567635 0.00136241844765 0
0.631875447315 0.00136241844765 0
0.646525156221 0.00136241844765 0
0.661262079755 0.00136241844765 0
0.676082581802 0.00136241844765 0
0.690983005625 0.00136241844765 0
0.705959674768 0.00136241844765 0
0.721008893961 0.00136241844765 0
0.736126950035 0.00136241844765 0
0.751310112835 0.00136241844765 0
0.766554636144 0.00136241844765 0
0.781856758603 0.00136241844765 0
0.797212704643 0.00136241844765 0
0.812618685414 0.00136241844765 0
0.828070899721 0.00136241844765 0
0.84356553496 0.00136241844765 0
0.859098768062 0.00136241844765 0
0.874666766436 0.00136241844765 0
0.890265688909 0.00136241844765 0
0.905891686681 0.00136241844765 0
0.921540904272 0.00136241844765 0
0.937209480471 0.00136241844765 0
0.95289354929 0.00136241844765 0
0.968589240922 0.00136241844765 0
0.984292682688 0.00136241844765 0
1 0.00136241844765 0
1.01570731731 0.00136241844765 0
1.03141075908 0.00136241844765 0
1.04710645071 0.00136241844765 0
1.06279051953 0.00136241844765 0
1.07845909573 0.00136241844765 0
1.09410831332 0.00136241844765 0
1.10973431109 0.00136241844765 0
1.12533323356 0.00136241844765 0
1.14090123194 0.00136241844765 0
1.15643446504 0.00136241844765 0
1.17192910028 0.00136241844765 0
1.18738131459 0.00136241844765 0
1.20278729536 0.00136241844765 0
1.2181432414 0.00136241844765 0
1.23344536386 0.00136241844765 0
1.24868988716 0.00136241844765 0
1.26387304997 0.00136241844765 0
1.27899110604 0.00136241844765 0
1.29404032523 0.00136241844765 0
1.30901699437 0.00136241844765 0
1.3239174182 0.00136241844765 0
1.33873792025 0.00136241844765 0
1.35347484378 0.00136241844765 0
1.36812455268 0.00136241844765 0
1.38268343237 0.00136241844765 0
1.39714789063 0.00136241844765 0
1.41151435861 0.00136241844765 0
1.42577929157 0.00136241844765 0
1.43993916986 0.00136241844765 0
1.45399049974 0.00136241844765 0
1.46792981426 0.00136241844765 0
1.4817536741 0.00136241844765 0
1.49545866843 0.00136241844765 0
1.50904141575 0.00136241844765 0
1.52249856472 0.00136241844765 0
1.53582679498 0.00136241844765 0
1.549022818 0.00136241844765 0
1.56208337785 0.00136241844765 0
1.57500525204 0.00136241844765 0
1.58778525229 0.00136241844765 0
1.60042022533 0.00136241844765 0
1.61290705365 0.00136241844765 0
1.62524265634 0.00136241844765 0
1.63742398975 0.00136241844765 0
1.64944804833 0.00136241844765 0
1.66131186532 0.00136241844765 0
1.67301251351 0.00136241844765 0
1.68454710593 0.00136241844765 0
1.69591279659 0.00136241844765 0
1.70710678119 0.00136241844765 0
1.71812629776 0.00136241844765 0
1.72896862742 0.00136241844765 0
1.73963109498 0.00136241844765 0
1.75011106963 0.00136241844765 0
1.7604059656 0.00136241844765 0
1.77051324278 0.00136241844765 0
1.78043040734 0.00136241844765 0
1.79015501238 0.00136241844765 0
1.79968465849 0.00136241844765 0
1.80901699437 0.00136241844765 0
1.81814971743 0.00136241844765 0
1.82708057427 0.00136241844765 0
1.83580736137 0.00136241844765 0
1.8443279255 0.00136241844765 0
1.85264016435 0.00136241844765 0
1.860742027 0.00136241844765 0
1.86863151444 0.00136241844765 0
1.87630668004 0.00136241844765 0
1.88376563009 0.00136241844765 0
1.89100652419 0.00136241844765 0
1.89802757576 0.00136241844765 0
1.90482705247 0.00136241844765 0
1.91140327664 0.00136241844765 0
1.91775462568 0.00136241844765 0
1.92387953251 0.00136241844765 0
1.92977648589 0.00136241844765 0
1.93544403083 0.00136241844765 0
1.94088076895 0.00136241844765 0
1.94608535883 0.00136241844765 0
1.9510565163 0.00136241844765 0
1.9557930148 0.00136241844765 0
1.96029368568 0.00136241844765 0
1.96455741846 0.00136241844765 0
1.96858316113 0.00136241844765 0
1.9723699204 0.00136241844765 0
1.97591676194 0.00136241844765 0
1.97922281062 0.00136241844765 0
1.98228725073 0.00136241844765 0
1.98510932615 0.00136241844765 0
1.9876883406 0.00136241844765 0
1.99002365772 0.00136241844765 0
1.99211470131 0.00136241844765 0
1.99396095546 0.00136241844765 0
1.9955619646 0.00136241844765 0
1.99691733373 0.00136241844765 0
1.99802672843 0.00136241844765 0
1.99888987496 0.00136241844765 0
1.99950656037 0.00136241844765 0
1.99987663248 0.00136241844765 0
2 0.00136241844765 2
0 0.00184199794557 4
0.000123367518339 0.00184199794557 0
0.000493439634268 0.00184199794557 0
0.00111012503803 0.00184199794557 0
0.00197327157173 0.00184199794557 0
0.00308266626687 0.00184199794557 0
0.00443803539692 0.00184199794557 0
0.00603904454482 0.00184199794557 0
0.00788529868552 0.00184199794557 0
0.00997634228344 0.00184199794557 0
0.0123116594049 0.00184199794557 0
0.0148906738452 0.00184199794557 0
0.0177127492713 0.00184199794557 0
0.0207771893782 0.00184199794557 0
0.0240832380613 0.00184199794557 0
0.0276300796023 0.00184199794557 0
0.0314168388714 0.00184199794557 0
0.0354425815422 0.00184199794557 0
0.0397063143231 0.00184199794557 0
0.0442069852017 0.00184199794557 0
0.0489434837048 0.00184199794557 0
0.0539146411725 0.00184199794557 0
0.0591192310458 0.00184199794557 0
0.0645559691701 0.00184199794557 0
0.0702235141117 0.00184199794557 0
0.0761204674887 0.00184199794557 0
0.082245374316 0.00184199794557 0
0.0885967233646 0.00184199794557 0
0.095172947534 0.00184199794557 0
0.101972424239 0.00184199794557 0
0.108993475812 0.00184199794557 0
0.116234369911 0.00184199794557 0
0.123693319956 0.00184199794557 0
0.131368485562 0.00184199794557 0
0.139257972996 0.00184199794557 0
0.147359835646 0.00184199794557 0
0.155672074498 0.00184199794557 0
0.164192638632 0.00184199794557 0
0.172919425725 0.00184199794557 0
0.181850282575 0.00184199794557 0
0.190983005625 0.00184199794557 0
0.200315341513 0.00184199794557 0
0.209844987624 0.00184199794557 0
0.219569592662 0.00184199794557 0
0.229486757224 0.00184199794557 0
0.2395940344 0.00184199794557 0
0.24988893037 0.00184199794557 0
0.260368905021 0.00184199794557 0
0.271031372579 0.00184199794557 0
0.281873702237 0.00184199794557 0
0.292893218813 0.00184199794557 0
0.304087203408 0.00184199794557 0
0.315452894071 0.00184199794557 0
0.32698748649 0.00184199794557 0
0.338688134676 0.00184199794557 0
0.35055195167 0.00184199794557 0
0.362576010251 0.00184199794557 0
0.374757343664 0.00184199794557 0
0.387092946347 0.00184199794557 0
0.399579774674 0.00184199794557 0
0.412214747708 0.00184199794557 0
0.424994747957 0.00184199794557 0
0.437916622148 0.00184199794557 0
0.450977182002 0.00184199794557 0
0.464173205021 0.00184199794557 0
0.477501435284 0.00184199794557 0
0.49095858425 0.00184199794557 0
0.504541331568 0.00184199794557 0
0.518246325898 0.00184199794557 0
0.532070185739 0.00184199794557 0
0.54600950026 0.00184199794557 0
0.560060830144 0.00184199794557 0
0.574220708435 0.00184199794557 0
0.588485641395 0.00184199794557 0
0.602852109365 0.00184199794557 0
0.617316567635 0.00184199794557 0
0.631875447315 0.00184199794557 0
0.646525156221 0.00184199794557 0
0.661262079755 0.00184199794557 0
0.676082581802 0.00184199794557 0
0.690983005625 0.00184199794557 0
0.705959674768 0.00184199794557 0
0.721008893961 0.00184199794557 0
0.736126950035 0.00184199794557 0
0.751310112835 0.00184199794557 0
0.766554636144 0.00184199794557 0
0.781856758603 0.00184199794557 0
0.797212704643 0.00184199794557 0
0.812618685414 0.00184199794557 0
0.828070899721 0.00184199794557 0
0.84356553496 0.00184199794557 0
0.859098768062 0.00184199794557 0
0.874666766436 0.00184199794557 0
0.890265688909 0.00184199794557 0
0.905891686681 0.00184199794557 0
0.921540904272 0.00184199794557 0
0.937209480471 0.00184199794557 0
0.95289354929 0.00184199794557 0
0.968589240922 0.00184199794557 0
0.984292682688 0.00184199794557 0
1 0.00184199794557 0
1.01570731731 0.00184199794557 0
1.03141075908 0.00184199794557 0
1.04710645071 0.00184199794557 0
1.06279051953 0.00184199794557 0
1.07845909573 0.00184199794557 0
1.09410831332 0.00184199794557 0
1.10973431109 0.00184199794557 0
1.12533323356 0.00184199794557 0
1.14090123194 0.00184199794557 0
1.15643446504 0.00184199794557 0
1.17192910028 0.00184199794557 0
1.18738131459 0.00184199794557 0
1.20278729536 0.00184199794557 0
1.2181432414 0.00184199794557 0
1.23344536386 0.00184199794557 0
1.24868988716 0.00184199794557 0
1.26387304997 0.00184199794557 0
1.27899110604 0.00184199794557 0
1.29404032523 0.00184199794557 0
1.30901699437 0.00184199794557 0
1.3239174182 0.00184199794557 0
1.33873792025 0.00184199794557 0
1.35347484378 0.00184199794557 0
1.36812455268 0.00184199794557 0
1.38268343237 0.00184199794557 0
1.39714789063 0.00184199794557 0
1.41151435861 0.00184199794557 0
1.42577929157 0.00184199794557 0
1.43993916986 0.00184199794557 0
1.45399049974 0.00184199794557 0
1.46792981426 0.00184199794557 0
1.4817536741 0.00184199794557 0
1.49545866843 0.00184199794557 0
1.50904141575 0.00184199794557 0
1.52249856472 0.00184199794557 0
1.53582679498 0.00184199794557 0
1.549022818 0.00184199794557 0
1.56208337785 0.00184199794557 0
1.57500525204 0.00184199794557 0
1.58778525229 0.00184199794557 0
1.60042022533 0.00184199794557 0
1.61290705365 0.00184199794557 0
1.62524265634 0.00184199794557 0
1.63742398975 0.00184199794557 0
1.64944804833 0.00184199794557 0
1.66131186532 0.00184199794557 0
1.67301251351 0.00184199794557 0
1.68454710593 0.00184199794557 0
1.69591279659 0.00184199794557 0
1.70710678119 0.00184199794557 0
1.71812629776 0.00184199794557 0
1.72896862742 0.00184199794557 0
1.73963109498 0.00184199794557 0
1.75011106963 0.00184199794557 0
1.7604059656 0.00184199794557 0
1.77051324278 0.00184199794557 0
1.78043040734 0.00184199794557 0
1.79015501238 0.00184199794557 0
1.79968465849 0.00184199794557 0
1.80901699437 0.00184199794557 0
1.81814971743 0.00184199794557 0
1.82708057427 0.00184199794557 0
1.83580736137 0.00184199794557 0
1.8443279255 0.00184199794557 0
1.85264016435 0.00184199794557 0
1.860742027 0.00184199794557 0
1.86863151444 0.00184199794557 0
1.87630668004 0.00184199794557 0
1.88376563009 0.00184199794557 0
1.89100652419 0.00184199794557 0
1.89802757576 0.00184199794557 0
1.90482705247 0.00184199794557 0
1.91140327664 0.00184199794557 0
1.91775462568 0.00184199794557 0
1.92387953251 0.00184199794557 0
1.92977648589 0.00184199794557 0
1.93544403083 0.00184199794557 0
1.94088076895 0.00184199794557 0
1.94608535883 0.00184199794557 0
1.9510565163 0.00184199794557 0
1.9557930148 0.00184199794557 0
1.96029368568 0.00184199794557 0
1.96455741846 0.00184199794557 0
1.96858316113 0.00184199794557 0
1.9723699204 0.00184199794557 0
1.97591676194 0.00184199794557 0
1.97922281062 0.00184199794557 0
1.98228725073 0.00184199794557 0
1.98510932615 0.00184199794557 0
1.9876883406 0.00184199794557 0
1.99002365772 0.00184199794557 0
1.99211470131 0.00184199794557 0
1.99396095546 0.00184199794557 0
1.9955619646 0.00184199794557 0
1.99691733373 0.00184199794557 0
1.99802672843 0.00184199794557 0
1.99888987496 0.00184199794557 0
1.99950656037 0.00184199794557 0
1.99987663248 0.00184199794557 0
2 0.00184199794557 2
0 0.00238728757031 4
0.000123367518339 0.00238728757031 0
0.000493439634268 0.00238728757031 0
0.00111012503803 0.00238728757031 0
0.00197327157173 0.00238728757031 0
0.00308266626687 0.00238728757031 0
0.00443803539692 0.00238728757031 0
0.00603904454482 0.00238728757031 0
0.00788529868552 0.00238728757031 0
0.00997634228344 0.00238728757031 0
0.0123116594049 0.00238728757031 0
0.0148906738452 0.00238728757031 0
0.0177127492713 0.00238728757031 0
0.0207771893782 0.00238728757031 0
0.0240832380613 0.00238728757031 0
0.0276300796023 0.00238728757031 0
0.0314168388714 0.00238728757031 0
0.0354425815422 0.00238728757031 0
0.0397063143231 0.00238728757031 0
0.0442069852017 0.00238728757031 0
0.0489434837048 0.00238728757031 0
0.0539146411725 0.00238728757031 0
0.0591192310458 0.00238728757031 0
0.0645559691701 0.00238728757031 0
0.0702235141117 0.00238728757031 0
0.0761204674887 0.00238728757031 0
0.082245374316 0.00238728757031 0
0.0885967233646 0.00238728757031 0
0.095172947534 0.00238728757031 0
0.101972424239 0.00238728757031 0
0.108993475812 0.00238728757031 0
0.116234369911 0.00238728757031 0
0.123693319956 0.00238728757031 0
0.131368485562 0.00238728757031 0
0.139257972996 0.00238728757031 0
0.147359835646 0.00238728757031 0
0.155672074498 0.00238728757031 0
0.164192638632 0.00238728757031 0
0.172919425725 0.00238728757031 0
0.181850282575 0.00238728757031 0
0.190983005625 0.00238728757031 0
0.200315341513 0.00238728757031 0
0.209844987624 0.00238728757031 0
0.219569592662 0.00238728757031 0
0.229486757224 0.00238728757031 0
0.2395940344 0.00238728757031 0
0.24988893037 0.00238728757031 0
0.260368905021 0.00238728757031 0
0.271031372579 0.00238728757031 0
0.281873702237 0.00238728757031 0
0.292893218813 0.00238728757031 0
0.304087203408 0.00238728757031 0
0.315452894071 0.00238728757031 0
0.32698748649 0.00238728757031 0
0.338688134676 0.00238728757031 0
0.35055195167 0.00238728757031 0
0.362576010251 0.00238728757031 0
0.374757343664 0.00238728757031 0
0.387092946347 0.00238728757031 0
0.399579774674 0.00238728757031 0
0.412214747708 0.00238728757031 0
0.424994747957 0.00238728757031 0
0.437916622148 0.00238728757031 0
0.450977182002 0.00238728757031 0
0.464173205021 0.00238728757031 0
0.477501435284 0.00238728757031 0
0.49095858425 0.00238728757031 0
0.504541331568 0.00238728757031 0
0.518246325898 0.00238728757031 0
0.532070185739 0.00238728757031 0
0.54600950026 0.00238728757031 0
0.560060830144 0.00238728757031 0
0.574220708435 0.00238728757031 0
0.588485641395 0.00238728757031 0
0.602852109365 0.00238728757031 0
0.617316567635 0.00238728757031 0
0.631875447315 0.00238728757031 0
0.646525156221 0.00238728757031 0
0.661262079755 0.00238728757031 0
0.676082581802 0.00238728757031 0
0.690983005625 0.00238728757031 0
0.705959674768 0.00238728757031 0
0.721008893961 0.00238728757031 0
0.736126950035 0.00238728757031 0
0.751310112835 0.00238728757031 0
0.766554636144 0.00238728757031 0
0.781856758603 0.00238728757031 0
0.797212704643 0.00238728757031 0
0.812618685414 0.00238728757031 0
0.828070899721 0.00238728757031 0
0.84356553496 0.00238728757031 0
0.859098768062 0.00238728757031 0
0.874666766436 0.00238728757031 0
0.890265688909 0.00238728757031 0
0.905891686681 0.00238728757031 0
0.921540904272 0.00238728757031 0
0.937209480471 0.00238728757031 0
0.95289354929 0.00238728757031 0
0.968589240922 0.00238728757031 0
0.984292682688 0.00238728757031 0
1 0.00238728757031 0
1.01570731731 0.00238728757031 0
1.03141075908 0.00238728757031 0
1.04710645071 0.00238728757031 0
1.06279051953 0.00238728757031 0
1.07845909573 0.00238728757031 0
1.09410831332 0.00238728757031 0
1.10973431109 0.00238728757031 0
1.12533323356 0.00238728757031 0
1.14090123194 0.00238728757031 0
1.15643446504 0.00238728757031 0
1.17192910028 0.00238728757031 0
1.18738131459 0.00238728757031 0
1.20278729536 0.00238728757031 0
1.2181432414 0.00238728757031 0
1.23344536386 0.00238728757031 0
1.24868988716 0.00238728757031 0
1.26387304997 0.00238728757031 0
1.27899110604 0.00238728757031 0
1.29404032523 0.00238728757031 0
1.30901699437 0.00238728757031 0
1.3239174182 0.00238728757031 0
1.33873792025 0.00238728757031 0
1.35347484378 0.00238728757031 0
1.36812455268 0.00238728757031 0
1.38268343237 0.00238728757031 0
1.39714789063 0.00238728757031 0
1.41151435861 0.00238728757031 0
1.42577929157 0.00238728757031 0
1.43993916986 0.00238728757031 0
1.45399049974 0.00238728757031 0
1.46792981426 0.00238728757031 0
1.4817536741 0.00238728757031 0
1.49545866843 0.00238728757031 0
1.50904141575 0.00238728757031 0
1.52249856472 0.00238728757031 0
1.53582679498 0.00238728757031 0
1.549022818 0.00238728757031 0
1.56208337785 0.00238728757031 0
1.57500525204 0.00238728757031 0
1.58778525229 0.00238728757031 0
1.60042022533 0.00238728757031 0
1.61290705365 0.00238728757031 0
1.62524265634 0.00238728757031 0
1.63742398975 0.00238728757031 0
1.64944804833 0.00238728757031 0
1.66131186532 0.00238728757031 0
1.67301251351 0.00238728757031 0
1.68454710593 0.00238728757031 0
1.69591279659 0.00238728757031 0
1.70710678119 0.00238728757031 0
1.71812629776 0.00238728757031 0
1.72896862742 0.00238728757031 0
1.73963109498 0.00238728757031 0
1.75011106963 0.00238728757031 0
1.7604059656 0.00238728757031 0
1.77051324278 0.00238728757031 0
1.78043040734 0.00238728757031 0
1.79015501238 0.00238728757031 0
1.79968465849 0.00238728757031 0
1.80901699437 0.00238728757031 0
1.81814971743 0.00238728757031 0
1.82708057427 0.00238728757031 0
1.83580736137 0.00238728757031 0
1.8443279255 0.00238728757031 0
1.85264016435 0.00238728757031 0
1.860742027 0.00238728757031 0
1.86863151444 0.00238728757031 0
1.87630668004 0.00238728757031 0
1.88376563009 0.00238728757031 0
1.89100652419 0.00238728757031 0
1.89802757576 0.00238728757031 0
1.90482705247 0.00238728757031 0
1.91140327664 0.00238728757031 0
1.91775462568 0.00238728757031 0
1.92387953251 0.00238728757031 0
1.92977648589 0.00238728757031 0
1.93544403083 0.00238728757031 0
1.94088076895 0.00238728757031 0
1.94608535883 0.00238728757031 0
1.9510565163 0.00238728757031 0
1.9557930148 0.00238728757031 0
1.96029368568 0.00238728757031 0
1.96455741846 0.00238728757031 0
1.96858316113 0.00238728757031 0
1.9723699204 0.00238728757031 0
1.97591676194 0.00238728757031 0
1.97922281062 0.00238728757031 0
1.98228725073 0.00238728757031 0
1.98510932615 0.00238728757031 0
1.9876883406 0.00238728757031 0
1.99002365772 0.00238728757031 0
1.99211470131 0.00238728757031 0
1.99396095546 0.00238728757031 0
1.9955619646 0.00238728757031 0
1.99691733373 0.00238728757031 0
1.99802672843 0.00238728757031 0
1.99888987496 0.00238728757031 0
1.99950656037 0.00238728757031 0
1.99987663248 0.00238728757031 0
2 0.00238728757031 2
0 0.00299492543 4
0.000123367518339 0.00299492543 0
0.000493439634268 0.00299492543 0
0.00111012503803 0.00299492543 0
0.00197327157173 0.00299492543 0
0.00308266626687 0.00299492543 0
0.00443803539692 0.00299492543 0
0.00603904454482 0.00299492543 0
0.00788529868552 0.00299492543 0
0.00997634228344 0.00299492543 0
0.0123116594049 0.00299492543 0
0.0148906738452 0.00299492543 0
0.0177127492713 0.00299492543 0
0.0207771893782 0.00299492543 0
0.0240832380613 0.00299492543 0
0.0276300796023 0.00299492543 0
0.0314168388714 0.00299492543 0
0.0354425815422 0.00299492543 0
0.0397063143231 0.00299492543 0
0.0442069852017 0.00299492543 0
0.0489434837048 0.00299492543 0
0.0539146411725 0.00299492543 0
0.0591192310458 0.00299492543 0
0.0645559691701 0.00299492543 0
0.0702235141117 0.00299492543 0
0.0761204674887 0.00299492543 0
0.082245374316 0.00299492543 0
0.0885967233646 0.00299492543 0
0.095172947534 0.00299492543 0
0.101972424239 0.00299492543 0
0.108993475812 0.00299492543 0
0.116234369911 0.00299492543 0
0.123693319956 0.00299492543 0
0.131368485562 0.00299492543 0
0.139257972996 0.00299492543 0
0.147359835646 0.00299492543 0
0.155672074498 0.00299492543 0
0.164192638632 0.00299492543 0
0.172919425725 0.00299492543 0
0.181850282575 0.00299492543 0
0.190983005625 0.00299492543 0
0.200315341513 0.00299492543 0
0.209844987624 0.00299492543 0
0.219569592662 0.00299492543 0
0.229486757224 0.00299492543 0
0.2395940344 0.00299492543 0
0.24988893037 0.00299492543 0
0.260368905021 0.00299492543 0
0.271031372579 0.00299492543 0
0.281873702237 0.00299492543 0
0.292893218813 0.00299492543 0
0.304087203408 0.00299492543 0
0.315452894071 0.00299492543 0
0.32698748649 0.00299492543 0
0.338688134676 0.00299492543 0
0.35055195167 0.00299492543 0
0.362576010251 0.00299492543 0
0.374757343664 0.00299492543 0
0.387092946347 0.00299492543 0
0.399579774674 0.00299492543 0
0.412214747708 0.00299492543 0
0.424994747957 0.00299492543 0
0.437916622148 0.00299492543 0
0.450977182002 0.00299492543 0
0.464173205021 0.00299492543 0
0.477501435284 0.00299492543 0
0.49095858425 0.00299492543 0
0.504541331568 0.00299492543 0
0.518246325898 0.00299492543 0
0.532070185739 0.00299492543 0
0.54600950026 0.00299492543 0
0.560060830144 0.00299492543 0
0.574220708435 0.00299492543 0
0.588485641395 0.00299492543 0
0.602852109365 0.00299492543 0
0.617316567635 0.00299492543 0
0.631875447315 0.00299492543 0
0.646525156221 0.00299492543 0
0.661262079755 0.00299492543 0
0.676082581802 0.00299492543 0
0.690983005625 0.00299492543 0
0.705959674768 0.00299492543 0
0.721008893961 0.00299492543 0
0.736126950035 0.00299492543 0
0.751310112835 0.00299492543 0
0.766554636144 0.00299492543 0
0.781856758603 0.00299492543 0
0.797212704643 0.00299492543 0
0.812618685414 0.00299492543 0
0.828070899721 0.00299492543 0
0.84356553496 0.00299492543 0
0.859098768062 0.00299492543 0
0.874666766436 0.00299492543 0
0.890265688909 0.00299492543 0
0.905891686681 0.00299492543 0
0.921540904272 0.00299492543 0
0.937209480471 0.00299492543 0
0.95289354929 0.00299492543 0
0.968589240922 0.00299492543 0
0.984292682688 0.00299492543 0
1 0.00299492543 0
1.01570731731 0.00299492543 0
1.03141075908 0.00299492543 0
1.04710645071 0.00299492543 0
1.06279051953 0.00299492543 0
1.07845909573 0.00299492543 0
1.09410831332 0.00299492543 0
1.10973431109 0.00299492543 0
1.12533323356 0.00299492543 0
1.14090123194 0.00299492543 0
1.15643446504 0.00299492543 0
1.17192910028 0.00299492543 0
1.18738131459 0.00299492543 0
1.20278729536 0.00299492543 0
1.2181432414 0.00299492543 0
1.23344536386 0.00299492543 0
1.24868988716 0.00299492543 0
1.26387304997 0.00299492543 0
1.27899110604 0.00299492543 0
1.29404032523 0.00299492543 0
1.30901699437 0.00299492543 0
1.3239174182 0.00299492543 0
1.33873792025 0.00299492543 0
1.35347484378 0.00299492543 0
1.36812455268 0.00299492543 0
1.38268343237 0.00299492543 0
1.39714789063 0.00299492543 0
1.41151435861 0.00299492543 0
1.42577929157 0.00299492543 0
1.43993916986 0.00299492543 0
1.45399049974 0.00299492543 0
1.46792981426 0.00299492543 0
1.4817536741 0.00299492543 0
1.49545866843 0.00299492543 0
1.50904141575 0.00299492543 0
1.52249856472 0.00299492543 0
1.53582679498 0.00299492543 0
1.549022818 0.00299492543 0
1.56208337785 0.00299492543 0
1.57500525204 0.00299492543 0
1.58778525229 0.00299492543 0
1.60042022533 0.00299492543 0
1.61290705365 0.00299492543 0
1.62524265634 0.00299492543 0
1.63742398975 0.00299492543 0
1.64944804833 0.00299492543 0
1.66131186532 0.00299492543 0
1.67301251351 0.00299492543 0
1.68454710593 0.00299492543 0
1.69591279659 0.00299492543 0
1.70710678119 0.00299492543 0
1.71812629776 0.00299492543 0
1.72896862742 0.00299492543 0
1.73963109498 0.00299492543 0
1.75011106963 0.00299492543 0
1.7604059656 0.00299492543 0
1.77051324278 0.00299492543 0
1.78043040734 0.00299492543 0
1.79015501238 0.00299492543 0
1.79968465849 0.00299492543 0
1.80901699437 0.00299492543 0
1.81814971743 0.00299492543 0
1.82708057427 0.00299492543 0
1.83580736137 0.00299492543 0
1.8443279255 0.00299492543 0
1.85264016435 0.00299492543 0
1.860742027 0.00299492543 0
1.86863151444 0.00299492543 0
1.87630668004 0.00299492543 0
1.88376563009 0.00299492543 0
1.89100652419 0.00299492543 0
1.89802757576 0.00299492543 0
1.90482705247 0.00299492543 0
1.91140327664 0.00299492543 0
1.91775462568 0.00299492543 0
1.92387953251 0.00299492543 0
1.92977648589 0.00299492543 0
1.93544403083 0.00299492543 0
1.94088076895 0.00299492543 0
1.94608535883 0.00299492543 0
1.9510565163 0.00299492543 0
1.9557930148 0.00299492543 0
1.96029368568 0.00299492543 0
1.96455741846 0.00299492543 0
1.96858316113 0.00299492543 0
1.9723699204 0.00299492543 0
1.97591676194 0.00299492543 0
1.97922281062 0.00299492543 0
1.98228725073 0.00299492543 0
1.98510932615 0.00299492543 0
1.9876883406 0.00299492543 0
1.99002365772 0.00299492543 0
1.99211470131 0.00299492543 0
1.99396095546 0.00299492543 0
1.9955619646 0.00299492543 0
1.99691733373 0.00299492543 0
1.99802672843 0.00299492543 0
1.99888987496 0.00299492543 0
1.99950656037 0.00299492543 0
1.99987663248 0.00299492543 0
2 0.00299492543 2
0 0.00366116523517 4
0.000123367518339 0.00366116523517 0
0.000493439634268 0.00366116523517 0
0.00111012503803 0.00366116523517 0
0.00197327157173 0.00366116523517 0
0.00308266626687 0.00366116523517 0
0.00443803539692 0.00366116523517 0
0.00603904454482 0.00366116523517 0
0.00788529868552 0.00366116523517 0
0.00997634228344 0.00366116523517 0
0.0123116594049 0.00366116523517 0
0.0148906738452 0.00366116523517 0
0.0177127492713 0.00366116523517 0
0.0207771893782 0.00366116523517 0
0.0240832380613 0.00366116523517 0
0.0276300796023 0.00366116523517 0
0.0314168388714 0.00366116523517 0
0.0354425815422 0.00366116523517 0
0.0397063143231 0.00366116523517 0
0.0442069852017 0.00366116523517 0
0.0489434837048 0.00366116523517 0
0.0539146411725 0.00366116523517 0
0.0591192310458 0.00366116523517 0
0.0645559691701 0.00366116523517 0
0.0702235141117 0.00366116523517 0
0.0761204674887 0.00366116523517 0
0.082245374316 0.00366116523517 0
0.0885967233646 0.00366116523517 0
0.095172947534 0.00366116523517 0
0.101972424239 0.00366116523517 0
0.108993475812 0.00366116523517 0
0.116234369911 0.00366116523517 0
0.123693319956 0.00366116523517 0
0.131368485562 0.00366116523517 0
0.139257972996 0.00366116523517 0
0.147359835646 0.00366116523517 0
0.155672074498 0.00366116523517 0
0.164192638632 0.00366116523517 0
0.172919425725 0.00366116523517 0
0.181850282575 0.00366116523517 0
0.190983005625 0.00366116523517 0
0.200315341513 0.00366116523517 0
0.209844987624 0.00366116523517 0
0.219569592662 0.00366116523517 0
0.229486757224 0.00366116523517 0
0.2395940344 0.00366116523517 0
0.24988893037 0.00366116523517 0
0.260368905021 0.00366116523517 0
0.271031372579 0.00366116523517 0
0.281873702237 0.00366116523517 0
0.292893218813 0.00366116523517 0
0.304087203408 0.00366116523517 0
0.315452894071 0.00366116523517 0
0.32698748649 0.00366116523517 0
0.338688134676 0.00366116523517 0
0.35055195167 0.00366116523517 0
0.362576010251 0.00366116523517 0
0.374757343664 0.00366116523517 0
0.387092946347 0.00366116523517 0
0.399579774674 0.00366116523517 0
0.412214747708 0.00366116523517 0
0.424994747957 0.00366116523517 0
0.437916622148 0.00366116523517 0
0.450977182002 0.00366116523517 0
0.464173205021 0.00366116523517 0
0.477501435284 0.00366116523517 0
0.49095858425 0.00366116523517 0
0.504541331568 0.00366116523517 0
0.518246325898 0.00366116523517 0
0.532070185739 0.00366116523517 0
0.54600950026 0.00366116523517 0
0.560060830144 0.00366116523517 0
0.574220708435 0.00366116523517 0
0.588485641395 0.00366116523517 0
0.602852109365 0.00366116523517 0
0.617316567635 0.00366116523517 0
0.631875447315 0.00366116523517 0
0.646525156221 0.00366116523517 0
0.661262079755 0.00366116523517 0
0.676082581802 0.00366116523517 0
0.690983005625 0.00366116523517 0
0.705959674768 0.00366116523517 0
0.721008893961 0.00366116523517 0
0.736126950035 0.00366116523517 0
0.751310112835 0.00366116523517 0
0.766554636144 0.00366116523517 0
0.781856758603 0.00366116523517 0
0.797212704643 0.00366116523517 0
0.812618685414 0.00366116523517 0
0.828070899721 0.00366116523517 0
0.84356553496 0.00366116523517 0
0.859098768062 0.00366116523517 0
0.874666766436 0.00366116523517 0
0.890265688909 0.00366116523517 0
0.905891686681 0.00366116523517 0
0.921540904272 0.00366116523517 0
0.937209480471 0.00366116523517 0
0.95289354929 0.00366116523517 0
0.968589240922 0.00366116523517 0
0.984292682688 0.00366116523517 0
1 0.00366116523517 0
1.01570731731 0.00366116523517 0
1.03141075908 0.00366116523517 0
1.04710645071 0.00366116523517 0
1.06279051953 0.00366116523517 0
1.07845909573 0.00366116523517 0
1.09410831332 0.00366116523517 0
1.10973431109 0.00366116523517 0
1.12533323356 0.00366116523517 0
1.14090123194 0.00366116523517 0
1.15643446504 0.00366116523517 0
1.17192910028 0.00366116523517 0
1.18738131459 0.00366116523517 0
1.20278729536 0.00366116523517 0
1.2181432414 0.00366116523517 0
1.23344536386 0.00366116523517 0
1.24868988716 0.00366116523517 0
1.26387304997 0.00366116523517 0
1.27899110604 0.00366116523517 0
1.29404032523 0.00366116523517 0
1.30901699437 0.00366116523517 0
1.3239174182 0.00366116523517 0
1.33873792025 0.00366116523517 0
1.35347484378 0.00366116523517 0
1.36812455268 0.00366116523517 0
1.38268343237 0.00366116523517 0
1.39714789063 0.00366116523517 0
1.41151435861 0.00366116523517 0
1.42577929157 0.00366116523517 0
1.43993916986 0.00366116523517 0
1.45399049974 0.00366116523517 0
1.46792981426 0.00366116523517 0
1.4817536741 0.00366116523517 0
1.49545866843 0.00366116523517 0
1.50904141575 0.00366116523517 0
1.52249856472 0.00366116523517 0
1.53582679498 0.00366116523517 0
1.549022818 0.00366116523517 0
1.56208337785 0.00366116523517 0
1.57500525204 0.00366116523517 0
1.58778525229 0.00366116523517 0
1.60042022533 0.00366116523517 0
1.61290705365 0.00366116523517 0
1.62524265634 0.00366116523517 0
1.63742398975 0.00366116523517 0
1.64944804833 0.00366116523517 0
1.66131186532 0.00366116523517 0
1.67301251351 0.00366116523517 0
1.68454710593 0.00366116523517 0
1.69591279659 0.00366116523517 0
1.70710678119 0.00366116523517 0
1.71812629776 0.00366116523517 0
1.72896862742 0.00366116523517 0
1.73963109498 0.00366116523517 0
1.75011106963 0.00366116523517 0
1.7604059656 0.00366116523517 0
1.77051324278 0.00366116523517 0
1.78043040734 0.00366116523517 0
1.79015501238 0.00366116523517 0
1.79968465849 0.00366116523517 0
1.80901699437 0.00366116523517 0
1.81814971743 0.00366116523517 0
1.82708057427 0.00366116523517 0
1.83580736137 0.00366116523517 0
1.8443279255 0.00366116523517 0
1.85264016435 0.00366116523517 0
1.860742027 0.00366116523517 0
1.86863151444 0.00366116523517 0
1.87630668004 0.00366116523517 0
1.88376563009 0.00366116523517 0
1.89100652419 0.00366116523517 0
1.89802757576 0.00366116523517 0
1.90482705247 0.00366116523517 0
1.91140327664 0.00366116523517 0
1.91775462568 0.00366116523517 0
1.92387953251 0.00366116523517 0
1.92977648589 0.00366116523517 0
1.93544403083 0.00366116523517 0
1.94088076895 0.00366116523517 0
1.94608535883 0.00366116523517 0
1.9510565163 0.00366116523517 0
1.9557930148 0.00366116523517 0
1.96029368568 0.00366116523517 0
1.96455741846 0.00366116523517 0
1.96858316113 0.00366116523517 0
1.9723699204 0.00366116523517 0
1.97591676194 0.00366116523517 0
1.97922281062 0.00366116523517 0
1.98228725073 0.00366116523517 0
1.98510932615 0.00366116523517 0
1.9876883406 0.00366116523517 0
1.99002365772 0.00366116523517 0
1.99211470131 0.00366116523517 0
1.99396095546 0.00366116523517 0
1.9955619646 0.00366116523517 0
1.99691733373 0.00366116523517 0
1.99802672843 0.00366116523517 0
1.99888987496 0.00366116523517 0
1.99950656037 0.00366116523517 0
1.99987663248 0.00366116523517 0
2 0.00366116523517 2
0 0.00438189939587 4
0.000123367518339 0.00438189939587 0
0.000493439634268 0.00438189939587 0
0.00111012503803 0.00438189939587 0
0.00197327157173 0.00438189939587 0
0.00308266626687 0.00438189939587 0
0.00443803539692 0.00438189939587 0
0.00603904454482 0.00438189939587 0
0.00788529868552 0.00438189939587 0
0.00997634228344 0.00438189939587 0
0.0123116594049 0.00438189939587 0
0.0148906738452 0.00438189939587 0
0.0177127492713 0.00438189939587 0
0.0207771893782 0.00438189939587 0
0.0240832380613 0.00438189939587 0
0.0276300796023 0.00438189939587 0
0.0314168388714 0.00438189939587 0
0.0354425815422 0.00438189939587 0
0.0397063143231 0.00438189939587 0
0.0442069852017 0.00438189939587 0
0.0489434837048 0.00438189939587 0
0.0539146411725 0.00438189939587 0
0.0591192310458 0.00438189939587 0
0.0645559691701 0.00438189939587 0
0.0702235141117 0.00438189939587 0
0.0761204674887 0.00438189939587 0
0.082245374316 0.00438189939587 0
0.0885967233646 0.00438189939587 0
0.095172947534 0.00438189939587 0
0.101972424239 0.00438189939587 0
0.108993475812 0.00438189939587 0
0.116234369911 0.00438189939587 0
0.123693319956 0.00438189939587 0
0.131368485562 0.00438189939587 0
0.139257972996 0.00438189939587 0
0.147359835646 0.00438189939587 0
0.155672074498 0.00438189939587 0
0.164192638632 0.00438189939587 0
0.172919425725 0.00438189939587 0
0.181850282575 0.00438189939587 0
0.190983005625 0.00438189939587 0
0.200315341513 0.00438189939587 0
0.209844987624 0.00438189939587 0
0.219569592662 0.00438189939587 0
0.229486757224 0.00438189939587 0
0.2395940344 0.00438189939587 0
0.24988893037 0.00438189939587 0
0.260368905021 0.00438189939587 0
0.271031372579 0.00438189939587 0
0.281873702237 0.00438189939587 0
0.292893218813 0.00438189939587 0
0.304087203408 0.00438189939587 0
0.315452894071 0.00438189939587 0
0.32698748649 0.00438189939587 0
0.338688134676 0.00438189939587 0
0.35055195167 0.00438189939587 0
0.362576010251 0.00438189939587 0
0.374757343664 0.00438189939587 0
0.387092946347 0.00438189939587 0
0.399579774674 0.00438189939587 0
0.412214747708 0.00438189939587 0
0.424994747957 0.00438189939587 0
0.437916622148 0.00438189939587 0
0.450977182002 0.00438189939587 0
0.464173205021 0.00438189939587 0
0.477501435284 0.00438189939587 0
0.49095858425 0.00438189939587 0
0.504541331568 0.00438189939587 0
0.518246325898 0.00438189939587 0
0.532070185739 0.00438189939587 0
0.54600950026 0.00438189939587 0
0.560060830144 0.00438189939587 0
0.574220708435 0.00438189939587 0
0.588485641395 0.00438189939587 0
0.602852109365 0.00438189939587 0
0.617316567635 0.00438189939587 0
0.631875447315 0.00438189939587 0
0.646525156221 0.00438189939587 0
0.661262079755 0.00438189939587 0
0.676082581802 0.00438189939587 0
0.690983005625 0.00438189939587 0
0.705959674768 0.00438189939587 0
0.721008893961 0.00438189939587 0
0.736126950035 0.00438189939587 0
0.751310112835 0.00438189939587 0
0.766554636144 0.00438189939587 0
0.781856758603 0.00438189939587 0
0.797212704643 0.00438189939587 0
0.812618685414 0.00438189939587 0
0.828070899721 0.00438189939587 0
0.84356553496 0.00438189939587 0
0.859098768062 0.00438189939587 0
0.874666766436 0.00438189939587 0
0.890265688909 0.00438189939587 0
0.905891686681 0.00438189939587 0
0.921540904272 0.00438189939587 0
0.937209480471 0.00438189939587 0
0.95289354929 0.00438189939587 0
0.968589240922 0.00438189939587 0
0.984292682688 0.00438189939587 0
1 0.00438189939587 0
1.01570731731 0.00438189939587 0
1.03141075908 0.00438189939587 0
1.04710645071 0.00438189939587 0
1.06279051953 0.00438189939587 0
1.07845909573 0.00438189939587 0
1.09410831332 0.00438189939587 0
1.10973431109 0.00438189939587 0
1.12533323356 0.00438189939587 0
1.14090123194 0.00438189939587 0
1.15643446504 0.00438189939587 0
1.17192910028 0.00438189939587 0
1.18738131459 0.00438189939587 0
1.20278729536 0.00438189939587 0
1.2181432414 0.00438189939587 0
1.23344536386 0.00438189939587 0
1.24868988716 0.00438189939587 0
1.26387304997 0.00438189939587 0
1.27899110604 0.00438189939587 0
1.29404032523 0.00438189939587 0
1.30901699437 0.00438189939587 0
1.3239174182 0.00438189939587 0
1.33873792025 0.00438189939587 0
1.35347484378 0.00438189939587 0
1.36812455268 0.00438189939587 0
1.38268343237 0.00438189939587 0
1.39714789063 0.00438189939587 0
1.41151435861 0.00438189939587 0
1.42577929157 0.00438189939587 0
1.43993916986 0.00438189939587 0
1.45399049974 0.00438189939587 0
1.46792981426 0.00438189939587 0
1.4817536741 0.00438189939587 0
1.49545866843 0.00438189939587 0
1.50904141575 0.00438189939587 0
1.52249856472 0.00438189939587 0
1.53582679498 0.00438189939587 0
1.549022818 0.00438189939587 0
1.56208337785 0.00438189939587 0
1.57500525204 0.00438189939587 0
1.58778525229 0.00438189939587 0
1.60042022533 0.00438189939587 0
1.61290705365 0.00438189939587 0
1.62524265634 0.00438189939587 0
1.63742398975 0.00438189939587 0
1.64944804833 0.00438189939587 0
1.66131186532 0.00438189939587 0
1.67301251351 0.00438189939587 0
1.68454710593 0.00438189939587 0
1.69591279659 0.00438189939587 0
1.70710678119 0.00438189939587 0
1.71812629776 0.00438189939587 0
1.72896862742 0.00438189939587 0
1.73963109498 0.00438189939587 0
1.75011106963 0.00438189939587 0
1.7604059656 0.00438189939587 0
1.77051324278 0.00438189939587 0
1.78043040734 0.00438189939587 0
1.79015501238 0.00438189939587 0
1.79968465849 0.00438189939587 0
1.80901699437 0.00438189939587 0
1.81814971743 0.00438189939587 0
1.82708057427 0.00438189939587 0
1.83580736137 0.00438189939587 0
1.8443279255 0.00438189939587 0
1.85264016435 0.00438189939587 0
1.860742027 0.00438189939587 0
1.86863151444 0.00438189939587 0
1.87630668004 0.00438189939587 0
1.88376563009 0.00438189939587 0
1.89100652419 0.00438189939587 0
1.89802757576 0.00438189939587 0
1.90482705247 0.00438189939587 0
1.91140327664 0.00438189939587 0
1.91775462568 0.00438189939587 0
1.92387953251 0.00438189939587 0
1.92977648589 0.00438189939587 0
1.93544403083 0.00438189939587 0
1.94088076895 0.00438189939587 0
1.94608535883 0.00438189939587 0
1.9510565163 0.00438189939587 0
1.9557930148 0.00438189939587 0
1.96029368568 0.00438189939587 0
1.96455741846 0.00438189939587 0
1.96858316113 0.00438189939587 0
1.9723699204 0.00438189939587 0
1.97591676194 0.00438189939587 0
1.97922281062 0.00438189939587 0
1.98228725073 0.00438189939587 0
1.98510932615 0.00438189939587 0
1.9876883406 0.00438189939587 0
1.99002365772 0.00438189939587 0
1.99211470131 0.00438189939587 0
1.99396095546 0.00438189939587 0
1.9955619646 0.00438189939587 0
1.99691733373 0.00438189939587 0
1.99802672843 0.00438189939587 0
1.99888987496 0.00438189939587 0
1.99950656037 0.00438189939587 0
1.99987663248 0.00438189939587 0
2 0.00438189939587 2
0 0.00515268434634 4
0.000123367518339 0.00515268434634 0
0.000493439634268 0.00515268434634 0
0.00111012503803 0.00515268434634 0
0.00197327157173 0.00515268434634 0
0.00308266626687 0.00515268434634 0
0.00443803539692 0.00515268434634 0
0.00603904454482 0.00515268434634 0
0.00788529868552 0.00515268434634 0
0.00997634228344 0.00515268434634 0
0.0123116594049 0.00515268434634 0
0.0148906738452 0.00515268434634 0
0.0177127492713 0.00515268434634 0
0.0207771893782 0.00515268434634 0
0.0240832380613 0.00515268434634 0
0.0276300796023 0.00515268434634 0
0.0314168388714 0.00515268434634 0
0.0354425815422 0.00515268434634 0
0.0397063143231 0.00515268434634 0
0.0442069852017 0.00515268434634 0
0.0489434837048 0.00515268434634 0
0.0539146411725 0.00515268434634 0
0.0591192310458 0.00515268434634 0
0.0645559691701 0.00515268434634 0
0.0702235141117 0.00515268434634 0
0.0761204674887 0.00515268434634 0
0.082245374316 0.00515268434634 0
0.0885967233646 0.00515268434634 0
0.095172947534 0.00515268434634 0
0.101972424239 0.00515268434634 0
0.108993475812 0.00515268434634 0
0.116234369911 0.00515268434634 0
0.123693319956 0.00515268434634 0
0.131368485562 0.00515268434634 0
0.139257972996 0.00515268434634 0
0.147359835646 0.00515268434634 0
0.155672074498 0.00515268434634 0
0.164192638632 0.00515268434634 0
0.172919425725 0.00515268434634 0
0.181850282575 0.00515268434634 0
0.190983005625 0.00515268434634 0
0.200315341513 0.00515268434634 0
0.209844987624 0.00515268434634 0
0.219569592662 0.00515268434634 0
0.229486757224 0.00515268434634 0
0.2395940344 0.00515268434634 0
0.24988893037 0.00515268434634 0
0.260368905021 0.00515268434634 0
0.271031372579 0.00515268434634 0
0.281873702237 0.00515268434634 0
0.292893218813 0.00515268434634 0
0.304087203408 0.00515268434634 0
0.315452894071 0.00515268434634 0
0.32698748649 0.00515268434634 0
0.338688134676 0.00515268434634 0
0.35055195167 0.00515268434634 0
0.362576010251 0.00515268434634 0
0.374757343664 0.00515268434634 0
0.387092946347 0.00515268434634 0
0.399579774674 0.00515268434634 0
0.412214747708 0.00515268434634 0
0.424994747957 0.00515268434634 0
0.437916622148 0.00515268434634 0
0.450977182002 0.00515268434634 0
0.464173205021 0.00515268434634 0
0.477501435284 0.00515268434634 0
0.49095858425 0.00515268434634 0
0.504541331568 0.00515268434634 0
0.518246325898 0.00515268434634 0
0.532070185739 0.00515268434634 0
0.54600950026 0.00515268434634 0
0.560060830144 0.00515268434634 0
0.574220708435 0.00515268434634 0
0.588485641395 0.00515268434634 0
0.602852109365 0.00515268434634 0
0.617316567635 0.00515268434634 0
0.631875447315 0.00515268434634 0
0.646525156221 0.00515268434634 0
0.661262079755 0.00515268434634 0
0.676082581802 0.00515268434634 0
0.690983005625 0.00515268434634 0
0.705959674768 0.00515268434634 0
0.721008893961 0.00515268434634 0
0.736126950035 0.00515268434634 0
0.751310112835 0.00515268434634 0
0.766554636144 0.00515268434634 0
0.781856758603 0.00515268434634 0
0.797212704643 0.00515268434634 0
0.812618685414 0.00515268434634 0
0.828070899721 0.00515268434634 0
0.84356553496 0.00515268434634 0
0.859098768062 0.00515268434634 0
0.874666766436 0.00515268434634 0
0.890265688909 0.00515268434634 0
0.905891686681 0.00515268434634 0
0.921540904272 0.00515268434634 0
0.937209480471 0.00515268434634 0
0.95289354929 0.00515268434634 0
0.968589240922 0.00515268434634 0
0.984292682688 0.00515268434634 0
1 0.00515268434634 0
1.01570731731 0.00515268434634 0
1.03141075908 0.00515268434634 0
1.04710645071 0.00515268434634 0
1.06279051953 0.00515268434634 0
1.07845909573 0.00515268434634 0
1.09410831332 0.00515268434634 0
1.10973431109 0.00515268434634 0
1.12533323356 0.00515268434634 0
1.14090123194 0.00515268434634 0
1.15643446504 0.00515268434634 0
1.17192910028 0.00515268434634 0
1.18738131459 0.00515268434634 0
1.20278729536 0.00515268434634 0
1.2181432414 0.00515268434634 0
1.23344536386 0.00515268434634 0
1.24868988716 0.00515268434634 0
1.26387304997 0.00515268434634 0
1.27899110604 0.00515268434634 0
1.29404032523 0.00515268434634 0
1.30901699437 0.00515268434634 0
1.3239174182 0.00515268434634 0
1.33873792025 0.00515268434634 0
1.35347484378 0.00515268434634 0
1.36812455268 0.00515268434634 0
1.38268343237 0.00515268434634 0
1.39714789063 0.00515268434634 0
1.41151435861 0.00515268434634 0
1.42577929157 0.00515268434634 0
1.43993916986 0.00515268434634 0
1.45399049974 0.00515268434634 0
1.46792981426 0.00515268434634 0
1.4817536741 0.00515268434634 0
1.49545866843 0.00515268434634 0
1.50904141575 0.00515268434634 0
1.52249856472 0.00515268434634 0
1.53582679498 0.00515268434634 0
1.549022818 0.00515268434634 0
1.56208337785 0.00515268434634 0
1.57500525204 0.00515268434634 0
1.58778525229 0.00515268434634 0
1.60042022533 0.00515268434634 0
1.61290705365 0.00515268434634 0
1.62524265634 0.00515268434634 0
1.63742398975 0.00515268434634 0
1.64944804833 0.00515268434634 0
1.66131186532 0.00515268434634 0
1.67301251351 0.00515268434634 0
1.68454710593 0.00515268434634 0
1.69591279659 0.00515268434634 0
1.70710678119 0.00515268434634 0
1.71812629776 0.00515268434634 0
1.72896862742 0.00515268434634 0
1.73963109498 0.00515268434634 0
1.75011106963 0.00515268434634 0
1.7604059656 0.00515268434634 0
1.77051324278 0.00515268434634 0
1.78043040734 0.00515268434634 0
1.79015501238 0.00515268434634 0
1.79968465849 0.00515268434634 0
1.80901699437 0.00515268434634 0
1.81814971743 0.00515268434634 0
1.82708057427 0.00515268434634 0
1.83580736137 0.00515268434634 0
1.8443279255 0.00515268434634 0
1.85264016435 0.00515268434634 0
1.860742027 0.00515268434634 0
1.86863151444 0.00515268434634 0
1.87630668004 0.00515268434634 0
1.88376563009 0.00515268434634 0
1.89100652419 0.00515268434634 0
1.89802757576 0.00515268434634 0
1.90482705247 0.00515268434634 0
1.91140327664 0.00515268434634 0
1.91775462568 0.00515268434634 0
1.92387953251 0.00515268434634 0
1.92977648589 0.00515268434634 0
1.93544403083 0.00515268434634 0
1.94088076895 0.00515268434634 0
1.94608535883 0.00515268434634 0
1.9510565163 0.00515268434634 0
1.9557930148 0.00515268434634 0
1.96029368568 0.00515268434634 0
1.96455741846 0.00515268434634 0
1.96858316113 0.00515268434634 0
1.9723699204 0.00515268434634 0
1.97591676194 0.00515268434634 0
1.97922281062 0.00515268434634 0
1.98228725073 0.00515268434634 0
1.98510932615 0.00515268434634 0
1.9876883406 0.00515268434634 0
1.99002365772 0.00515268434634 0
1.99211470131 0.00515268434634 0
1.99396095546 0.00515268434634 0
1.9955619646 0.00515268434634 0
1.99691733373 0.00515268434634 0
1.99802672843 0.00515268434634 0
1.99888987496 0.00515268434634 0
1.99950656037 0.00515268434634 0
1.99987663248 0.00515268434634 0
2 0.00515268434634 2
0 0.00596876794105 4
0.000123367518339 0.00596876794105 0
0.000493439634268 0.00596876794105 0
0.00111012503803 0.00596876794105 0
0.00197327157173 0.00596876794105 0
0.00308266626687 0.00596876794105 0
0.00443803539692 0.00596876794105 0
0.00603904454482 0.00596876794105 0
0.00788529868552 0.00596876794105 0
0.00997634228344 0.00596876794105 0
0.0123116594049 0.00596876794105 0
0.0148906738452 0.00596876794105 0
0.0177127492713 0.00596876794105 0
0.0207771893782 0.00596876794105 0
0.0240832380613 0.00596876794105 0
0.0276300796023 0.00596876794105 0
0.0314168388714 0.00596876794105 0
0.0354425815422 0.00596876794105 0
0.0397063143231 0.00596876794105 0
0.0442069852017 0.00596876794105 0
0.0489434837048 0.00596876794105 0
0.0539146411725 0.00596876794105 0
0.0591192310458 0.00596876794105 0
0.0645559691701 0.00596876794105 0
0.0702235141117 0.00596876794105 0
0.0761204674887 0.00596876794105 0
0.082245374316 0.00596876794105 0
0.0885967233646 0.00596876794105 0
0.095172947534 0.00596876794105 0
0.101972424239 0.00596876794105 0
0.108993475812 0.00596876794105 0
0.116234369911 0.00596876794105 0
0.123693319956 0.00596876794105 0
0.131368485562 0.00596876794105 0
0.139257972996 0.00596876794105 0
0.147359835646 0.00596876794105 0
0.155672074498 0.00596876794105 0
0.164192638632 0.00596876794105 0
0.172919425725 0.00596876794105 0
0.181850282575 0.00596876794105 0
0.190983005625 0.00596876794105 0
0.200315341513 0.00596876794105 0
0.209844987624 0.00596876794105 0
0.219569592662 0.00596876794105 0
0.229486757224 0.00596876794105 0
0.2395940344 0.00596876794105 0
0.24988893037 0.00596876794105 0
0.260368905021 0.00596876794105 0
0.271031372579 0.00596876794105 0
0.281873702237 0.00596876794105 0
0.292893218813 0.00596876794105 0
0.304087203408 0.00596876794105 0
0.315452894071 0.00596876794105 0
0.32698748649 0.00596876794105 0
0.338688134676 0.00596876794105 0
0.35055195167 0.00596876794105 0
0.362576010251 0.00596876794105 0
0.374757343664 0.00596876794105 0
0.387092946347 0.00596876794105 0
0.399579774674 0.00596876794105 0
0.412214747708 0.00596876794105 0
0.424994747957 0.00596876794105 0
0.437916622148 0.00596876794105 0
0.450977182002 0.00596876794105 0
0.464173205021 0.00596876794105 0
0.477501435284 0.00596876794105 0
0.49095858425 0.00596876794105 0
0.504541331568 0.00596876794105 0
0.518246325898 0.00596876794105 0
0.532070185739 0.00596876794105 0
0.54600950026 0.00596876794105 0
0.560060830144 0.00596876794105 0
0.574220708435 0.00596876794105 0
0.588485641395 0.00596876794105 0
0.602852109365 0.00596876794105 0
0.617316567635 0.00596876794105 0
0.631875447315 0.00596876794105 0
0.646525156221 0.00596876794105 0
0.661262079755 0.00596876794105 0
0.676082581802 0.00596876794105 0
0.690983005625 0.00596876794105 0
0.705959674768 0.00596876794105 0
0.721008893961 0.00596876794105 0
0.736126950035 0.00596876794105 0
0.751310112835 0.00596876794105 0
0.766554636144 0.00596876794105 0
0.781856758603 0.00596876794105 0
0.797212704643 0.00596876794105 0
0.812618685414 0.00596876794105 0
0.828070899721 0.00596876794105 0
0.84356553496 0.00596876794105 0
0.859098768062 0.00596876794105 0
0.874666766436 0.00596876794105 0
0.890265688909 0.00596876794105 0
0.905891686681 0.00596876794105 0
0.921540904272 0.00596876794105 0
0.937209480471 0.00596876794105 0
0.95289354929 0.00596876794105 0
0.968589240922 0.00596876794105 0
0.984292682688 0.00596876794105 0
1 0.00596876794105 0
1.01570731731 0.00596876794105 0
1.03141075908 0.00596876794105 0
1.04710645071 0.00596876794105 0
1.06279051953 0.00596876794105 0
1.07845909573 0.00596876794105 0
1.09410831332 0.00596876794105 0
1.10973431109 0.00596876794105 0
1.12533323356 0.00596876794105 0
1.14090123194 0.00596876794105 0
1.15643446504 0.00596876794105 0
1.17192910028 0.00596876794105 0
1.18738131459 0.00596876794105 0
1.20278729536 0.00596876794105 0
1.2181432414 0.00596876794105 0
1.23344536386 0.00596876794105 0
1.24868988716 0.00596876794105 0
1.26387304997 0.00596876794105 0
1.27899110604 0.00596876794105 0
1.29404032523 0.00596876794105 0
1.30901699437 0.00596876794105 0
1.3239174182 0.00596876794105 0
1.33873792025 0.00596876794105 0
1.35347484378 0.00596876794105 0
1.36812455268 0.00596876794105 0
1.38268343237 0.00596876794105 0
1.39714789063 0.00596876794105 0
1.41151435861 0.00596876794105 0
1.42577929157 0.00596876794105 0
1.43993916986 0.00596876794105 0
1.45399049974 0.00596876794105 0
1.46792981426 0.00596876794105 0
1.4817536741 0.00596876794105 0
1.49545866843 0.00596876794105 0
1.50904141575 0.00596876794105 0
1.52249856472 0.00596876794105 0
1.53582679498 0.00596876794105 0
1.549022818 0.00596876794105 0
1.56208337785 0.00596876794105 0
1.57500525204 0.00596876794105 0
1.58778525229 0.00596876794105 0
1.60042022533 0.00596876794105 0
1.61290705365 0.00596876794105 0
1.62524265634 0.00596876794105 0
1.63742398975 0.00596876794105 0
1.64944804833 0.00596876794105 0
1.66131186532 0.00596876794105 0
1.67301251351 0.00596876794105 0
1.68454710593 0.00596876794105 0
1.69591279659 0.00596876794105 0
1.70710678119 0.00596876794105 0
1.71812629776 0.00596876794105 0
1.72896862742 0.00596876794105 0
1.73963109498 0.00596876794105 0
1.75011106963 0.00596876794105 0
1.7604059656 0.00596876794105 0
1.77051324278 0.00596876794105 0
1.78043040734 0.00596876794105 0
1.79015501238 0.00596876794105 0
1.79968465849 0.00596876794105 0
1.80901699437 0.00596876794105 0
1.81814971743 0.00596876794105 0
1.82708057427 0.00596876794105 0
1.83580736137 0.00596876794105 0
1.8443279255 0.00596876794105 0
1.85264016435 0.00596876794105 0
1.860742027 0.00596876794105 0
1.86863151444 0.00596876794105 0
1.87630668004 0.00596876794105 0
1.88376563009 0.00596876794105 0
1.89100652419 0.00596876794105 0
1.89802757576 0.00596876794105 0
1.90482705247 0.00596876794105 0
1.91140327664 0.00596876794105 0
1.91775462568 0.00596876794105 0
1.92387953251 0.00596876794105 0
1.92977648589 0.00596876794105 0
1.93544403083 0.00596876794105 0
1.94088076895 0.00596876794105 0
1.94608535883 0.00596876794105 0
1.9510565163 0.00596876794105 0
1.9557930148 0.00596876794105 0
1.96029368568 0.00596876794105 0
1.96455741846 0.00596876794105 0
1.96858316113 0.00596876794105 0
1.9723699204 0.00596876794105 0
1.97591676194 0.00596876794105 0
1.97922281062 0.00596876794105 0
1.98228725073 0.00596876794105 0
1.98510932615 0.00596876794105 0
1.9876883406 0.00596876794105 0
1.99002365772 0.00596876794105 0
1.99211470131 0.00596876794105 0
1.99396095546 0.00596876794105 0
1.9955619646 0.00596876794105 0
1.99691733373 0.00596876794105 0
1.99802672843 0.00596876794105 0
1.99888987496 0.00596876794105 0
1.99950656037 0.00596876794105 0
1.99987663248 0.00596876794105 0
2 0.00596876794105 2
0 0.00682511875326 4
0.000123367518339 0.00682511875326 0
0.000493439634268 0.00682511875326 0
0.00111012503803 0.00682511875326 0
0.00197327157173 0.00682511875326 0
0.00308266626687 0.00682511875326 0
0.00443803539692 0.00682511875326 0
0.00603904454482 0.00682511875326 0
0.00788529868552 0.00682511875326 0
0.00997634228344 0.00682511875326 0
0.0123116594049 0.00682511875326 0
0.0148906738452 0.00682511875326 0
0.0177127492713 0.00682511875326 0
0.0207771893782 0.00682511875326 0
0.0240832380613 0.00682511875326 0
0.0276300796023 0.00682511875326 0
0.0314168388714 0.00682511875326 0
0.0354425815422 0.00682511875326 0
0.0397063143231 0.00682511875326 0
0.0442069852017 0.00682511875326 0
0.0489434837048 0.00682511875326 0
0.0539146411725 0.00682511875326 0
0.0591192310458 0.00682511875326 0
0.0645559691701 0.00682511875326 0
0.0702235141117 0.00682511875326 0
0.0761204674887 0.00682511875326 0
0.082245374316 0.00682511875326 0
0.0885967233646 0.00682511875326 0
0.095172947534 0.00682511875326 0
0.101972424239 0.00682511875326 0
0.108993475812 0.00682511875326 0
0.116234369911 0.00682511875326 0
0.123693319956 0.00682511875326 0
0.131368485562 0.00682511875326 0
0.139257972996 0.00682511875326 0
0.147359835646 0.00682511875326 0
0.155672074498 0.00682511875326 0
0.164192638632 0.00682511875326 0
0.172919425725 0.00682511875326 0
0.181850282575 0.00682511875326 0
0.190983005625 0.00682511875326 0
0.200315341513 0.00682511875326 0
0.209844987624 0.00682511875326 0
0.219569592662 0.00682511875326 0
0.229486757224 0.00682511875326 0
0.2395940344 0.00682511875326 0
0.24988893037 0.00682511875326 0
0.260368905021 0.00682511875326 0
0.271031372579 0.00682511875326 0
0.281873702237 0.00682511875326 0
0.292893218813 0.00682511875326 0
0.304087203408 0.00682511875326 0
0.315452894071 0.00682511875326 0
0.32698748649 0.00682511875326 0
0.338688134676 0.00682511875326 0
0.35055195167 0.00682511875326 0
0.362576010251 0.00682511875326 0
0.374757343664 0.00682511875326 0
0.387092946347 0.00682511875326 0
0.399579774674 0.00682511875326 0
0.412214747708 0.00682511875326 0
0.424994747957 0.00682511875326 0
0.437916622148 0.00682511875326 0
0.450977182002 0.00682511875326 0
0.464173205021 0.00682511875326 0
0.477501435284 0.00682511875326 0
0.49095858425 0.00682511875326 0
0.504541331568 0.00682511875326 0
0.518246325898 0.00682511875326 0
0.532070185739 0.00682511875326 0
0.54600950026 0.00682511875326 0
0.560060830144 0.00682511875326 0
0.574220708435 0.00682511875326 0
0.588485641395 0.00682511875326 0
0.602852109365 0.00682511875326 0
0.617316567635 0.00682511875326 0
0.631875447315 0.00682511875326 0
0.646525156221 0.00682511875326 0
0.661262079755 0.00682511875326 0
0.676082581802 0.00682511875326 0
0.690983005625 0.00682511875326 0
0.705959674768 0.00682511875326 0
0.721008893961 0.00682511875326 0
0.736126950035 0.00682511875326 0
0.751310112835 0.00682511875326 0
0.766554636144 0.00682511875326 0
0.781856758603 0.00682511875326 0
0.797212704643 0.00682511875326 0
0.812618685414 0.00682511875326 0
0.828070899721 0.00682511875326 0
0.84356553496 0.00682511875326 0
0.859098768062 0.00682511875326 0
0.874666766436 0.00682511875326 0
0.890265688909 0.00682511875326 0
0.905891686681 0.00682511875326 0
0.921540904272 0.00682511875326 0
0.937209480471 0.00682511875326 0
0.95289354929 0.00682511875326 0
0.968589240922 0.00682511875326 0
0.984292682688 0.00682511875326 0
1 0.00682511875326 0
1.01570731731 0.00682511875326 0
1.03141075908 0.00682511875326 0
1.04710645071 0.00682511875326 0
1.06279051953 0.00682511875326 0
1.07845909573 0.00682511875326 0
1.09410831332 0.00682511875326 0
1.10973431109 0.00682511875326 0
1.12533323356 0.00682511875326 0
1.14090123194 0.00682511875326 0
1.15643446504 0.00682511875326 0
1.17192910028 0.00682511875326 0
1.18738131459 0.00682511875326 0
1.20278729536 0.00682511875326 0
1.2181432414 0.00682511875326 0
1.23344536386 0.00682511875326 0
1.24868988716 0.00682511875326 0
1.26387304997 0.00682511875326 0
1.27899110604 0.00682511875326 0
1.29404032523 0.00682511875326 0
1.30901699437 0.00682511875326 0
1.3239174182 0.00682511875326 0
1.33873792025 0.00682511875326 0
1.35347484378 0.00682511875326 0
1.36812455268 0.00682511875326 0
1.38268343237 0.00682511875326 0
1.39714789063 0.00682511875326 0
1.41151435861 0.00682511875326 0
1.42577929157 0.00682511875326 0
1.43993916986 0.00682511875326 0
1.45399049974 0.00682511875326 0
1.46792981426 0.00682511875326 0
1.4817536741 0.00682511875326 0
1.49545866843 0.00682511875326 0
1.50904141575 0.00682511875326 0
1.52249856472 0.00682511875326 0
1.53582679498 0.00682511875326 0
1.549022818 0.00682511875326 0
1.56208337785 0.00682511875326 0
1.57500525204 0.00682511875326 0
1.58778525229 0.00682511875326 0
1.60042022533 0.00682511875326 0
1.61290705365 0.00682511875326 0
1.62524265634 0.00682511875326 0
1.63742398975 0.00682511875326 0
1.64944804833 0.00682511875326 0
1.66131186532 0.00682511875326 0
1.67301251351 0.00682511875326 0
1.68454710593 0.00682511875326 0
1.69591279659 0.00682511875326 0
1.70710678119 0.00682511875326 0
1.71812629776 0.00682511875326 0
1.72896862742 0.00682511875326 0
1.73963109498 0.00682511875326 0
1.75011106963 0.00682511875326 0
1.7604059656 0.00682511875326 0
1.77051324278 0.00682511875326 0
1.78043040734 0.00682511875326 0
1.79015501238 0.00682511875326 0
1.79968465849 0.00682511875326 0
1.80901699437 0.00682511875326 0
1.81814971743 0.00682511875326 0
1.82708057427 0.00682511875326 0
1.83580736137 0.00682511875326 0
1.8443279255 0.00682511875326 0
1.85264016435 0.00682511875326 0
1.860742027 0.00682511875326 0
1.86863151444 0.00682511875326 0
1.87630668004 0.00682511875326 0
1.88376563009 0.00682511875326 0
1.89100652419 0.00682511875326 0
1.89802757576 0.00682511875326 0
1.90482705247 0.00682511875326 0
1.91140327664 0.00682511875326 0
1.91775462568 0.00682511875326 0
1.92387953251 0.00682511875326 0
1.92977648589 0.00682511875326 0
1.93544403083 0.00682511875326 0
1.94088076895 0.00682511875326 0
1.94608535883 0.00682511875326 0
1.9510565163 0.00682511875326 0
1.9557930148 0.00682511875326 0
1.96029368568 0.00682511875326 0
1.96455741846 0.00682511875326 0
1.96858316113 0.00682511875326 0
1.9723699204 0.00682511875326 0
1.97591676194 0.00682511875326 0
1.97922281062 0.00682511875326 0
1.98228725073 0.00682511875326 0
1.98510932615 0.00682511875326 0
1.9876883406 0.00682511875326 0
1.99002365772 0.00682511875326 0
1.99211470131 0.00682511875326 0
1.99396095546 0.00682511875326 0
1.9955619646 0.00682511875326 0
1.99691733373 0.00682511875326 0
1.99802672843 0.00682511875326 0
1.99888987496 0.00682511875326 0
1.99950656037 0.00682511875326 0
1.99987663248 0.00682511875326 0
2 0.00682511875326 2
0 0.00771645709544 4
0.000123367518339 0.00771645709544 0
0.000493439634268 0.00771645709544 0
0.00111012503803 0.00771645709544 0
0.00197327157173 0.00771645709544 0
0.00308266626687 0.00771645709544 0
0.00443803539692 0.00771645709544 0
0.00603904454482 0.00771645709544 0
0.00788529868552 0.00771645709544 0
0.00997634228344 0.00771645709544 0
0.0123116594049 0.00771645709544 0
0.0148906738452 0.00771645709544 0
0.0177127492713 0.00771645709544 0
0.0207771893782 0.00771645709544 0
0.0240832380613 0.00771645709544 0
0.0276300796023 0.00771645709544 0
0.0314168388714 0.00771645709544 0
0.0354425815422 0.00771645709544 0
0.0397063143231 0.00771645709544 0
0.0442069852017 0.00771645709544 0
0.0489434837048 0.00771645709544 0
0.0539146411725 0.00771645709544 0
0.0591192310458 0.00771645709544 0
0.0645559691701 0.00771645709544 0
0.0702235141117 0.00771645709544 0
0.0761204674887 0.00771645709544 0
0.082245374316 0.00771645709544 0
0.0885967233646 0.00771645709544 0
0.095172947534 0.00771645709544 0
0.101972424239 0.00771645709544 0
0.108993475812 0.00771645709544 0
0.116234369911 0.00771645709544 0
0.123693319956 0.00771645709544 0
0.131368485562 0.00771645709544 0
0.139257972996 0.00771645709544 0
0.147359835646 0.00771645709544 0
0.155672074498 0.00771645709544 0
0.164192638632 0.00771645709544 0
0.172919425725 0.00771645709544 0
0.181850282575 0.00771645709544 0
0.190983005625 0.00771645709544 0
0.200315341513 0.00771645709544 0
0.209844987624 0.00771645709544 0
0.219569592662 0.00771645709544 0
0.229486757224 0.00771645709544 0
0.2395940344 0.00771645709544 0
0.24988893037 0.00771645709544 0
0.260368905021 0.00771645709544 0
0.271031372579 0.00771645709544 0
0.281873702237 0.00771645709544 0
0.292893218813 0.00771645709544 0
0.304087203408 0.00771645709544 0
0.315452894071 0.00771645709544 0
0.32698748649 0.00771645709544 0
0.338688134676 0.00771645709544 0
0.35055195167 0.00771645709544 0
0.362576010251 0.00771645709544 0
0.374757343664 0.00771645709544 0
0.387092946347 0.00771645709544 0
0.399579774674 0.00771645709544 0
0.412214747708 0.00771645709544 0
0.424994747957 0.00771645709544 0
0.437916622148 0.00771645709544 0
0.450977182002 0.00771645709544 0
0.464173205021 0.00771645709544 0
0.477501435284 0.00771645709544 0
0.49095858425 0.00771645709544 0
0.504541331568 0.00771645709544 0
0.518246325898 0.00771645709544 0
0.532070185739 0.00771645709544 0
0.54600950026 0.00771645709544 0
0.560060830144 0.00771645709544 0
0.574220708435 0.00771645709544 0
0.588485641395 0.00771645709544 0
0.602852109365 0.00771645709544 0
0.617316567635 0.00771645709544 0
0.631875447315 0.00771645709544 0
0.646525156221 0.00771645709544 0
0.661262079755 0.00771645709544 0
0.676082581802 0.00771645709544 0
0.690983005625 0.00771645709544 0
0.705959674768 0.00771645709544 0
0.721008893961 0.00771645709544 0
0.736126950035 0.00771645709544 0
0.751310112835 0.00771645709544 0
0.766554636144 0.00771645709544 0
0.781856758603 0.00771645709544 0
0.797212704643 0.00771645709544 0
0.812618685414 0.00771645709544 0
0.828070899721 0.00771645709544 0
0.84356553496 0.00771645709544 0
0.859098768062 0.00771645709544 0
0.874666766436 0.00771645709544 0
0.890265688909 0.00771645709544 0
0.905891686681 0.00771645709544 0
0.921540904272 0.00771645709544 0
0.937209480471 0.00771645709544 0
0.95289354929 0.00771645709544 0
0.968589240922 0.00771645709544 0
0.984292682688 0.00771645709544 0
1 0.00771645709544 0
1.01570731731 0.00771645709544 0
1.03141075908 0.00771645709544 0
1.04710645071 0.00771645709544 0
1.06279051953 0.00771645709544 0
1.07845909573 0.00771645709544 0
1.09410831332 0.00771645709544 0
1.10973431109 0.00771645709544 0
1.12533323356 0.00771645709544 0
1.14090123194 0.00771645709544 0
1.15643446504 0.00771645709544 0
1.17192910028 0.00771645709544 0
1.18738131459 0.00771645709544 0
1.20278729536 0.00771645709544 0
1.2181432414 0.00771645709544 0
1.23344536386 0.00771645709544 0
1.24868988716 0.00771645709544 0
1.26387304997 0.00771645709544 0
1.27899110604 0.00771645709544 0
1.29404032523 0.00771645709544 0
1.30901699437 0.00771645709544 0
1.3239174182 0.00771645709544 0
1.33873792025 0.00771645709544 0
1.35347484378 0.00771645709544 0
1.36812455268 0.00771645709544 0
1.38268343237 0.00771645709544 0
1.39714789063 0.00771645709544 0
1.41151435861 0.00771645709544 0
1.42577929157 0.00771645709544 0
1.43993916986 0.00771645709544 0
1.45399049974 0.00771645709544 0
1.46792981426 0.00771645709544 0
1.4817536741 0.00771645709544 0
1.49545866843 0.00771645709544 0
1.50904141575 0.00771645709544 0
1.52249856472 0.00771645709544 0
1.53582679498 0.00771645709544 0
1.549022818 0.00771645709544 0
1.56208337785 0.00771645709544 0
1.57500525204 0.00771645709544 0
1.58778525229 0.00771645709544 0
1.60042022533 0.00771645709544 0
1.61290705365 0.00771645709544 0
1.62524265634 0.00771645709544 0
1.63742398975 0.00771645709544 0
1.64944804833 0.00771645709544 0
1.66131186532 0.00771645709544 0
1.67301251351 0.00771645709544 0
1.68454710593 0.00771645709544 0
1.69591279659 0.00771645709544 0
1.70710678119 0.00771645709544 0
1.71812629776 0.00771645709544 0
1.72896862742 0.00771645709544 0
1.73963109498 0.00771645709544 0
1.75011106963 0.00771645709544 0
1.7604059656 0.00771645709544 0
1.77051324278 0.00771645709544 0
1.78043040734 0.00771645709544 0
1.79015501238 0.00771645709544 0
1.79968465849 0.00771645709544 0
1.80901699437 0.00771645709544 0
1.81814971743 0.00771645709544 0
1.82708057427 0.00771645709544 0
1.83580736137 0.00771645709544 0
1.8443279255 0.00771645709544 0
1.85264016435 0.00771645709544 0
1.860742027 0.00771645709544 0
1.86863151444 0.00771645709544 0
1.87630668004 0.00771645709544 0
1.88376563009 0.00771645709544 0
1.89100652419 0.00771645709544 0
1.89802757576 0.00771645709544 0
1.90482705247 0.00771645709544 0
1.91140327664 0.00771645709544 0
1.91775462568 0.00771645709544 0
1.92387953251 0.00771645709544 0
1.92977648589 0.00771645709544 0
1.93544403083 0.00771645709544 0
1.94088076895 0.00771645709544 0
1.94608535883 0.00771645709544 0
1.9510565163 0.00771645709544 0
1.9557930148 0.00771645709544 0
1.96029368568 0.00771645709544 0
1.96455741846 0.00771645709544 0
1.96858316113 0.00771645709544 0
1.9723699204 0.00771645709544 0
1.97591676194 0.00771645709544 0
1.97922281062 0.00771645709544 0
1.98228725073 0.00771645709544 0
1.98510932615 0.00771645709544 0
1.9876883406 0.00771645709544 0
1.99002365772 0.00771645709544 0
1.99211470131 0.00771645709544 0
1.99396095546 0.00771645709544 0
1.9955619646 0.00771645709544 0
1.99691733373 0.00771645709544 0
1.99802672843 0.00771645709544 0
1.99888987496 0.00771645709544 0
1.99950656037 0.00771645709544 0
1.99987663248 0.00771645709544 0
2 0.00771645709544 2
0 0.00863728757031 4
0.000123367518339 0.00863728757031 0
0.000493439634268 0.00863728757031 0
0.00111012503803 0.00863728757031 0
0.00197327157173 0.00863728757031 0
0.00308266626687 0.00863728757031 0
0.00443803539692 0.00863728757031 0
0.00603904454482 0.00863728757031 0
0.00788529868552 0.00863728757031 0
0.00997634228344 0.00863728757031 0
0.0123116594049 0.00863728757031 0
0.0148906738452 0.00863728757031 0
0.0177127492713 0.00863728757031 0
0.0207771893782 0.00863728757031 0
0.0240832380613 0.00863728757031 0
0.0276300796023 0.00863728757031 0
0.0314168388714 0.00863728757031 0
0.0354425815422 0.00863728757031 0
0.0397063143231 0.00863728757031 0
0.0442069852017 0.00863728757031 0
0.0489434837048 0.00863728757031 0
0.0539146411725 0.00863728757031 0
0.0591192310458 0.00863728757031 0
0.0645559691701 0.00863728757031 0
0.0702235141117 0.00863728757031 0
0.0761204674887 0.00863728757031 0
0.082245374316 0.00863728757031 0
0.0885967233646 0.00863728757031 0
0.095172947534 0.00863728757031 0
0.101972424239 0.00863728757031 0
0.108993475812 0.00863728757031 0
0.116234369911 0.00863728757031 0
0.123693319956 0.00863728757031 0
0.131368485562 0.00863728757031 0
0.139257972996 0.00863728757031 0
0.147359835646 0.00863728757031 0
0.155672074498 0.00863728757031 0
0.164192638632 0.00863728757031 0
0.172919425725 0.00863728757031 0
0.181850282575 0.00863728757031 0
0.190983005625 0.00863728757031 0
0.200315341513 0.00863728757031 0
0.209844987624 0.00863728757031 0
0.219569592662 0.00863728757031 0
0.229486757224 0.00863728757031 0
0.2395940344 0.00863728757031 0
0.24988893037 0.00863728757031 0
0.260368905021 0.00863728757031 0
0.271031372579 0.00863728757031 0
0.281873702237 0.00863728757031 0
0.292893218813 0.00863728757031 0
0.304087203408 0.00863728757031 0
0.315452894071 0.00863728757031 0
0.32698748649 0.00863728757031 0
0.338688134676 0.00863728757031 0
0.35055195167 0.00863728757031 0
0.362576010251 0.00863728757031 0
0.374757343664 0.00863728757031 0
0.387092946347 0.00863728757031 0
0.399579774674 0.00863728757031 0
0.412214747708 0.00863728757031 0
0.424994747957 0.00863728757031 0
0.437916622148 0.00863728757031 0
0.450977182002 0.00863728757031 0
0.464173205021 0.00863728757031 0
0.477501435284 0.00863728757031 0
0.49095858425 0.00863728757031 0
0.504541331568 0.00863728757031 0
0.518246325898 0.00863728757031 0
0.532070185739 0.00863728757031 0
0.54600950026 0.00863728757031 0
0.560060830144 0.00863728757031 0
0.574220708435 0.00863728757031 0
0.588485641395 0.00863728757031 0
0.602852109365 0.00863728757031 0
0.617316567635 0.00863728757031 0
0.631875447315 0.00863728757031 0
0.646525156221 0.00863728757031 0
0.661262079755 0.00863728757031 0
0.676082581802 0.00863728757031 0
0.690983005625 0.00863728757031 0
0.705959674768 0.00863728757031 0
0.721008893961 0.00863728757031 0
0.736126950035 0.00863728757031 0
0.751310112835 0.00863728757031 0
0.766554636144 0.00863728757031 0
0.781856758603 0.00863728757031 0
0.797212704643 0.00863728757031 0
0.812618685414 0.00863728757031 0
0.828070899721 0.00863728757031 0
0.84356553496 0.00863728757031 0
0.859098768062 0.00863728757031 0
0.874666766436 0.00863728757031 0
0.890265688909 0.00863728757031 0
0.905891686681 0.00863728757031 0
0.921540904272 0.00863728757031 0
0.937209480471 0.00863728757031 0
0.95289354929 0.00863728757031 0
0.968589240922 0.00863728757031 0
0.984292682688 0.00863728757031 0
1 0.00863728757031 0
1.01570731731 0.00863728757031 0
1.03141075908 0.00863728757031 0
1.04710645071 0.00863728757031 0
1.06279051953 0.00863728757031 0
1.07845909573 0.00863728757031 0
1.09410831332 0.00863728757031 0
1.10973431109 0.00863728757031 0
1.12533323356 0.00863728757031 0
1.14090123194 0.00863728757031 0
1.15643446504 0.00863728757031 0
1.17192910028 0.00863728757031 0
1.18738131459 0.00863728757031 0
1.20278729536 0.00863728757031 0
1.2181432414 0.00863728757031 0
1.23344536386 0.00863728757031 0
1.24868988716 0.00863728757031 0
1.26387304997 0.00863728757031 0
1.27899110604 0.00863728757031 0
1.29404032523 0.00863728757031 0
1.30901699437 0.00863728757031 0
1.3239174182 0.00863728757031 0
1.33873792025 0.00863728757031 0
1.35347484378 0.00863728757031 0
1.36812455268 0.00863728757031 0
1.38268343237 0.00863728757031 0
1.39714789063 0.00863728757031 0
1.41151435861 0.00863728757031 0
1.42577929157 0.00863728757031 0
1.43993916986 0.00863728757031 0
1.45399049974 0.00863728757031 0
1.46792981426 0.00863728757031 0
1.4817536741 0.00863728757031 0
1.49545866843 0.00863728757031 0
1.50904141575 0.00863728757031 0
1.52249856472 0.00863728757031 0
1.53582679498 0.00863728757031 0
1.549022818 0.00863728757031 0
1.56208337785 0.00863728757031 0
1.57500525204 0.00863728757031 0
1.58778525229 0.00863728757031 0
1.60042022533 0.00863728757031 0
1.61290705365 0.00863728757031 0
1.62524265634 0.00863728757031 0
1.63742398975 0.00863728757031 0
1.64944804833 0.00863728757031 0
1.66131186532 0.00863728757031 0
1.67301251351 0.00863728757031 0
1.68454710593 0.00863728757031 0
1.69591279659 0.00863728757031 0
1.70710678119 0.00863728757031 0
1.71812629776 0.00863728757031 0
1.72896862742 0.00863728757031 0
1.73963109498 0.00863728757031 0
1.75011106963 0.00863728757031 0
1.7604059656 0.00863728757031 0
1.77051324278 0.00863728757031 0
1.78043040734 0.00863728757031 0
1.79015501238 0.00863728757031 0
1.79968465849 0.00863728757031 0
1.80901699437 0.00863728757031 0
1.81814971743 0.00863728757031 0
1.82708057427 0.00863728757031 0
1.83580736137 0.00863728757031 0
1.8443279255 0.00863728757031 0
1.85264016435 0.00863728757031 0
1.860742027 0.00863728757031 0
1.86863151444 0.00863728757031 0
1.87630668004 0.00863728757031 0
1.88376563009 0.00863728757031 0
1.89100652419 0.00863728757031 0
1.89802757576 0.00863728757031 0
1.90482705247 0.00863728757031 0
1.91140327664 0.00863728757031 0
1.91775462568 0.00863728757031 0
1.92387953251 0.00863728757031 0
1.92977648589 0.00863728757031 0
1.93544403083 0.00863728757031 0
1.94088076895 0.00863728757031 0
1.94608535883 0.00863728757031 0
1.9510565163 0.00863728757031 0
1.9557930148 0.00863728757031 0
1.96029368568 0.00863728757031 0
1.96455741846 0.00863728757031 0
1.96858316113 0.00863728757031 0
1.9723699204 0.00863728757031 0
1.97591676194 0.00863728757031 0
1.97922281062 0.00863728757031 0
1.98228725073 0.00863728757031 0
1.98510932615 0.00863728757031 0
1.9876883406 0.00863728757031 0
1.99002365772 0.00863728757031 0
1.99211470131 0.00863728757031 0
1.99396095546 0.00863728757031 0
1.9955619646 0.00863728757031 0
1.99691733373 0.00863728757031 0
1.99802672843 0.00863728757031 0
1.99888987496 0.00863728757031 0
1.99950656037 0.00863728757031 0
1.99987663248 0.00863728757031 0
2 0.00863728757031 2
0 0.0095819329518 4
0.000123367518339 0.0095819329518 0
0.000493439634268 0.0095819329518 0
0.00111012503803 0.0095819329518 0
0.00197327157173 0.0095819329518 0
0.00308266626687 0.0095819329518 0
0.00443803539692 0.0095819329518 0
0.00603904454482 0.0095819329518 0
0.00788529868552 0.0095819329518 0
0.00997634228344 0.0095819329518 0
0.0123116594049 0.0095819329518 0
0.0148906738452 0.0095819329518 0
0.0177127492713 0.0095819329518 0
0.0207771893782 0.0095819329518 0
0.0240832380613 0.0095819329518 0
0.0276300796023 0.0095819329518 0
0.0314168388714 0.0095819329518 0
0.0354425815422 0.0095819329518 0
0.0397063143231 0.0095819329518 0
0.0442069852017 0.0095819329518 0
0.0489434837048 0.0095819329518 0
0.0539146411725 0.0095819329518 0
0.0591192310458 0.0095819329518 0
0.0645559691701 0.0095819329518 0
0.0702235141117 0.0095819329518 0
0.0761204674887 0.0095819329518 0
0.082245374316 0.0095819329518 0
0.0885967233646 0.0095819329518 0
0.095172947534 0.0095819329518 0
0.101972424239 0.0095819329518 0
0.108993475812 0.0095819329518 0
0.116234369911 0.0095819329518 0
0.123693319956 0.0095819329518 0
0.131368485562 0.0095819329518 0
0.139257972996 0.0095819329518 0
0.147359835646 0.0095819329518 0
0.155672074498 0.0095819329518 0
0.164192638632 0.0095819329518 0
0.172919425725 0.0095819329518 0
0.181850282575 0.0095819329518 0
0.190983005625 0.0095819329518 0
0.200315341513 0.0095819329518 0
0.209844987624 0.0095819329518 0
0.219569592662 0.0095819329518 0
0.229486757224 0.0095819329518 0
0.2395940344 0.0095819329518 0
0.24988893037 0.0095819329518 0
0.260368905021 0.0095819329518 0
0.271031372579 0.0095819329518 0
0.281873702237 0.0095819329518 0
0.292893218813 0.0095819329518 0
0.304087203408 0.0095819329518 0
0.315452894071 0.0095819329518 0
0.32698748649 0.0095819329518 0
0.338688134676 0.0095819329518 0
0.35055195167 0.0095819329518 0
0.362576010251 0.0095819329518 0
0.374757343664 0.0095819329518 0
0.387092946347 0.0095819329518 0
0.399579774674 0.0095819329518 0
0.412214747708 0.0095819329518 0
0.424994747957 0.0095819329518 0
0.437916622148 0.0095819329518 0
0.450977182002 0.0095819329518 0
0.464173205021 0.0095819329518 0
0.477501435284 0.0095819329518 0
0.49095858425 0.0095819329518 0
0.504541331568 0.0095819329518 0
0.518246325898 0.0095819329518 0
0.532070185739 0.0095819329518 0
0.54600950026 0.0095819329518 0
0.560060830144 0.0095819329518 0
0.574220708435 0.0095819329518 0
0.588485641395 0.0095819329518 0
0.602852109365 0.0095819329518 0
0.617316567635 0.0095819329518 0
0.631875447315 0.0095819329518 0
0.646525156221 0.0095819329518 0
0.661262079755 0.0095819329518 0
0.676082581802 0.0095819329518 0
0.690983005625 0.0095819329518 0
0.705959674768 0.0095819329518 0
0.721008893961 0.0095819329518 0
0.736126950035 0.0095819329518 0
0.751310112835 0.0095819329518 0
0.766554636144 0.0095819329518 0
0.781856758603 0.0095819329518 0
0.797212704643 0.0095819329518 0
0.812618685414 0.0095819329518 0
0.828070899721 0.0095819329518 0
0.84356553496 0.0095819329518 0
0.859098768062 0.0095819329518 0
0.874666766436 0.0095819329518 0
0.890265688909 0.0095819329518 0
0.905891686681 0.0095819329518 0
0.921540904272 0.0095819329518 0
0.937209480471 0.0095819329518 0
0.95289354929 0.0095819329518 0
0.968589240922 0.0095819329518 0
0.984292682688 0.0095819329518 0
1 0.0095819329518 0
1.01570731731 0.0095819329518 0
1.03141075908 0.0095819329518 0
1.04710645071 0.0095819329518 0
1.06279051953 0.0095819329518 0
1.07845909573 0.0095819329518 0
1.09410831332 0.0095819329518 0
1.10973431109 0.0095819329518 0
1.12533323356 0.0095819329518 0
1.14090123194 0.0095819329518 0
1.15643446504 0.0095819329518 0
1.17192910028 0.0095819329518 0
1.18738131459 0.0095819329518 0
1.20278729536 0.0095819329518 0
1.2181432414 0.0095819329518 0
1.23344536386 0.0095819329518 0
1.24868988716 0.0095819329518 0
1.26387304997 0.0095819329518 0
1.27899110604 0.0095819329518 0
1.29404032523 0.0095819329518 0
1.30901699437 0.0095819329518 0
1.3239174182 0.0095819329518 0
1.33873792025 0.0095819329518 0
1.35347484378 0.0095819329518 0
1.36812455268 0.0095819329518 0
1.38268343237 0.0095819329518 0
1.39714789063 0.0095819329518 0
1.41151435861 0.0095819329518 0
1.42577929157 0.0095819329518 0
1.43993916986 0.0095819329518 0
1.45399049974 0.0095819329518 0
1.46792981426 0.0095819329518 0
1.4817536741 0.0095819329518 0
1.49545866843 0.0095819329518 0
1.50904141575 0.0095819329518 0
1.52249856472 0.0095819329518 0
1.53582679498 0.0095819329518 0
1.549022818 0.0095819329518 0
1.56208337785 0.0095819329518 0
1.57500525204 0.0095819329518 0
1.58778525229 0.0095819329518 0
1.60042022533 0.0095819329518 0
1.61290705365 0.0095819329518 0
1.62524265634 0.0095819329518 0
1.63742398975 0.0095819329518 0
1.64944804833 0.0095819329518 0
1.66131186532 0.0095819329518 0
1.67301251351 0.0095819329518 0
1.68454710593 0.0095819329518 0
1.69591279659 0.0095819329518 0
1.70710678119 0.0095819329518 0
1.71812629776 0.0095819329518 0
1.72896862742 0.0095819329518 0
1.73963109498 0.0095819329518 0
1.75011106963 0.0095819329518 0
1.7604059656 0.0095819329518 0
1.77051324278 0.0095819329518 0
1.78043040734 0.0095819329518 0
1.79015501238 0.0095819329518 0
1.79968465849 0.0095819329518 0
1.80901699437 0.0095819329518 0
1.81814971743 0.0095819329518 0
1.82708057427 0.0095819329518 0
1.83580736137 0.0095819329518 0
1.8443279255 0.0095819329518 0
1.85264016435 0.0095819329518 0
1.860742027 0.0095819329518 0
1.86863151444 0.0095819329518 0
1.87630668004 0.0095819329518 0
1.88376563009 0.0095819329518 0
1.89100652419 0.0095819329518 0
1.89802757576 0.0095819329518 0
1.90482705247 0.0095819329518 0
1.91140327664 0.0095819329518 0
1.91775462568 0.0095819329518 0
1.92387953251 0.0095819329518 0
1.92977648589 0.0095819329518 0
1.93544403083 0.0095819329518 0
1.94088076895 0.0095819329518 0
1.94608535883 0.0095819329518 0
1.9510565163 0.0095819329518 0
1.9557930148 0.0095819329518 0
1.96029368568 0.0095819329518 0
1.96455741846 0.0095819329518 0
1.96858316113 0.0095819329518 0
1.9723699204 0.0095819329518 0
1.97591676194 0.0095819329518 0
1.97922281062 0.0095819329518 0
1.98228725073 0.0095819329518 0
1.98510932615 0.0095819329518 0
1.9876883406 0.0095819329518 0
1.99002365772 0.0095819329518 0
1.99211470131 0.0095819329518 0
1.99396095546 0.0095819329518 0
1.9955619646 0.0095819329518 0
1.99691733373 0.0095819329518 0
1.99802672843 0.0095819329518 0
1.99888987496 0.0095819329518 0
1.99950656037 0.0095819329518 0
1.99987663248 0.0095819329518 0
2 0.0095819329518 2
0 0.010544569187 4
0.000123367518339 0.010544569187 0
0.000493439634268 0.010544569187 0
0.00111012503803 0.010544569187 0
0.00197327157173 0.010544569187 0
0.00308266626687 0.010544569187 0
0.00443803539692 0.010544569187 0
0.00603904454482 0.010544569187 0
0.00788529868552 0.010544569187 0
0.00997634228344 0.010544569187 0
0.0123116594049 0.010544569187 0
0.0148906738452 0.010544569187 0
0.0177127492713 0.010544569187 0
0.0207771893782 0.010544569187 0
0.0240832380613 0.010544569187 0
0.0276300796023 0.010544569187 0
0.0314168388714 0.010544569187 0
0.0354425815422 0.010544569187 0
0.0397063143231 0.010544569187 0
0.0442069852017 0.010544569187 0
0.0489434837048 0.010544569187 0
0.0539146411725 0.010544569187 0
0.0591192310458 0.010544569187 0
0.0645559691701 0.010544569187 0
0.0702235141117 0.010544569187 0
0.0761204674887 0.010544569187 0
0.082245374316 0.010544569187 0
0.0885967233646 0.010544569187 0
0.095172947534 0.010544569187 0
0.101972424239 0.010544569187 0
0.108993475812 0.010544569187 0
0.116234369911 0.010544569187 0
0.123693319956 0.010544569187 0
0.131368485562 0.010544569187 0
0.139257972996 0.010544569187 0
0.147359835646 0.010544569187 0
0.155672074498 0.010544569187 0
0.164192638632 0.010544569187 0
0.172919425725 0.010544569187 0
0.181850282575 0.010544569187 0
0.190983005625 0.010544569187 0
0.200315341513 0.010544569187 0
0.209844987624 0.010544569187 0
0.219569592662 0.010544569187 0
0.229486757224 0.010544569187 0
0.2395940344 0.010544569187 0
0.24988893037 0.010544569187 0
0.260368905021 0.010544569187 0
0.271031372579 0.010544569187 0
0.281873702237 0.010544569187 0
0.292893218813 0.010544569187 0
0.304087203408 0.010544569187 0
0.315452894071 0.010544569187 0
0.32698748649 0.010544569187 0
0.338688134676 0.010544569187 0
0.35055195167 0.010544569187 0
0.362576010251 0.010544569187 0
0.374757343664 0.010544569187 0
0.387092946347 0.010544569187 0
0.399579774674 0.010544569187 0
0.412214747708 0.010544569187 0
0.424994747957 0.010544569187 0
0.437916622148 0.010544569187 0
0.450977182002 0.010544569187 0
0.464173205021 0.010544569187 0
0.477501435284 0.010544569187 0
0.49095858425 0.010544569187 0
0.504541331568 0.010544569187 0
0.518246325898 0.010544569187 0
0.532070185739 0.010544569187 0
0.54600950026 0.010544569187 0
0.560060830144 0.010544569187 0
0.574220708435 0.010544569187 0
0.588485641395 0.010544569187 0
0.602852109365 0.010544569187 0
0.617316567635 0.010544569187 0
0.631875447315 0.010544569187 0
0.646525156221 0.010544569187 0
0.661262079755 0.010544569187 0
0.676082581802 0.010544569187 0
0.690983005625 0.010544569187 0
0.705959674768 0.010544569187 0
0.721008893961 0.010544569187 0
0.736126950035 0.010544569187 0
0.751310112835 0.010544569187 0
0.766554636144 0.010544569187 0
0.781856758603 0.010544569187 0
0.797212704643 0.010544569187 0
0.812618685414 0.010544569187 0
0.828070899721 0.010544569187 0
0.84356553496 0.010544569187 0
0.859098768062 0.010544569187 0
0.874666766436 0.010544569187 0
0.890265688909 0.010544569187 0
0.905891686681 0.010544569187 0
0.921540904272 0.010544569187 0
0.937209480471 0.010544569187 0
0.95289354929 0.010544569187 0
0.968589240922 0.010544569187 0
0.984292682688 0.010544569187 0
1 0.010544569187 0
1.01570731731 0.010544569187 0
1.03141075908 0.010544569187 0
1.04710645071 0.010544569187 0
1.06279051953 0.010544569187 0
1.07845909573 0.010544569187 0
1.09410831332 0.010544569187 0
1.10973431109 0.010544569187 0
1.12533323356 0.010544569187 0
1.14090123194 0.010544569187 0
1.15643446504 0.010544569187 0
1.17192910028 0.010544569187 0
1.18738131459 0.010544569187 0
1.20278729536 0.010544569187 0
1.2181432414 0.010544569187 0
1.23344536386 0.010544569187 0
1.24868988716 0.010544569187 0
1.26387304997 0.010544569187 0
1.27899110604 0.010544569187 0
1.29404032523 0.010544569187 0
1.30901699437 0.010544569187 0
1.3239174182 0.010544569187 0
1.33873792025 0.010544569187 0
1.35347484378 0.010544569187 0
1.36812455268 0.010544569187 0
1.38268343237 0.010544569187 0
1.39714789063 0.010544569187 0
1.41151435861 0.010544569187 0
1.42577929157 0.010544569187 0
1.43993916986 0.010544569187 0
1.45399049974 0.010544569187 0
1.46792981426 0.010544569187 0
1.4817536741 0.010544569187 0
1.49545866843 0.010544569187 0
1.50904141575 0.010544569187 0
1.52249856472 0.010544569187 0
1.53582679498 0.010544569187 0
1.549022818 0.010544569187 0
1.56208337785 0.010544569187 0
1.57500525204 0.010544569187 0
1.58778525229 0.010544569187 0
1.60042022533 0.010544569187 0
1.61290705365 0.010544569187 0
1.62524265634 0.010544569187 0
1.63742398975 0.010544569187 0
1.64944804833 0.010544569187 0
1.66131186532 0.010544569187 0
1.67301251351 0.010544569187 0
1.68454710593 0.010544569187 0
1.69591279659 0.010544569187 0
1.70710678119 0.010544569187 0
1.71812629776 0.010544569187 0
1.72896862742 0.010544569187 0
1.73963109498 0.010544569187 0
1.75011106963 0.010544569187 0
1.7604059656 0.010544569187 0
1.77051324278 0.010544569187 0
1.78043040734 0.010544569187 0
1.79015501238 0.010544569187 0
1.79968465849 0.010544569187 0
1.80901699437 0.010544569187 0
1.81814971743 0.010544569187 0
1.82708057427 0.010544569187 0
1.83580736137 0.010544569187 0
1.8443279255 0.010544569187 0
1.85264016435 0.010544569187 0
1.860742027 0.010544569187 0
1.86863151444 0.010544569187 0
1.87630668004 0.010544569187 0
1.88376563009 0.010544569187 0
1.89100652419 0.010544569187 0
1.89802757576 0.010544569187 0
1.90482705247 0.010544569187 0
1.91140327664 0.010544569187 0
1.91775462568 0.010544569187 0
1.92387953251 0.010544569187 0
1.92977648589 0.010544569187 0
1.93544403083 0.010544569187 0
1.94088076895 0.010544569187 0
1.94608535883 0.010544569187 0
1.9510565163 0.010544569187 0
1.9557930148 0.010544569187 0
1.96029368568 0.010544569187 0
1.96455741846 0.010544569187 0
1.96858316113 0.010544569187 0
1.9723699204 0.010544569187 0
1.97591676194 0.010544569187 0
1.97922281062 0.010544569187 0
1.98228725073 0.010544569187 0
1.98510932615 0.010544569187 0
1.9876883406 0.010544569187 0
1.99002365772 0.010544569187 0
1.99211470131 0.010544569187 0
1.99396095546 0.010544569187 0
1.9955619646 0.010544569187 0
1.99691733373 0.010544569187 0
1.99802672843 0.010544569187 0
1.99888987496 0.010544569187 0
1.99950656037 0.010544569187 0
1.99987663248 0.010544569187 0
2 0.010544569187 2
0 0.0115192613034 4
0.000123367518339 0.0115192613034 0
0.000493439634268 0.0115192613034 0
0.00111012503803 0.0115192613034 0
0.00197327157173 0.0115192613034 0
0.00308266626687 0.0115192613034 0
0.00443803539692 0.0115192613034 0
0.00603904454482 0.0115192613034 0
0.00788529868552 0.0115192613034 0
0.00997634228344 0.0115192613034 0
0.0123116594049 0.0115192613034 0
0.0148906738452 0.0115192613034 0
0.0177127492713 0.0115192613034 0
0.0207771893782 0.0115192613034 0
0.0240832380613 0.0115192613034 0
0.0276300796023 0.0115192613034 0
0.0314168388714 0.0115192613034 0
0.0354425815422 0.0115192613034 0
0.0397063143231 0.0115192613034 0
0.0442069852017 0.0115192613034 0
0.0489434837048 0.0115192613034 0
0.0539146411725 0.0115192613034 0
0.0591192310458 0.0115192613034 0
0.0645559691701 0.0115192613034 0
0.0702235141117 0.0115192613034 0
0.0761204674887 0.0115192613034 0
0.082245374316 0.0115192613034 0
0.0885967233646 0.0115192613034 0
0.095172947534 0.0115192613034 0
0.101972424239 0.0115192613034 0
0.108993475812 0.0115192613034 0
0.116234369911 0.0115192613034 0
0.123693319956 0.0115192613034 0
0.131368485562 0.0115192613034 0
0.139257972996 0.0115192613034 0
0.147359835646 0.0115192613034 0
0.155672074498 0.0115192613034 0
0.164192638632 0.0115192613034 0
0.172919425725 0.0115192613034 0
0.181850282575 0.0115192613034 0
0.190983005625 0.0115192613034 0
0.200315341513 0.0115192613034 0
0.209844987624 0.0115192613034 0
0.219569592662 0.0115192613034 0
0.229486757224 0.0115192613034 0
0.2395940344 0.0115192613034 0
0.24988893037 0.0115192613034 0
0.260368905021 0.0115192613034 0
0.271031372579 0.0115192613034 0
0.281873702237 0.0115192613034 0
0.292893218813 0.0115192613034 0
0.304087203408 0.0115192613034 0
0.315452894071 0.0115192613034 0
0.32698748649 0.0115192613034 0
0.338688134676 0.0115192613034 0
0.35055195167 0.0115192613034 0
0.362576010251 0.0115192613034 0
0.374757343664 0.0115192613034 0
0.387092946347 0.0115192613034 0
0.399579774674 0.0115192613034 0
0.412214747708 0.0115192613034 0
0.424994747957 0.0115192613034 0
0.437916622148 0.0115192613034 0
0.450977182002 0.0115192613034 0
0.464173205021 0.0115192613034 0
0.477501435284 0.0115192613034 0
0.49095858425 0.0115192613034 0
0.504541331568 0.0115192613034 0
0.518246325898 0.0115192613034 0
0.532070185739 0.0115192613034 0
0.54600950026 0.0115192613034 0
0.560060830144 0.0115192613034 0
0.574220708435 0.0115192613034 0
0.588485641395 0.0115192613034 0
0.602852109365 0.0115192613034 0
0.617316567635 0.0115192613034 0
0.631875447315 0.0115192613034 0
0.646525156221 0.0115192613034 0
0.661262079755 0.0115192613034 0
0.676082581802 0.0115192613034 0
0.690983005625 0.0115192613034 0
0.705959674768 0.0115192613034 0
0.721008893961 0.0115192613034 0
0.736126950035 0.0115192613034 0
0.751310112835 0.0115192613034 0
0.766554636144 0.0115192613034 0
0.781856758603 0.0115192613034 0
0.797212704643 0.0115192613034 0
0.812618685414 0.0115192613034 0
0.828070899721 0.0115192613034 0
0.84356553496 0.0115192613034 0
0.859098768062 0.0115192613034 0
0.874666766436 0.0115192613034 0
0.890265688909 0.0115192613034 0
0.905891686681 0.0115192613034 0
0.921540904272 0.0115192613034 0
0.937209480471 0.0115192613034 0
0.95289354929 0.0115192613034 0
0.968589240922 0.0115192613034 0
0.984292682688 0.0115192613034 0
1 0.0115192613034 0
1.01570731731 0.0115192613034 0
1.03141075908 0.0115192613034 0
1.04710645071 0.0115192613034 0
1.06279051953 0.0115192613034 0
1.07845909573 0.0115192613034 0
1.09410831332 0.0115192613034 0
1.10973431109 0.0115192613034 0
1.12533323356 0.0115192613034 0
1.14090123194 0.0115192613034 0
1.15643446504 0.0115192613034 0
1.17192910028 0.0115192613034 0
1.18738131459 0.0115192613034 0
1.20278729536 0.0115192613034 0
1.2181432414 0.0115192613034 0
1.23344536386 0.0115192613034 0
1.24868988716 0.0115192613034 0
1.26387304997 0.0115192613034 0
1.27899110604 0.0115192613034 0
1.29404032523 0.0115192613034 0
1.30901699437 0.0115192613034 0
1.3239174182 0.0115192613034 0
1.33873792025 0.0115192613034 0
1.35347484378 0.0115192613034 0
1.36812455268 0.0115192613034 0
1.38268343237 0.0115192613034 0
1.39714789063 0.0115192613034 0
1.41151435861 0.0115192613034 0
1.42577929157 0.0115192613034 0
1.43993916986 0.0115192613034 0
1.45399049974 0.0115192613034 0
1.46792981426 0.0115192613034 0
1.4817536741 0.0115192613034 0
1.49545866843 0.0115192613034 0
1.50904141575 0.0115192613034 0
1.52249856472 0.0115192613034 0
1.53582679498 0.0115192613034 0
1.549022818 0.0115192613034 0
1.56208337785 0.0115192613034 0
1.57500525204 0.0115192613034 0
1.58778525229 0.0115192613034 0
1.60042022533 0.0115192613034 0
1.61290705365 0.0115192613034 0
1.62524265634 0.0115192613034 0
1.63742398975 0.0115192613034 0
1.64944804833 0.0115192613034 0
1.66131186532 0.0115192613034 0
1.67301251351 0.0115192613034 0
1.68454710593 0.0115192613034 0
1.69591279659 0.0115192613034 0
1.70710678119 0.0115192613034 0
1.71812629776 0.0115192613034 0
1.72896862742 0.0115192613034 0
1.73963109498 0.0115192613034 0
1.75011106963 0.0115192613034 0
1.7604059656 0.0115192613034 0
1.77051324278 0.0115192613034 0
1.78043040734 0.0115192613034 0
1.79015501238 0.0115192613034 0
1.79968465849 0.0115192613034 0
1.80901699437 0.0115192613034 0
1.81814971743 0.0115192613034 0
1.82708057427 0.0115192613034 0
1.83580736137 0.0115192613034 0
1.8443279255 0.0115192613034 0
1.85264016435 0.0115192613034 0
1.860742027 0.0115192613034 0
1.86863151444 0.0115192613034 0
1.87630668004 0.0115192613034 0
1.88376563009 0.0115192613034 0
1.89100652419 0.0115192613034 0
1.89802757576 0.0115192613034 0
1.90482705247 0.0115192613034 0
1.91140327664 0.0115192613034 0
1.91775462568 0.0115192613034 0
1.92387953251 0.0115192613034 0
1.92977648589 0.0115192613034 0
1.93544403083 0.0115192613034 0
1.94088076895 0.0115192613034 0
1.94608535883 0.0115192613034 0
1.9510565163 0.0115192613034 0
1.9557930148 0.0115192613034 0
1.96029368568 0.0115192613034 0
1.96455741846 0.0115192613034 0
1.96858316113 0.0115192613034 0
1.9723699204 0.0115192613034 0
1.97591676194 0.0115192613034 0
1.97922281062 0.0115192613034 0
1.98228725073 0.0115192613034 0
1.98510932615 0.0115192613034 0
1.9876883406 0.0115192613034 0
1.99002365772 0.0115192613034 0
1.99211470131 0.0115192613034 0
1.99396095546 0.0115192613034 0
1.9955619646 0.0115192613034 0
1.99691733373 0.0115192613034 0
1.99802672843 0.0115192613034 0
1.99888987496 0.0115192613034 0
1.99950656037 0.0115192613034 0
1.99987663248 0.0115192613034 0
2 0.0115192613034 2
0 0.0125 4
0.000123367518339 0.0125 0
0.000493439634268 0.0125 0
0.00111012503803 0.0125 0
0.00197327157173 0.0125 0
0.00308266626687 0.0125 0
0.00443803539692 0.0125 0
0.00603904454482 0.0125 0
0.00788529868552 0.0125 0
0.00997634228344 0.0125 0
0.0123116594049 0.0125 0
0.0148906738452 0.0125 0
0.0177127492713 0.0125 0
0.0207771893782 0.0125 0
0.0240832380613 0.0125 0
0.0276300796023 0.0125 0
0.0314168388714 0.0125 0
0.0354425815422 0.0125 0
0.0397063143231 0.0125 0
0.0442069852017 0.0125 0
0.0489434837048 0.0125 0
0.0539146411725 0.0125 0
0.0591192310458 0.0125 0
0.0645559691701 0.0125 0
0.0702235141117 0.0125 0
0.0761204674887 0.0125 0
0.082245374316 0.0125 0
0.0885967233646 0.0125 0
0.095172947534 0.0125 0
0.101972424239 0.0125 0
0.108993475812 0.0125 0
0.116234369911 0.0125 0
0.123693319956 0.0125 0
0.131368485562 0.0125 0
0.139257972996 0.0125 0
0.147359835646 0.0125 0
0.155672074498 0.0125 0
0.164192638632 0.0125 0
0.172919425725 0.0125 0
0.181850282575 0.0125 0
0.190983005625 0.0125 0
0.200315341513 0.0125 0
0.209844987624 0.0125 0
0.219569592662 0.0125 0
0.229486757224 0.0125 0
0.2395940344 0.0125 0
0.24988893037 0.0125 0
0.260368905021 0.0125 0
0.271031372579 0.0125 0
0.281873702237 0.0125 0
0.292893218813 0.0125 0
0.304087203408 0.0125 0
0.315452894071 0.0125 0
0.32698748649 0.0125 0
0.338688134676 0.0125 0
0.35055195167 0.0125 0
0.362576010251 0.0125 0
0.374757343664 0.0125 0
0.387092946347 0.0125 0
0.399579774674 0.0125 0
0.412214747708 0.0125 0
0.424994747957 0.0125 0
0.437916622148 0.0125 0
0.450977182002 0.0125 0
0.464173205021 0.0125 0
0.477501435284 0.0125 0
0.49095858425 0.0125 0
0.504541331568 0.0125 0
0.518246325898 0.0125 0
0.532070185739 0.0125 0
0.54600950026 0.0125 0
0.560060830144 0.0125 0
0.574220708435 0.0125 0
0.588485641395 0.0125 0
0.602852109365 0.0125 0
0.617316567635 0.0125 0
0.631875447315 0.0125 0
0.646525156221 0.0125 0
0.661262079755 0.0125 0
0.676082581802 0.0125 0
0.690983005625 0.0125 0
0.705959674768 0.0125 0
0.721008893961 0.0125 0
0.736126950035 0.0125 0
0.751310112835 0.0125 0
0.766554636144 0.0125 0
0.781856758603 0.0125 0
0.797212704643 0.0125 0
0.812618685414 0.0125 0
0.828070899721 0.0125 0
0.84356553496 0.0125 0
0.859098768062 0.0125 0
0.874666766436 0.0125 0
0.890265688909 0.0125 0
0.905891686681 0.0125 0
0.921540904272 0.0125 0
0.937209480471 0.0125 0
0.95289354929 0.0125 0
0.968589240922 0.0125 0
0.984292682688 0.0125 0
1 0.0125 0
1.01570731731 0.0125 0
1.03141075908 0.0125 0
1.04710645071 0.0125 0
1.06279051953 0.0125 0
1.07845909573 0.0125 0
1.09410831332 0.0125 0
1.10973431109 0.0125 0
1.12533323356 0.0125 0
1.14090123194 0.0125 0
1.15643446504 0.0125 0
1.17192910028 0.0125 0
1.18738131459 0.0125 0
1.20278729536 0.0125 0
1.2181432414 0.0125 0
1.23344536386 0.0125 0
1.24868988716 0.0125 0
1.26387304997 0.0125 0
1.27899110604 0.0125 0
1.29404032523 0.0125 0
1.30901699437 0.0125 0
1.3239174182 0.0125 0
1.33873792025 0.0125 0
1.35347484378 0.0125 0
1.36812455268 0.0125 0
1.38268343237 0.0125 0
1.39714789063 0.0125 0
1.41151435861 0.0125 0
1.42577929157 0.0125 0
1.43993916986 0.0125 0
1.45399049974 0.0125 0
1.46792981426 0.0125 0
1.4817536741 0.0125 0
1.49545866843 0.0125 0
1.50904141575 0.0125 0
1.52249856472 0.0125 0
1.53582679498 0.0125 0
1.549022818 0.0125 0
1.56208337785 0.0125 0
1.57500525204 0.0125 0
1.58778525229 0.0125 0
1.60042022533 0.0125 0
1.61290705365 0.0125 0
1.62524265634 0.0125 0
1.63742398975 0.0125 0
1.64944804833 0.0125 0
1.66131186532 0.0125 0
1.67301251351 0.0125 0
1.68454710593 0.0125 0
1.69591279659 0.0125 0
1.70710678119 0.0125 0
1.71812629776 0.0125 0
1.72896862742 0.0125 0
1.73963109498 0.0125 0
1.75011106963 0.0125 0
1.7604059656 0.0125 0
1.77051324278 0.0125 0
1.78043040734 0.0125 0
1.79015501238 0.0125 0
1.79968465849 0.0125 0
1.80901699437 0.0125 0
1.81814971743 0.0125 0
1.82708057427 0.0125 0
1.83580736137 0.0125 0
1.8443279255 0.0125 0
1.85264016435 0.0125 0
1.860742027 0.0125 0
1.86863151444 0.0125 0
1.87630668004 0.0125 0
1.88376563009 0.0125 0
1.89100652419 0.0125 0
1.89802757576 0.0125 0
1.90482705247 0.0125 0
1.91140327664 0.0125 0
1.91775462568 0.0125 0
1.92387953251 0.0125 0
1.92977648589 0.0125 0
1.93544403083 0.0125 0
1.94088076895 0.0125 0
1.94608535883 0.0125 0
1.9510565163 0.0125 0
1.9557930148 0.0125 0
1.96029368568 0.0125 0
1.96455741846 0.0125 0
1.96858316113 0.0125 0
1.9723699204 0.0125 0
1.97591676194 0.0125 0
1.97922281062 0.0125 0
1.98228725073 0.0125 0
1.98510932615 0.0125 0
1.9876883406 0.0125 0
1.99002365772 0.0125 0
1.99211470131 0.0125 0
1.99396095546 0.0125 0
1.9955619646 0.0125 0
1.99691733373 0.0125 0
1.99802672843 0.0125 0
1.99888987496 0.0125 0
1.99950656037 0.0125 0
1.99987663248 0.0125 0
2 0.0125 2
0 0.0134807386966 4
0.000123367518339 0.0134807386966 0
0.000493439634268 0.0134807386966 0
0.00111012503803 0.0134807386966 0
0.00197327157173 0.0134807386966 0
0.00308266626687 0.0134807386966 0
0.00443803539692 0.0134807386966 0
0.00603904454482 0.0134807386966 0
0.00788529868552 0.0134807386966 0
0.00997634228344 0.0134807386966 0
0.0123116594049 0.0134807386966 0
0.0148906738452 0.0134807386966 0
0.0177127492713 0.0134807386966 0
0.0207771893782 0.0134807386966 0
0.0240832380613 0.0134807386966 0
0.0276300796023 0.0134807386966 0
0.0314168388714 0.0134807386966 0
0.0354425815422 0.0134807386966 0
0.0397063143231 0.0134807386966 0
0.0442069852017 0.0134807386966 0
0.0489434837048 0.0134807386966 0
0.0539146411725 0.0134807386966 0
0.0591192310458 0.0134807386966 0
0.0645559691701 0.0134807386966 0
0.0702235141117 0.0134807386966 0
0.0761204674887 0.0134807386966 0
0.082245374316 0.0134807386966 0
0.0885967233646 0.0134807386966 0
0.095172947534 0.0134807386966 0
0.101972424239 0.0134807386966 0
0.108993475812 0.0134807386966 0
0.116234369911 0.0134807386966 0
0.123693319956 0.0134807386966 0
0.131368485562 0.0134807386966 0
0.139257972996 0.0134807386966 0
0.147359835646 0.0134807386966 0
0.155672074498 0.0134807386966 0
0.164192638632 0.0134807386966 0
0.172919425725 0.0134807386966 0
0.181850282575 0.0134807386966 0
0.190983005625 0.0134807386966 0
0.200315341513 0.0134807386966 0
0.209844987624 0.0134807386966 0
0.219569592662 0.0134807386966 0
0.229486757224 0.0134807386966 0
0.2395940344 0.0134807386966 0
0.24988893037 0.0134807386966 0
0.260368905021 0.0134807386966 0
0.271031372579 0.0134807386966 0
0.281873702237 0.0134807386966 0
0.292893218813 0.0134807386966 0
0.304087203408 0.0134807386966 0
0.315452894071 0.0134807386966 0
0.32698748649 0.0134807386966 0
0.338688134676 0.0134807386966 0
0.35055195167 0.0134807386966 0
0.362576010251 0.0134807386966 0
0.374757343664 0.0134807386966 0
0.387092946347 0.0134807386966 0
0.399579774674 0.0134807386966 0
0.412214747708 0.0134807386966 0
0.424994747957 0.0134807386966 0
0.437916622148 0.0134807386966 0
0.450977182002 0.0134807386966 0
0.464173205021 0.0134807386966 0
0.477501435284 0.0134807386966 0
0.49095858425 0.0134807386966 0
0.504541331568 0.0134807386966 0
0.518246325898 0.0134807386966 0
0.532070185739 0.0134807386966 0
0.54600950026 0.0134807386966 0
0.560060830144 0.0134807386966 0
0.574220708435 0.0134807386966 0
0.588485641395 0.0134807386966 0
0.602852109365 0.0134807386966 0
0.617316567635 0.0134807386966 0
0.631875447315 0.0134807386966 0
0.646525156221 0.0134807386966 0
0.661262079755 0.0134807386966 0
0.676082581802 0.0134807386966 0
0.690983005625 0.0134807386966 0
0.705959674768 0.0134807386966 0
0.721008893961 0.0134807386966 0
0.736126950035 0.0134807386966 0
0.751310112835 0.0134807386966 0
0.766554636144 0.0134807386966 0
0.781856758603 0.0134807386966 0
0.797212704643 0.0134807386966 0
0.812618685414 0.0134807386966 0
0.828070899721 0.0134807386966 0
0.84356553496 0.0134807386966 0
0.859098768062 0.0134807386966 0
0.874666766436 0.0134807386966 0
0.890265688909 0.0134807386966 0
0.905891686681 0.0134807386966 0
0.921540904272 0.0134807386966 0
0.937209480471 0.0134807386966 0
0.95289354929 0.0134807386966 0
0.968589240922 0.0134807386966 0
0.984292682688 0.0134807386966 0
1 0.0134807386966 0
1.01570731731 0.0134807386966 0
1.03141075908 0.0134807386966 0
1.04710645071 0.0134807386966 0
1.06279051953 0.0134807386966 0
1.07845909573 0.0134807386966 0
1.09410831332 0.0134807386966 0
1.10973431109 0.0134807386966 0
1.12533323356 0.0134807386966 0
1.14090123194 0.0134807386966 0
1.15643446504 0.0134807386966 0
1.17192910028 0.0134807386966 0
1.18738131459 0.0134807386966 0
1.20278729536 0.0134807386966 0
1.2181432414 0.0134807386966 0
1.23344536386 0.0134807386966 0
1.24868988716 0.0134807386966 0
1.26387304997 0.0134807386966 0
1.27899110604 0.0134807386966 0
1.29404032523 0.0134807386966 0
1.30901699437 0.0134807386966 0
1.3239174182 0.0134807386966 0
1.33873792025 0.0134807386966 0
1.35347484378 0.0134807386966 0
1.36812455268 0.0134807386966 0
1.38268343237 0.0134807386966 0
1.39714789063 0.0134807386966 0
1.41151435861 0.0134807386966 0
1.42577929157 0.0134807386966 0
1.43993916986 0.0134807386966 0
1.45399049974 0.0134807386966 0
1.46792981426 0.0134807386966 0
1.4817536741 0.0134807386966 0
1.49545866843 0.0134807386966 0
1.50904141575 0.0134807386966 0
1.52249856472 0.0134807386966 0
1.53582679498 0.0134807386966 0
1.549022818 0.0134807386966 0
1.56208337785 0.0134807386966 0
1.57500525204 0.0134807386966 0
1.58778525229 0.0134807386966 0
1.60042022533 0.0134807386966 0
1.61290705365 0.0134807386966 0
1.62524265634 0.0134807386966 0
1.63742398975 0.0134807386966 0
1.64944804833 0.0134807386966 0
1.66131186532 0.0134807386966 0
1.67301251351 0.0134807386966 0
1.68454710593 0.0134807386966 0
1.69591279659 0.0134807386966 0
1.70710678119 0.0134807386966 0
1.71812629776 0.0134807386966 0
1.72896862742 0.0134807386966 0
1.73963109498 0.0134807386966 0
1.75011106963 0.0134807386966 0
1.7604059656 0.0134807386966 0
1.77051324278 0.0134807386966 0
1.78043040734 0.0134807386966 0
1.79015501238 0.0134807386966 0
1.79968465849 0.0134807386966 0
1.80901699437 0.0134807386966 0
1.81814971743 0.0134807386966 0
1.82708057427 0.0134807386966 0
1.83580736137 0.0134807386966 0
1.8443279255 0.0134807386966 0
1.85264016435 0.0134807386966 0
1.860742027 0.0134807386966 0
1.86863151444 0.0134807386966 0
1.87630668004 0.0134807386966 0
1.88376563009 0.0134807386966 0
1.89100652419 0.0134807386966 0
1.89802757576 0.0134807386966 0
1.90482705247 0.0134807386966 0
1.91140327664 0.0134807386966 0
1.91775462568 0.0134807386966 0
1.92387953251 0.0134807386966 0
1.92977648589 0.0134807386966 0
1.93544403083 0.0134807386966 0
1.94088076895 0.0134807386966 0
1.94608535883 0.0134807386966 0
1.9510565163 0.0134807386966 0
1.9557930148 0.0134807386966 0
1.96029368568 0.0134807386966 0
1.96455741846 0.0134807386966 0
1.96858316113 0.0134807386966 0
1.9723699204 0.0134807386966 0
1.97591676194 0.0134807386966 0
1.97922281062 0.0134807386966 0
1.98228725073 0.0134807386966 0
1.98510932615 0.0134807386966 0
1.9876883406 0.0134807386966 0
1.99002365772 0.0134807386966 0
1.99211470131 0.0134807386966 0
1.99396095546 0.0134807386966 0
1.9955619646 0.0134807386966 0
1.99691733373 0.0134807386966 0
1.99802672843 0.0134807386966 0
1.99888987496 0.0134807386966 0
1.99950656037 0.0134807386966 0
1.99987663248 0.0134807386966 0
2 0.0134807386966 2
0 0.014455430813 4
0.000123367518339 0.014455430813 0
0.000493439634268 0.014455430813 0
0.00111012503803 0.014455430813 0
0.00197327157173 0.014455430813 0
0.00308266626687 0.014455430813 0
0.00443803539692 0.014455430813 0
0.00603904454482 0.014455430813 0
0.00788529868552 0.014455430813 0
0.00997634228344 0.014455430813 0
0.0123116594049 0.014455430813 0
0.0148906738452 0.014455430813 0
0.0177127492713 0.014455430813 0
0.0207771893782 0.014455430813 0
0.0240832380613 0.014455430813 0
0.0276300796023 0.014455430813 0
0.0314168388714 0.014455430813 0
0.0354425815422 0.014455430813 0
0.0397063143231 0.014455430813 0
0.0442069852017 0.014455430813 0
0.0489434837048 0.014455430813 0
0.0539146411725 0.014455430813 0
0.0591192310458 0.014455430813 0
0.0645559691701 0.014455430813 0
0.0702235141117 0.014455430813 0
0.0761204674887 0.014455430813 0
0.082245374316 0.014455430813 0
0.0885967233646 0.014455430813 0
0.095172947534 0.014455430813 0
0.101972424239 0.014455430813 0
0.108993475812 0.014455430813 0
0.116234369911 0.014455430813 0
0.123693319956 0.014455430813 0
0.131368485562 0.014455430813 0
0.139257972996 0.014455430813 0
0.147359835646 0.014455430813 0
0.155672074498 0.014455430813 0
0.164192638632 0.014455430813 0
0.172919425725 0.014455430813 0
0.181850282575 0.014455430813 0
0.190983005625 0.014455430813 0
0.200315341513 0.014455430813 0
0.209844987624 0.014455430813 0
0.219569592662 0.014455430813 0
0.229486757224 0.014455430813 0
0.2395940344 0.014455430813 0
0.24988893037 0.014455430813 0
0.260368905021 0.014455430813 0
0.271031372579 0.014455430813 0
0.281873702237 0.014455430813 0
0.292893218813 0.014455430813 0
0.304087203408 0.014455430813 0
0.315452894071 0.014455430813 0
0.32698748649 0.014455430813 0
0.338688134676 0.014455430813 0
0.35055195167 0.014455430813 0
0.362576010251 0.014455430813 0
0.374757343664 0.014455430813 0
0.387092946347 0.014455430813 0
0.399579774674 0.014455430813 0
0.412214747708 0.014455430813 0
0.424994747957 0.014455430813 0
0.437916622148 0.014455430813 0
0.450977182002 0.014455430813 0
0.464173205021 0.014455430813 0
0.477501435284 0.014455430813 0
0.49095858425 0.014455430813 0
0.504541331568 0.014455430813 0
0.518246325898 0.014455430813 0
0.532070185739 0.014455430813 0
0.54600950026 0.014455430813 0
0.560060830144 0.014455430813 0
0.574220708435 0.014455430813 0
0.588485641395 0.014455430813 0
0.602852109365 0.014455430813 0
0.617316567635 0.014455430813 0
0.631875447315 0.014455430813 0
0.646525156221 0.014455430813 0
0.661262079755 0.014455430813 0
0.676082581802 0.014455430813 0
0.690983005625 0.014455430813 0
0.705959674768 0.014455430813 0
0.721008893961 0.014455430813 0
0.736126950035 0.014455430813 0
0.751310112835 0.014455430813 0
0.766554636144 0.014455430813 0
0.781856758603 0.014455430813 0
0.797212704643 0.014455430813 0
0.812618685414 0.014455430813 0
0.828070899721 0.014455430813 0
0.84356553496 0.014455430813 0
0.859098768062 0.014455430813 0
0.874666766436 0.014455430813 0
0.890265688909 0.014455430813 0
0.905891686681 0.014455430813 0
0.921540904272 0.014455430813 0
0.937209480471 0.014455430813 0
0.95289354929 0.014455430813 0
0.968589240922 0.014455430813 0
0.984292682688 0.014455430813 0
1 0.014455430813 0
1.01570731731 0.014455430813 0
1.03141075908 0.014455430813 0
1.04710645071 0.014455430813 0
1.06279051953 0.014455430813 0
1.07845909573 0.014455430813 0
1.09410831332 0.014455430813 0
1.10973431109 0.014455430813 0
1.12533323356 0.014455430813 0
1.14090123194 0.014455430813 0
1.15643446504 0.014455430813 0
1.17192910028 0.014455430813 0
1.18738131459 0.014455430813 0
1.20278729536 0.014455430813 0
1.2181432414 0.014455430813 0
1.23344536386 0.014455430813 0
1.24868988716 0.014455430813 0
1.26387304997 0.014455430813 0
1.27899110604 0.014455430813 0
1.29404032523 0.014455430813 0
1.30901699437 0.014455430813 0
1.3239174182 0.014455430813 0
1.33873792025 0.014455430813 0
1.35347484378 0.014455430813 0
1.36812455268 0.014455430813 0
1.38268343237 0.014455430813 0
1.39714789063 0.014455430813 0
1.41151435861 0.014455430813 0
1.42577929157 0.014455430813 0
1.43993916986 0.014455430813 0
1.45399049974 0.014455430813 0
1.46792981426 0.014455430813 0
1.4817536741 0.014455430813 0
1.49545866843 0.014455430813 0
1.50904141575 0.014455430813 0
1.52249856472 0.014455430813 0
1.53582679498 0.014455430813 0
1.549022818 0.014455430813 0
1.56208337785 0.014455430813 0
1.57500525204 0.014455430813 0
1.58778525229 0.014455430813 0
1.60042022533 0.014455430813 0
1.61290705365 0.014455430813 0
1.62524265634 0.014455430813 0
1.63742398975 0.014455430813 0
1.64944804833 0.014455430813 0
1.66131186532 0.014455430813 0
1.67301251351 0.014455430813 0
1.68454710593 0.014455430813 0
1.69591279659 0.014455430813 0
1.70710678119 0.014455430813 0
1.71812629776 0.014455430813 0
1.72896862742 0.014455430813 0
1.73963109498 0.014455430813 0
1.75011106963 0.014455430813 0
1.7604059656 0.014455430813 0
1.77051324278 0.014455430813 0
1.78043040734 0.014455430813 0
1.79015501238 0.014455430813 0
1.79968465849 0.014455430813 0
1.80901699437 0.014455430813 0
1.81814971743 0.014455430813 0
1.82708057427 0.014455430813 0
1.83580736137 0.014455430813 0
1.8443279255 0.014455430813 0
1.85264016435 0.014455430813 0
1.860742027 0.014455430813 0
1.86863151444 0.014455430813 0
1.87630668004 0.014455430813 0
1.88376563009 0.014455430813 0
1.89100652419 0.014455430813 0
1.89802757576 0.014455430813 0
1.90482705247 0.014455430813 0
1.91140327664 0.014455430813 0
1.91775462568 0.014455430813 0
1.92387953251 0.014455430813 0
1.92977648589 0.014455430813 0
1.93544403083 0.014455430813 0
1.94088076895 0.014455430813 0
1.94608535883 0.014455430813 0
1.9510565163 0.014455430813 0
1.9557930148 0.014455430813 0
1.96029368568 0.014455430813 0
1.96455741846 0.014455430813 0
1.96858316113 0.014455430813 0
1.9723699204 0.014455430813 0
1.97591676194 0.014455430813 0
1.97922281062 0.014455430813 0
1.98228725073 0.014455430813 0
1.98510932615 0.014455430813 0
1.9876883406 0.014455430813 0
1.99002365772 0.014455430813 0
1.99211470131 0.014455430813 0
1.99396095546 0.014455430813 0
1.9955619646 0.014455430813 0
1.99691733373 0.014455430813 0
1.99802672843 0.014455430813 0
1.99888987496 0.014455430813 0
1.99950656037 0.014455430813 0
1.99987663248 0.014455430813 0
2 0.014455430813 2
0 0.0154180670482 4
0.000123367518339 0.0154180670482 0
0.000493439634268 0.0154180670482 0
0.00111012503803 0.0154180670482 0
0.00197327157173 0.0154180670482 0
0.00308266626687 0.0154180670482 0
0.00443803539692 0.0154180670482 0
0.00603904454482 0.0154180670482 0
0.00788529868552 0.0154180670482 0
0.00997634228344 0.0154180670482 0
0.0123116594049 0.0154180670482 0
0.0148906738452 0.0154180670482 0
0.0177127492713 0.0154180670482 0
0.0207771893782 0.0154180670482 0
0.0240832380613 0.0154180670482 0
0.0276300796023 0.0154180670482 0
0.0314168388714 0.0154180670482 0
0.0354425815422 0.0154180670482 0
0.0397063143231 0.0154180670482 0
0.0442069852017 0.0154180670482 0
0.0489434837048 0.0154180670482 0
0.0539146411725 0.0154180670482 0
0.0591192310458 0.0154180670482 0
0.0645559691701 0.0154180670482 0
0.0702235141117 0.0154180670482 0
0.0761204674887 0.0154180670482 0
0.082245374316 0.0154180670482 0
0.0885967233646 0.0154180670482 0
0.095172947534 0.0154180670482 0
0.101972424239 0.0154180670482 0
0.108993475812 0.0154180670482 0
0.116234369911 0.0154180670482 0
0.123693319956 0.0154180670482 0
0.131368485562 0.0154180670482 0
0.139257972996 0.0154180670482 0
0.147359835646 0.0154180670482 0
0.155672074498 0.0154180670482 0
0.164192638632 0.0154180670482 0
0.172919425725 0.0154180670482 0
0.181850282575 0.0154180670482 0
0.190983005625 0.0154180670482 0
0.200315341513 0.0154180670482 0
0.209844987624 0.0154180670482 0
0.219569592662 0.0154180670482 0
0.229486757224 0.0154180670482 0
0.2395940344 0.0154180670482 0
0.24988893037 0.0154180670482 0
0.260368905021 0.0154180670482 0
0.271031372579 0.0154180670482 0
0.281873702237 0.0154180670482 0
0.292893218813 0.0154180670482 0
0.304087203408 0.0154180670482 0
0.315452894071 0.0154180670482 0
0.32698748649 0.0154180670482 0
0.338688134676 0.0154180670482 0
0.35055195167 0.0154180670482 0
0.362576010251 0.0154180670482 0
0.374757343664 0.0154180670482 0
0.387092946347 0.0154180670482 0
0.399579774674 0.0154180670482 0
0.412214747708 0.0154180670482 0
0.424994747957 0.0154180670482 0
0.437916622148 0.0154180670482 0
0.450977182002 0.0154180670482 0
0.464173205021 0.0154180670482 0
0.477501435284 0.0154180670482 0
0.49095858425 0.0154180670482 0
0.504541331568 0.0154180670482 0
0.518246325898 0.0154180670482 0
0.532070185739 0.0154180670482 0
0.54600950026 0.0154180670482 0
0.560060830144 0.0154180670482 0
0.574220708435 0.0154180670482 0
0.588485641395 0.0154180670482 0
0.602852109365 0.0154180670482 0
0.617316567635 0.0154180670482 0
0.631875447315 0.0154180670482 0
0.646525156221 0.0154180670482 0
0.661262079755 0.0154180670482 0
0.676082581802 0.0154180670482 0
0.690983005625 0.0154180670482 0
0.705959674768 0.0154180670482 0
0.721008893961 0.0154180670482 0
0.736126950035 0.0154180670482 0
0.751310112835 0.0154180670482 0
0.766554636144 0.0154180670482 0
0.781856758603 0.0154180670482 0
0.797212704643 0.0154180670482 0
0.812618685414 0.0154180670482 0
0.828070899721 0.0154180670482 0
0.84356553496 0.0154180670482 0
0.859098768062 0.0154180670482 0
0.874666766436 0.0154180670482 0
0.890265688909 0.0154180670482 0
0.905891686681 0.0154180670482 0
0.921540904272 0.0154180670482 0
0.937209480471 0.0154180670482 0
0.95289354929 0.0154180670482 0
0.968589240922 0.0154180670482 0
0.984292682688 0.0154180670482 0
1 0.0154180670482 0
1.01570731731 0.0154180670482 0
1.03141075908 0.0154180670482 0
1.04710645071 0.0154180670482 0
1.06279051953 0.0154180670482 0
1.07845909573 0.0154180670482 0
1.09410831332 0.0154180670482 0
1.10973431109 0.0154180670482 0
1.12533323356 0.0154180670482 0
1.14090123194 0.0154180670482 0
1.15643446504 0.0154180670482 0
1.17192910028 0.0154180670482 0
1.18738131459 0.0154180670482 0
1.20278729536 0.0154180670482 0
1.2181432414 0.0154180670482 0
1.23344536386 0.0154180670482 0
1.24868988716 0.0154180670482 0
1.26387304997 0.0154180670482 0
1.27899110604 0.0154180670482 0
1.29404032523 0.0154180670482 0
1.30901699437 0.0154180670482 0
1.3239174182 0.0154180670482 0
1.33873792025 0.0154180670482 0
1.35347484378 0.0154180670482 0
1.36812455268 0.0154180670482 0
1.38268343237 0.0154180670482 0
1.39714789063 0.0154180670482 0
1.41151435861 0.0154180670482 0
1.42577929157 0.0154180670482 0
1.43993916986 0.0154180670482 0
1.45399049974 0.0154180670482 0
1.46792981426 0.0154180670482 0
1.4817536741 0.0154180670482 0
1.49545866843 0.0154180670482 0
1.50904141575 0.0154180670482 0
1.52249856472 0.0154180670482 0
1.53582679498 0.0154180670482 0
1.549022818 0.0154180670482 0
1.56208337785 0.0154180670482 0
1.57500525204 0.0154180670482 0
1.58778525229 0.0154180670482 0
1.60042022533 0.0154180670482 0
1.61290705365 0.0154180670482 0
1.62524265634 0.0154180670482 0
1.63742398975 0.0154180670482 0
1.64944804833 0.0154180670482 0
1.66131186532 0.0154180670482 0
1.67301251351 0.0154180670482 0
1.68454710593 0.0154180670482 0
1.69591279659 0.0154180670482 0
1.70710678119 0.0154180670482 0
1.71812629776 0.0154180670482 0
1.72896862742 0.0154180670482 0
1.73963109498 0.0154180670482 0
1.75011106963 0.0154180670482 0
1.7604059656 0.0154180670482 0
1.77051324278 0.0154180670482 0
1.78043040734 0.0154180670482 0
1.79015501238 0.0154180670482 0
1.79968465849 0.0154180670482 0
1.80901699437 0.0154180670482 0
1.81814971743 0.0154180670482 0
1.82708057427 0.0154180670482 0
1.83580736137 0.0154180670482 0
1.8443279255 0.0154180670482 0
1.85264016435 0.0154180670482 0
1.860742027 0.0154180670482 0
1.86863151444 0.0154180670482 0
1.87630668004 0.0154180670482 0
1.88376563009 0.0154180670482 0
1.89100652419 0.0154180670482 0
1.89802757576 0.0154180670482 0
1.90482705247 0.0154180670482 0
1.91140327664 0.0154180670482 0
1.91775462568 0.0154180670482 0
1.92387953251 0.0154180670482 0
1.92977648589 0.0154180670482 0
1.93544403083 0.0154180670482 0
1.94088076895 0.0154180670482 0
1.94608535883 0.0154180670482 0
1.9510565163 0.0154180670482 0
1.9557930148 0.0154180670482 0
1.96029368568 0.0154180670482 0
1.96455741846 0.0154180670482 0
1.96858316113 0.0154180670482 0
1.9723699204 0.0154180670482 0
1.97591676194 0.0154180670482 0
1.97922281062 0.0154180670482 0
1.98228725073 0.0154180670482 0
1.98510932615 0.0154180670482 0
1.9876883406 0.0154180670482 0
1.99002365772 0.0154180670482 0
1.99211470131 0.0154180670482 0
1.99396095546 0.0154180670482 0
1.9955619646 0.0154180670482 0
1.99691733373 0.0154180670482 0
1.99802672843 0.0154180670482 0
1.99888987496 0.0154180670482 0
1.99950656037 0.0154180670482 0
1.99987663248 0.0154180670482 0
2 0.0154180670482 2
0 0.0163627124297 4
0.000123367518339 0.0163627124297 0
0.000493439634268 0.0163627124297 0
0.00111012503803 0.0163627124297 0
0.00197327157173 0.0163627124297 0
0.00308266626687 0.0163627124297 0
0.00443803539692 0.0163627124297 0
0.00603904454482 0.0163627124297 0
0.00788529868552 0.0163627124297 0
0.00997634228344 0.0163627124297 0
0.0123116594049 0.0163627124297 0
0.0148906738452 0.0163627124297 0
0.0177127492713 0.0163627124297 0
0.0207771893782 0.0163627124297 0
0.0240832380613 0.0163627124297 0
0.0276300796023 0.0163627124297 0
0.0314168388714 0.0163627124297 0
0.0354425815422 0.0163627124297 0
0.0397063143231 0.0163627124297 0
0.0442069852017 0.0163627124297 0
0.0489434837048 0.0163627124297 0
0.0539146411725 0.0163627124297 0
0.0591192310458 0.0163627124297 0
0.0645559691701 0.0163627124297 0
0.0702235141117 0.0163627124297 0
0.0761204674887 0.0163627124297 0
0.082245374316 0.0163627124297 0
0.0885967233646 0.0163627124297 0
0.095172947534 0.0163627124297 0
0.101972424239 0.0163627124297 0
0.108993475812 0.0163627124297 0
0.116234369911 0.0163627124297 0
0.123693319956 0.0163627124297 0
0.131368485562 0.0163627124297 0
0.139257972996 0.0163627124297 0
0.147359835646 0.0163627124297 0
0.155672074498 0.0163627124297 0
0.164192638632 0.0163627124297 0
0.172919425725 0.0163627124297 0
0.181850282575 0.0163627124297 0
0.190983005625 0.0163627124297 0
0.200315341513 0.0163627124297 0
0.209844987624 0.0163627124297 0
0.219569592662 0.0163627124297 0
0.229486757224 0.0163627124297 0
0.2395940344 0.0163627124297 0
0.24988893037 0.0163627124297 0
0.260368905021 0.0163627124297 0
0.271031372579 0.0163627124297 0
0.281873702237 0.0163627124297 0
0.292893218813 0.0163627124297 0
0.304087203408 0.0163627124297 0
0.315452894071 0.0163627124297 0
0.32698748649 0.0163627124297 0
0.338688134676 0.0163627124297 0
0.35055195167 0.0163627124297 0
0.362576010251 0.0163627124297 0
0.374757343664 0.0163627124297 0
0.387092946347 0.0163627124297 0
0.399579774674 0.0163627124297 0
0.412214747708 0.0163627124297 0
0.424994747957 0.0163627124297 0
0.437916622148 0.0163627124297 0
0.450977182002 0.0163627124297 0
0.464173205021 0.0163627124297 0
0.477501435284 0.0163627124297 0
0.49095858425 0.0163627124297 0
0.504541331568 0.0163627124297 0
0.518246325898 0.0163627124297 0
0.532070185739 0.0163627124297 0
0.54600950026 0.0163627124297 0
0.560060830144 0.0163627124297 0
0.574220708435 0.0163627124297 0
0.588485641395 0.0163627124297 0
0.602852109365 0.0163627124297 0
0.617316567635 0.0163627124297 0
0.631875447315 0.0163627124297 0
0.646525156221 0.0163627124297 0
0.661262079755 0.0163627124297 0
0.676082581802 0.0163627124297 0
0.690983005625 0.0163627124297 0
0.705959674768 0.0163627124297 0
0.721008893961 0.0163627124297 0
0.736126950035 0.0163627124297 0
0.751310112835 0.0163627124297 0
0.766554636144 0.0163627124297 0
0.781856758603 0.0163627124297 0
0.797212704643 0.0163627124297 0
0.812618685414 0.0163627124297 0
0.828070899721 0.0163627124297 0
0.84356553496 0.0163627124297 0
0.859098768062 0.0163627124297 0
0.874666766436 0.0163627124297 0
0.890265688909 0.0163627124297 0
0.905891686681 0.0163627124297 0
0.921540904272 0.0163627124297 0
0.937209480471 0.0163627124297 0
0.95289354929 0.0163627124297 0
0.968589240922 0.0163627124297 0
0.984292682688 0.0163627124297 0
1 0.0163627124297 0
1.01570731731 0.0163627124297 0
1.03141075908 0.0163627124297 0
1.04710645071 0.0163627124297 0
1.06279051953 0.0163627124297 0
1.07845909573 0.0163627124297 0
1.09410831332 0.0163627124297 0
1.10973431109 0.0163627124297 0
1.12533323356 0.0163627124297 0
1.14090123194 0.0163627124297 0
1.15643446504 0.0163627124297 0
1.17192910028 0.0163627124297 0
1.18738131459 0.0163627124297 0
1.20278729536 0.0163627124297 0
1.2181432414 0.0163627124297 0
1.23344536386 0.0163627124297 0
1.24868988716 0.0163627124297 0
1.26387304997 0.0163627124297 0
1.27899110604 0.0163627124297 0
1.29404032523 0.0163627124297 0
1.30901699437 0.0163627124297 0
1.3239174182 0.0163627124297 0
1.33873792025 0.0163627124297 0
1.35347484378 0.0163627124297 0
1.36812455268 0.0163627124297 0
1.38268343237 0.0163627124297 0
1.39714789063 0.0163627124297 0
1.41151435861 0.0163627124297 0
1.42577929157 0.0163627124297 0
1.43993916986 0.0163627124297 0
1.45399049974 0.0163627124297 0
1.46792981426 0.0163627124297 0
1.4817536741 0.0163627124297 0
1.49545866843 0.0163627124297 0
1.50904141575 0.0163627124297 0
1.52249856472 0.0163627124297 0
1.53582679498 0.0163627124297 0
1.549022818 0.0163627124297 0
1.56208337785 0.0163627124297 0
1.57500525204 0.0163627124297 0
1.58778525229 0.0163627124297 0
1.60042022533 0.0163627124297 0
1.61290705365 0.0163627124297 0
1.62524265634 0.0163627124297 0
1.63742398975 0.0163627124297 0
1.64944804833 0.0163627124297 0
1.66131186532 0.0163627124297 0
1.67301251351 0.0163627124297 0
1.68454710593 0.0163627124297 0
1.69591279659 0.0163627124297 0
1.70710678119 0.0163627124297 0
1.71812629776 0.0163627124297 0
1.72896862742 0.0163627124297 0
1.73963109498 0.0163627124297 0
1.75011106963 0.0163627124297 0
1.7604059656 0.0163627124297 0
1.77051324278 0.0163627124297 0
1.78043040734 0.0163627124297 0
1.79015501238 0.0163627124297 0
1.79968465849 0.0163627124297 0
1.80901699437 0.0163627124297 0
1.81814971743 0.0163627124297 0
1.82708057427 0.0163627124297 0
1.83580736137 0.0163627124297 0
1.8443279255 0.0163627124297 0
1.85264016435 0.0163627124297 0
1.860742027 0.0163627124297 0
1.86863151444 0.0163627124297 0
1.87630668004 0.0163627124297 0
1.88376563009 0.0163627124297 0
1.89100652419 0.0163627124297 0
1.89802757576 0.0163627124297 0
1.90482705247 0.0163627124297 0
1.91140327664 0.0163627124297 0
1.91775462568 0.0163627124297 0
1.92387953251 0.0163627124297 0
1.92977648589 0.0163627124297 0
1.93544403083 0.0163627124297 0
1.94088076895 0.0163627124297 0
1.94608535883 0.0163627124297 0
1.9510565163 0.0163627124297 0
1.9557930148 0.0163627124297 0
1.96029368568 0.0163627124297 0
1.96455741846 0.0163627124297 0
1.96858316113 0.0163627124297 0
1.9723699204 0.0163627124297 0
1.97591676194 0.0163627124297 0
1.97922281062 0.0163627124297 0
1.98228725073 0.0163627124297 0
1.98510932615 0.0163627124297 0
1.9876883406 0.0163627124297 0
1.99002365772 0.0163627124297 0
1.99211470131 0.0163627124297 0
1.99396095546 0.0163627124297 0
1.9955619646 0.0163627124297 0
1.99691733373 0.0163627124297 0
1.99802672843 0.0163627124297 0
1.99888987496 0.0163627124297 0
1.99950656037 0.0163627124297 0
1.99987663248 0.0163627124297 0
2 0.0163627124297 2
0 0.0172835429046 4
0.000123367518339 0.0172835429046 0
0.000493439634268 0.0172835429046 0
0.00111012503803 0.0172835429046 0
0.00197327157173 0.0172835429046 0
0.00308266626687 0.0172835429046 0
0.00443803539692 0.0172835429046 0
0.00603904454482 0.0172835429046 0
0.00788529868552 0.0172835429046 0
0.00997634228344 0.0172835429046 0
0.0123116594049 0.0172835429046 0
0.0148906738452 0.0172835429046 0
0.0177127492713 0.0172835429046 0
0.0207771893782 0.0172835429046 0
0.0240832380613 0.0172835429046 0
0.0276300796023 0.0172835429046 0
0.0314168388714 0.0172835429046 0
0.0354425815422 0.0172835429046 0
0.0397063143231 0.0172835429046 0
0.0442069852017 0.0172835429046 0
0.0489434837048 0.0172835429046 0
0.0539146411725 0.0172835429046 0
0.0591192310458 0.0172835429046 0
0.0645559691701 0.0172835429046 0
0.0702235141117 0.0172835429046 0
0.0761204674887 0.0172835429046 0
0.082245374316 0.0172835429046 0
0.0885967233646 0.0172835429046 0
0.095172947534 0.0172835429046 0
0.101972424239 0.0172835429046 0
0.108993475812 0.0172835429046 0
0.116234369911 0.0172835429046 0
0.123693319956 0.0172835429046 0
0.131368485562 0.0172835429046 0
0.139257972996 0.0172835429046 0
0.147359835646 0.0172835429046 0
0.155672074498 0.0172835429046 0
0.164192638632 0.0172835429046 0
0.172919425725 0.0172835429046 0
0.181850282575 0.0172835429046 0
0.190983005625 0.0172835429046 0
0.200315341513 0.0172835429046 0
0.209844987624 0.0172835429046 0
0.219569592662 0.0172835429046 0
0.229486757224 0.0172835429046 0
0.2395940344 0.0172835429046 0
0.24988893037 0.0172835429046 0
0.260368905021 0.0172835429046 0
0.271031372579 0.0172835429046 0
0.281873702237 0.0172835429046 0
0.292893218813 0.0172835429046 0
0.304087203408 0.0172835429046 0
0.315452894071 0.0172835429046 0
0.32698748649 0.0172835429046 0
0.338688134676 0.0172835429046 0
0.35055195167 0.0172835429046 0
0.362576010251 0.0172835429046 0
0.374757343664 0.0172835429046 0
0.387092946347 0.0172835429046 0
0.399579774674 0.0172835429046 0
0.412214747708 0.0172835429046 0
0.424994747957 0.0172835429046 0
0.437916622148 0.0172835429046 0
0.450977182002 0.0172835429046 0
0.464173205021 0.0172835429046 0
0.477501435284 0.0172835429046 0
0.49095858425 0.0172835429046 0
0.504541331568 0.0172835429046 0
0.518246325898 0.0172835429046 0
0.532070185739 0.0172835429046 0
0.54600950026 0.0172835429046 0
0.560060830144 0.0172835429046 0
0.574220708435 0.0172835429046 0
0.588485641395 0.0172835429046 0
0.602852109365 0.0172835429046 0
0.617316567635 0.0172835429046 0
0.631875447315 0.0172835429046 0
0.646525156221 0.0172835429046 0
0.661262079755 0.0172835429046 0
0.676082581802 0.0172835429046 0
0.690983005625 0.0172835429046 0
0.705959674768 0.0172835429046 0
0.721008893961 0.0172835429046 0
0.736126950035 0.0172835429046 0
0.751310112835 0.0172835429046 0
0.766554636144 0.0172835429046 0
0.781856758603 0.0172835429046 0
0.797212704643 0.0172835429046 0
0.812618685414 0.0172835429046 0
0.828070899721 0.0172835429046 0
0.84356553496 0.0172835429046 0
0.859098768062 0.0172835429046 0
0.874666766436 0.0172835429046 0
0.890265688909 0.0172835429046 0
0.905891686681 0.0172835429046 0
0.921540904272 0.0172835429046 0
0.937209480471 0.0172835429046 0
0.95289354929 0.0172835429046 0
0.968589240922 0.0172835429046 0
0.984292682688 0.0172835429046 0
1 0.0172835429046 0
1.01570731731 0.0172835429046 0
1.03141075908 0.0172835429046 0
1.04710645071 0.0172835429046 0
1.06279051953 0.0172835429046 0
1.07845909573 0.0172835429046 0
1.09410831332 0.0172835429046 0
1.10973431109 0.0172835429046 0
1.12533323356 0.0172835429046 0
1.14090123194 0.0172835429046 0
1.15643446504 0.0172835429046 0
1.17192910028 0.0172835429046 0
1.18738131459 0.0172835429046 0
1.20278729536 0.0172835429046 0
1.2181432414 0.0172835429046 0
1.23344536386 0.0172835429046 0
1.24868988716 0.0172835429046 0
1.26387304997 0.0172835429046 0
1.27899110604 0.0172835429046 0
1.29404032523 0.0172835429046 0
1.30901699437 0.0172835429046 0
1.3239174182 0.0172835429046 0
1.33873792025 0.0172835429046 0
1.35347484378 0.0172835429046 0
1.36812455268 0.0172835429046 0
1.38268343237 0.0172835429046 0
1.39714789063 0.0172835429046 0
1.41151435861 0.0172835429046 0
1.42577929157 0.0172835429046 0
1.43993916986 0.0172835429046 0
1.45399049974 0.0172835429046 0
1.46792981426 0.0172835429046 0
1.4817536741 0.0172835429046 0
1.49545866843 0.0172835429046 0
1.50904141575 0.0172835429046 0
1.52249856472 0.0172835429046 0
1.53582679498 0.0172835429046 0
1.549022818 0.0172835429046 0
1.56208337785 0.0172835429046 0
1.57500525204 0.0172835429046 0
1.58778525229 0.0172835429046 0
1.60042022533 0.0172835429046 0
1.61290705365 0.0172835429046 0
1.62524265634 0.0172835429046 0
1.63742398975 0.0172835429046 0
1.64944804833 0.0172835429046 0
1.66131186532 0.0172835429046 0
1.67301251351 0.0172835429046 0
1.68454710593 0.0172835429046 0
1.69591279659 0.0172835429046 0
1.70710678119 0.0172835429046 0
1.71812629776 0.0172835429046 0
1.72896862742 0.0172835429046 0
1.73963109498 0.0172835429046 0
1.75011106963 0.0172835429046 0
1.7604059656 0.0172835429046 0
1.77051324278 0.0172835429046 0
1.78043040734 0.0172835429046 0
1.79015501238 0.0172835429046 0
1.79968465849 0.0172835429046 0
1.80901699437 0.0172835429046 0
1.81814971743 0.0172835429046 0
1.82708057427 0.0172835429046 0
1.83580736137 0.0172835429046 0
1.8443279255 0.0172835429046 0
1.85264016435 0.0172835429046 0
1.860742027 0.0172835429046 0
1.86863151444 0.0172835429046 0
1.87630668004 0.0172835429046 0
1.88376563009 0.0172835429046 0
1.89100652419 0.0172835429046 0
1.89802757576 0.0172835429046 0
1.90482705247 0.0172835429046 0
1.91140327664 0.0172835429046 0
1.91775462568 0.0172835429046 0
1.92387953251 0.0172835429046 0
1.92977648589 0.0172835429046 0
1.93544403083 0.0172835429046 0
1.94088076895 0.0172835429046 0
1.94608535883 0.0172835429046 0
1.9510565163 0.0172835429046 0
1.9557930148 0.0172835429046 0
1.96029368568 0.0172835429046 0
1.96455741846 0.0172835429046 0
1.96858316113 0.0172835429046 0
1.9723699204 0.0172835429046 0
1.97591676194 0.0172835429046 0
1.97922281062 0.0172835429046 0
1.98228725073 0.0172835429046 0
1.98510932615 0.0172835429046 0
1.9876883406 0.0172835429046 0
1.99002365772 0.0172835429046 0
1.99211470131 0.0172835429046 0
1.99396095546 0.0172835429046 0
1.9955619646 0.0172835429046 0
1.99691733373 0.0172835429046 0
1.99802672843 0.0172835429046 0
1.99888987496 0.0172835429046 0
1.99950656037 0.0172835429046 0
1.99987663248 0.0172835429046 0
2 0.0172835429046 2
0 0.0181748812467 4
0.000123367518339 0.0181748812467 0
0.000493439634268 0.0181748812467 0
0.00111012503803 0.0181748812467 0
0.00197327157173 0.0181748812467 0
0.00308266626687 0.0181748812467 0
0.00443803539692 0.0181748812467 0
0.00603904454482 0.0181748812467 0
0.00788529868552 0.0181748812467 0
0.00997634228344 0.0181748812467 0
0.0123116594049 0.0181748812467 0
0.0148906738452 0.0181748812467 0
0.0177127492713 0.0181748812467 0
0.0207771893782 0.0181748812467 0
0.0240832380613 0.0181748812467 0
0.0276300796023 0.0181748812467 0
0.0314168388714 0.0181748812467 0
0.0354425815422 0.0181748812467 0
0.0397063143231 0.0181748812467 0
0.0442069852017 0.0181748812467 0
0.0489434837048 0.0181748812467 0
0.0539146411725 0.0181748812467 0
0.0591192310458 0.0181748812467 0
0.0645559691701 0.0181748812467 0
0.0702235141117 0.0181748812467 0
0.0761204674887 0.0181748812467 0
0.082245374316 0.0181748812467 0
0.0885967233646 0.0181748812467 0
0.095172947534 0.0181748812467 0
0.101972424239 0.0181748812467 0
0.108993475812 0.0181748812467 0
0.116234369911 0.0181748812467 0
0.123693319956 0.0181748812467 0
0.131368485562 0.0181748812467 0
0.139257972996 0.0181748812467 0
0.147359835646 0.0181748812467 0
0.155672074498 0.0181748812467 0
0.164192638632 0.0181748812467 0
0.172919425725 0.0181748812467 0
0.181850282575 0.0181748812467 0
0.190983005625 0.0181748812467 0
0.200315341513 0.0181748812467 0
0.209844987624 0.0181748812467 0
0.219569592662 0.0181748812467 0
0.229486757224 0.0181748812467 0
0.2395940344 0.0181748812467 0
0.24988893037 0.0181748812467 0
0.260368905021 0.0181748812467 0
0.271031372579 0.0181748812467 0
0.281873702237 0.0181748812467 0
0.292893218813 0.0181748812467 0
0.304087203408 0.0181748812467 0
0.315452894071 0.0181748812467 0
0.32698748649 0.0181748812467 0
0.338688134676 0.0181748812467 0
0.35055195167 0.0181748812467 0
0.362576010251 0.0181748812467 0
0.374757343664 0.0181748812467 0
0.387092946347 0.0181748812467 0
0.399579774674 0.0181748812467 0
0.412214747708 0.0181748812467 0
0.424994747957 0.0181748812467 0
0.437916622148 0.0181748812467 0
0.450977182002 0.0181748812467 0
0.464173205021 0.0181748812467 0
0.477501435284 0.0181748812467 0
0.49095858425 0.0181748812467 0
0.504541331568 0.0181748812467 0
0.518246325898 0.0181748812467 0
0.532070185739 0.0181748812467 0
0.54600950026 0.0181748812467 0
0.560060830144 0.0181748812467 0
0.574220708435 0.0181748812467 0
0.588485641395 0.0181748812467 0
0.602852109365 0.0181748812467 0
0.617316567635 0.0181748812467 0
0.631875447315 0.0181748812467 0
0.646525156221 0.0181748812467 0
0.661262079755 0.0181748812467 0
0.676082581802 0.0181748812467 0
0.690983005625 0.0181748812467 0
0.705959674768 0.0181748812467 0
0.721008893961 0.0181748812467 0
0.736126950035 0.0181748812467 0
0.751310112835 0.0181748812467 0
0.766554636144 0.0181748812467 0
0.781856758603 0.0181748812467 0
0.797212704643 0.0181748812467 0
0.812618685414 0.0181748812467 0
0.828070899721 0.0181748812467 0
0.84356553496 0.0181748812467 0
0.859098768062 0.0181748812467 0
0.874666766436 0.0181748812467 0
0.890265688909 0.0181748812467 0
0.905891686681 0.0181748812467 0
0.921540904272 0.0181748812467 0
0.937209480471 0.0181748812467 0
0.95289354929 0.0181748812467 0
0.968589240922 0.0181748812467 0
0.984292682688 0.0181748812467 0
1 0.0181748812467 0
1.01570731731 0.0181748812467 0
1.03141075908 0.0181748812467 0
1.04710645071 0.0181748812467 0
1.06279051953 0.0181748812467 0
1.07845909573 0.0181748812467 0
1.09410831332 0.0181748812467 0
1.10973431109 0.0181748812467 0
1.12533323356 0.0181748812467 0
1.14090123194 0.0181748812467 0
1.15643446504 0.0181748812467 0
1.17192910028 0.0181748812467 0
1.18738131459 0.0181748812467 0
1.20278729536 0.0181748812467 0
1.2181432414 0.0181748812467 0
1.23344536386 0.0181748812467 0
1.24868988716 0.0181748812467 0
1.26387304997 0.0181748812467 0
1.27899110604 0.0181748812467 0
1.29404032523 0.0181748812467 0
1.30901699437 0.0181748812467 0
1.3239174182 0.0181748812467 0
1.33873792025 0.0181748812467 0
1.35347484378 0.0181748812467 0
1.36812455268 0.0181748812467 0
1.38268343237 0.0181748812467 0
1.39714789063 0.0181748812467 0
1.41151435861 0.0181748812467 0
1.42577929157 0.0181748812467 0
1.43993916986 0.0181748812467 0
1.45399049974 0.0181748812467 0
1.46792981426 0.0181748812467 0
1.4817536741 0.0181748812467 0
1.49545866843 0.0181748812467 0
1.50904141575 0.0181748812467 0
1.52249856472 0.0181748812467 0
1.53582679498 0.0181748812467 0
1.549022818 0.0181748812467 0
1.56208337785 0.0181748812467 0
1.57500525204 0.0181748812467 0
1.58778525229 0.0181748812467 0
1.60042022533 0.0181748812467 0
1.61290705365 0.0181748812467 0
1.62524265634 0.0181748812467 0
1.63742398975 0.0181748812467 0
1.64944804833 0.0181748812467 0
1.66131186532 0.0181748812467 0
1.67301251351 0.0181748812467 0
1.68454710593 0.0181748812467 0
1.69591279659 0.0181748812467 0
1.70710678119 0.0181748812467 0
1.71812629776 0.0181748812467 0
1.72896862742 0.0181748812467 0
1.73963109498 0.0181748812467 0
1.75011106963 0.0181748812467 0
1.7604059656 0.0181748812467 0
1.77051324278 0.0181748812467 0
1.78043040734 0.0181748812467 0
1.79015501238 0.0181748812467 0
1.79968465849 0.0181748812467 0
1.80901699437 0.0181748812467 0
1.81814971743 0.0181748812467 0
1.82708057427 0.0181748812467 0
1.83580736137 0.0181748812467 0
1.8443279255 0.0181748812467 0
1.85264016435 0.0181748812467 0
1.860742027 0.0181748812467 0
1.86863151444 0.0181748812467 0
1.87630668004 0.0181748812467 0
1.88376563009 0.0181748812467 0
1.89100652419 0.0181748812467 0
1.89802757576 0.0181748812467 0
1.90482705247 0.0181748812467 0
1.91140327664 0.0181748812467 0
1.91775462568 0.0181748812467 0
1.92387953251 0.0181748812467 0
1.92977648589 0.0181748812467 0
1.93544403083 0.0181748812467 0
1.94088076895 0.0181748812467 0
1.94608535883 0.0181748812467 0
1.9510565163 0.0181748812467 0
1.9557930148 0.0181748812467 0
1.96029368568 0.0181748812467 0
1.96455741846 0.0181748812467 0
1.96858316113 0.0181748812467 0
1.9723699204 0.0181748812467 0
1.97591676194 0.0181748812467 0
1.97922281062 0.0181748812467 0
1.98228725073 0.0181748812467 0
1.98510932615 0.0181748812467 0
1.9876883406 0.0181748812467 0
1.99002365772 0.0181748812467 0
1.99211470131 0.0181748812467 0
1.99396095546 0.0181748812467 0
1.9955619646 0.0181748812467 0
1.99691733373 0.0181748812467 0
1.99802672843 0.0181748812467 0
1.99888987496 0.0181748812467 0
1.99950656037 0.0181748812467 0
1.99987663248 0.0181748812467 0
2 0.0181748812467 2
0 0.0190312320589 4
0.000123367518339 0.0190312320589 0
0.000493439634268 0.0190312320589 0
0.00111012503803 0.0190312320589 0
0.00197327157173 0.0190312320589 0
0.00308266626687 0.0190312320589 0
0.00443803539692 0.0190312320589 0
0.00603904454482 0.0190312320589 0
0.00788529868552 0.0190312320589 0
0.00997634228344 0.0190312320589 0
0.0123116594049 0.0190312320589 0
0.0148906738452 0.0190312320589 0
0.0177127492713 0.0190312320589 0
0.0207771893782 0.0190312320589 0
0.0240832380613 0.0190312320589 0
0.0276300796023 0.0190312320589 0
0.0314168388714 0.0190312320589 0
0.0354425815422 0.0190312320589 0
0.0397063143231 0.0190312320589 0
0.0442069852017 0.0190312320589 0
0.0489434837048 0.0190312320589 0
0.0539146411725 0.0190312320589 0
0.0591192310458 0.0190312320589 0
0.0645559691701 0.0190312320589 0
0.0702235141117 0.0190312320589 0
0.0761204674887 0.0190312320589 0
0.082245374316 0.0190312320589 0
0.0885967233646 0.0190312320589 0
0.095172947534 0.0190312320589 0
0.101972424239 0.0190312320589 0
0.108993475812 0.0190312320589 0
0.116234369911 0.0190312320589 0
0.123693319956 0.0190312320589 0
0.131368485562 0.0190312320589 0
0.139257972996 0.0190312320589 0
0.147359835646 0.0190312320589 0
0.155672074498 0.0190312320589 0
0.164192638632 0.0190312320589 0
0.172919425725 0.0190312320589 0
0.181850282575 0.0190312320589 0
0.190983005625 0.0190312320589 0
0.200315341513 0.0190312320589 0
0.209844987624 0.0190312320589 0
0.219569592662 0.0190312320589 0
0.229486757224 0.0190312320589 0
0.2395940344 0.0190312320589 0
0.24988893037 0.0190312320589 0
0.260368905021 0.0190312320589 0
0.271031372579 0.0190312320589 0
0.281873702237 0.0190312320589 0
0.292893218813 0.0190312320589 0
0.304087203408 0.0190312320589 0
0.315452894071 0.0190312320589 0
0.32698748649 0.0190312320589 0
0.338688134676 0.0190312320589 0
0.35055195167 0.0190312320589 0
0.362576010251 0.0190312320589 0
0.374757343664 0.0190312320589 0
0.387092946347 0.0190312320589 0
0.399579774674 0.0190312320589 0
0.412214747708 0.0190312320589 0
0.424994747957 0.0190312320589 0
0.437916622148 0.0190312320589 0
0.450977182002 0.0190312320589 0
0.464173205021 0.0190312320589 0
0.477501435284 0.0190312320589 0
0.49095858425 0.0190312320589 0
0.504541331568 0.0190312320589 0
0.518246325898 0.0190312320589 0
0.532070185739 0.0190312320589 0
0.54600950026 0.0190312320589 0
0.560060830144 0.0190312320589 0
0.574220708435 0.0190312320589 0
0.588485641395 0.0190312320589 0
0.602852109365 0.0190312320589 0
0.617316567635 0.0190312320589 0
0.631875447315 0.0190312320589 0
0.646525156221 0.0190312320589 0
0.661262079755 0.0190312320589 0
0.676082581802 0.0190312320589 0
0.690983005625 0.0190312320589 0
0.705959674768 0.0190312320589 0
0.721008893961 0.0190312320589 0
0.736126950035 0.0190312320589 0
0.751310112835 0.0190312320589 0
0.766554636144 0.0190312320589 0
0.781856758603 0.0190312320589 0
0.797212704643 0.0190312320589 0
0.812618685414 0.0190312320589 0
0.828070899721 0.0190312320589 0
0.84356553496 0.0190312320589 0
0.859098768062 0.0190312320589 0
0.874666766436 0.0190312320589 0
0.890265688909 0.0190312320589 0
0.905891686681 0.0190312320589 0
0.921540904272 0.0190312320589 0
0.937209480471 0.0190312320589 0
0.95289354929 0.0190312320589 0
0.968589240922 0.0190312320589 0
0.984292682688 0.0190312320589 0
1 0.0190312320589 0
1.01570731731 0.0190312320589 0
1.03141075908 0.0190312320589 0
1.04710645071 0.0190312320589 0
1.06279051953 0.0190312320589 0
1.07845909573 0.0190312320589 0
1.09410831332 0.0190312320589 0
1.10973431109 0.0190312320589 0
1.12533323356 0.0190312320589 0
1.14090123194 0.0190312320589 0
1.15643446504 0.0190312320589 0
1.17192910028 0.0190312320589 0
1.18738131459 0.0190312320589 0
1.20278729536 0.0190312320589 0
1.2181432414 0.0190312320589 0
1.23344536386 0.0190312320589 0
1.24868988716 0.0190312320589 0
1.26387304997 0.0190312320589 0
1.27899110604 0.0190312320589 0
1.29404032523 0.0190312320589 0
1.30901699437 0.0190312320589 0
1.3239174182 0.0190312320589 0
1.33873792025 0.0190312320589 0
1.35347484378 0.0190312320589 0
1.36812455268 0.0190312320589 0
1.38268343237 0.0190312320589 0
1.39714789063 0.0190312320589 0
1.41151435861 0.0190312320589 0
1.42577929157 0.0190312320589 0
1.43993916986 0.0190312320589 0
1.45399049974 0.0190312320589 0
1.46792981426 0.0190312320589 0
1.4817536741 0.0190312320589 0
1.49545866843 0.0190312320589 0
1.50904141575 0.0190312320589 0
1.52249856472 0.0190312320589 0
1.53582679498 0.0190312320589 0
1.549022818 0.0190312320589 0
1.56208337785 0.0190312320589 0
1.57500525204 0.0190312320589 0
1.58778525229 0.0190312320589 0
1.60042022533 0.0190312320589 0
1.61290705365 0.0190312320589 0
1.62524265634 0.0190312320589 0
1.63742398975 0.0190312320589 0
1.64944804833 0.0190312320589 0
1.66131186532 0.0190312320589 0
1.67301251351 0.0190312320589 0
1.68454710593 0.0190312320589 0
1.69591279659 0.0190312320589 0
1.70710678119 0.0190312320589 0
1.71812629776 0.0190312320589 0
1.72896862742 0.0190312320589 0
1.73963109498 0.0190312320589 0
1.75011106963 0.0190312320589 0
1.7604059656 0.0190312320589 0
1.77051324278 0.0190312320589 0
1.78043040734 0.0190312320589 0
1.79015501238 0.0190312320589 0
1.79968465849 0.0190312320589 0
1.80901699437 0.0190312320589 0
1.81814971743 0.0190312320589 0
1.82708057427 0.0190312320589 0
1.83580736137 0.0190312320589 0
1.8443279255 0.0190312320589 0
1.85264016435 0.0190312320589 0
1.860742027 0.0190312320589 0
1.86863151444 0.0190312320589 0
1.87630668004 0.0190312320589 0
1.88376563009 0.0190312320589 0
1.89100652419 0.0190312320589 0
1.89802757576 0.0190312320589 0
1.90482705247 0.0190312320589 0
1.91140327664 0.0190312320589 0
1.91775462568 0.0190312320589 0
1.92387953251 0.0190312320589 0
1.92977648589 0.0190312320589 0
1.93544403083 0.0190312320589 0
1.94088076895 0.0190312320589 0
1.94608535883 0.0190312320589 0
1.9510565163 0.0190312320589 0
1.9557930148 0.0190312320589 0
1.96029368568 0.0190312320589 0
1.96455741846 0.0190312320589 0
1.96858316113 0.0190312320589 0
1.9723699204 0.0190312320589 0
1.97591676194 0.0190312320589 0
1.97922281062 0.0190312320589 0
1.98228725073 0.0190312320589 0
1.98510932615 0.0190312320589 0
1.9876883406 0.0190312320589 0
1.99002365772 0.0190312320589 0
1.99211470131 0.0190312320589 0
1.99396095546 0.0190312320589 0
1.9955619646 0.0190312320589 0
1.99691733373 0.0190312320589 0
1.99802672843 0.0190312320589 0
1.99888987496 0.0190312320589 0
1.99950656037 0.0190312320589 0
1.99987663248 0.0190312320589 0
2 0.0190312320589 2
0 0.0198473156537 4
0.000123367518339 0.0198473156537 0
0.000493439634268 0.0198473156537 0
0.00111012503803 0.0198473156537 0
0.00197327157173 0.0198473156537 0
0.00308266626687 0.0198473156537 0
0.00443803539692 0.0198473156537 0
0.00603904454482 0.0198473156537 0
0.00788529868552 0.0198473156537 0
0.00997634228344 0.0198473156537 0
0.0123116594049 0.0198473156537 0
0.0148906738452 0.0198473156537 0
0.0177127492713 0.0198473156537 0
0.0207771893782 0.0198473156537 0
0.0240832380613 0.0198473156537 0
0.0276300796023 0.0198473156537 0
0.0314168388714 0.0198473156537 0
0.0354425815422 0.0198473156537 0
0.0397063143231 0.0198473156537 0
0.0442069852017 0.0198473156537 0
0.0489434837048 0.0198473156537 0
0.0539146411725 0.0198473156537 0
0.0591192310458 0.0198473156537 0
0.0645559691701 0.0198473156537 0
0.0702235141117 0.0198473156537 0
0.0761204674887 0.0198473156537 0
0.082245374316 0.0198473156537 0
0.0885967233646 0.0198473156537 0
0.095172947534 0.0198473156537 0
0.101972424239 0.0198473156537 0
0.108993475812 0.0198473156537 0
0.116234369911 0.0198473156537 0
0.123693319956 0.0198473156537 0
0.131368485562 0.0198473156537 0
0.139257972996 0.0198473156537 0
0.147359835646 0.0198473156537 0
0.155672074498 0.0198473156537 0
0.164192638632 0.0198473156537 0
0.172919425725 0.0198473156537 0
0.181850282575 0.0198473156537 0
0.190983005625 0.0198473156537 0
0.200315341513 0.0198473156537 0
0.209844987624 0.0198473156537 0
0.219569592662 0.0198473156537 0
0.229486757224 0.0198473156537 0
0.2395940344 0.0198473156537 0
0.24988893037 0.0198473156537 0
0.260368905021 0.0198473156537 0
0.271031372579 0.0198473156537 0
0.281873702237 0.0198473156537 0
0.292893218813 0.0198473156537 0
0.304087203408 0.0198473156537 0
0.315452894071 0.0198473156537 0
0.32698748649 0.0198473156537 0
0.338688134676 0.0198473156537 0
0.35055195167 0.0198473156537 0
0.362576010251 0.0198473156537 0
0.374757343664 0.0198473156537 0
0.387092946347 0.0198473156537 0
0.399579774674 0.0198473156537 0
0.412214747708 0.0198473156537 0
0.424994747957 0.0198473156537 0
0.437916622148 0.0198473156537 0
0.450977182002 0.0198473156537 0
0.464173205021 0.0198473156537 0
0.477501435284 0.0198473156537 0
0.49095858425 0.0198473156537 0
0.504541331568 0.0198473156537 0
0.518246325898 0.0198473156537 0
0.532070185739 0.0198473156537 0
0.54600950026 0.0198473156537 0
0.560060830144 0.0198473156537 0
0.574220708435 0.0198473156537 0
0.588485641395 0.0198473156537 0
0.602852109365 0.0198473156537 0
0.617316567635 0.0198473156537 0
0.631875447315 0.0198473156537 0
0.646525156221 0.0198473156537 0
0.661262079755 0.0198473156537 0
0.676082581802 0.0198473156537 0
0.690983005625 0.0198473156537 0
0.705959674768 0.0198473156537 0
0.721008893961 0.0198473156537 0
0.736126950035 0.0198473156537 0
0.751310112835 0.0198473156537 0
0.766554636144 0.0198473156537 0
0.781856758603 0.0198473156537 0
0.797212704643 0.0198473156537 0
0.812618685414 0.0198473156537 0
0.828070899721 0.0198473156537 0
0.84356553496 0.0198473156537 0
0.859098768062 0.0198473156537 0
0.874666766436 0.0198473156537 0
0.890265688909 0.0198473156537 0
0.905891686681 0.0198473156537 0
0.921540904272 0.0198473156537 0
0.937209480471 0.0198473156537 0
0.95289354929 0.0198473156537 0
0.968589240922 0.0198473156537 0
0.984292682688 0.0198473156537 0
1 0.0198473156537 0
1.01570731731 0.0198473156537 0
1.03141075908 0.0198473156537 0
1.04710645071 0.0198473156537 0
1.06279051953 0.0198473156537 0
1.07845909573 0.0198473156537 0
1.09410831332 0.0198473156537 0
1.10973431109 0.0198473156537 0
1.12533323356 0.0198473156537 0
1.14090123194 0.0198473156537 0
1.15643446504 0.0198473156537 0
1.17192910028 0.0198473156537 0
1.18738131459 0.0198473156537 0
1.20278729536 0.0198473156537 0
1.2181432414 0.0198473156537 0
1.23344536386 0.0198473156537 0
1.24868988716 0.0198473156537 0
1.26387304997 0.0198473156537 0
1.27899110604 0.0198473156537 0
1.29404032523 0.0198473156537 0
1.30901699437 0.0198473156537 0
1.3239174182 0.0198473156537 0
1.33873792025 0.0198473156537 0
1.35347484378 0.0198473156537 0
1.36812455268 0.0198473156537 0
1.38268343237 0.0198473156537 0
1.39714789063 0.0198473156537 0
1.41151435861 0.0198473156537 0
1.42577929157 0.0198473156537 0
1.43993916986 0.0198473156537 0
1.45399049974 0.0198473156537 0
1.46792981426 0.0198473156537 0
1.4817536741 0.0198473156537 0
1.49545866843 0.0198473156537 0
1.50904141575 0.0198473156537 0
1.52249856472 0.0198473156537 0
1.53582679498 0.0198473156537 0
1.549022818 0.0198473156537 0
1.56208337785 0.0198473156537 0
1.57500525204 0.0198473156537 0
1.58778525229 0.0198473156537 0
1.60042022533 0.0198473156537 0
1.61290705365 0.0198473156537 0
1.62524265634 0.0198473156537 0
1.63742398975 0.0198473156537 0
1.64944804833 0.0198473156537 0
1.66131186532 0.0198473156537 0
1.67301251351 0.0198473156537 0
1.68454710593 0.0198473156537 0
1.69591279659 0.0198473156537 0
1.70710678119 0.0198473156537 0
1.71812629776 0.0198473156537 0
1.72896862742 0.0198473156537 0
1.73963109498 0.0198473156537 0
1.75011106963 0.0198473156537 0
1.7604059656 0.0198473156537 0
1.77051324278 0.0198473156537 0
1.78043040734 0.0198473156537 0
1.79015501238 0.0198473156537 0
1.79968465849 0.0198473156537 0
1.80901699437 0.0198473156537 0
1.81814971743 0.0198473156537 0
1.82708057427 0.0198473156537 0
1.83580736137 0.0198473156537 0
1.8443279255 0.0198473156537 0
1.85264016435 0.0198473156537 0
1.860742027 0.0198473156537 0
1.86863151444 0.0198473156537 0
1.87630668004 0.0198473156537 0
1.88376563009 0.0198473156537 0
1.89100652419 0.0198473156537 0
1.89802757576 0.0198473156537 0
1.90482705247 0.0198473156537 0
1.91140327664 0.0198473156537 0
1.91775462568 0.0198473156537 0
1.92387953251 0.0198473156537 0
1.92977648589 0.0198473156537 0
1.93544403083 0.0198473156537 0
1.94088076895 0.0198473156537 0
1.94608535883 0.0198473156537 0
1.9510565163 0.0198473156537 0
1.9557930148 0.0198473156537 0
1.96029368568 0.0198473156537 0
1.96455741846 0.0198473156537 0
1.96858316113 0.0198473156537 0
1.9723699204 0.0198473156537 0
1.97591676194 0.0198473156537 0
1.97922281062 0.0198473156537 0
1.98228725073 0.0198473156537 0
1.98510932615 0.0198473156537 0
1.9876883406 0.0198473156537 0
1.99002365772 0.0198473156537 0
1.99211470131 0.0198473156537 0
1.99396095546 0.0198473156537 0
1.9955619646 0.0198473156537 0
1.99691733373 0.0198473156537 0
1.99802672843 0.0198473156537 0
1.99888987496 0.0198473156537 0
1.99950656037 0.0198473156537 0
1.99987663248 0.0198473156537 0
2 0.0198473156537 2
0 0.0206181006041 4
0.000123367518339 0.0206181006041 0
0.000493439634268 0.0206181006041 0
0.00111012503803 0.0206181006041 0
0.00197327157173 0.0206181006041 0
0.00308266626687 0.0206181006041 0
0.00443803539692 0.0206181006041 0
0.00603904454482 0.0206181006041 0
0.00788529868552 0.0206181006041 0
0.00997634228344 0.0206181006041 0
0.0123116594049 0.0206181006041 0
0.0148906738452 0.0206181006041 0
0.0177127492713 0.0206181006041 0
0.0207771893782 0.0206181006041 0
0.0240832380613 0.0206181006041 0
0.0276300796023 0.0206181006041 0
0.0314168388714 0.0206181006041 0
0.0354425815422 0.0206181006041 0
0.0397063143231 0.0206181006041 0
0.0442069852017 0.0206181006041 0
0.0489434837048 0.0206181006041 0
0.0539146411725 0.0206181006041 0
0.0591192310458 0.0206181006041 0
0.0645559691701 0.0206181006041 0
0.0702235141117 0.0206181006041 0
0.0761204674887 0.0206181006041 0
0.082245374316 0.0206181006041 0
0.0885967233646 0.0206181006041 0
0.095172947534 0.0206181006041 0
0.101972424239 0.0206181006041 0
0.108993475812 0.0206181006041 0
0.116234369911 0.0206181006041 0
0.123693319956 0.0206181006041 0
0.131368485562 0.0206181006041 0
0.139257972996 0.0206181006041 0
0.147359835646 0.0206181006041 0
0.155672074498 0.0206181006041 0
0.164192638632 0.0206181006041 0
0.172919425725 0.0206181006041 0
0.181850282575 0.0206181006041 0
0.190983005625 0.0206181006041 0
0.200315341513 0.0206181006041 0
0.209844987624 0.0206181006041 0
0.219569592662 0.0206181006041 0
0.229486757224 0.0206181006041 0
0.2395940344 0.0206181006041 0
0.24988893037 0.0206181006041 0
0.260368905021 0.0206181006041 0
0.271031372579 0.0206181006041 0
0.281873702237 0.0206181006041 0
0.292893218813 0.0206181006041 0
0.304087203408 0.0206181006041 0
0.315452894071 0.0206181006041 0
0.32698748649 0.0206181006041 0
0.338688134676 0.0206181006041 0
0.35055195167 0.0206181006041 0
0.362576010251 0.0206181006041 0
0.374757343664 0.0206181006041 0
0.387092946347 0.0206181006041 0
0.399579774674 0.0206181006041 0
0.412214747708 0.0206181006041 0
0.424994747957 0.0206181006041 0
0.437916622148 0.0206181006041 0
0.450977182002 0.0206181006041 0
0.464173205021 0.0206181006041 0
0.477501435284 0.0206181006041 0
0.49095858425 0.0206181006041 0
0.504541331568 0.0206181006041 0
0.518246325898 0.0206181006041 0
0.532070185739 0.0206181006041 0
0.54600950026 0.0206181006041 0
0.560060830144 0.0206181006041 0
0.574220708435 0.0206181006041 0
0.588485641395 0.0206181006041 0
0.602852109365 0.0206181006041 0
0.617316567635 0.0206181006041 0
0.631875447315 0.0206181006041 0
0.646525156221 0.0206181006041 0
0.661262079755 0.0206181006041 0
0.676082581802 0.0206181006041 0
0.690983005625 0.0206181006041 0
0.705959674768 0.0206181006041 0
0.721008893961 0.0206181006041 0
0.736126950035 0.0206181006041 0
0.751310112835 0.0206181006041 0
0.766554636144 0.0206181006041 0
0.781856758603 0.0206181006041 0
0.797212704643 0.0206181006041 0
0.812618685414 0.0206181006041 0
0.828070899721 0.0206181006041 0
0.84356553496 0.0206181006041 0
0.859098768062 0.0206181006041 0
0.874666766436 0.0206181006041 0
0.890265688909 0.0206181006041 0
0.905891686681 0.0206181006041 0
0.921540904272 0.0206181006041 0
0.937209480471 0.0206181006041 0
0.95289354929 0.0206181006041 0
0.968589240922 0.0206181006041 0
0.984292682688 0.0206181006041 0
1 0.0206181006041 0
1.01570731731 0.0206181006041 0
1.03141075908 0.0206181006041 0
1.04710645071 0.0206181006041 0
1.06279051953 0.0206181006041 0
1.07845909573 0.0206181006041 0
1.09410831332 0.0206181006041 0
1.10973431109 0.0206181006041 0
1.12533323356 0.0206181006041 0
1.14090123194 0.0206181006041 0
1.15643446504 0.0206181006041 0
1.17192910028 0.0206181006041 0
1.18738131459 0.0206181006041 0
1.20278729536 0.0206181006041 0
1.2181432414 0.0206181006041 0
1.23344536386 0.0206181006041 0
1.24868988716 0.0206181006041 0
1.26387304997 0.0206181006041 0
1.27899110604 0.0206181006041 0
1.29404032523 0.0206181006041 0
1.30901699437 0.0206181006041 0
1.3239174182 0.0206181006041 0
1.33873792025 0.0206181006041 0
1.35347484378 0.0206181006041 0
1.36812455268 0.0206181006041 0
1.38268343237 0.0206181006041 0
1.39714789063 0.0206181006041 0
1.41151435861 0.0206181006041 0
1.42577929157 0.0206181006041 0
1.43993916986 0.0206181006041 0
1.45399049974 0.0206181006041 0
1.46792981426 0.0206181006041 0
1.4817536741 0.0206181006041 0
1.49545866843 0.0206181006041 0
1.50904141575 0.0206181006041 0
1.52249856472 0.0206181006041 0
1.53582679498 0.0206181006041 0
1.549022818 0.0206181006041 0
1.56208337785 0.0206181006041 0
1.57500525204 0.0206181006041 0
1.58778525229 0.0206181006041 0
1.60042022533 0.0206181006041 0
1.61290705365 0.0206181006041 0
1.62524265634 0.0206181006041 0
1.63742398975 0.0206181006041 0
1.64944804833 0.0206181006041 0
1.66131186532 0.0206181006041 0
1.67301251351 0.0206181006041 0
1.68454710593 0.0206181006041 0
1.69591279659 0.0206181006041 0
1.70710678119 0.0206181006041 0
1.71812629776 0.0206181006041 0
1.72896862742 0.0206181006041 0
1.73963109498 0.0206181006041 0
1.75011106963 0.0206181006041 0
1.7604059656 0.0206181006041 0
1.77051324278 0.0206181006041 0
1.78043040734 0.0206181006041 0
1.79015501238 0.0206181006041 0
1.79968465849 0.0206181006041 0
1.80901699437 0.0206181006041 0
1.81814971743 0.0206181006041 0
1.82708057427 0.0206181006041 0
1.83580736137 0.0206181006041 0
1.8443279255 0.0206181006041 0
1.85264016435 0.0206181006041 0
1.860742027 0.0206181006041 0
1.86863151444 0.0206181006041 0
1.87630668004 0.0206181006041 0
1.88376563009 0.0206181006041 0
1.89100652419 0.0206181006041 0
1.89802757576 0.0206181006041 0
1.90482705247 0.0206181006041 0
1.91140327664 0.0206181006041 0
1.91775462568 0.0206181006041 0
1.92387953251 0.0206181006041 0
1.92977648589 0.0206181006041 0
1.93544403083 0.0206181006041 0
1.94088076895 0.0206181006041 0
1.94608535883 0.0206181006041 0
1.9510565163 0.0206181006041 0
1.9557930148 0.0206181006041 0
1.96029368568 0.0206181006041 0
1.96455741846 0.0206181006041 0
1.96858316113 0.0206181006041 0
1.9723699204 0.0206181006041 0
1.97591676194 0.0206181006041 0
1.97922281062 0.0206181006041 0
1.98228725073 0.0206181006041 0
1.98510932615 0.0206181006041 0
1.9876883406 0.0206181006041 0
1.99002365772 0.0206181006041 0
1.99211470131 0.0206181006041 0
1.99396095546 0.0206181006041 0
1.9955619646 0.0206181006041 0
1.99691733373 0.0206181006041 0
1.99802672843 0.0206181006041 0
1.99888987496 0.0206181006041 0
1.99950656037 0.0206181006041 0
1.99987663248 0.0206181006041 0
2 0.0206181006041 2
0 0.0213388347648 4
0.000123367518339 0.0213388347648 0
0.000493439634268 0.0213388347648 0
0.00111012503803 0.0213388347648 0
0.00197327157173 0.0213388347648 0
0.00308266626687 0.0213388347648 0
0.00443803539692 0.0213388347648 0
0.00603904454482 0.0213388347648 0
0.00788529868552 0.0213388347648 0
0.00997634228344 0.0213388347648 0
0.0123116594049 0.0213388347648 0
0.0148906738452 0.0213388347648 0
0.0177127492713 0.0213388347648 0
0.0207771893782 0.0213388347648 0
0.0240832380613 0.0213388347648 0
0.0276300796023 0.0213388347648 0
0.0314168388714 0.0213388347648 0
0.0354425815422 0.0213388347648 0
0.0397063143231 0.0213388347648 0
0.0442069852017 0.0213388347648 0
0.0489434837048 0.0213388347648 0
0.0539146411725 0.0213388347648 0
0.0591192310458 0.0213388347648 0
0.0645559691701 0.0213388347648 0
0.0702235141117 0.0213388347648 0
0.0761204674887 0.0213388347648 0
0.082245374316 0.0213388347648 0
0.0885967233646 0.0213388347648 0
0.095172947534 0.0213388347648 0
0.101972424239 0.0213388347648 0
0.108993475812 0.0213388347648 0
0.116234369911 0.0213388347648 0
0.123693319956 0.0213388347648 0
0.131368485562 0.0213388347648 0
0.139257972996 0.0213388347648 0
0.147359835646 0.0213388347648 0
0.155672074498 0.0213388347648 0
0.164192638632 0.0213388347648 0
0.172919425725 0.0213388347648 0
0.181850282575 0.0213388347648 0
0.190983005625 0.0213388347648 0
0.200315341513 0.0213388347648 0
0.209844987624 0.0213388347648 0
0.219569592662 0.0213388347648 0
0.229486757224 0.0213388347648 0
0.2395940344 0.0213388347648 0
0.24988893037 0.0213388347648 0
0.260368905021 0.0213388347648 0
0.271031372579 0.0213388347648 0
0.281873702237 0.0213388347648 0
0.292893218813 0.0213388347648 0
0.304087203408 0.0213388347648 0
0.315452894071 0.0213388347648 0
0.32698748649 0.0213388347648 0
0.338688134676 0.0213388347648 0
0.35055195167 0.0213388347648 0
0.362576010251 0.0213388347648 0
0.374757343664 0.0213388347648 0
0.387092946347 0.0213388347648 0
0.399579774674 0.0213388347648 0
0.412214747708 0.0213388347648 0
0.424994747957 0.0213388347648 0
0.437916622148 0.0213388347648 0
0.450977182002 0.0213388347648 0
0.464173205021 0.0213388347648 0
0.477501435284 0.0213388347648 0
0.49095858425 0.0213388347648 0
0.504541331568 0.0213388347648 0
0.518246325898 0.0213388347648 0
0.532070185739 0.0213388347648 0
0.54600950026 0.0213388347648 0
0.560060830144 0.0213388347648 0
0.574220708435 0.0213388347648 0
0.588485641395 0.0213388347648 0
0.602852109365 0.0213388347648 0
0.617316567635 0.0213388347648 0
0.631875447315 0.0213388347648 0
0.646525156221 0.0213388347648 0
0.661262079755 0.0213388347648 0
0.676082581802 0.0213388347648 0
0.690983005625 0.0213388347648 0
0.705959674768 0.0213388347648 0
0.721008893961 0.0213388347648 0
0.736126950035 0.0213388347648 0
0.751310112835 0.0213388347648 0
0.766554636144 0.0213388347648 0
0.781856758603 0.0213388347648 0
0.797212704643 0.0213388347648 0
0.812618685414 0.0213388347648 0
0.828070899721 0.0213388347648 0
0.84356553496 0.0213388347648 0
0.859098768062 0.0213388347648 0
0.874666766436 0.0213388347648 0
0.890265688909 0.0213388347648 0
0.905891686681 0.0213388347648 0
0.921540904272 0.0213388347648 0
0.937209480471 0.0213388347648 0
0.95289354929 0.0213388347648 0
0.968589240922 0.0213388347648 0
0.984292682688 0.0213388347648 0
1 0.0213388347648 0
1.01570731731 0.0213388347648 0
1.03141075908 0.0213388347648 0
1.04710645071 0.0213388347648 0
1.06279051953 0.0213388347648 0
1.07845909573 0.0213388347648 0
1.09410831332 0.0213388347648 0
1.10973431109 0.0213388347648 0
1.12533323356 0.0213388347648 0
1.14090123194 0.0213388347648 0
1.15643446504 0.0213388347648 0
1.17192910028 0.0213388347648 0
1.18738131459 0.0213388347648 0
1.20278729536 0.0213388347648 0
1.2181432414 0.0213388347648 0
1.23344536386 0.0213388347648 0
1.24868988716 0.0213388347648 0
1.26387304997 0.0213388347648 0
1.27899110604 0.0213388347648 0
1.29404032523 0.0213388347648 0
1.30901699437 0.0213388347648 0
1.3239174182 0.0213388347648 0
1.33873792025 0.0213388347648 0
1.35347484378 0.0213388347648 0
1.36812455268 0.0213388347648 0
1.38268343237 0.0213388347648 0
1.39714789063 0.0213388347648 0
1.41151435861 0.0213388347648 0
1.42577929157 0.0213388347648 0
1.43993916986 0.0213388347648 0
1.45399049974 0.0213388347648 0
1.46792981426 0.0213388347648 0
1.4817536741 0.0213388347648 0
1.49545866843 0.0213388347648 0
1.50904141575 0.0213388347648 0
1.52249856472 0.0213388347648 0
1.53582679498 0.0213388347648 0
1.549022818 0.0213388347648 0
1.56208337785 0.0213388347648 0
1.57500525204 0.0213388347648 0
1.58778525229 0.0213388347648 0
1.60042022533 0.0213388347648 0
1.61290705365 0.0213388347648 0
1.62524265634 0.0213388347648 0
1.63742398975 0.0213388347648 0
1.64944804833 0.0213388347648 0
1.66131186532 0.0213388347648 0
1.67301251351 0.0213388347648 0
1.68454710593 0.0213388347648 0
1.69591279659 0.0213388347648 0
1.70710678119 0.0213388347648 0
1.71812629776 0.0213388347648 0
1.72896862742 0.0213388347648 0
1.73963109498 0.0213388347648 0
1.75011106963 0.0213388347648 0
1.7604059656 0.0213388347648 0
1.77051324278 0.0213388347648 0
1.78043040734 0.0213388347648 0
1.79015501238 0.0213388347648 0
1.79968465849 0.0213388347648 0
1.80901699437 0.0213388347648 0
1.81814971743 0.0213388347648 0
1.82708057427 0.0213388347648 0
1.83580736137 0.0213388347648 0
1.8443279255 0.0213388347648 0
1.85264016435 0.0213388347648 0
1.860742027 0.0213388347648 0
1.86863151444 0.0213388347648 0
1.87630668004 0.0213388347648 0
1.88376563009 0.0213388347648 0
1.89100652419 0.0213388347648 0
1.89802757576 0.0213388347648 0
1.90482705247 0.0213388347648 0
1.91140327664 0.0213388347648 0
1.91775462568 0.0213388347648 0
1.92387953251 0.0213388347648 0
1.92977648589 0.0213388347648 0
1.93544403083 0.0213388347648 0
1.94088076895 0.0213388347648 0
1.94608535883 0.0213388347648 0
1.9510565163 0.0213388347648 0
1.9557930148 0.0213388347648 0
1.96029368568 0.0213388347648 0
1.96455741846 0.0213388347648 0
1.96858316113 0.0213388347648 0
1.9723699204 0.0213388347648 0
1.97591676194 0.0213388347648 0
1.97922281062 0.0213388347648 0
1.98228725073 0.0213388347648 0
1.98510932615 0.0213388347648 0
1.9876883406 0.0213388347648 0
1.99002365772 0.0213388347648 0
1.99211470131 0.0213388347648 0
1.99396095546 0.0213388347648 0
1.9955619646 0.0213388347648 0
1.99691733373 0.0213388347648 0
1.99802672843 0.0213388347648 0
1.99888987496 0.0213388347648 0
1.99950656037 0.0213388347648 0
1.99987663248 0.0213388347648 0
2 0.0213388347648 2
0 0.02200507457 4
0.000123367518339 0.02200507457 0
0.000493439634268 0.02200507457 0
0.00111012503803 0.02200507457 0
0.00197327157173 0.02200507457 0
0.00308266626687 0.02200507457 0
0.00443803539692 0.02200507457 0
0.00603904454482 0.02200507457 0
0.00788529868552 0.02200507457 0
0.00997634228344 0.02200507457 0
0.0123116594049 0.02200507457 0
0.0148906738452 0.02200507457 0
0.0177127492713 0.02200507457 0
0.0207771893782 0.02200507457 0
0.0240832380613 0.02200507457 0
0.0276300796023 0.02200507457 0
0.0314168388714 0.02200507457 0
0.0354425815422 0.02200507457 0
0.0397063143231 0.02200507457 0
0.0442069852017 0.02200507457 0
0.0489434837048 0.02200507457 0
0.0539146411725 0.02200507457 0
0.0591192310458 0.02200507457 0
0.0645559691701 0.02200507457 0
0.0702235141117 0.02200507457 0
0.0761204674887 0.02200507457 0
0.082245374316 0.02200507457 0
0.0885967233646 0.02200507457 0
0.095172947534 0.02200507457 0
0.101972424239 0.02200507457 0
0.108993475812 0.02200507457 0
0.116234369911 0.02200507457 0
0.123693319956 0.02200507457 0
0.131368485562 0.02200507457 0
0.139257972996 0.02200507457 0
0.147359835646 0.02200507457 0
0.155672074498 0.02200507457 0
0.164192638632 0.02200507457 0
0.172919425725 0.02200507457 0
0.181850282575 0.02200507457 0
0.190983005625 0.02200507457 0
0.200315341513 0.02200507457 0
0.209844987624 0.02200507457 0
0.219569592662 0.02200507457 0
0.229486757224 0.02200507457 0
0.2395940344 0.02200507457 0
0.24988893037 0.02200507457 0
0.260368905021 0.02200507457 0
0.271031372579 0.02200507457 0
0.281873702237 0.02200507457 0
0.292893218813 0.02200507457 0
0.304087203408 0.02200507457 0
0.315452894071 0.02200507457 0
0.32698748649 0.02200507457 0
0.338688134676 0.02200507457 0
0.35055195167 0.02200507457 0
0.362576010251 0.02200507457 0
0.374757343664 0.02200507457 0
0.387092946347 0.02200507457 0
0.399579774674 0.02200507457 0
0.412214747708 0.02200507457 0
0.424994747957 0.02200507457 0
0.437916622148 0.02200507457 0
0.450977182002 0.02200507457 0
0.464173205021 0.02200507457 0
0.477501435284 0.02200507457 0
0.49095858425 0.02200507457 0
0.504541331568 0.02200507457 0
0.518246325898 0.02200507457 0
0.532070185739 0.02200507457 0
0.54600950026 0.02200507457 0
0.560060830144 0.02200507457 0
0.574220708435 0.02200507457 0
0.588485641395 0.02200507457 0
0.602852109365 0.02200507457 0
0.617316567635 0.02200507457 0
0.631875447315 0.02200507457 0
0.646525156221 0.02200507457 0
0.661262079755 0.02200507457 0
0.676082581802 0.02200507457 0
0.690983005625 0.02200507457 0
0.705959674768 0.02200507457 0
0.721008893961 0.02200507457 0
0.736126950035 0.02200507457 0
0.751310112835 0.02200507457 0
0.766554636144 0.02200507457 0
0.781856758603 0.02200507457 0
0.797212704643 0.02200507457 0
0.812618685414 0.02200507457 0
0.828070899721 0.02200507457 0
0.84356553496 0.02200507457 0
0.859098768062 0.02200507457 0
0.874666766436 0.02200507457 0
0.890265688909 0.02200507457 0
0.905891686681 0.02200507457 0
0.921540904272 0.02200507457 0
0.937209480471 0.02200507457 0
0.95289354929 0.02200507457 0
0.968589240922 0.02200507457 0
0.984292682688 0.02200507457 0
1 0.02200507457 0
1.01570731731 0.02200507457 0
1.03141075908 0.02200507457 0
1.04710645071 0.02200507457 0
1.06279051953 0.02200507457 0
1.07845909573 0.02200507457 0
1.09410831332 0.02200507457 0
1.10973431109 0.02200507457 0
1.12533323356 0.02200507457 0
1.14090123194 0.02200507457 0
1.15643446504 0.02200507457 0
1.17192910028 0.02200507457 0
1.18738131459 0.02200507457 0
1.20278729536 0.02200507457 0
1.2181432414 0.02200507457 0
1.23344536386 0.02200507457 0
1.24868988716 0.02200507457 0
1.26387304997 0.02200507457 0
1.27899110604 0.02200507457 0
1.29404032523 0.02200507457 0
1.30901699437 0.02200507457 0
1.3239174182 0.02200507457 0
1.33873792025 0.02200507457 0
1.35347484378 0.02200507457 0
1.36812455268 0.02200507457 0
1.38268343237 0.02200507457 0
1.39714789063 0.02200507457 0
1.41151435861 0.02200507457 0
1.42577929157 0.02200507457 0
1.43993916986 0.02200507457 0
1.45399049974 0.02200507457 0
1.46792981426 0.02200507457 0
1.4817536741 0.02200507457 0
1.49545866843 0.02200507457 0
1.50904141575 0.02200507457 0
1.52249856472 0.02200507457 0
1.53582679498 0.02200507457 0
1.549022818 0.02200507457 0
1.56208337785 0.02200507457 0
1.57500525204 0.02200507457 0
1.58778525229 0.02200507457 0
1.60042022533 0.02200507457 0
1.61290705365 0.02200507457 0
1.62524265634 0.02200507457 0
1.63742398975 0.02200507457 0
1.64944804833 0.02200507457 0
1.66131186532 0.02200507457 0
1.67301251351 0.02200507457 0
1.68454710593 0.02200507457 0
1.69591279659 0.02200507457 0
1.70710678119 0.02200507457 0
1.71812629776 0.02200507457 0
1.72896862742 0.02200507457 0
1.73963109498 0.02200507457 0
1.75011106963 0.02200507457 0
1.7604059656 0.02200507457 0
1.77051324278 0.02200507457 0
1.78043040734 0.02200507457 0
1.79015501238 0.02200507457 0
1.79968465849 0.02200507457 0
1.80901699437 0.02200507457 0
1.81814971743 0.02200507457 0
1.82708057427 0.02200507457 0
1.83580736137 0.02200507457 0
1.8443279255 0.02200507457 0
1.85264016435 0.02200507457 0
1.860742027 0.02200507457 0
1.86863151444 0.02200507457 0
1.87630668004 0.02200507457 0
1.88376563009 0.02200507457 0
1.89100652419 0.02200507457 0
1.89802757576 0.02200507457 0
1.90482705247 0.02200507457 0
1.91140327664 0.02200507457 0
1.91775462568 0.02200507457 0
1.92387953251 0.02200507457 0
1.92977648589 0.02200507457 0
1.93544403083 0.02200507457 0
1.94088076895 0.02200507457 0
1.94608535883 0.02200507457 0
1.9510565163 0.02200507457 0
1.9557930148 0.02200507457 0
1.96029368568 0.02200507457 0
1.96455741846 0.02200507457 0
1.96858316113 0.02200507457 0
1.9723699204 0.02200507457 0
1.97591676194 0.02200507457 0
1.97922281062 0.02200507457 0
1.98228725073 0.02200507457 0
1.98510932615 0.02200507457 0
1.9876883406 0.02200507457 0
1.99002365772 0.02200507457 0
1.99211470131 0.02200507457 0
1.99396095546 0.02200507457 0
1.9955619646 0.02200507457 0
1.99691733373 0.02200507457 0
1.99802672843 0.02200507457 0
1.99888987496 0.02200507457 0
1.99950656037 0.02200507457 0
1.99987663248 0.02200507457 0
2 0.02200507457 2
0 0.0226127124297 4
0.000123367518339 0.0226127124297 0
0.000493439634268 0.0226127124297 0
0.00111012503803 0.0226127124297 0
0.00197327157173 0.0226127124297 0
0.00308266626687 0.0226127124297 0
0.00443803539692 0.0226127124297 0
0.00603904454482 0.0226127124297 0
0.00788529868552 0.0226127124297 0
0.00997634228344 0.0226127124297 0
0.0123116594049 0.0226127124297 0
0.0148906738452 0.0226127124297 0
0.0177127492713 0.0226127124297 0
0.0207771893782 0.0226127124297 0
0.0240832380613 0.0226127124297 0
0.0276300796023 0.0226127124297 0
0.0314168388714 0.0226127124297 0
0.0354425815422 0.0226127124297 0
0.0397063143231 0.0226127124297 0
0.0442069852017 0.0226127124297 0
0.0489434837048 0.0226127124297 0
0.0539146411725 0.0226127124297 0
0.0591192310458 0.0226127124297 0
0.0645559691701 0.0226127124297 0
0.0702235141117 0.0226127124297 0
0.0761204674887 0.0226127124297 0
0.082245374316 0.0226127124297 0
0.0885967233646 0.0226127124297 0
0.095172947534 0.0226127124297 0
0.101972424239 0.0226127124297 0
0.108993475812 0.0226127124297 0
0.116234369911 0.0226127124297 0
0.123693319956 0.0226127124297 0
0.131368485562 0.0226127124297 0
0.139257972996 0.0226127124297 0
0.147359835646 0.0226127124297 0
0.155672074498 0.0226127124297 0
0.164192638632 0.0226127124297 0
0.172919425725 0.0226127124297 0
0.181850282575 0.0226127124297 0
0.190983005625 0.0226127124297 0
0.200315341513 0.0226127124297 0
0.209844987624 0.0226127124297 0
0.219569592662 0.0226127124297 0
0.229486757224 0.0226127124297 0
0.2395940344 0.0226127124297 0
0.24988893037 0.0226127124297 0
0.260368905021 0.0226127124297 0
0.271031372579 0.0226127124297 0
0.281873702237 0.0226127124297 0
0.292893218813 0.0226127124297 0
0.304087203408 0.0226127124297 0
0.315452894071 0.0226127124297 0
0.32698748649 0.0226127124297 0
0.338688134676 0.0226127124297 0
0.35055195167 0.0226127124297 0
0.362576010251 0.0226127124297 0
0.374757343664 0.0226127124297 0
0.387092946347 0.0226127124297 0
0.399579774674 0.0226127124297 0
0.412214747708 0.0226127124297 0
0.424994747957 0.0226127124297 0
0.437916622148 0.0226127124297 0
0.450977182002 0.0226127124297 0
0.464173205021 0.0226127124297 0
0.477501435284 0.0226127124297 0
0.49095858425 0.0226127124297 0
0.504541331568 0.0226127124297 0
0.518246325898 0.0226127124297 0
0.532070185739 0.0226127124297 0
0.54600950026 0.0226127124297 0
0.560060830144 0.0226127124297 0
0.574220708435 0.0226127124297 0
0.588485641395 0.0226127124297 0
0.602852109365 0.0226127124297 0
0.617316567635 0.0226127124297 0
0.631875447315 0.0226127124297 0
0.646525156221 0.0226127124297 0
0.661262079755 0.0226127124297 0
0.676082581802 0.0226127124297 0
0.690983005625 0.0226127124297 0
0.705959674768 0.0226127124297 0
0.721008893961 0.0226127124297 0
0.736126950035 0.0226127124297 0
0.751310112835 0.0226127124297 0
0.766554636144 0.0226127124297 0
0.781856758603 0.0226127124297 0
0.797212704643 0.0226127124297 0
0.812618685414 0.0226127124297 0
0.828070899721 0.0226127124297 0
0.84356553496 0.0226127124297 0
0.859098768062 0.0226127124297 0
0.874666766436 0.0226127124297 0
0.890265688909 0.0226127124297 0
0.905891686681 0.0226127124297 0
0.921540904272 0.0226127124297 0
0.937209480471 0.0226127124297 0
0.95289354929 0.0226127124297 0
0.968589240922 0.0226127124297 0
0.984292682688 0.0226127124297 0
1 0.0226127124297 0
1.01570731731 0.0226127124297 0
1.03141075908 0.0226127124297 0
1.04710645071 0.0226127124297 0
1.06279051953 0.0226127124297 0
1.07845909573 0.0226127124297 0
1.09410831332 0.0226127124297 0
1.10973431109 0.0226127124297 0
1.12533323356 0.0226127124297 0
1.14090123194 0.0226127124297 0
1.15643446504 0.0226127124297 0
1.17192910028 0.0226127124297 0
1.18738131459 0.0226127124297 0
1.20278729536 0.0226127124297 0
1.2181432414 0.0226127124297 0
1.23344536386 0.0226127124297 0
1.24868988716 0.0226127124297 0
1.26387304997 0.0226127124297 0
1.27899110604 0.0226127124297 0
1.29404032523 0.0226127124297 0
1.30901699437 0.0226127124297 0
1.3239174182 0.0226127124297 0
1.33873792025 0.0226127124297 0
1.35347484378 0.0226127124297 0
1.36812455268 0.0226127124297 0
1.38268343237 0.0226127124297 0
1.39714789063 0.0226127124297 0
1.41151435861 0.0226127124297 0
1.42577929157 0.0226127124297 0
1.43993916986 0.0226127124297 0
1.45399049974 0.0226127124297 0
1.46792981426 0.0226127124297 0
1.4817536741 0.0226127124297 0
1.49545866843 0.0226127124297 0
1.50904141575 0.0226127124297 0
1.52249856472 0.0226127124297 0
1.53582679498 0.0226127124297 0
1.549022818 0.0226127124297 0
1.56208337785 0.0226127124297 0
1.57500525204 0.0226127124297 0
1.58778525229 0.0226127124297 0
1.60042022533 0.0226127124297 0
1.61290705365 0.0226127124297 0
1.62524265634 0.0226127124297 0
1.63742398975 0.0226127124297 0
1.64944804833 0.0226127124297 0
1.66131186532 0.0226127124297 0
1.67301251351 0.0226127124297 0
1.68454710593 0.0226127124297 0
1.69591279659 0.0226127124297 0
1.70710678119 0.0226127124297 0
1.71812629776 0.0226127124297 0
1.72896862742 0.0226127124297 0
1.73963109498 0.0226127124297 0
1.75011106963 0.0226127124297 0
1.7604059656 0.0226127124297 0
1.77051324278 0.0226127124297 0
1.78043040734 0.0226127124297 0
1.79015501238 0.0226127124297 0
1.79968465849 0.0226127124297 0
1.80901699437 0.0226127124297 0
1.81814971743 0.0226127124297 0
1.82708057427 0.0226127124297 0
1.83580736137 0.0226127124297 0
1.8443279255 0.0226127124297 0
1.85264016435 0.0226127124297 0
1.860742027 0.0226127124297 0
1.86863151444 0.0226127124297 0
1.87630668004 0.0226127124297 0
1.88376563009 0.0226127124297 0
1.89100652419 0.0226127124297 0
1.89802757576 0.0226127124297 0
1.90482705247 0.0226127124297 0
1.91140327664 0.0226127124297 0
1.91775462568 0.0226127124297 0
1.92387953251 0.0226127124297 0
1.92977648589 0.0226127124297 0
1.93544403083 0.0226127124297 0
1.94088076895 0.0226127124297 0
1.94608535883 0.0226127124297 0
1.9510565163 0.0226127124297 0
1.9557930148 0.0226127124297 0
1.96029368568 0.0226127124297 0
1.96455741846 0.0226127124297 0
1.96858316113 0.0226127124297 0
1.9723699204 0.0226127124297 0
1.97591676194 0.0226127124297 0
1.97922281062 0.0226127124297 0
1.98228725073 0.0226127124297 0
1.98510932615 0.0226127124297 0
1.9876883406 0.0226127124297 0
1.99002365772 0.0226127124297 0
1.99211470131 0.0226127124297 0
1.99396095546 0.0226127124297 0
1.9955619646 0.0226127124297 0
1.99691733373 0.0226127124297 0
1.99802672843 0.0226127124297 0
1.99888987496 0.0226127124297 0
1.99950656037 0.0226127124297 0
1.99987663248 0.0226127124297 0
2 0.0226127124297 2
0 0.0231580020544 4
0.000123367518339 0.0231580020544 0
0.000493439634268 0.0231580020544 0
0.00111012503803 0.0231580020544 0
0.00197327157173 0.0231580020544 0
0.00308266626687 0.0231580020544 0
0.00443803539692 0.0231580020544 0
0.00603904454482 0.0231580020544 0
0.00788529868552 0.0231580020544 0
0.00997634228344 0.0231580020544 0
0.0123116594049 0.0231580020544 0
0.0148906738452 0.0231580020544 0
0.0177127492713 0.0231580020544 0
0.0207771893782 0.0231580020544 0
0.0240832380613 0.0231580020544 0
0.0276300796023 0.0231580020544 0
0.0314168388714 0.0231580020544 0
0.0354425815422 0.0231580020544 0
0.0397063143231 0.0231580020544 0
0.0442069852017 0.0231580020544 0
0.0489434837048 0.0231580020544 0
0.0539146411725 0.0231580020544 0
0.0591192310458 0.0231580020544 0
0.0645559691701 0.0231580020544 0
0.0702235141117 0.0231580020544 0
0.0761204674887 0.0231580020544 0
0.082245374316 0.0231580020544 0
0.0885967233646 0.0231580020544 0
0.095172947534 0.0231580020544 0
0.101972424239 0.0231580020544 0
0.108993475812 0.0231580020544 0
0.116234369911 0.0231580020544 0
0.123693319956 0.0231580020544 0
0.131368485562 0.0231580020544 0
0.139257972996 0.0231580020544 0
0.147359835646 0.0231580020544 0
0.155672074498 0.0231580020544 0
0.164192638632 0.0231580020544 0
0.172919425725 0.0231580020544 0
0.181850282575 0.0231580020544 0
0.190983005625 0.0231580020544 0
0.200315341513 0.0231580020544 0
0.209844987624 0.0231580020544 0
0.219569592662 0.0231580020544 0
0.229486757224 0.0231580020544 0
0.2395940344 0.0231580020544 0
0.24988893037 0.0231580020544 0
0.260368905021 0.0231580020544 0
0.271031372579 0.0231580020544 0
0.281873702237 0.0231580020544 0
0.292893218813 0.0231580020544 0
0.304087203408 0.0231580020544 0
0.315452894071 0.0231580020544 0
0.32698748649 0.0231580020544 0
0.338688134676 0.0231580020544 0
0.35055195167 0.0231580020544 0
0.362576010251 0.0231580020544 0
0.374757343664 0.0231580020544 0
0.387092946347 0.0231580020544 0
0.399579774674 0.0231580020544 0
0.412214747708 0.0231580020544 0
0.424994747957 0.0231580020544 0
0.437916622148 0.0231580020544 0
0.450977182002 0.0231580020544 0
0.464173205021 0.0231580020544 0
0.477501435284 0.0231580020544 0
0.49095858425 0.0231580020544 0
0.504541331568 0.0231580020544 0
0.518246325898 0.0231580020544 0
0.532070185739 0.0231580020544 0
0.54600950026 0.0231580020544 0
0.560060830144 0.0231580020544 0
0.574220708435 0.0231580020544 0
0.588485641395 0.0231580020544 0
0.602852109365 0.0231580020544 0
0.617316567635 0.0231580020544 0
0.631875447315 0.0231580020544 0
0.646525156221 0.0231580020544 0
0.661262079755 0.0231580020544 0
0.676082581802 0.0231580020544 0
0.690983005625 0.0231580020544 0
0.705959674768 0.0231580020544 0
0.721008893961 0.0231580020544 0
0.736126950035 0.0231580020544 0
0.751310112835 0.0231580020544 0
0.766554636144 0.0231580020544 0
0.781856758603 0.0231580020544 0
0.797212704643 0.0231580020544 0
0.812618685414 0.0231580020544 0
0.828070899721 0.0231580020544 0
0.84356553496 0.0231580020544 0
0.859098768062 0.0231580020544 0
0.874666766436 0.0231580020544 0
0.890265688909 0.0231580020544 0
0.905891686681 0.0231580020544 0
0.921540904272 0.0231580020544 0
0.937209480471 0.0231580020544 0
0.95289354929 0.0231580020544 0
0.968589240922 0.0231580020544 0
0.984292682688 0.0231580020544 0
1 0.0231580020544 0
1.01570731731 0.0231580020544 0
1.03141075908 0.0231580020544 0
1.04710645071 0.0231580020544 0
1.06279051953 0.0231580020544 0
1.07845909573 0.0231580020544 0
1.09410831332 0.0231580020544 0
1.10973431109 0.0231580020544 0
1.12533323356 0.0231580020544 0
1.14090123194 0.0231580020544 0
1.15643446504 0.0231580020544 0
1.17192910028 0.0231580020544 0
1.18738131459 0.0231580020544 0
1.20278729536 0.0231580020544 0
1.2181432414 0.0231580020544 0
1.23344536386 0.0231580020544 0
1.24868988716 0.0231580020544 0
1.26387304997 0.0231580020544 0
1.27899110604 0.0231580020544 0
1.29404032523 0.0231580020544 0
1.30901699437 0.0231580020544 0
1.3239174182 0.0231580020544 0
1.33873792025 0.0231580020544 0
1.35347484378 0.0231580020544 0
1.36812455268 0.0231580020544 0
1.38268343237 0.0231580020544 0
1.39714789063 0.0231580020544 0
1.41151435861 0.0231580020544 0
1.42577929157 0.0231580020544 0
1.43993916986 0.0231580020544 0
1.45399049974 0.0231580020544 0
1.46792981426 0.0231580020544 0
1.4817536741 0.0231580020544 0
1.49545866843 0.0231580020544 0
1.50904141575 0.0231580020544 0
1.52249856472 0.0231580020544 0
1.53582679498 0.0231580020544 0
1.549022818 0.0231580020544 0
1.56208337785 0.0231580020544 0
1.57500525204 0.0231580020544 0
1.58778525229 0.0231580020544 0
1.60042022533 0.0231580020544 0
1.61290705365 0.0231580020544 0
1.62524265634 0.0231580020544 0
1.63742398975 0.0231580020544 0
1.64944804833 0.0231580020544 0
1.66131186532 0.0231580020544 0
1.67301251351 0.0231580020544 0
1.68454710593 0.0231580020544 0
1.69591279659 0.0231580020544 0
1.70710678119 0.0231580020544 0
1.71812629776 0.0231580020544 0
1.72896862742 0.0231580020544 0
1.73963109498 0.0231580020544 0
1.75011106963 0.0231580020544 0
1.7604059656 0.0231580020544 0
1.77051324278 0.0231580020544 0
1.78043040734 0.0231580020544 0
1.79015501238 0.0231580020544 0
1.79968465849 0.0231580020544 0
1.80901699437 0.0231580020544 0
1.81814971743 0.0231580020544 0
1.82708057427 0.0231580020544 0
1.83580736137 0.0231580020544 0
1.8443279255 0.0231580020544 0
1.85264016435 0.0231580020544 0
1.860742027 0.0231580020544 0
1.86863151444 0.0231580020544 0
1.87630668004 0.0231580020544 0
1.88376563009 0.0231580020544 0
1.89100652419 0.0231580020544 0
1.89802757576 0.0231580020544 0
1.90482705247 0.0231580020544 0
1.91140327664 0.0231580020544 0
1.91775462568 0.0231580020544 0
1.92387953251 0.0231580020544 0
1.92977648589 0.0231580020544 0
1.93544403083 0.0231580020544 0
1.94088076895 0.0231580020544 0
1.94608535883 0.0231580020544 0
1.9510565163 0.0231580020544 0
1.9557930148 0.0231580020544 0
1.96029368568 0.0231580020544 0
1.96455741846 0.0231580020544 0
1.96858316113 0.0231580020544 0
1.9723699204 0.0231580020544 0
1.97591676194 0.0231580020544 0
1.97922281062 0.0231580020544 0
1.98228725073 0.0231580020544 0
1.98510932615 0.0231580020544 0
1.9876883406 0.0231580020544 0
1.99002365772 0.0231580020544 0
1.99211470131 0.0231580020544 0
1.99396095546 0.0231580020544 0
1.9955619646 0.0231580020544 0
1.99691733373 0.0231580020544 0
1.99802672843 0.0231580020544 0
1.99888987496 0.0231580020544 0
1.99950656037 0.0231580020544 0
1.99987663248 0.0231580020544 0
2 0.0231580020544 2
0 0.0236375815524 4
0.000123367518339 0.0236375815524 0
0.000493439634268 0.0236375815524 0
0.00111012503803 0.0236375815524 0
0.00197327157173 0.0236375815524 0
0.00308266626687 0.0236375815524 0
0.00443803539692 0.0236375815524 0
0.00603904454482 0.0236375815524 0
0.00788529868552 0.0236375815524 0
0.00997634228344 0.0236375815524 0
0.0123116594049 0.0236375815524 0
0.0148906738452 0.0236375815524 0
0.0177127492713 0.0236375815524 0
0.0207771893782 0.0236375815524 0
0.0240832380613 0.0236375815524 0
0.0276300796023 0.0236375815524 0
0.0314168388714 0.0236375815524 0
0.0354425815422 0.0236375815524 0
0.0397063143231 0.0236375815524 0
0.0442069852017 0.0236375815524 0
0.0489434837048 0.0236375815524 0
0.0539146411725 0.0236375815524 0
0.0591192310458 0.0236375815524 0
0.0645559691701 0.0236375815524 0
0.0702235141117 0.0236375815524 0
0.0761204674887 0.0236375815524 0
0.082245374316 0.0236375815524 0
0.0885967233646 0.0236375815524 0
0.095172947534 0.0236375815524 0
0.101972424239 0.0236375815524 0
0.108993475812 0.0236375815524 0
0.116234369911 0.0236375815524 0
0.123693319956 0.0236375815524 0
0.131368485562 0.0236375815524 0
0.139257972996 0.0236375815524 0
0.147359835646 0.0236375815524 0
0.155672074498 0.0236375815524 0
0.164192638632 0.0236375815524 0
0.172919425725 0.0236375815524 0
0.181850282575 0.0236375815524 0
0.190983005625 0.0236375815524 0
0.200315341513 0.0236375815524 0
0.209844987624 0.0236375815524 0
0.219569592662 0.0236375815524 0
0.229486757224 0.0236375815524 0
0.2395940344 0.0236375815524 0
0.24988893037 0.0236375815524 0
0.260368905021 0.0236375815524 0
0.271031372579 0.0236375815524 0
0.281873702237 0.0236375815524 0
0.292893218813 0.0236375815524 0
0.304087203408 0.0236375815524 0
0.315452894071 0.0236375815524 0
0.32698748649 0.0236375815524 0
0.338688134676 0.0236375815524 0
0.35055195167 0.0236375815524 0
0.362576010251 0.0236375815524 0
0.374757343664 0.0236375815524 0
0.387092946347 0.0236375815524 0
0.399579774674 0.0236375815524 0
0.412214747708 0.0236375815524 0
0.424994747957 0.0236375815524 0
0.437916622148 0.0236375815524 0
0.450977182002 0.0236375815524 0
0.464173205021 0.0236375815524 0
0.477501435284 0.0236375815524 0
0.49095858425 0.0236375815524 0
0.504541331568 0.0236375815524 0
0.518246325898 0.0236375815524 0
0.532070185739 0.0236375815524 0
0.54600950026 0.0236375815524 0
0.560060830144 0.0236375815524 0
0.574220708435 0.0236375815524 0
0.588485641395 0.0236375815524 0
0.602852109365 0.0236375815524 0
0.617316567635 0.0236375815524 0
0.631875447315 0.0236375815524 0
0.646525156221 0.0236375815524 0
0.661262079755 0.0236375815524 0
0.676082581802 0.0236375815524 0
0.690983005625 0.0236375815524 0
0.705959674768 0.0236375815524 0
0.721008893961 0.0236375815524 0
0.736126950035 0.0236375815524 0
0.751310112835 0.0236375815524 0
0.766554636144 0.0236375815524 0
0.781856758603 0.0236375815524 0
0.797212704643 0.0236375815524 0
0.812618685414 0.0236375815524 0
0.828070899721 0.0236375815524 0
0.84356553496 0.0236375815524 0
0.859098768062 0.0236375815524 0
0.874666766436 0.0236375815524 0
0.890265688909 0.0236375815524 0
0.905891686681 0.0236375815524 0
0.921540904272 0.0236375815524 0
0.937209480471 0.0236375815524 0
0.95289354929 0.0236375815524 0
0.968589240922 0.0236375815524 0
0.984292682688 0.0236375815524 0
1 0.0236375815524 0
1.01570731731 0.0236375815524 0
1.03141075908 0.0236375815524 0
1.04710645071 0.0236375815524 0
1.06279051953 0.0236375815524 0
1.07845909573 0.0236375815524 0
1.09410831332 0.0236375815524 0
1.10973431109 0.0236375815524 0
1.12533323356 0.0236375815524 0
1.14090123194 0.0236375815524 0
1.15643446504 0.0236375815524 0
1.17192910028 0.0236375815524 0
1.18738131459 0.0236375815524 0
1.20278729536 0.0236375815524 0
1.2181432414 0.0236375815524 0
1.23344536386 0.0236375815524 0
1.24868988716 0.0236375815524 0
1.26387304997 0.0236375815524 0
1.27899110604 0.0236375815524 0
1.29404032523 0.0236375815524 0
1.30901699437 0.0236375815524 0
1.3239174182 0.0236375815524 0
1.33873792025 0.0236375815524 0
1.35347484378 0.0236375815524 0
1.36812455268 0.0236375815524 0
1.38268343237 0.0236375815524 0
1.39714789063 0.0236375815524 0
1.41151435861 0.0236375815524 0
1.42577929157 0.0236375815524 0
1.43993916986 0.0236375815524 0
1.45399049974 0.0236375815524 0
1.46792981426 0.0236375815524 0
1.4817536741 0.0236375815524 0
1.49545866843 0.0236375815524 0
1.50904141575 0.0236375815524 0
1.52249856472 0.0236375815524 0
1.53582679498 0.0236375815524 0
1.549022818 0.0236375815524 0
1.56208337785 0.0236375815524 0
1.57500525204 0.0236375815524 0
1.58778525229 0.0236375815524 0
1.60042022533 0.0236375815524 0
1.61290705365 0.0236375815524 0
1.62524265634 0.0236375815524 0
1.63742398975 0.0236375815524 0
1.64944804833 0.0236375815524 0
1.66131186532 0.0236375815524 0
1.67301251351 0.0236375815524 0
1.68454710593 0.0236375815524 0
1.69591279659 0.0236375815524 0
1.70710678119 0.0236375815524 0
1.71812629776 0.0236375815524 0
1.72896862742 0.0236375815524 0
1.73963109498 0.0236375815524 0
1.75011106963 0.0236375815524 0
1.7604059656 0.0236375815524 0
1.77051324278 0.0236375815524 0
1.78043040734 0.0236375815524 0
1.79015501238 0.0236375815524 0
1.79968465849 0.0236375815524 0
1.80901699437 0.0236375815524 0
1.81814971743 0.0236375815524 0
1.82708057427 0.0236375815524 0
1.83580736137 0.0236375815524 0
1.8443279255 0.0236375815524 0
1.85264016435 0.0236375815524 0
1.860742027 0.0236375815524 0
1.86863151444 0.0236375815524 0
1.87630668004 0.0236375815524 0
1.88376563009 0.0236375815524 0
1.89100652419 0.0236375815524 0
1.89802757576 0.0236375815524 0
1.90482705247 0.0236375815524 0
1.91140327664 0.0236375815524 0
1.91775462568 0.0236375815524 0
1.92387953251 0.0236375815524 0
1.92977648589 0.0236375815524 0
1.93544403083 0.0236375815524 0
1.94088076895 0.0236375815524 0
1.94608535883 0.0236375815524 0
1.9510565163 0.0236375815524 0
1.9557930148 0.0236375815524 0
1.96029368568 0.0236375815524 0
1.96455741846 0.0236375815524 0
1.96858316113 0.0236375815524 0
1.9723699204 0.0236375815524 0
1.97591676194 0.0236375815524 0
1.97922281062 0.0236375815524 0
1.98228725073 0.0236375815524 0
1.98510932615 0.0236375815524 0
1.9876883406 0.0236375815524 0
1.99002365772 0.0236375815524 0
1.99211470131 0.0236375815524 0
1.99396095546 0.0236375815524 0
1.9955619646 0.0236375815524 0
1.99691733373 0.0236375815524 0
1.99802672843 0.0236375815524 0
1.99888987496 0.0236375815524 0
1.99950656037 0.0236375815524 0
1.99987663248 0.0236375815524 0
2 0.0236375815524 2
0 0.0240484941564 4
0.000123367518339 0.0240484941564 0
0.000493439634268 0.0240484941564 0
0.00111012503803 0.0240484941564 0
0.00197327157173 0.0240484941564 0
0.00308266626687 0.0240484941564 0
0.00443803539692 0.0240484941564 0
0.00603904454482 0.0240484941564 0
0.00788529868552 0.0240484941564 0
0.00997634228344 0.0240484941564 0
0.0123116594049 0.0240484941564 0
0.0148906738452 0.0240484941564 0
0.0177127492713 0.0240484941564 0
0.0207771893782 0.0240484941564 0
0.0240832380613 0.0240484941564 0
0.0276300796023 0.0240484941564 0
0.0314168388714 0.0240484941564 0
0.0354425815422 0.0240484941564 0
0.0397063143231 0.0240484941564 0
0.0442069852017 0.0240484941564 0
0.0489434837048 0.0240484941564 0
0.0539146411725 0.0240484941564 0
0.0591192310458 0.0240484941564 0
0.0645559691701 0.0240484941564 0
0.0702235141117 0.0240484941564 0
0.0761204674887 0.0240484941564 0
0.082245374316 0.0240484941564 0
0.0885967233646 0.0240484941564 0
0.095172947534 0.0240484941564 0
0.101972424239 0.0240484941564 0
0.108993475812 0.0240484941564 0
0.116234369911 0.0240484941564 0
0.123693319956 0.0240484941564 0
0.131368485562 0.0240484941564 0
0.139257972996 0.0240484941564 0
0.147359835646 0.0240484941564 0
0.155672074498 0.0240484941564 0
0.164192638632 0.0240484941564 0
0.172919425725 0.0240484941564 0
0.181850282575 0.0240484941564 0
0.190983005625 0.0240484941564 0
0.200315341513 0.0240484941564 0
0.209844987624 0.0240484941564 0
0.219569592662 0.0240484941564 0
0.229486757224 0.0240484941564 0
0.2395940344 0.0240484941564 0
0.24988893037 0.0240484941564 0
0.260368905021 0.0240484941564 0
0.271031372579 0.0240484941564 0
0.281873702237 0.0240484941564 0
0.292893218813 0.0240484941564 0
0.304087203408 0.0240484941564 0
0.315452894071 0.0240484941564 0
0.32698748649 0.0240484941564 0
0.338688134676 0.0240484941564 0
0.35055195167 0.0240484941564 0
0.362576010251 0.0240484941564 0
0.374757343664 0.0240484941564 0
0.387092946347 0.0240484941564 0
0.399579774674 0.0240484941564 0
0.412214747708 0.0240484941564 0
0.424994747957 0.0240484941564 0
0.437916622148 0.0240484941564 0
0.450977182002 0.0240484941564 0
0.464173205021 0.0240484941564 0
0.477501435284 0.0240484941564 0
0.49095858425 0.0240484941564 0
0.504541331568 0.0240484941564 0
0.518246325898 0.0240484941564 0
0.532070185739 0.0240484941564 0
0.54600950026 0.0240484941564 0
0.560060830144 0.0240484941564 0
0.574220708435 0.0240484941564 0
0.588485641395 0.0240484941564 0
0.602852109365 0.0240484941564 0
0.617316567635 0.0240484941564 0
0.631875447315 0.0240484941564 0
0.646525156221 0.0240484941564 0
0.661262079755 0.0240484941564 0
0.676082581802 0.0240484941564 0
0.690983005625 0.0240484941564 0
0.705959674768 0.0240484941564 0
0.721008893961 0.0240484941564 0
0.736126950035 0.0240484941564 0
0.751310112835 0.0240484941564 0
0.766554636144 0.0240484941564 0
0.781856758603 0.0240484941564 0
0.797212704643 0.0240484941564 0
0.812618685414 0.0240484941564 0
0.828070899721 0.0240484941564 0
0.84356553496 0.0240484941564 0
0.859098768062 0.0240484941564 0
0.874666766436 0.0240484941564 0
0.890265688909 0.0240484941564 0
0.905891686681 0.0240484941564 0
0.921540904272 0.0240484941564 0
0.937209480471 0.0240484941564 0
0.95289354929 0.0240484941564 0
0.968589240922 0.0240484941564 0
0.984292682688 0.0240484941564 0
1 0.0240484941564 0
1.01570731731 0.0240484941564 0
1.03141075908 0.0240484941564 0
1.04710645071 0.0240484941564 0
1.06279051953 0.0240484941564 0
1.07845909573 0.0240484941564 0
1.09410831332 0.0240484941564 0
1.10973431109 0.0240484941564 0
1.12533323356 0.0240484941564 0
1.14090123194 0.0240484941564 0
1.15643446504 0.0240484941564 0
1.17192910028 0.0240484941564 0
1.18738131459 0.0240484941564 0
1.20278729536 0.0240484941564 0
1.2181432414 0.0240484941564 0
1.23344536386 0.0240484941564 0
1.24868988716 0.0240484941564 0
1.26387304997 0.0240484941564 0
1.27899110604 0.0240484941564 0
1.29404032523 0.0240484941564 0
1.30901699437 0.0240484941564 0
1.3239174182 0.0240484941564 0
1.33873792025 0.0240484941564 0
1.35347484378 0.0240484941564 0
1.36812455268 0.0240484941564 0
1.38268343237 0.0240484941564 0
1.39714789063 0.0240484941564 0
1.41151435861 0.0240484941564 0
1.42577929157 0.0240484941564 0
1.43993916986 0.0240484941564 0
1.45399049974 0.0240484941564 0
1.46792981426 0.0240484941564 0
1.4817536741 0.0240484941564 0
1.49545866843 0.0240484941564 0
1.50904141575 0.0240484941564 0
1.52249856472 0.0240484941564 0
1.53582679498 0.0240484941564 0
1.549022818 0.0240484941564 0
1.56208337785 0.0240484941564 0
1.57500525204 0.0240484941564 0
1.58778525229 0.0240484941564 0
1.60042022533 0.0240484941564 0
1.61290705365 0.0240484941564 0
1.62524265634 0.0240484941564 0
1.63742398975 0.0240484941564 0
1.64944804833 0.0240484941564 0
1.66131186532 0.0240484941564 0
1.67301251351 0.0240484941564 0
1.68454710593 0.0240484941564 0
1.69591279659 0.0240484941564 0
1.70710678119 0.0240484941564 0
1.71812629776 0.0240484941564 0
1.72896862742 0.0240484941564 0
1.73963109498 0.0240484941564 0
1.75011106963 0.0240484941564 0
1.7604059656 0.0240484941564 0
1.77051324278 0.0240484941564 0
1.78043040734 0.0240484941564 0
1.79015501238 0.0240484941564 0
1.79968465849 0.0240484941564 0
1.80901699437 0.0240484941564 0
1.81814971743 0.0240484941564 0
1.82708057427 0.0240484941564 0
1.83580736137 0.0240484941564 0
1.8443279255 0.0240484941564 0
1.85264016435 0.0240484941564 0
1.860742027 0.0240484941564 0
1.86863151444 0.0240484941564 0
1.87630668004 0.0240484941564 0
1.88376563009 0.0240484941564 0
1.89100652419 0.0240484941564 0
1.89802757576 0.0240484941564 0
1.90482705247 0.0240484941564 0
1.91140327664 0.0240484941564 0
1.91775462568 0.0240484941564 0
1.92387953251 0.0240484941564 0
1.92977648589 0.0240484941564 0
1.93544403083 0.0240484941564 0
1.94088076895 0.0240484941564 0
1.94608535883 0.0240484941564 0
1.9510565163 0.0240484941564 0
1.9557930148 0.0240484941564 0
1.96029368568 0.0240484941564 0
1.96455741846 0.0240484941564 0
1.96858316113 0.0240484941564 0
1.9723699204 0.0240484941564 0
1.97591676194 0.0240484941564 0
1.97922281062 0.0240484941564 0
1.98228725073 0.0240484941564 0
1.98510932615 0.0240484941564 0
1.9876883406 0.0240484941564 0
1.99002365772 0.0240484941564 0
1.99211470131 0.0240484941564 0
1.99396095546 0.0240484941564 0
1.9955619646 0.0240484941564 0
1.99691733373 0.0240484941564 0
1.99802672843 0.0240484941564 0
1.99888987496 0.0240484941564 0
1.99950656037 0.0240484941564 0
1.99987663248 0.0240484941564 0
2 0.0240484941564 2
0 0.0243882064537 4
0.000123367518339 0.0243882064537 0
0.000493439634268 0.0243882064537 0
0.00111012503803 0.0243882064537 0
0.00197327157173 0.0243882064537 0
0.00308266626687 0.0243882064537 0
0.00443803539692 0.0243882064537 0
0.00603904454482 0.0243882064537 0
0.00788529868552 0.0243882064537 0
0.00997634228344 0.0243882064537 0
0.0123116594049 0.0243882064537 0
0.0148906738452 0.0243882064537 0
0.0177127492713 0.0243882064537 0
0.0207771893782 0.0243882064537 0
0.0240832380613 0.0243882064537 0
0.0276300796023 0.0243882064537 0
0.0314168388714 0.0243882064537 0
0.0354425815422 0.0243882064537 0
0.0397063143231 0.0243882064537 0
0.0442069852017 0.0243882064537 0
0.0489434837048 0.0243882064537 0
0.0539146411725 0.0243882064537 0
0.0591192310458 0.0243882064537 0
0.0645559691701 0.0243882064537 0
0.0702235141117 0.0243882064537 0
0.0761204674887 0.0243882064537 0
0.082245374316 0.0243882064537 0
0.0885967233646 0.0243882064537 0
0.095172947534 0.0243882064537 0
0.101972424239 0.0243882064537 0
0.108993475812 0.0243882064537 0
0.116234369911 0.0243882064537 0
0.123693319956 0.0243882064537 0
0.131368485562 0.0243882064537 0
0.139257972996 0.0243882064537 0
0.147359835646 0.0243882064537 0
0.155672074498 0.0243882064537 0
0.164192638632 0.0243882064537 0
0.172919425725 0.0243882064537 0
0.181850282575 0.0243882064537 0
0.190983005625 0.0243882064537 0
0.200315341513 0.0243882064537 0
0.209844987624 0.0243882064537 0
0.219569592662 0.0243882064537 0
0.229486757224 0.0243882064537 0
0.2395940344 0.0243882064537 0
0.24988893037 0.0243882064537 0
0.260368905021 0.0243882064537 0
0.271031372579 0.0243882064537 0
0.281873702237 0.0243882064537 0
0.292893218813 0.0243882064537 0
0.304087203408 0.0243882064537 0
0.315452894071 0.0243882064537 0
0.32698748649 0.0243882064537 0
0.338688134676 0.0243882064537 0
0.35055195167 0.0243882064537 0
0.362576010251 0.0243882064537 0
0.374757343664 0.0243882064537 0
0.387092946347 0.0243882064537 0
0.399579774674 0.0243882064537 0
0.412214747708 0.0243882064537 0
0.424994747957 0.0243882064537 0
0.437916622148 0.0243882064537 0
0.450977182002 0.0243882064537 0
0.464173205021 0.0243882064537 0
0.477501435284 0.0243882064537 0
0.49095858425 0.0243882064537 0
0.504541331568 0.0243882064537 0
0.518246325898 0.0243882064537 0
0.532070185739 0.0243882064537 0
0.54600950026 0.0243882064537 0
0.560060830144 0.0243882064537 0
0.574220708435 0.0243882064537 0
0.588485641395 0.0243882064537 0
0.602852109365 0.0243882064537 0
0.617316567635 0.0243882064537 0
0.631875447315 0.0243882064537 0
0.646525156221 0.0243882064537 0
0.661262079755 0.0243882064537 0
0.676082581802 0.0243882064537 0
0.690983005625 0.0243882064537 0
0.705959674768 0.0243882064537 0
0.721008893961 0.0243882064537 0
0.736126950035 0.0243882064537 0
0.751310112835 0.0243882064537 0
0.766554636144 0.0243882064537 0
0.781856758603 0.0243882064537 0
0.797212704643 0.0243882064537 0
0.812618685414 0.0243882064537 0
0.828070899721 0.0243882064537 0
0.84356553496 0.0243882064537 0
0.859098768062 0.0243882064537 0
0.874666766436 0.0243882064537 0
0.890265688909 0.0243882064537 0
0.905891686681 0.0243882064537 0
0.921540904272 0.0243882064537 0
0.937209480471 0.0243882064537 0
0.95289354929 0.0243882064537 0
0.968589240922 0.0243882064537 0
0.984292682688 0.0243882064537 0
1 0.0243882064537 0
1.01570731731 0.0243882064537 0
1.03141075908 0.0243882064537 0
1.04710645071 0.0243882064537 0
1.06279051953 0.0243882064537 0
1.07845909573 0.0243882064537 0
1.09410831332 0.0243882064537 0
1.10973431109 0.0243882064537 0
1.12533323356 0.0243882064537 0
1.14090123194 0.0243882064537 0
1.15643446504 0.0243882064537 0
1.17192910028 0.0243882064537 0
1.18738131459 0.0243882064537 0
1.20278729536 0.0243882064537 0
1.2181432414 0.0243882064537 0
1.23344536386 0.0243882064537 0
1.24868988716 0.0243882064537 0
1.26387304997 0.0243882064537 0
1.27899110604 0.0243882064537 0
1.29404032523 0.0243882064537 0
1.30901699437 0.0243882064537 0
1.3239174182 0.0243882064537 0
1.33873792025 0.0243882064537 0
1.35347484378 0.0243882064537 0
1.36812455268 0.0243882064537 0
1.38268343237 0.0243882064537 0
1.39714789063 0.0243882064537 0
1.41151435861 0.0243882064537 0
1.42577929157 0.0243882064537 0
1.43993916986 0.0243882064537 0
1.45399049974 0.0243882064537 0
1.46792981426 0.0243882064537 0
1.4817536741 0.0243882064537 0
1.49545866843 0.0243882064537 0
1.50904141575 0.0243882064537 0
1.52249856472 0.0243882064537 0
1.53582679498 0.0243882064537 0
1.549022818 0.0243882064537 0
1.56208337785 0.0243882064537 0
1.57500525204 0.0243882064537 0
1.58778525229 0.0243882064537 0
1.60042022533 0.0243882064537 0
1.61290705365 0.0243882064537 0
1.62524265634 0.0243882064537 0
1.63742398975 0.0243882064537 0
1.64944804833 0.0243882064537 0
1.66131186532 0.0243882064537 0
1.67301251351 0.0243882064537 0
1.68454710593 0.0243882064537 0
1.69591279659 0.0243882064537 0
1.70710678119 0.0243882064537 0
1.71812629776 0.0243882064537 0
1.72896862742 0.0243882064537 0
1.73963109498 0.0243882064537 0
1.75011106963 0.0243882064537 0
1.7604059656 0.0243882064537 0
1.77051324278 0.0243882064537 0
1.78043040734 0.0243882064537 0
1.79015501238 0.0243882064537 0
1.79968465849 0.0243882064537 0
1.80901699437 0.0243882064537 0
1.81814971743 0.0243882064537 0
1.82708057427 0.0243882064537 0
1.83580736137 0.0243882064537 0
1.8443279255 0.0243882064537 0
1.85264016435 0.0243882064537 0
1.860742027 0.0243882064537 0
1.86863151444 0.0243882064537 0
1.87630668004 0.0243882064537 0
1.88376563009 0.0243882064537 0
1.89100652419 0.0243882064537 0
1.89802757576 0.0243882064537 0
1.90482705247 0.0243882064537 0
1.91140327664 0.0243882064537 0
1.91775462568 0.0243882064537 0
1.92387953251 0.0243882064537 0
1.92977648589 0.0243882064537 0
1.93544403083 0.0243882064537 0
1.94088076895 0.0243882064537 0
1.94608535883 0.0243882064537 0
1.9510565163 0.0243882064537 0
1.9557930148 0.0243882064537 0
1.96029368568 0.0243882064537 0
1.96455741846 0.0243882064537 0
1.96858316113 0.0243882064537 0
1.9723699204 0.0243882064537 0
1.97591676194 0.0243882064537 0
1.97922281062 0.0243882064537 0
1.98228725073 0.0243882064537 0
1.98510932615 0.0243882064537 0
1.9876883406 0.0243882064537 0
1.99002365772 0.0243882064537 0
1.99211470131 0.0243882064537 0
1.99396095546 0.0243882064537 0
1.9955619646 0.0243882064537 0
1.99691733373 0.0243882064537 0
1.99802672843 0.0243882064537 0
1.99888987496 0.0243882064537 0
1.99950656037 0.0243882064537 0
1.99987663248 0.0243882064537 0
2 0.0243882064537 2
0 0.024654624005 4
0.000123367518339 0.024654624005 0
0.000493439634268 0.024654624005 0
0.00111012503803 0.024654624005 0
0.00197327157173 0.024654624005 0
0.00308266626687 0.024654624005 0
0.00443803539692 0.024654624005 0
0.00603904454482 0.024654624005 0
0.00788529868552 0.024654624005 0
0.00997634228344 0.024654624005 0
0.0123116594049 0.024654624005 0
0.0148906738452 0.024654624005 0
0.0177127492713 0.024654624005 0
0.0207771893782 0.024654624005 0
0.0240832380613 0.024654624005 0
0.0276300796023 0.024654624005 0
0.0314168388714 0.024654624005 0
0.0354425815422 0.024654624005 0
0.0397063143231 0.024654624005 0
0.0442069852017 0.024654624005 0
0.0489434837048 0.024654624005 0
0.0539146411725 0.024654624005 0
0.0591192310458 0.024654624005 0
0.0645559691701 0.024654624005 0
0.0702235141117 0.024654624005 0
0.0761204674887 0.024654624005 0
0.082245374316 0.024654624005 0
0.0885967233646 0.024654624005 0
0.095172947534 0.024654624005 0
0.101972424239 0.024654624005 0
0.108993475812 0.024654624005 0
0.116234369911 0.024654624005 0
0.123693319956 0.024654624005 0
0.131368485562 0.024654624005 0
0.139257972996 0.024654624005 0
0.147359835646 0.024654624005 0
0.155672074498 0.024654624005 0
0.164192638632 0.024654624005 0
0.172919425725 0.024654624005 0
0.181850282575 0.024654624005 0
0.190983005625 0.024654624005 0
0.200315341513 0.024654624005 0
0.209844987624 0.024654624005 0
0.219569592662 0.024654624005 0
0.229486757224 0.024654624005 0
0.2395940344 0.024654624005 0
0.24988893037 0.024654624005 0
0.260368905021 0.024654624005 0
0.271031372579 0.024654624005 0
0.281873702237 0.024654624005 0
0.292893218813 0.024654624005 0
0.304087203408 0.024654624005 0
0.315452894071 0.024654624005 0
0.32698748649 0.024654624005 0
0.338688134676 0.024654624005 0
0.35055195167 0.024654624005 0
0.362576010251 0.024654624005 0
0.374757343664 0.024654624005 0
0.387092946347 0.024654624005 0
0.399579774674 0.024654624005 0
0.412214747708 0.024654624005 0
0.424994747957 0.024654624005 0
0.437916622148 0.024654624005 0
0.450977182002 0.024654624005 0
0.464173205021 0.024654624005 0
0.477501435284 0.024654624005 0
0.49095858425 0.024654624005 0
0.504541331568 0.024654624005 0
0.518246325898 0.024654624005 0
0.532070185739 0.024654624005 0
0.54600950026 0.024654624005 0
0.560060830144 0.024654624005 0
0.574220708435 0.024654624005 0
0.588485641395 0.024654624005 0
0.602852109365 0.024654624005 0
0.617316567635 0.024654624005 0
0.631875447315 0.024654624005 0
0.646525156221 0.024654624005 0
0.661262079755 0.024654624005 0
0.676082581802 0.024654624005 0
0.690983005625 0.024654624005 0
0.705959674768 0.024654624005 0
0.721008893961 0.024654624005 0
0.736126950035 0.024654624005 0
0.751310112835 0.024654624005 0
0.766554636144 0.024654624005 0
0.781856758603 0.024654624005 0
0.797212704643 0.024654624005 0
0.812618685414 0.024654624005 0
0.828070899721 0.024654624005 0
0.84356553496 0.024654624005 0
0.859098768062 0.024654624005 0
0.874666766436 0.024654624005 0
0.890265688909 0.024654624005 0
0.905891686681 0.024654624005 0
0.921540904272 0.024654624005 0
0.937209480471 0.024654624005 0
0.95289354929 0.024654624005 0
0.968589240922 0.024654624005 0
0.984292682688 0.024654624005 0
1 0.024654624005 0
1.01570731731 0.024654624005 0
1.03141075908 0.024654624005 0
1.04710645071 0.024654624005 0
1.06279051953 0.024654624005 0
1.07845909573 0.024654624005 0
1.09410831332 0.024654624005 0
1.10973431109 0.024654624005 0
1.12533323356 0.024654624005 0
1.14090123194 0.024654624005 0
1.15643446504 0.024654624005 0
1.17192910028 0.024654624005 0
1.18738131459 0.024654624005 0
1.20278729536 0.024654624005 0
1.2181432414 0.024654624005 0
1.23344536386 0.024654624005 0
1.24868988716 0.024654624005 0
1.26387304997 0.024654624005 0
1.27899110604 0.024654624005 0
1.29404032523 0.024654624005 0
1.30901699437 0.024654624005 0
1.3239174182 0.024654624005 0
1.33873792025 0.024654624005 0
1.35347484378 0.024654624005 0
1.36812455268 0.024654624005 0
1.38268343237 0.024654624005 0
1.39714789063 0.024654624005 0
1.41151435861 0.024654624005 0
1.42577929157 0.024654624005 0
1.43993916986 0.024654624005 0
1.45399049974 0.024654624005 0
1.46792981426 0.024654624005 0
1.4817536741 0.024654624005 0
1.49545866843 0.024654624005 0
1.50904141575 0.024654624005 0
1.52249856472 0.024654624005 0
1.53582679498 0.024654624005 0
1.549022818 0.024654624005 0
1.56208337785 0.024654624005 0
1.57500525204 0.024654624005 0
1.58778525229 0.024654624005 0
1.60042022533 0.024654624005 0
1.61290705365 0.024654624005 0
1.62524265634 0.024654624005 0
1.63742398975 0.024654624005 0
1.64944804833 0.024654624005 0
1.66131186532 0.024654624005 0
1.67301251351 0.024654624005 0
1.68454710593 0.024654624005 0
1.69591279659 0.024654624005 0
1.70710678119 0.024654624005 0
1.71812629776 0.024654624005 0
1.72896862742 0.024654624005 0
1.73963109498 0.024654624005 0
1.75011106963 0.024654624005 0
1.7604059656 0.024654624005 0
1.77051324278 0.024654624005 0
1.78043040734 0.024654624005 0
1.79015501238 0.024654624005 0
1.79968465849 0.024654624005 0
1.80901699437 0.024654624005 0
1.81814971743 0.024654624005 0
1.82708057427 0.024654624005 0
1.83580736137 0.024654624005 0
1.8443279255 0.024654624005 0
1.85264016435 0.024654624005 0
1.860742027 0.024654624005 0
1.86863151444 0.024654624005 0
1.87630668004 0.024654624005 0
1.88376563009 0.024654624005 0
1.89100652419 0.024654624005 0
1.89802757576 0.024654624005 0
1.90482705247 0.024654624005 0
1.91140327664 0.024654624005 0
1.91775462568 0.024654624005 0
1.92387953251 0.024654624005 0
1.92977648589 0.024654624005 0
1.93544403083 0.024654624005 0
1.94088076895 0.024654624005 0
1.94608535883 0.024654624005 0
1.9510565163 0.024654624005 0
1.9557930148 0.024654624005 0
1.96029368568 0.024654624005 0
1.96455741846 0.024654624005 0
1.96858316113 0.024654624005 0
1.9723699204 0.024654624005 0
1.97591676194 0.024654624005 0
1.97922281062 0.024654624005 0
1.98228725073 0.024654624005 0
1.98510932615 0.024654624005 0
1.9876883406 0.024654624005 0
1.99002365772 0.024654624005 0
1.99211470131 0.024654624005 0
1.99396095546 0.024654624005 0
1.9955619646 0.024654624005 0
1.99691733373 0.024654624005 0
1.99802672843 0.024654624005 0
1.99888987496 0.024654624005 0
1.99950656037 0.024654624005 0
1.99987663248 0.024654624005 0
2 0.024654624005 2
0 0.0248461042574 4
0.000123367518339 0.0248461042574 0
0.000493439634268 0.0248461042574 0
0.00111012503803 0.0248461042574 0
0.00197327157173 0.0248461042574 0
0.00308266626687 0.0248461042574 0
0.00443803539692 0.0248461042574 0
0.00603904454482 0.0248461042574 0
0.00788529868552 0.0248461042574 0
0.00997634228344 0.0248461042574 0
0.0123116594049 0.0248461042574 0
0.0148906738452 0.0248461042574 0
0.0177127492713 0.0248461042574 0
0.0207771893782 0.0248461042574 0
0.0240832380613 0.0248461042574 0
0.0276300796023 0.0248461042574 0
0.0314168388714 0.0248461042574 0
0.0354425815422 0.0248461042574 0
0.0397063143231 0.0248461042574 0
0.0442069852017 0.0248461042574 0
0.0489434837048 0.0248461042574 0
0.0539146411725 0.0248461042574 0
0.0591192310458 0.0248461042574 0
0.0645559691701 0.0248461042574 0
0.0702235141117 0.0248461042574 0
0.0761204674887 0.0248461042574 0
0.082245374316 0.0248461042574 0
0.0885967233646 0.0248461042574 0
0.095172947534 0.0248461042574 0
0.101972424239 0.0248461042574 0
0.108993475812 0.0248461042574 0
0.116234369911 0.0248461042574 0
0.123693319956 0.0248461042574 0
0.131368485562 0.0248461042574 0
0.139257972996 0.0248461042574 0
0.147359835646 0.0248461042574 0
0.155672074498 0.0248461042574 0
0.164192638632 0.0248461042574 0
0.172919425725 0.0248461042574 0
0.181850282575 0.0248461042574 0
0.190983005625 0.0248461042574 0
0.200315341513 0.0248461042574 0
0.209844987624 0.0248461042574 0
0.219569592662 0.0248461042574 0
0.229486757224 0.0248461042574 0
0.2395940344 0.0248461042574 0
0.24988893037 0.0248461042574 0
0.260368905021 0.0248461042574 0
0.271031372579 0.0248461042574 0
0.281873702237 0.0248461042574 0
0.292893218813 0.0248461042574 0
0.304087203408 0.0248461042574 0
0.315452894071 0.0248461042574 0
0.32698748649 0.0248461042574 0
0.338688134676 0.0248461042574 0
0.35055195167 0.0248461042574 0
0.362576010251 0.0248461042574 0
0.374757343664 0.0248461042574 0
0.387092946347 0.0248461042574 0
0.399579774674 0.0248461042574 0
0.412214747708 0.0248461042574 0
0.424994747957 0.0248461042574 0
0.437916622148 0.0248461042574 0
0.450977182002 0.0248461042574 0
0.464173205021 0.0248461042574 0
0.477501435284 0.0248461042574 0
0.49095858425 0.0248461042574 0
0.504541331568 0.0248461042574 0
0.518246325898 0.0248461042574 0
0.532070185739 0.0248461042574 0
0.54600950026 0.0248461042574 0
0.560060830144 0.0248461042574 0
0.574220708435 0.0248461042574 0
0.588485641395 0.0248461042574 0
0.602852109365 0.0248461042574 0
0.617316567635 0.0248461042574 0
0.631875447315 0.0248461042574 0
0.646525156221 0.0248461042574 0
0.661262079755 0.0248461042574 0
0.676082581802 0.0248461042574 0
0.690983005625 0.0248461042574 0
0.705959674768 0.0248461042574 0
0.721008893961 0.0248461042574 0
0.736126950035 0.0248461042574 0
0.751310112835 0.0248461042574 0
0.766554636144 0.0248461042574 0
0.781856758603 0.0248461042574 0
0.797212704643 0.0248461042574 0
0.812618685414 0.0248461042574 0
0.828070899721 0.0248461042574 0
0.84356553496 0.0248461042574 0
0.859098768062 0.0248461042574 0
0.874666766436 0.0248461042574 0
0.890265688909 0.0248461042574 0
0.905891686681 0.0248461042574 0
0.921540904272 0.0248461042574 0
0.937209480471 0.0248461042574 0
0.95289354929 0.0248461042574 0
0.968589240922 0.0248461042574 0
0.984292682688 0.0248461042574 0
1 0.0248461042574 0
1.01570731731 0.0248461042574 0
1.03141075908 0.0248461042574 0
1.04710645071 0.0248461042574 0
1.06279051953 0.0248461042574 0
1.07845909573 0.0248461042574 0
1.09410831332 0.0248461042574 0
1.10973431109 0.0248461042574 0
1.12533323356 0.0248461042574 0
1.14090123194 0.0248461042574 0
1.15643446504 0.0248461042574 0
1.17192910028 0.0248461042574 0
1.18738131459 0.0248461042574 0
1.20278729536 0.0248461042574 0
1.2181432414 0.0248461042574 0
1.23344536386 0.0248461042574 0
1.24868988716 0.0248461042574 0
1.26387304997 0.0248461042574 0
1.27899110604 0.0248461042574 0
1.29404032523 0.0248461042574 0
1.30901699437 0.0248461042574 0
1.3239174182 0.0248461042574 0
1.33873792025 0.0248461042574 0
1.35347484378 0.0248461042574 0
1.36812455268 0.0248461042574 0
1.38268343237 0.0248461042574 0
1.39714789063 0.0248461042574 0
1.41151435861 0.0248461042574 0
1.42577929157 0.0248461042574 0
1.43993916986 0.0248461042574 0
1.45399049974 0.0248461042574 0
1.46792981426 0.0248461042574 0
1.4817536741 0.0248461042574 0
1.49545866843 0.0248461042574 0
1.50904141575 0.0248461042574 0
1.52249856472 0.0248461042574 0
1.53582679498 0.0248461042574 0
1.549022818 0.0248461042574 0
1.56208337785 0.0248461042574 0
1.57500525204 0.0248461042574 0
1.58778525229 0.0248461042574 0
1.60042022533 0.0248461042574 0
1.61290705365 0.0248461042574 0
1.62524265634 0.0248461042574 0
1.63742398975 0.0248461042574 0
1.64944804833 0.0248461042574 0
1.66131186532 0.0248461042574 0
1.67301251351 0.0248461042574 0
1.68454710593 0.0248461042574 0
1.69591279659 0.0248461042574 0
1.70710678119 0.0248461042574 0
1.71812629776 0.0248461042574 0
1.72896862742 0.0248461042574 0
1.73963109498 0.0248461042574 0
1.75011106963 0.0248461042574 0
1.7604059656 0.0248461042574 0
1.77051324278 0.0248461042574 0
1.78043040734 0.0248461042574 0
1.79015501238 0.0248461042574 0
1.79968465849 0.0248461042574 0
1.80901699437 0.0248461042574 0
1.81814971743 0.0248461042574 0
1.82708057427 0.0248461042574 0
1.83580736137 0.0248461042574 0
1.8443279255 0.0248461042574 0
1.85264016435 0.0248461042574 0
1.860742027 0.0248461042574 0
1.86863151444 0.0248461042574 0
1.87630668004 0.0248461042574 0
1.88376563009 0.0248461042574 0
1.89100652419 0.0248461042574 0
1.89802757576 0.0248461042574 0
1.90482705247 0.0248461042574 0
1.91140327664 0.0248461042574 0
1.91775462568 0.0248461042574 0
1.92387953251 0.0248461042574 0
1.92977648589 0.0248461042574 0
1.93544403083 0.0248461042574 0
1.94088076895 0.0248461042574 0
1.94608535883 0.0248461042574 0
1.9510565163 0.0248461042574 0
1.9557930148 0.0248461042574 0
1.96029368568 0.0248461042574 0
1.96455741846 0.0248461042574 0
1.96858316113 0.0248461042574 0
1.9723699204 0.0248461042574 0
1.97591676194 0.0248461042574 0
1.97922281062 0.0248461042574 0
1.98228725073 0.0248461042574 0
1.98510932615 0.0248461042574 0
1.9876883406 0.0248461042574 0
1.99002365772 0.0248461042574 0
1.99211470131 0.0248461042574 0
1.99396095546 0.0248461042574 0
1.9955619646 0.0248461042574 0
1.99691733373 0.0248461042574 0
1.99802672843 0.0248461042574 0
1.99888987496 0.0248461042574 0
1.99950656037 0.0248461042574 0
1.99987663248 0.0248461042574 0
2 0.0248461042574 2
0 0.0249614666717 4
0.000123367518339 0.0249614666717 0
0.000493439634268 0.0249614666717 0
0.00111012503803 0.0249614666717 0
0.00197327157173 0.0249614666717 0
0.00308266626687 0.0249614666717 0
0.00443803539692 0.0249614666717 0
0.00603904454482 0.0249614666717 0
0.00788529868552 0.0249614666717 0
0.00997634228344 0.0249614666717 0
0.0123116594049 0.0249614666717 0
0.0148906738452 0.0249614666717 0
0.0177127492713 0.0249614666717 0
0.0207771893782 0.0249614666717 0
0.0240832380613 0.0249614666717 0
0.0276300796023 0.0249614666717 0
0.0314168388714 0.0249614666717 0
0.0354425815422 0.0249614666717 0
0.0397063143231 0.0249614666717 0
0.0442069852017 0.0249614666717 0
0.0489434837048 0.0249614666717 0
0.0539146411725 0.0249614666717 0
0.0591192310458 0.0249614666717 0
0.0645559691701 0.0249614666717 0
0.0702235141117 0.0249614666717 0
0.0761204674887 0.0249614666717 0
0.082245374316 0.0249614666717 0
0.0885967233646 0.0249614666717 0
0.095172947534 0.0249614666717 0
0.101972424239 0.0249614666717 0
0.108993475812 0.0249614666717 0
0.116234369911 0.0249614666717 0
0.123693319956 0.0249614666717 0
0.131368485562 0.0249614666717 0
0.139257972996 0.0249614666717 0
0.147359835646 0.0249614666717 0
0.155672074498 0.0249614666717 0
0.164192638632 0.0249614666717 0
0.172919425725 0.0249614666717 0
0.181850282575 0.0249614666717 0
0.190983005625 0.0249614666717 0
0.200315341513 0.0249614666717 0
0.209844987624 0.0249614666717 0
0.219569592662 0.0249614666717 0
0.229486757224 0.0249614666717 0
0.2395940344 0.0249614666717 0
0.24988893037 0.0249614666717 0
0.260368905021 0.0249614666717 0
0.271031372579 0.0249614666717 0
0.281873702237 0.0249614666717 0
0.292893218813 0.0249614666717 0
0.304087203408 0.0249614666717 0
0.315452894071 0.0249614666717 0
0.32698748649 0.0249614666717 0
0.338688134676 0.0249614666717 0
0.35055195167 0.0249614666717 0
0.362576010251 0.0249614666717 0
0.374757343664 0.0249614666717 0
0.387092946347 0.0249614666717 0
0.399579774674 0.0249614666717 0
0.412214747708 0.0249614666717 0
0.424994747957 0.0249614666717 0
0.437916622148 0.0249614666717 0
0.450977182002 0.0249614666717 0
0.464173205021 0.0249614666717 0
0.477501435284 0.0249614666717 0
0.49095858425 0.0249614666717 0
0.504541331568 0.0249614666717 0
0.518246325898 0.0249614666717 0
0.532070185739 0.0249614666717 0
0.54600950026 0.0249614666717 0
0.560060830144 0.0249614666717 0
0.574220708435 0.0249614666717 0
0.588485641395 0.0249614666717 0
0.602852109365 0.0249614666717 0
0.617316567635 0.0249614666717 0
0.631875447315 0.0249614666717 0
0.646525156221 0.0249614666717 0
0.661262079755 0.0249614666717 0
0.676082581802 0.0249614666717 0
0.690983005625 0.0249614666717 0
0.705959674768 0.0249614666717 0
0.721008893961 0.0249614666717 0
0.736126950035 0.0249614666717 0
0.751310112835 0.0249614666717 0
0.766554636144 0.0249614666717 0
0.781856758603 0.0249614666717 0
0.797212704643 0.0249614666717 0
0.812618685414 0.0249614666717 0
0.828070899721 0.0249614666717 0
0.84356553496 0.0249614666717 0
0.859098768062 0.0249614666717 0
0.874666766436 0.0249614666717 0
0.890265688909 0.0249614666717 0
0.905891686681 0.0249614666717 0
0.921540904272 0.0249614666717 0
0.937209480471 0.0249614666717 0
0.95289354929 0.0249614666717 0
0.968589240922 0.0249614666717 0
0.984292682688 0.0249614666717 0
1 0.0249614666717 0
1.01570731731 0.0249614666717 0
1.03141075908 0.0249614666717 0
1.04710645071 0.0249614666717 0
1.06279051953 0.0249614666717 0
1.07845909573 0.0249614666717 0
1.09410831332 0.0249614666717 0
1.10973431109 0.0249614666717 0
1.12533323356 0.0249614666717 0
1.14090123194 0.0249614666717 0
1.15643446504 0.0249614666717 0
1.17192910028 0.0249614666717 0
1.18738131459 0.0249614666717 0
1.20278729536 0.0249614666717 0
1.2181432414 0.0249614666717 0
1.23344536386 0.0249614666717 0
1.24868988716 0.0249614666717 0
1.26387304997 0.0249614666717 0
1.27899110604 0.0249614666717 0
1.29404032523 0.0249614666717 0
1.30901699437 0.0249614666717 0
1.3239174182 0.0249614666717 0
1.33873792025 0.0249614666717 0
1.35347484378 0.0249614666717 0
1.36812455268 0.0249614666717 0
1.38268343237 0.0249614666717 0
1.39714789063 0.0249614666717 0
1.41151435861 0.0249614666717 0
1.42577929157 0.0249614666717 0
1.43993916986 0.0249614666717 0
1.45399049974 0.0249614666717 0
1.46792981426 0.0249614666717 0
1.4817536741 0.0249614666717 0
1.49545866843 0.0249614666717 0
1.50904141575 0.0249614666717 0
1.52249856472 0.0249614666717 0
1.53582679498 0.0249614666717 0
1.549022818 0.0249614666717 0
1.56208337785 0.0249614666717 0
1.57500525204 0.0249614666717 0
1.58778525229 0.0249614666717 0
1.60042022533 0.0249614666717 0
1.61290705365 0.0249614666717 0
1.62524265634 0.0249614666717 0
1.63742398975 0.0249614666717 0
1.64944804833 0.0249614666717 0
1.66131186532 0.0249614666717 0
1.67301251351 0.0249614666717 0
1.68454710593 0.0249614666717 0
1.69591279659 0.0249614666717 0
1.70710678119 0.0249614666717 0
1.71812629776 0.0249614666717 0
1.72896862742 0.0249614666717 0
1.73963109498 0.0249614666717 0
1.75011106963 0.0249614666717 0
1.7604059656 0.0249614666717 0
1.77051324278 0.0249614666717 0
1.78043040734 0.0249614666717 0
1.79015501238 0.0249614666717 0
1.79968465849 0.0249614666717 0
1.80901699437 0.0249614666717 0
1.81814971743 0.0249614666717 0
1.82708057427 0.0249614666717 0
1.83580736137 0.0249614666717 0
1.8443279255 0.0249614666717 0
1.85264016435 0.0249614666717 0
1.860742027 0.0249614666717 0
1.86863151444 0.0249614666717 0
1.87630668004 0.0249614666717 0
1.88376563009 0.0249614666717 0
1.89100652419 0.0249614666717 0
1.89802757576 0.0249614666717 0
1.90482705247 0.0249614666717 0
1.91140327664 0.0249614666717 0
1.91775462568 0.0249614666717 0
1.92387953251 0.0249614666717 0
1.92977648589 0.0249614666717 0
1.93544403083 0.0249614666717 0
1.94088076895 0.0249614666717 0
1.94608535883 0.0249614666717 0
1.9510565163 0.0249614666717 0
1.9557930148 0.0249614666717 0
1.96029368568 0.0249614666717 0
1.96455741846 0.0249614666717 0
1.96858316113 0.0249614666717 0
1.9723699204 0.0249614666717 0
1.97591676194 0.0249614666717 0
1.97922281062 0.0249614666717 0
1.98228725073 0.0249614666717 0
1.98510932615 0.0249614666717 0
1.9876883406 0.0249614666717 0
1.99002365772 0.0249614666717 0
1.99211470131 0.0249614666717 0
1.99396095546 0.0249614666717 0
1.9955619646 0.0249614666717 0
1.99691733373 0.0249614666717 0
1.99802672843 0.0249614666717 0
1.99888987496 0.0249614666717 0
1.99950656037 0.0249614666717 0
1.99987663248 0.0249614666717 0
2 0.0249614666717 2
0 0.025 4
0.000123367518339 0.025 3
0.000493439634268 0.025 3
0.00111012503803 0.025 3
0.00197327157173 0.025 3
0.00308266626687 0.025 3
0.00443803539692 0.025 3
0.00603904454482 0.025 3
0.00788529868552 0.025 3
0.00997634228344 0.025 3
0.0123116594049 0.025 3
0.0148906738452 0.025 3
0.0177127492713 0.025 3
0.0207771893782 0.025 3
0.0240832380613 0.025 3
0.0276300796023 0.025 3
0.0314168388714 0.025 3
0.0354425815422 0.025 3
0.0397063143231 0.025 3
0.0442069852017 0.025 3
0.0489434837048 0.025 3
0.0539146411725 0.025 3
0.0591192310458 0.025 3
0.0645559691701 0.025 3
0.0702235141117 0.025 3
0.0761204674887 0.025 3
0.082245374316 0.025 3
0.0885967233646 0.025 3
0.095172947534 0.025 3
0.101972424239 0.025 3
0.108993475812 0.025 3
0.116234369911 0.025 3
0.123693319956 0.025 3
0.131368485562 0.025 3
0.139257972996 0.025 3
0.147359835646 0.025 3
0.155672074498 0.025 3
0.164192638632 0.025 3
0.172919425725 0.025 3
0.181850282575 0.025 3
0.190983005625 0.025 3
0.200315341513 0.025 3
0.209844987624 0.025 3
0.219569592662 0.025 3
0.229486757224 0.025 3
0.2395940344 0.025 3
0.24988893037 0.025 3
0.260368905021 0.025 3
0.271031372579 0.025 3
0.281873702237 0.025 3
0.292893218813 0.025 3
0.304087203408 0.025 3
0.315452894071 0.025 3
0.32698748649 0.025 3
0.338688134676 0.025 3
0.35055195167 0.025 3
0.362576010251 0.025 3
0.374757343664 0.025 3
0.387092946347 0.025 3
0.399579774674 0.025 3
0.412214747708 0.025 3
0.424994747957 0.025 3
0.437916622148 0.025 3
0.450977182002 0.025 3
0.464173205021 0.025 3
0.477501435284 0.025 3
0.49095858425 0.025 3
0.504541331568 0.025 3
0.518246325898 0.025 3
0.532070185739 0.025 3
0.54600950026 0.025 3
0.560060830144 0.025 3
0.574220708435 0.025 3
0.588485641395 0.025 3
0.602852109365 0.025 3
0.617316567635 0.025 3
0.631875447315 0.025 3
0.646525156221 0.025 3
0.661262079755 0.025 3
0.676082581802 0.025 3
0.690983005625 0.025 3
0.705959674768 0.025 3
0.721008893961 0.025 3
0.736126950035 0.025 3
0.751310112835 0.025 3
0.766554636144 0.025 3
0.781856758603 0.025 3
0.797212704643 0.025 3
0.812618685414 0.025 3
0.828070899721 0.025 3
0.84356553496 0.025 3
0.859098768062 0.025 3
0.874666766436 0.025 3
0.890265688909 0.025 3
0.905891686681 0.025 3
0.921540904272 0.025 3
0.937209480471 0.025 3
0.95289354929 0.025 3
0.968589240922 0.025 3
0.984292682688 0.025 3
1 0.025 3
1.01570731731 0.025 3
1.03141075908 0.025 3
1.04710645071 0.025 3
1.06279051953 0.025 3
1.07845909573 0.025 3
1.09410831332 0.025 3
1.10973431109 0.025 3
1.12533323356 0.025 3
1.14090123194 0.025 3
1.15643446504 0.025 3
1.17192910028 0.025 3
1.18738131459 0.025 3
1.20278729536 0.025 3
1.2181432414 0.025 3
1.23344536386 0.025 3
1.24868988716 0.025 3
1.26387304997 0.025 3
1.27899110604 0.025 3
1.29404032523 0.025 3
1.30901699437 0.025 3
1.3239174182 0.025 3
1.33873792025 0.025 3
1.35347484378 0.025 3
1.36812455268 0.025 3
1.38268343237 0.025 3
1.39714789063 0.025 3
1.41151435861 0.025 3
1.42577929157 0.025 3
1.43993916986 0.025 3
1.45399049974 0.025 3
1.46792981426 0.025 3
1.4817536741 0.025 3
1.49545866843 0.025 3
1.50904141575 0.025 3
1.52249856472 0.025 3
1.53582679498 0.025 3
1.549022818 0.025 3
1.56208337785 0.025 3
1.57500525204 0.025 3
1.58778525229 0.025 3
1.60042022533 0.025 3
1.61290705365 0.025 3
1.62524265634 0.025 3
1.63742398975 0.025 3
1.64944804833 0.025 3
1.66131186532 0.025 3
1.67301251351 0.025 3
1.68454710593 0.025 3
1.69591279659 0.025 3
1.70710678119 0.025 3
1.71812629776 0.025 3
1.72896862742 0.025 3
1.73963109498 0.025 3
1.75011106963 0.025 3
1.7604059656 0.025 3
1.77051324278 0.025 3
1.78043040734 0.025 3
1.79015501238 0.025 3
1.79968465849 0.025 3
1.80901699437 0.025 3
1.81814971743 0.025 3
1.82708057427 0.025 3
1.83580736137 0.025 3
1.8443279255 0.025 3
1.85264016435 0.025 3
1.860742027 0.025 3
1.86863151444 0.025 3
1.87630668004 0.025 3
1.88376563009 0.025 3
1.89100652419 0.025 3
1.89802757576 0.025 3
1.90482705247 0.025 3
1.91140327664 0.025 3
1.91775462568 0.025 3
1.92387953251 0.025 3
1.92977648589 0.025 3
1.93544403083 0.025 3
1.94088076895 0.025 3
1.94608535883 0.025 3
1.9510565163 0.025 3
1.9557930148 0.025 3
1.96029368568 0.025 3
1.96455741846 0.025 3
1.96858316113 0.025 3
1.9723699204 0.025 3
1.97591676194 0.025 3
1.97922281062 0.025 3
1.98228725073 0.025 3
1.98510932615 0.025 3
1.9876883406 0.025 3
1.99002365772 0.025 3
1.99211470131 0.025 3
1.99396095546 0.025 3
1.9955619646 0.025 3
1.99691733373 0.025 3
1.99802672843 0.025 3
1.99888987496 0.025 3
1.99950656037 0.025 3
1.99987663248 0.025 3
2 0.025 3
1 2 202 0
202 2 203 0
2 3 203 0
203 3 204 0
3 4 204 0
204 4 205 0
4 5 205 0
205 5 206 0
5 6 206 0
206 6 207 0
6 7 207 0
207 7 208 0
7 8 208 0
208 8 209 0
8 9 209 0
209 9 210 0
9 10 210 0
210 10 211 0
10 11 211 0
211 11 212 0
11 12 212 0
212 12 213 0
12 13 213 0
213 13 214 0
13 14 214 0
214 14 215 0
14 15 215 0
215 15 216 0
15 16 216 0
216 16 217 0
16 17 217 0
217 17 218 0
17 18 218 0
218 18 219 0
18 19 219 0
219 19 220 0
19 20 220 0
220 20 221 0
20 21 221 0
221 21 222 0
21 22 222 0
222 22 223 0
22 23 223 0
223 23 224 0
23 24 224 0
224 24 225 0
24 25 225 0
225 25 226 0
25 26 226 0
226 26 227 0
26 27 227 0
227 27 228 0
27 28 228 0
228 28 229 0
28 29 229 0
229 29 230 0
29 30 230 0
230 30 231 0
30 31 231 0
231 31 232 0
31 32 232 0
232 32 233 0
32 33 233 0
233 33 234 0
33 34 234 0
234 34 235 0
34 35 235 0
235 35 236 0
35 36 236 0
236 36 237 0
36 37 237 0
237 37 238 0
37 38 238 0
238 38 239 0
38 39 239 0
239 39 240 0
39 40 240 0
240 40 241 0
40 41 241 0
241 41 242 0
41 42 242 0
242 42 243 0
42 43 243 0
243 43 244 0
43 44 244 0
244 44 245 0
44 45 245 0
245 45 246 0
45 46 246 0
246 46 247 0
46 47 247 0
247 47 248 0
47 48 248 0
248 48 249 0
48 49 249 0
249 49 250 0
49 50 250 0
250 50 251 0
50 51 251 0
251 51 252 0
51 52 252 0
252 52 253 0
52 53 253 0
253 53 254 0
53 54 254 0
254 54 255 0
54 55 255 0
255 55 256 0
55 56 256 0
256 56 257 0
56 57 257 0
257 57 258 0
57 58 258 0
258 58 259 0
58 59 259 0
259 59 260 0
59 60 260 0
260 60 261 0
60 61 261 0
261 61 262 0
61 62 262 0
262 62 263 0
62 63 263 0
263 63 264 0
63 64 264 0
264 64 265 0
64 65 265 0
265 65 266 0
65 66 266 0
266 66 267 0
66 67 267 0
267 67 268 0
67 68 268 0
268 68 269 0
68 69 269 0
269 69 270 0
69 70 270 0
270 70 271 0
70 71 271 0
271 71 272 0
71 72 272 0
272 72 273 0
72 73 273 0
273 73 274 0
73 74 274 0
274 74 275 0
74 75 275 0
275 75 276 0
75 76 276 0
276 76 277 0
76 77 277 0
277 77 278 0
77 78 278 0
278 78 279 0
78 79 279 0
279 79 280 0
79 80 280 0
280 80 281 0
80 81 281 0
281 81 282 0
81 82 282 0
282 82 283 0
82 83 283 0
283 83 284 0
83 84 284 0
284 84 285 0
84 85 285 0
285 85 286 0
85 86 286 0
286 86 287 0
86 87 287 0
287 87 288 0
87 88 288 0
288 88 289 0
88 89 289 0
289 89 290 0
89 90 290 0
290 90 291 0
90 91 291 0
291 91 292 0
91 92 292 0
292 92 293 0
92 93 293 0
293 93 294 0
93 94 294 0
294 94 295 0
94 95 295 0
295 95 296 0
95 96 296 0
296 96 297 0
96 97 297 0
297 97 298 0
97 98 298 0
298 98 299 0
98 99 299 0
299 99 300 0
99 100 300 0
300 100 301 0
100 101 301 0
301 101 302 0
101 102 302 0
302 102 303 0
102 103 303 0
303 103 304 0
103 104 304 0
304 104 305 0
104 105 305 0
305 105 306 0
105 106 306 0
306 106 307 0
106 107 307 0
307 107 308 0
107 108 308 0
308 108 309 0
108 109 309 0
309 109 310 0
109 110 310 0
310 110 311 0
110 111 311 0
311 111 312 0
111 112 312 0
312 112 313 0
112 113 313 0
313 113 314 0
113 114 314 0
314 114 315 0
114 115 315 0
315 115 316 0
115 116 316 0
316 116 317 0
116 117 317 0
317 117 318 0
117 118 318 0
318 118 319 0
118 119 319 0
319 119 320 0
119 120 320 0
320 120 321 0
120 121 321 0
321 121 322 0
121 122 322 0
322 122 323 0
122 123 323 0
323 123 324 0
123 124 324 0
324 124 325 0
124 125 325 0
325 125 326 0
125 126 326 0
326 126 327 0
126 127 327 0
327 127 328 0
127 128 328 0
328 128 329 0
128 129 329 0
329 129 330 0
129 130 330 0
330 130 331 0
130 131 331 0
331 131 332 0
131 132 332 0
332 132 333 0
132 133 333 0
333 133 334 0
133 134 334 0
334 134 335 0
134 135 335 0
335 135 336 0
135 136 336 0
336 136 337 0
136 137 337 0
337 137 338 0
137 138 338 0
338 138 339 0
138 139 339 0
339 139 340 0
139 140 340 0
340 140 341 0
140 141 341 0
341 141 342 0
141 142 342 0
342 142 343 0
142 143 343 0
343 143 344 0
143 144 344 0
344 144 345 0
144 145 345 0
345 145 346 0
145 146 346 0
346 146 347 0
146 147 347 0
347 147 348 0
147 148 348 0
348 148 349 0
148 149 349 0
349 149 350 0
149 150 350 0
350 150 351 0
150 151 351 0
351 151 352 0
151 152 352 0
352 152 353 0
152 153 353 0
353 153 354 0
153 154 354 0
354 154 355 0
154 155 355 0
355 155 356 0
155 156 356 0
356 156 357 0
156 157 357 0
357 157 358 0
157 158 358 0
358 158 359 0
158 159 359 0
359 159 360 0
159 160 360 0
360 160 361 0
160 161 361 0
361 161 362 0
161 162 362 0
362 162 363 0
162 163 363 0
363 163 364 0
163 164 364 0
364 164 365 0
164 165 365 0
365 165 366 0
165 166 366 0
366 166 367 0
166 167 367 0
367 167 368 0
167 168 368 0
368 168 369 0
168 169 369 0
369 169 370 0
169 170 370 0
370 170 371 0
170 171 371 0
371 171 372 0
171 172 372 0
372 172 373 0
172 173 373 0
373 173 374 0
173 174 374 0
374 174 375 0
174 175 375 0
375 175 376 0
175 176 376 0
376 176 377 0
176 177 377 0
377 177 378 0
177 178 378 0
378 178 379 0
178 179 379 0
379 179 380 0
179 180 380 0
380 180 381 0
180 181 381 0
381 181 382 0
181 182 382 0
382 182 383 0
182 183 383 0
383 183 384 0
183 184 384 0
384 184 385 0
184 185 385 0
385 185 386 0
185 186 386 0
386 186 387 0
186 187 387 0
387 187 388 0
187 188 388 0
388 188 389 0
188 189 389 0
389 189 390 0
189 190 390 0
390 190 391 0
190 191 391 0
391 191 392 0
191 192 392 0
392 192 393 0
192 193 393 0
393 193 394 0
193 194 394 0
394 194 395 0
194 195 395 0
395 195 396 0
195 196 396 0
396 196 397 0
196 197 397 0
397 197 398 0
197 198 398 0
398 198 399 0
198 199 399 0
399 199 400 0
199 200 400 0
400 200 401 0
200 201 401 0
401 201 402 0
202 203 403 0
403 203 404 0
203 204 404 0
404 204 405 0
204 205 405 0
405 205 406 0
205 206 406 0
406 206 407 0
206 207 407 0
407 207 408 0
207 208 408 0
408 208 409 0
208 209 409 0
409 209 410 0
209 210 410 0
410 210 411 0
210 211 411 0
411 211 412 0
211 212 412 0
412 212 413 0
212 213 413 0
413 213 414 0
213 214 414 0
414 214 415 0
214 215 415 0
415 215 416 0
215 216 416 0
416 216 417 0
216 217 417 0
417 217 418 0
217 218 418 0
418 218 419 0
218 219 419 0
419 219 420 0
219 220 420 0
420 220 421 0
220 221 421 0
421 221 422 0
221 222 422 0
422 222 423 0
222 223 423 0
423 223 424 0
223 224 424 0
424 224 425 0
224 225 425 0
425 225 426 0
225 226 426 0
426 226 427 0
226 227 427 0
427 227 428 0
227 228 428 0
428 228 429 0
228 229 429 0
429 229 430 0
229 230 430 0
430 230 431 0
230 231 431 0
431 231 432 0
231 232 432 0
432 232 433 0
232 233 433 0
433 233 434 0
233 234 434 0
434 234 435 0
234 235 435 0
435 235 436 0
235 236 436 0
436 236 437 0
236 237 437 0
437 237 438 0
237 238 438 0
438 238 439 0
238 239 439 0
439 239 440 0
239 240 440 0
440 240 441 0
240 241 441 0
441 241 442 0
241 242 442 0
442 242 443 0
242 243 443 0
443 243 444 0
243 244 444 0
444 244 445 0
244 245 445 0
445 245 446 0
245 246 446 0
446 246 447 0
246 247 447 0
447 247 448 0
247 248 448 0
448 248 449 0
248 249 449 0
449 249 450 0
249 250 450 0
450 250 451 0
250 251 451 0
451 251 452 0
251 252 452 0
452 252 453 0
252 253 453 0
453 253 454 0
253 254 454 0
454 254 455 0
254 255 455 0
455 255 456 0
255 256 456 0
456 256 457 0
256 257 457 0
457 257 458 0
257 258 458 0
458 258 459 0
258 259 459 0
459 259 460 0
259 260 460 0
460 260 461 0
260 261 461 0
461 261 462 0
261 262 462 0
462 262 463 0
262 263 463 0
463 263 464 0
263 264 464 0
464 264 465 0
264 265 465 0
465 265 466 0
265 266 466 0
466 266 467 0
266 267 467 0
467 267 468 0
267 268 468 0
468 268 469 0
268 269 469 0
469 269 470 0
269 270 470 0
470 270 471 0
270 271 471 0
471 271 472 0
271 272 472 0
472 272 473 0
272 273 473 0
473 273 474 0
273 274 474 0
474 274 475 0
274 275 475 0
475 275 476 0
275 276 476 0
476 276 477 0
276 277 477 0
477 277 478 0
277 278 478 0
478 278 479 0
278 279 479 0
479 279 480 0
279 280 480 0
480 280 481 0
280 281 481 0
481 281 482 0
281 282 482 0
482 282 483 0
282 283 483 0
483 283 484 0
283 284 484 0
484 284 485 0
284 285 485 0
485 285 486 0
285 286 486 0
486 286 487 0
286 287 487 0
487 287 488 0
287 288 488 0
488 288 489 0
288 289 489 0
489 289 490 0
289 290 490 0
490 290 491 0
290 291 491 0
491 291 492 0
291 292 492 0
492 292 493 0
292 293 493 0
493 293 494 0
293 294 494 0
494 294 495 0
294 295 495 0
495 295 496 0
295 296 496 0
496 296 497 0
296 297 497 0
497 297 498 0
297 298 498 0
498 298 499 0
298 299 499 0
499 299 500 0
299 300 500 0
500 300 501 0
300 301 501 0
501 301 502 0
301 302 502 0
502 302 503 0
302 303 503 0
503 303 504 0
303 304 504 0
504 304 505 0
304 305 505 0
505 305 506 0
305 306 506 0
506 306 507 0
306 307 507 0
507 307 508 0
307 308 508 0
508 308 509 0
308 309 509 0
509 309 510 0
309 310 510 0
510 310 511 0
310 311 511 0
511 311 512 0
311 312 512 0
512 312 513 0
312 313 513 0
513 313 514 0
313 314 514 0
514 314 515 0
314 315 515 0
515 315 516 0
315 316 516 0
516 316 517 0
316 317 517 0
517 317 518 0
317 318 518 0
518 318 519 0
318 319 519 0
519 319 520 0
319 320 520 0
520 320 521 0
320 321 521 0
521 321 522 0
321 322 522 0
522 322 523 0
322 323 523 0
523 323 524 0
323 324 524 0
524 324 525 0
324 325 525 0
525 325 526 0
325 326 526 0
526 326 527 0
326 327 527 0
527 327 528 0
327 328 528 0
528 328 529 0
328 329 529 0
529 329 530 0
329 330 530 0
530 330 531 0
330 331 531 0
531 331 532 0
331 332 532 0
532 332 533 0
332 333 533 0
533 333 534 0
333 334 534 0
534 334 535 0
334 335 535 0
535 335 536 0
335 336 536 0
536 336 537 0
336 337 537 0
537 337 538 0
337 338 538 0
538 338 539 0
338 339 539 0
539 339 540 0
339 340 540 0
540 340 541 0
340 341 541 0
541 341 542 0
341 342 542 0
542 342 543 0
342 343 543 0
543 343 544 0
343 344 544 0
544 344 545 0
344 345 545 0
545 345 546 0
345 346 546 0
546 346 547 0
346 347 547 0
547 347 548 0
347 348 548 0
548 348 549 0
348 349 549 0
549 349 550 0
349 350 550 0
550 350 551 0
350 351 551 0
551 351 552 0
351 352 552 0
552 352 553 0
352 353 553 0
553 353 554 0
353 354 554 0
554 354 555 0
354 355 555 0
555 355 556 0
355 356 556 0
556 356 557 0
356 357 557 0
557 357 558 0
357 358 558 0
558 358 559 0
358 359 559 0
559 359 560 0
359 360 560 0
560 360 561 0
360 361 561 0
561 361 562 0
361 362 562 0
562 362 563 0
362 363 563 0
563 363 564 0
363 364 564 0
564 364 565 0
364 365 565 0
565 365 566 0
365 366 566 0
566 366 567 0
366 367 567 0
567 367 568 0
367 368 568 0
568 368 569 0
368 369 569 0
569 369 570 0
369 370 570 0
570 370 571 0
370 371 571 0
571 371 572 0
371 372 572 0
572 372 573 0
372 373 573 0
573 373 574 0
373 374 574 0
574 374 575 0
374 375 575 0
575 375 576 0
375 376 576 0
576 376 577 0
376 377 577 0
577 377 578 0
377 378 578 0
578 378 579 0
378 379 579 0
579 379 580 0
379 380 580 0
580 380 581 0
380 381 581 0
581 381 582 0
381 382 582 0
582 382 583 0
382 383 583 0
583 383 584 0
383 384 584 0
584 384 585 0
384 385 585 0
585 385 586 0
385 386 586 0
586 386 587 0
386 387 587 0
587 387 588 0
387 388 588 0
588 388 589 0
388 389 589 0
589 389 590 0
389 390 590 0
590 390 591 0
390 391 591 0
591 391 592 0
391 392 592 0
592 392 593 0
392 393 593 0
593 393 594 0
393 394 594 0
594 394 595 0
394 395 595 0
595 395 596 0
395 396 596 0
596 396 597 0
396 397 597 0
597 397 598 0
397 398 598 0
598 398 599 0
398 399 599 0
599 399 600 0
399 400 600 0
600 400 601 0
400 401 601 0
601 401 602 0
401 402 602 0
602 402 603 0
403 404 604 0
604 404 605 0
404 405 605 0
605 405 606 0
405 406 606 0
606 406 607 0
406 407 607 0
607 407 608 0
407 408 608 0
608 408 609 0
408 409 609 0
609 409 610 0
409 410 610 0
610 410 611 0
410 411 611 0
611 411 612 0
411 412 612 0
612 412 613 0
412 413 613 0
613 413 614 0
413 414 614 0
614 414 615 0
414 415 615 0
615 415 616 0
415 416 616 0
616 416 617 0
416 417 617 0
617 417 618 0
417 418 618 0
618 418 619 0
418 419 619 0
619 419 620 0
419 420 620 0
620 420 621 0
420 421 621 0
621 421 622 0
421 422 622 0
622 422 623 0
422 423 623 0
623 423 624 0
423 424 624 0
624 424 625 0
424 425 625 0
625 425 626 0
425 426 626 0
626 426 627 0
426 427 627 0
627 427 628 0
427 428 628 0
628 428 629 0
428 429 629 0
629 429 630 0
429 430 630 0
630 430 631 0
430 431 631 0
631 431 632 0
431 432 632 0
632 432 633 0
432 433 633 0
633 433 634 0
433 434 634 0
634 434 635 0
434 435 635 0
635 435 636 0
435 436 636 0
636 436 637 0
436 437 637 0
637 437 638 0
437 438 638 0
638 438 639 0
438 439 639 0
639 439 640 0
439 440 640 0
640 440 641 0
440 441 641 0
641 441 642 0
441 442 642 0
642 442 643 0
442 443 643 0
643 443 644 0
443 444 644 0
644 444 645 0
444 445 645 0
645 445 646 0
445 446 646 0
646 446 647 0
446 447 647 0
647 447 648 0
447 448 648 0
648 448 649 0
448 449 649 0
649 449 650 0
449 450 650 0
650 450 651 0
450 451 651 0
651 451 652 0
451 452 652 0
652 452 653 0
452 453 653 0
653 453 654 0
453 454 654 0
654 454 655 0
454 455 655 0
655 455 656 0
455 456 656 0
656 456 657 0
456 457 657 0
657 457 658 0
457 458 658 0
658 458 659 0
458 459 659 0
659 459 660 0
459 460 660 0
660 460 661 0
460 461 661 0
661 461 662 0
461 462 662 0
662 462 663 0
462 463 663 0
663 463 664 0
463 464 664 0
664 464 665 0
464 465 665 0
665 465 666 0
465 466 666 0
666 466 667 0
466 467 667 0
667 467 668 0
467 468 668 0
668 468 669 0
468 469 669 0
669 469 670 0
469 470 670 0
670 470 671 0
470 471 671 0
671 471 672 0
471 472 672 0
672 472 673 0
472 473 673 0
673 473 674 0
473 474 674 0
674 474 675 0
474 475 675 0
675 475 676 0
475 476 676 0
676 476 677 0
476 477 677 0
677 477 678 0
477 478 678 0
678 478 679 0
478 479 679 0
679 479 680 0
479 480 680 0
680 480 681 0
480 481 681 0
681 481 682 0
481 482 682 0
682 482 683 0
482 483 683 0
683 483 684 0
483 484 684 0
684 484 685 0
484 485 685 0
685 485 686 0
485 486 686 0
686 486 687 0
486 487 687 0
687 487 688 0
487 488 688 0
688 488 689 0
488 489 689 0
689 489 690 0
489 490 690 0
690 490 691 0
490 491 691 0
691 491 692 0
491 492 692 0
692 492 693 0
492 493 693 0
693 493 694 0
493 494 694 0
694 494 695 0
494 495 695 0
695 495 696 0
495 496 696 0
696 496 697 0
496 497 697 0
697 497 698 0
497 498 698 0
698 498 699 0
498 499 699 0
699 499 700 0
499 500 700 0
700 500 701 0
500 501 701 0
701 501 702 0
501 502 702 0
702 502 703 0
502 503 703 0
703 503 704 0
503 504 704 0
704 504 705 0
504 505 705 0
705 505 706 0
505 506 706 0
706 506 707 0
506 507 707 0
707 507 708 0
507 508 708 0
708 508 709 0
508 509 709 0
709 509 710 0
509 510 710 0
710 510 711 0
510 511 711 0
711 511 712 0
511 512 712 0
712 512 713 0
512 513 713 0
713 513 714 0
513 514 714 0
714 514 715 0
514 515 715 0
715 515 716 0
515 516 716 0
716 516 717 0
516 517 717 0
717 517 718 0
517 518 718 0
718 518 719 0
518 519 719 0
719 519 720 0
519 520 720 0
720 520 721 0
520 521 721 0
721 521 722 0
521 522 722 0
722 522 723 0
522 523 723 0
723 523 724 0
523 524 724 0
724 524 725 0
524 525 725 0
725 525 726 0
525 526 726 0
726 526 727 0
526 527 727 0
727 527 728 0
527 528 728 0
728 528 729 0
528 529 729 0
729 529 730 0
529 530 730 0
730 530 731 0
530 531 731 0
731 531 732 0
531 532 732 0
732 532 733 0
532 533 733 0
733 533 734 0
533 534 734 0
734 534 735 0
534 535 735 0
735 535 736 0
535 536 736 0
736 536 737 0
536 537 737 0
737 537 738 0
537 538 738 0
738 538 739 0
538 539 739 0
739 539 740 0
539 540 740 0
740 540 741 0
540 541 741 0
741 541 742 0
541 542 742 0
742 542 743 0
542 543 743 0
743 543 744 0
543 544 744 0
744 544 745 0
544 545 745 0
745 545 746 0
545 546 746 0
746 546 747 0
546 547 747 0
747 547 748 0
547 548 748 0
748 548 749 0
548 549 749 0
749 549 750 0
549 550 750 0
750 550 751 0
550 551 751 0
751 551 752 0
551 552 752 0
752 552 753 0
552 553 753 0
753 553 754 0
553 554 754 0
754 554 755 0
554 555 755 0
755 555 756 0
555 556 756 0
756 556 757 0
556 557 757 0
757 557 758 0
557 558 758 0
758 558 759 0
558 559 759 0
759 559 760 0
559 560 760 0
760 560 761 0
560 561 761 0
761 561 762 0
561 562 762 0
762 562 763 0
562 563 763 0
763 563 764 0
563 564 764 0
764 564 765 0
564 565 765 0
765 565 766 0
565 566 766 0
766 566 767 0
566 567 767 0
767 567 768 0
567 568 768 0
768 568 769 0
568 569 769 0
769 569 770 0
569 570 770 0
770 570 771 0
570 571 771 0
771 571 772 0
571 572 772 0
772 572 773 0
572 573 773 0
773 573 774 0
573 574 774 0
774 574 775 0
574 575 775 0
775 575 776 0
575 576 776 0
776 576 777 0
576 577 777 0
777 577 778 0
577 578 778 0
778 578 779 0
578 579 779 0
779 579 780 0
579 580 780 0
780 580 781 0
580 581 781 0
781 581 782 0
581 582 782 0
782 582 783 0
582 583 783 0
783 583 784 0
583 584 784 0
784 584 785 0
584 585 785 0
785 585 786 0
585 586 786 0
786 586 787 0
586 587 787 0
787 587 788 0
587 588 788 0
788 588 789 0
588 589 789 0
789 589 790 0
589 590 790 0
790 590 791 0
590 591 791 0
791 591 792 0
591 592 792 0
792 592 793 0
592 593 793 0
793 593 794 0
593 594 794 0
794 594 795 0
594 595 795 0
795 595 796 0
595 596 796 0
796 596 797 0
596 597 797 0
797 597 798 0
597 598 798 0
798 598 799 0
598 599 799 0
799 599 800 0
599 600 800 0
800 600 801 0
600 601 801 0
801 601 802 0
601 602 802 0
802 602 803 0
602 603 803 0
803 603 804 0
604 605 805 0
805 605 806 0
605 606 806 0
806 606 807 0
606 607 807 0
807 607 808 0
607 608 808 0
808 608 809 0
608 609 809 0
809 609 810 0
609 610 810 0
810 610 811 0
610 611 811 0
811 611 812 0
611 612 812 0
812 612 813 0
612 613 813 0
813 613 814 0
613 614 814 0
814 614 815 0
614 615 815 0
815 615 816 0
615 616 816 0
816 616 817 0
616 617 817 0
817 617 818 0
617 618 818 0
818 618 819 0
618 619 819 0
819 619 820 0
619 620 820 0
820 620 821 0
620 621 821 0
821 621 822 0
621 622 822 0
822 622 823 0
622 623 823 0
823 623 824 0
623 624 824 0
824 624 825 0
624 625 825 0
825 625 826 0
625 626 826 0
826 626 827 0
626 627 827 0
827 627 828 0
627 628 828 0
828 628 829 0
628 629 829 0
829 629 830 0
629 630 830 0
830 630 831 0
630 631 831 0
831 631 832 0
631 632 832 0
832 632 833 0
632 633 833 0
833 633 834 0
633 634 834 0
834 634 835 0
634 635 835 0
835 635 836 0
635 636 836 0
836 636 837 0
636 637 837 0
837 637 838 0
637 638 838 0
838 638 839 0
638 639 839 0
839 639 840 0
639 640 840 0
840 640 841 0
640 641 841 0
841 641 842 0
641 642 842 0
842 642 843 0
642 643 843 0
843 643 844 0
643 644 844 0
844 644 845 0
644 645 845 0
845 645 846 0
645 646 846 0
846 646 847 0
646 647 847 0
847 647 848 0
647 648 848 0
848 648 849 0
648 649 849 0
849 649 850 0
649 650 850 0
850 650 851 0
650 651 851 0
851 651 852 0
651 652 852 0
852 652 853 0
652 653 853 0
853 653 854 0
653 654 854 0
854 654 855 0
654 655 855 0
855 655 856 0
655 656 856 0
856 656 857 0
656 657 857 0
857 657 858 0
657 658 858 0
858 658 859 0
658 659 859 0
859 659 860 0
659 660 860 0
860 660 861 0
660 661 861 0
861 661 862 0
661 662 862 0
862 662 863 0
662 663 863 0
863 663 864 0
663 664 864 0
864 664 865 0
664 665 865 0
865 665 866 0
665 666 866 0
866 666 867 0
666 667 867 0
867 667 868 0
667 668 868 0
868 668 869 0
668 669 869 0
869 669 870 0
669 670 870 0
870 670 871 0
670 671 871 0
871 671 872 0
671 672 872 0
872 672 873 0
672 673 873 0
873 673 874 0
673 674 874 0
874 674 875 0
674 675 875 0
875 675 876 0
675 676 876 0
876 676 877 0
676 677 877 0
877 677 878 0
677 678 878 0
878 678 879 0
678 679 879 0
879 679 880 0
679 680 880 0
880 680 881 0
680 681 881 0
881 681 882 0
681 682 882 0
882 682 883 0
682 683 883 0
883 683 884 0
683 684 884 0
884 684 885 0
684 685 885 0
885 685 886 0
685 686 886 0
886 686 887 0
686 687 887 0
887 687 888 0
687 688 888 0
888 688 889 0
688 689 889 0
889 689 890 0
689 690 890 0
890 690 891 0
690 691 891 0
891 691 892 0
691 692 892 0
892 692 893 0
692 693 893 0
893 693 894 0
693 694 894 0
894 694 895 0
694 695 895 0
895 695 896 0
695 696 896 0
896 696 897 0
696 697 897 0
897 697 898 0
697 698 898 0
898 698 899 0
698 699 899 0
899 699 900 0
699 700 900 0
900 700 901 0
700 701 901 0
901 701 902 0
701 702 902 0
902 702 903 0
702 703 903 0
903 703 904 0
703 704 904 0
904 704 905 0
704 705 905 0
905 705 906 0
705 706 906 0
906 706 907 0
706 707 907 0
907 707 908 0
707 708 908 0
908 708 909 0
708 709 909 0
909 709 910 0
709 710 910 0
910 710 911 0
710 711 911 0
911 711 912 0
711 712 912 0
912 712 913 0
712 713 913 0
913 713 914 0
713 714 914 0
914 714 915 0
714 715 915 0
915 715 916 0
715 716 916 0
916 716 917 0
716 717 917 0
917 717 918 0
717 718 918 0
918 718 919 0
718 719 919 0
919 719 920 0
719 720 920 0
920 720 921 0
720 721 921 0
921 721 922 0
721 722 922 0
922 722 923 0
722 723 923 0
923 723 924 0
723 724 924 0
924 724 925 0
724 725 925 0
925 725 926 0
725 726 926 0
926 726 927 0
726 727 927 0
927 727 928 0
727 728 928 0
928 728 929 0
728 729 929 0
929 729 930 0
729 730 930 0
930 730 931 0
730 731 931 0
931 731 932 0
731 732 932 0
932 732 933 0
732 733 933 0
933 733 934 0
733 734 934 0
934 734 935 0
734 735 935 0
935 735 936 0
735 736 936 0
936 736 937 0
736 737 937 0
937 737 938 0
737 738 938 0
938 738 939 0
738 739 939 0
939 739 940 0
739 740 940 0
940 740 941 0
740 741 941 0
941 741 942 0
741 742 942 0
942 742 943 0
742 743 943 0
943 743 944 0
743 744 944 0
944 744 945 0
744 745 945 0
945 745 946 0
745 746 946 0
946 746 947 0
746 747 947 0
947 747 948 0
747 748 948 0
948 748 949 0
748 749 949 0
949 749 950 0
749 750 950 0
950 750 951 0
750 751 951 0
951 751 952 0
751 752 952 0
952 752 953 0
752 753 953 0
953 753 954 0
753 754 954 0
954 754 955 0
754 755 955 0
955 755 956 0
755 756 956 0
956 756 957 0
756 757 957 0
957 757 958 0
757 758 958 0
958 758 959 0
758 759 959 0
959 759 960 0
759 760 960 0
960 760 961 0
760 761 961 0
961 761 962 0
761 762 962 0
962 762 963 0
762 763 963 0
963 763 964 0
763 764 964 0
964 764 965 0
764 765 965 0
965 765 966 0
765 766 966 0
966 766 967 0
766 767 967 0
967 767 968 0
767 768 968 0
968 768 969 0
768 769 969 0
969 769 970 0
769 770 970 0
970 770 971 0
770 771 971 0
971 771 972 0
771 772 972 0
972 772 973 0
772 773 973 0
973 773 974 0
773 774 974 0
974 774 975 0
774 775 975 0
975 775 976 0
775 776 976 0
976 776 977 0
776 777 977 0
977 777 978 0
777 778 978 0
978 778 979 0
778 779 979 0
979 779 980 0
779 780 980 0
980 780 981 0
780 781 981 0
981 781 982 0
781 782 982 0
982 782 983 0
782 783 983 0
983 783 984 0
783 784 984 0
984 784 985 0
784 785 985 0
985 785 986 0
785 786 986 0
986 786 987 0
786 787 987 0
987 787 988 0
787 788 988 0
988 788 989 0
788 789 989 0
989 789 990 0
789 790 990 0
990 790 991 0
790 791 991 0
991 791 992 0
791 792 992 0
992 792 993 0
792 793 993 0
993 793 994 0
793 794 994 0
994 794 995 0
794 795 995 0
995 795 996 0
795 796 996 0
996 796 997 0
796 797 997 0
997 797 998 0
797 798 998 0
998 798 999 0
798 799 999 0
999 799 1000 0
799 800 1000 0
1000 800 1001 0
800 801 1001 0
1001 801 1002 0
801 802 1002 0
1002 802 1003 0
802 803 1003 0
1003 803 1004 0
803 804 1004 0
1004 804 1005 0
805 806 1006 0
1006 806 1007 0
806 807 1007 0
1007 807 1008 0
807 808 1008 0
1008 808 1009 0
808 809 1009 0
1009 809 1010 0
809 810 1010 0
1010 810 1011 0
810 811 1011 0
1011 811 1012 0
811 812 1012 0
1012 812 1013 0
812 813 1013 0
1013 813 1014 0
813 814 1014 0
1014 814 1015 0
814 815 1015 0
1015 815 1016 0
815 816 1016 0
1016 816 1017 0
816 817 1017 0
1017 817 1018 0
817 818 1018 0
1018 818 1019 0
818 819 1019 0
1019 819 1020 0
819 820 1020 0
1020 820 1021 0
820 821 1021 0
1021 821 1022 0
821 822 1022 0
1022 822 1023 0
822 823 1023 0
1023 823 1024 0
823 824 1024 0
1024 824 1025 0
824 825 1025 0
1025 825 1026 0
825 826 1026 0
1026 826 1027 0
826 827 1027 0
1027 827 1028 0
827 828 1028 0
1028 828 1029 0
828 829 1029 0
1029 829 1030 0
829 830 1030 0
1030 830 1031 0
830 831 1031 0
1031 831 1032 0
831 832 1032 0
1032 832 1033 0
832 833 1033 0
1033 833 1034 0
833 834 1034 0
1034 834 1035 0
834 835 1035 0
1035 835 1036 0
835 836 1036 0
1036 836 1037 0
836 837 1037 0
1037 837 1038 0
837 838 1038 0
1038 838 1039 0
838 839 1039 0
1039 839 1040 0
839 840 1040 0
1040 840 1041 0
840 841 1041 0
1041 841 1042 0
841 842 1042 0
1042 842 1043 0
842 843 1043 0
1043 843 1044 0
843 844 1044 0
1044 844 1045 0
844 845 1045 0
1045 845 1046 0
845 846 1046 0
1046 846 1047 0
846 847 1047 0
1047 847 1048 0
847 848 1048 0
1048 848 1049 0
848 849 1049 0
1049 849 1050 0
849 850 1050 0
1050 850 1051 0
850 851 1051 0
1051 851 1052 0
851 852 1052 0
1052 852 1053 0
852 853 1053 0
1053 853 1054 0
853 854 1054 0
1054 854 1055 0
854 855 1055 0
1055 855 1056 0
855 856 1056 0
1056 856 1057 0
856 857 1057 0
1057 857 1058 0
857 858 1058 0
1058 858 1059 0
858 859 1059 0
1059 859 1060 0
859 860 1060 0
1060 860 1061 0
860 861 1061 0
1061 861 1062 0
861 862 1062 0
1062 862 1063 0
862 863 1063 0
1063 863 1064 0
863 864 1064 0
1064 864 1065 0
864 865 1065 0
1065 865 1066 0
865 866 1066 0
1066 866 1067 0
866 867 1067 0
1067 867 1068 0
867 868 1068 0
1068 868 1069 0
868 869 1069 0
1069 869 1070 0
869 870 1070 0
1070 870 1071 0
870 871 1071 0
1071 871 1072 0
871 872 1072 0
1072 872 1073 0
872 873 1073 0
1073 873 1074 0
873 874 1074 0
1074 874 1075 0
874 875 1075 0
1075 875 1076 0
875 876 1076 0
1076 876 1077 0
876 877 1077 0
1077 877 1078 0
877 878 1078 0
1078 878 1079 0
878 879 1079 0
1079 879 1080 0
879 880 1080 0
1080 880 1081 0
880 881 1081 0
1081 881 1082 0
881 882 1082 0
1082 882 1083 0
882 883 1083 0
1083 883 1084 0
883 884 1084 0
1084 884 1085 0
884 885 1085 0
1085 885 1086 0
885 886 1086 0
1086 886 1087 0
886 887 1087 0
1087 887 1088 0
887 888 1088 0
1088 888 1089 0
888 889 1089 0
1089 889 1090 0
889 890 1090 0
1090 890 1091 0
890 891 1091 0
1091 891 1092 0
891 892 1092 0
1092 892 1093 0
892 893 1093 0
1093 893 1094 0
893 894 1094 0
1094 894 1095 0
894 895 1095 0
1095 895 1096 0
895 896 1096 0
1096 896 1097 0
896 897 1097 0
1097 897 1098 0
897 898 1098 0
1098 898 1099 0
898 899 1099 0
1099 899 1100 0
899 900 1100 0
1100 900 1101 0
900 901 1101 0
1101 901 1102 0
901 902 1102 0
1102 902 1103 0
902 903 1103 0
1103 903 1104 0
903 904 1104 0
1104 904 1105 0
904 905 1105 0
1105 905 1106 0
905 906 1106 0
1106 906 1107 0
906 907 1107 0
1107 907 1108 0
907 908 1108 0
1108 908 1109 0
908 909 1109 0
1109 909 1110 0
909 910 1110 0
1110 910 1111 0
910 911 1111 0
1111 911 1112 0
911 912 1112 0
1112 912 1113 0
912 913 1113 0
1113 913 1114 0
913 914 1114 0
1114 914 1115 0
914 915 1115 0
1115 915 1116 0
915 916 1116 0
1116 916 1117 0
916 917 1117 0
1117 917 1118 0
917 918 1118 0
1118 918 1119 0
918 919 1119 0
1119 919 1120 0
919 920 1120 0
1120 920 1121 0
920 921 1121 0
1121 921 1122 0
921 922 1122 0
1122 922 1123 0
922 923 1123 0
1123 923 1124 0
923 924 1124 0
1124 924 1125 0
924 925 1125 0
1125 925 1126 0
925 926 1126 0
1126 926 1127 0
926 927 1127 0
1127 927 1128 0
927 928 1128 0
1128 928 1129 0
928 929 1129 0
1129 929 1130 0
929 930 1130 0
1130 930 1131 0
930 931 1131 0
1131 931 1132 0
931 932 1132 0
1132 932 1133 0
932 933 1133 0
1133 933 1134 0
933 934 1134 0
1134 934 1135 0
934 935 1135 0
1135 935 1136 0
935 936 1136 0
1136 936 1137 0
936 937 1137 0
1137 937 1138 0
937 938 1138 0
1138 938 1139 0
938 939 1139 0
1139 939 1140 0
939 940 1140 0
1140 940 1141 0
940 941 1141 0
1141 941 1142 0
941 942 1142 0
1142 942 1143 0
942 943 1143 0
1143 943 1144 0
943 944 1144 0
1144 944 1145 0
944 945 1145 0
1145 945 1146 0
945 946 1146 0
1146 946 1147 0
946 947 1147 0
1147 947 1148 0
947 948 1148 0
1148 948 1149 0
948 949 1149 0
1149 949 1150 0
949 950 1150 0
1150 950 1151 0
950 951 1151 0
1151 951 1152 0
951 952 1152 0
1152 952 1153 0
952 953 1153 0
1153 953 1154 0
953 954 1154 0
1154 954 1155 0
954 955 1155 0
1155 955 1156 0
955 956 1156 0
1156 956 1157 0
956 957 1157 0
1157 957 1158 0
957 958 1158 0
1158 958 1159 0
958 959 1159 0
1159 959 1160 0
959 960 1160 0
1160 960 1161 0
960 961 1161 0
1161 961 1162 0
961 962 1162 0
1162 962 1163 0
962 963 1163 0
1163 963 1164 0
963 964 1164 0
1164 964 1165 0
964 965 1165 0
1165 965 1166 0
965 966 1166 0
1166 966 1167 0
966 967 1167 0
1167 967 1168 0
967 968 1168 0
1168 968 1169 0
968 969 1169 0
1169 969 1170 0
969 970 1170 0
1170 970 1171 0
970 971 1171 0
1171 971 1172 0
971 972 1172 0
1172 972 1173 0
972 973 1173 0
1173 973 1174 0
973 974 1174 0
1174 974 1175 0
974 975 1175 0
1175 975 1176 0
975 976 1176 0
1176 976 1177 0
976 977 1177 0
1177 977 1178 0
977 978 1178 0
1178 978 1179 0
978 979 1179 0
1179 979 1180 0
979 980 1180 0
1180 980 1181 0
980 981 1181 0
1181 981 1182 0
981 982 1182 0
1182 982 1183 0
982 983 1183 0
1183 983 1184 0
983 984 1184 0
1184 984 1185 0
984 985 1185 0
1185 985 1186 0
985 986 1186 0
1186 986 1187 0
986 987 1187 0
1187 987 1188 0
987 988 1188 0
1188 988 1189 0
988 989 1189 0
1189 989 1190 0
989 990 1190 0
1190 990 1191 0
990 991 1191 0
1191 991 1192 0
991 992 1192 0
1192 992 1193 0
992 993 1193 0
1193 993 1194 0
993 994 1194 0
1194 994 1195 0
994 995 1195 0
1195 995 1196 0
995 996 1196 0
1196 996 1197 0
996 997 1197 0
1197 997 1198 0
997 998 1198 0
1198 998 1199 0
998 999 1199 0
1199 999 1200 0
999 1000 1200 0
1200 1000 1201 0
1000 1001 1201 0
1201 1001 1202 0
1001 1002 1202 0
1202 1002 1203 0
1002 1003 1203 0
1203 1003 1204 0
1003 1004 1204 0
1204 1004 1205 0
1004 1005 1205 0
1205 1005 1206 0
1006 1007 1207 0
1207 1007 1208 0
1007 1008 1208 0
1208 1008 1209 0
1008 1009 1209 0
1209 1009 1210 0
1009 1010 1210 0
1210 1010 1211 0
1010 1011 1211 0
1211 1011 1212 0
1011 1012 1212 0
1212 1012 1213 0
1012 1013 1213 0
1213 1013 1214 0
1013 1014 1214 0
1214 1014 1215 0
1014 1015 1215 0
1215 1015 1216 0
1015 1016 1216 0
1216 1016 1217 0
1016 1017 1217 0
1217 1017 1218 0
1017 1018 1218 0
1218 1018 1219 0
1018 1019 1219 0
1219 1019 1220 0
1019 1020 1220 0
1220 1020 1221 0
1020 1021 1221 0
1221 1021 1222 0
1021 1022 1222 0
1222 1022 1223 0
1022 1023 1223 0
1223 1023 1224 0
1023 1024 1224 0
1224 1024 1225 0
1024 1025 1225 0
1225 1025 1226 0
1025 1026 1226 0
1226 1026 1227 0
1026 1027 1227 0
1227 1027 1228 0
1027 1028 1228 0
1228 1028 1229 0
1028 1029 1229 0
1229 1029 1230 0
1029 1030 1230 0
1230 1030 1231 0
1030 1031 1231 0
1231 1031 1232 0
1031 1032 1232 0
1232 1032 1233 0
1032 1033 1233 0
1233 1033 1234 0
1033 1034 1234 0
1234 1034 1235 0
1034 1035 1235 0
1235 1035 1236 0
1035 1036 1236 0
1236 1036 1237 0
1036 1037 1237 0
1237 1037 1238 0
1037 1038 1238 0
1238 1038 1239 0
1038 1039 1239 0
1239 1039 1240 0
1039 1040 1240 0
1240 1040 1241 0
1040 1041 1241 0
1241 1041 1242 0
1041 1042 1242 0
1242 1042 1243 0
1042 1043 1243 0
1243 1043 1244 0
1043 1044 1244 0
1244 1044 1245 0
1044 1045 1245 0
1245 1045 1246 0
1045 1046 1246 0
1246 1046 1247 0
1046 1047 1247 0
1247 1047 1248 0
1047 1048 1248 0
1248 1048 1249 0
1048 1049 1249 0
1249 1049 1250 0
1049 1050 1250 0
1250 1050 1251 0
1050 1051 1251 0
1251 1051 1252 0
1051 1052 1252 0
1252 1052 1253 0
1052 1053 1253 0
1253 1053 1254 0
1053 1054 1254 0
1254 1054 1255 0
1054 1055 1255 0
1255 1055 1256 0
1055 1056 1256 0
1256 1056 1257 0
1056 1057 1257 0
1257 1057 1258 0
1057 1058 1258 0
1258 1058 1259 0
1058 1059 1259 0
1259 1059 1260 0
1059 1060 1260 0
1260 1060 1261 0
1060 1061 1261 0
1261 1061 1262 0
1061 1062 1262 0
1262 1062 1263 0
1062 1063 1263 0
1263 1063 1264 0
1063 1064 1264 0
1264 1064 1265 0
1064 1065 1265 0
1265 1065 1266 0
1065 1066 1266 0
1266 1066 1267 0
1066 1067 1267 0
1267 1067 1268 0
1067 1068 1268 0
1268 1068 1269 0
1068 1069 1269 0
1269 1069 1270 0
1069 1070 1270 0
1270 1070 1271 0
1070 1071 1271 0
1271 1071 1272 0
1071 1072 1272 0
1272 1072 1273 0
1072 1073 1273 0
1273 1073 1274 0
1073 1074 1274 0
1274 1074 1275 0
1074 1075 1275 0
1275 1075 1276 0
1075 1076 1276 0
1276 1076 1277 0
1076 1077 1277 0
1277 1077 1278 0
1077 1078 1278 0
1278 1078 1279 0
1078 1079 1279 0
1279 1079 1280 0
1079 1080 1280 0
1280 1080 1281 0
1080 1081 1281 0
1281 1081 1282 0
1081 1082 1282 0
1282 1082 1283 0
1082 1083 1283 0
1283 1083 1284 0
1083 1084 1284 0
1284 1084 1285 0
1084 1085 1285 0
1285 1085 1286 0
1085 1086 1286 0
1286 1086 1287 0
1086 1087 1287 0
1287 1087 1288 0
1087 1088 1288 0
1288 1088 1289 0
1088 1089 1289 0
1289 1089 1290 0
1089 1090 1290 0
1290 1090 1291 0
1090 1091 1291 0
1291 1091 1292 0
1091 1092 1292 0
1292 1092 1293 0
1092 1093 1293 0
1293 1093 1294 0
1093 1094 1294 0
1294 1094 1295 0
1094 1095 1295 0
1295 1095 1296 0
1095 1096 1296 0
1296 1096 1297 0
1096 1097 1297 0
1297 1097 1298 0
1097 1098 1298 0
1298 1098 1299 0
1098 1099 1299 0
1299 1099 1300 0
1099 1100 1300 0
1300 1100 1301 0
1100 1101 1301 0
1301 1101 1302 0
1101 1102 1302 0
1302 1102 1303 0
1102 1103 1303 0
1303 1103 1304 0
1103 1104 1304 0
1304 1104 1305 0
1104 1105 1305 0
1305 1105 1306 0
1105 1106 1306 0
1306 1106 1307 0
1106 1107 1307 0
1307 1107 1308 0
1107 1108 1308 0
1308 1108 1309 0
1108 1109 1309 0
1309 1109 1310 0
1109 1110 1310 0
1310 1110 1311 0
1110 1111 1311 0
1311 1111 1312 0
1111 1112 1312 0
1312 1112 1313 0
1112 1113 1313 0
1313 1113 1314 0
1113 1114 1314 0
1314 1114 1315 0
1114 1115 1315 0
1315 1115 1316 0
1115 1116 1316 0
1316 1116 1317 0
1116 1117 1317 0
1317 1117 1318 0
1117 1118 1318 0
1318 1118 1319 0
1118 1119 1319 0
1319 1119 1320 0
1119 1120 1320 0
1320 1120 1321 0
1120 1121 1321 0
1321 1121 1322 0
1121 1122 1322 0
1322 1122 1323 0
1122 1123 1323 0
1323 1123 1324 0
1123 1124 1324 0
1324 1124 1325 0
1124 1125 1325 0
1325 1125 1326 0
1125 1126 1326 0
1326 1126 1327 0
1126 1127 1327 0
1327 1127 1328 0
1127 1128 1328 0
1328 1128 1329 0
1128 1129 1329 0
1329 1129 1330 0
1129 1130 1330 0
1330 1130 1331 0
1130 1131 1331 0
1331 1131 1332 0
1131 1132 1332 0
1332 1132 1333 0
1132 1133 1333 0
1333 1133 1334 0
1133 1134 1334 0
1334 1134 1335 0
1134 1135 1335 0
1335 1135 1336 0
1135 1136 1336 0
1336 1136 1337 0
1136 1137 1337 0
1337 1137 1338 0
1137 1138 1338 0
1338 1138 1339 0
1138 1139 1339 0
1339 1139 1340 0
1139 1140 1340 0
1340 1140 1341 0
1140 1141 1341 0
1341 1141 1342 0
1141 1142 1342 0
1342 1142 1343 0
1142 1143 1343 0
1343 1143 1344 0
1143 1144 1344 0
1344 1144 1345 0
1144 1145 1345 0
1345 1145 1346 0
1145 1146 1346 0
1346 1146 1347 0
1146 1147 1347 0
1347 1147 1348 0
1147 1148 1348 0
1348 1148 1349 0
1148 1149 1349 0
1349 1149 1350 0
1149 1150 1350 0
1350 1150 1351 0
1150 1151 1351 0
1351 1151 1352 0
1151 1152 1352 0
1352 1152 1353 0
1152 1153 1353 0
1353 1153 1354 0
1153 1154 1354 0
1354 1154 1355 0
1154 1155 1355 0
1355 1155 1356 0
1155 1156 1356 0
1356 1156 1357 0
1156 1157 1357 0
1357 1157 1358 0
1157 1158 1358 0
1358 1158 1359 0
1158 1159 1359 0
1359 1159 1360 0
1159 1160 1360 0
1360 1160 1361 0
1160 1161 1361 0
1361 1161 1362 0
1161 1162 1362 0
1362 1162 1363 0
1162 1163 1363 0
1363 1163 1364 0
1163 1164 1364 0
1364 1164 1365 0
1164 1165 1365 0
1365 1165 1366 0
1165 1166 1366 0
1366 1166 1367 0
1166 1167 1367 0
1367 1167 1368 0
1167 1168 1368 0
1368 1168 1369 0
1168 1169 1369 0
1369 1169 1370 0
1169 1170 1370 0
1370 1170 1371 0
1170 1171 1371 0
1371 1171 1372 0
1171 1172 1372 0
1372 1172 1373 0
1172 1173 1373 0
1373 1173 1374 0
1173 1174 1374 0
1374 1174 1375 0
1174 1175 1375 0
1375 1175 1376 0
1175 1176 1376 0
1376 1176 1377 0
1176 1177 1377 0
1377 1177 1378 0
1177 1178 1378 0
1378 1178 1379 0
1178 1179 1379 0
1379 1179 1380 0
1179 1180 1380 0
1380 1180 1381 0
1180 1181 1381 0
1381 1181 1382 0
1181 1182 1382 0
1382 1182 1383 0
1182 1183 1383 0
1383 1183 1384 0
1183 1184 1384 0
1384 1184 1385 0
1184 1185 1385 0
1385 1185 1386 0
1185 1186 1386 0
1386 1186 1387 0
1186 1187 1387 0
1387 1187 1388 0
1187 1188 1388 0
1388 1188 1389 0
1188 1189 1389 0
1389 1189 1390 0
1189 1190 1390 0
1390 1190 1391 0
1190 1191 1391 0
1391 1191 1392 0
1191 1192 1392 0
1392 1192 1393 0
1192 1193 1393 0
1393 1193 1394 0
1193 1194 1394 0
1394 1194 1395 0
1194 1195 1395 0
1395 1195 1396 0
1195 1196 1396 0
1396 1196 1397 0
1196 1197 1397 0
1397 1197 1398 0
1197 1198 1398 0
1398 1198 1399 0
1198 1199 1399 0
1399 1199 1400 0
1199 1200 1400 0
1400 1200 1401 0
1200 1201 1401 0
1401 1201 1402 0
1201 1202 1402 0
1402 1202 1403 0
1202 1203 1403 0
1403 1203 1404 0
1203 1204 1404 0
1404 1204 1405 0
1204 1205 1405 0
1405 1205 1406 0
1205 1206 1406 0
1406 1206 1407 0
1207 1208 1408 0
1408 1208 1409 0
1208 1209 1409 0
1409 1209 1410 0
1209 1210 1410 0
1410 1210 1411 0
1210 1211 1411 0
1411 1211 1412 0
1211 1212 1412 0
1412 1212 1413 0
1212 1213 1413 0
1413 1213 1414 0
1213 1214 1414 0
1414 1214 1415 0
1214 1215 1415 0
1415 1215 1416 0
1215 1216 1416 0
1416 1216 1417 0
1216 1217 1417 0
1417 1217 1418 0
1217 1218 1418 0
1418 1218 1419 0
1218 1219 1419 0
1419 1219 1420 0
1219 1220 1420 0
1420 1220 1421 0
1220 1221 1421 0
1421 1221 1422 0
1221 1222 1422 0
1422 1222 1423 0
1222 1223 1423 0
1423 1223 1424 0
1223 1224 1424 0
1424 1224 1425 0
1224 1225 1425 0
1425 1225 1426 0
1225 1226 1426 0
1426 1226 1427 0
1226 1227 1427 0
1427 1227 1428 0
1227 1228 1428 0
1428 1228 1429 0
1228 1229 1429 0
1429 1229 1430 0
1229 1230 1430 0
1430 1230 1431 0
1230 1231 1431 0
1431 1231 1432 0
1231 1232 1432 0
1432 1232 1433 0
1232 1233 1433 0
1433 1233 1434 0
1233 1234 1434 0
1434 1234 1435 0
1234 1235 1435 0
1435 1235 1436 0
1235 1236 1436 0
1436 1236 1437 0
1236 1237 1437 0
1437 1237 1438 0
1237 1238 1438 0
1438 1238 1439 0
1238 1239 1439 0
1439 1239 1440 0
1239 1240 1440 0
1440 1240 1441 0
1240 1241 1441 0
1441 1241 1442 0
1241 1242 1442 0
1442 1242 1443 0
1242 1243 1443 0
1443 1243 1444 0
1243 1244 1444 0
1444 1244 1445 0
1244 1245 1445 0
1445 1245 1446 0
1245 1246 1446 0
1446 1246 1447 0
1246 1247 1447 0
1447 1247 1448 0
1247 1248 1448 0
1448 1248 1449 0
1248 1249 1449 0
1449 1249 1450 0
1249 1250 1450 0
1450 1250 1451 0
1250 1251 1451 0
1451 1251 1452 0
1251 1252 1452 0
1452 1252 1453 0
1252 1253 1453 0
1453 1253 1454 0
1253 1254 1454 0
1454 1254 1455 0
1254 1255 1455 0
1455 1255 1456 0
1255 1256 1456 0
1456 1256 1457 0
1256 1257 1457 0
1457 1257 1458 0
1257 1258 1458 0
1458 1258 1459 0
1258 1259 1459 0
1459 1259 1460 0
1259 1260 1460 0
1460 1260 1461 0
1260 1261 1461 0
1461 1261 1462 0
1261 1262 1462 0
1462 1262 1463 0
1262 1263 1463 0
1463 1263 1464 0
1263 1264 1464 0
1464 1264 1465 0
1264 1265 1465 0
1465 1265 1466 0
1265 1266 1466 0
1466 1266 1467 0
1266 1267 1467 0
1467 1267 1468 0
1267 1268 1468 0
1468 1268 1469 0
1268 1269 1469 0
1469 1269 1470 0
1269 1270 1470 0
1470 1270 1471 0
1270 1271 1471 0
1471 1271 1472 0
1271 1272 1472 0
1472 1272 1473 0
1272 1273 1473 0
1473 1273 1474 0
1273 1274 1474 0
1474 1274 1475 0
1274 1275 1475 0
1475 1275 1476 0
1275 1276 1476 0
1476 1276 1477 0
1276 1277 1477 0
1477 1277 1478 0
1277 1278 1478 0
1478 1278 1479 0
1278 1279 1479 0
1479 1279 1480 0
1279 1280 1480 0
1480 1280 1481 0
1280 1281 1481 0
1481 1281 1482 0
1281 1282 1482 0
1482 1282 1483 0
1282 1283 1483 0
1483 1283 1484 0
1283 1284 1484 0
1484 1284 1485 0
1284 1285 1485 0
1485 1285 1486 0
1285 1286 1486 0
1486 1286 1487 0
1286 1287 1487 0
1487 1287 1488 0
1287 1288 1488 0
1488 1288 1489 0
1288 1289 1489 0
1489 1289 1490 0
1289 1290 1490 0
1490 1290 1491 0
1290 1291 1491 0
1491 1291 1492 0
1291 1292 1492 0
1492 1292 1493 0
1292 1293 1493 0
1493 1293 1494 0
1293 1294 1494 0
1494 1294 1495 0
1294 1295 1495 0
1495 1295 1496 0
1295 1296 1496 0
1496 1296 1497 0
1296 1297 1497 0
1497 1297 1498 0
1297 1298 1498 0
1498 1298 1499 0
1298 1299 1499 0
1499 1299 1500 0
1299 1300 1500 0
1500 1300 1501 0
1300 1301 1501 0
1501 1301 1502 0
1301 1302 1502 0
1502 1302 1503 0
1302 1303 1503 0
1503 1303 1504 0
1303 1304 1504 0
1504 1304 1505 0
1304 1305 1505 0
1505 1305 1506 0
1305 1306 1506 0
1506 1306 1507 0
1306 1307 1507 0
1507 1307 1508 0
1307 1308 1508 0
1508 1308 1509 0
1308 1309 1509 0
1509 1309 1510 0
1309 1310 1510 0
1510 1310 1511 0
1310 1311 1511 0
1511 1311 1512 0
1311 1312 1512 0
1512 1312 1513 0
1312 1313 1513 0
1513 1313 1514 0
1313 1314 1514 0
1514 1314 1515 0
1314 1315 1515 0
1515 1315 1516 0
1315 1316 1516 0
1516 1316 1517 0
1316 1317 1517 0
1517 1317 1518 0
1317 1318 1518 0
1518 1318 1519 0
1318 1319 1519 0
1519 1319 1520 0
1319 1320 1520 0
1520 1320 1521 0
1320 1321 1521 0
1521 1321 1522 0
1321 1322 1522 0
1522 1322 1523 0
1322 1323 1523 0
1523 1323 1524 0
1323 1324 1524 0
1524 1324 1525 0
1324 1325 1525 0
1525 1325 1526 0
1325 1326 1526 0
1526 1326 1527 0
1326 1327 1527 0
1527 1327 1528 0
1327 1328 1528 0
1528 1328 1529 0
1328 1329 1529 0
1529 1329 1530 0
1329 1330 1530 0
1530 1330 1531 0
1330 1331 1531 0
1531 1331 1532 0
1331 1332 1532 0
1532 1332 1533 0
1332 1333 1533 0
1533 1333 1534 0
1333 1334 1534 0
1534 1334 1535 0
1334 1335 1535 0
1535 1335 1536 0
1335 1336 1536 0
1536 1336 1537 0
1336 1337 1537 0
1537 1337 1538 0
1337 1338 1538 0
1538 1338 1539 0
1338 1339 1539 0
1539 1339 1540 0
1339 1340 1540 0
1540 1340 1541 0
1340 1341 1541 0
1541 1341 1542 0
1341 1342 1542 0
1542 1342 1543 0
1342 1343 1543 0
1543 1343 1544 0
1343 1344 1544 0
1544 1344 1545 0
1344 1345 1545 0
1545 1345 1546 0
1345 1346 1546 0
1546 1346 1547 0
1346 1347 1547 0
1547 1347 1548 0
1347 1348 1548 0
1548 1348 1549 0
1348 1349 1549 0
1549 1349 1550 0
1349 1350 1550 0
1550 1350 1551 0
1350 1351 1551 0
1551 1351 1552 0
1351 1352 1552 0
1552 1352 1553 0
1352 1353 1553 0
1553 1353 1554 0
1353 1354 1554 0
1554 1354 1555 0
1354 1355 1555 0
1555 1355 1556 0
1355 1356 1556 0
1556 1356 1557 0
1356 1357 1557 0
1557 1357 1558 0
1357 1358 1558 0
1558 1358 1559 0
1358 1359 1559 0
1559 1359 1560 0
1359 1360 1560 0
1560 1360 1561 0
1360 1361 1561 0
1561 1361 1562 0
1361 1362 1562 0
1562 1362 1563 0
1362 1363 1563 0
1563 1363 1564 0
1363 1364 1564 0
1564 1364 1565 0
1364 1365 1565 0
1565 1365 1566 0
1365 1366 1566 0
1566 1366 1567 0
1366 1367 1567 0
1567 1367 1568 0
1367 1368 1568 0
1568 1368 1569 0
1368 1369 1569 0
1569 1369 1570 0
1369 1370 1570 0
1570 1370 1571 0
1370 1371 1571 0
1571 1371 1572 0
1371 1372 1572 0
1572 1372 1573 0
1372 1373 1573 0
1573 1373 1574 0
1373 1374 1574 0
1574 1374 1575 0
1374 1375 1575 0
1575 1375 1576 0
1375 1376 1576 0
1576 1376 1577 0
1376 1377 1577 0
1577 1377 1578 0
1377 1378 1578 0
1578 1378 1579 0
1378 1379 1579 0
1579 1379 1580 0
1379 1380 1580 0
1580 1380 1581 0
1380 1381 1581 0
1581 1381 1582 0
1381 1382 1582 0
1582 1382 1583 0
1382 1383 1583 0
1583 1383 1584 0
1383 1384 1584 0
1584 1384 1585 0
1384 1385 1585 0
1585 1385 1586 0
1385 1386 1586 0
1586 1386 1587 0
1386 1387 1587 0
1587 1387 1588 0
1387 1388 1588 0
1588 1388 1589 0
1388 1389 1589 0
1589 1389 1590 0
1389 1390 1590 0
1590 1390 1591 0
1390 1391 1591 0
1591 1391 1592 0
1391 1392 1592 0
1592 1392 1593 0
1392 1393 1593 0
1593 1393 1594 0
1393 1394 1594 0
1594 1394 1595 0
1394 1395 1595 0
1595 1395 1596 0
1395 1396 1596 0
1596 1396 1597 0
1396 1397 1597 0
1597 1397 1598 0
1397 1398 1598 0
1598 1398 1599 0
1398 1399 1599 0
1599 1399 1600 0
1399 1400 1600 0
1600 1400 1601 0
1400 1401 1601 0
1601 1401 1602 0
1401 1402 1602 0
1602 1402 1603 0
1402 1403 1603 0
1603 1403 1604 0
1403 1404 1604 0
1604 1404 1605 0
1404 1405 1605 0
1605 1405 1606 0
1405 1406 1606 0
1606 1406 1607 0
1406 1407 1607 0
1607 1407 1608 0
1408 1409 1609 0
1609 1409 1610 0
1409 1410 1610 0
1610 1410 1611 0
1410 1411 1611 0
1611 1411 1612 0
1411 1412 1612 0
1612 1412 1613 0
1412 1413 1613 0
1613 1413 1614 0
1413 1414 1614 0
1614 1414 1615 0
1414 1415 1615 0
1615 1415 1616 0
1415 1416 1616 0
1616 1416 1617 0
1416 1417 1617 0
1617 1417 1618 0
1417 1418 1618 0
1618 1418 1619 0
1418 1419 1619 0
1619 1419 1620 0
1419 1420 1620 0
1620 1420 1621 0
1420 1421 1621 0
1621 1421 1622 0
1421 1422 1622 0
1622 1422 1623 0
1422 1423 1623 0
1623 1423 1624 0
1423 1424 1624 0
1624 1424 1625 0
1424 1425 1625 0
1625 1425 1626 0
1425 1426 1626 0
1626 1426 1627 0
1426 1427 1627 0
1627 1427 1628 0
1427 1428 1628 0
1628 1428 1629 0
1428 1429 1629 0
1629 1429 1630 0
1429 1430 1630 0
1630 1430 1631 0
1430 1431 1631 0
1631 1431 1632 0
1431 1432 1632 0
1632 1432 1633 0
1432 1433 1633 0
1633 1433 1634 0
1433 1434 1634 0
1634 1434 1635 0
1434 1435 1635 0
1635 1435 1636 0
1435 1436 1636 0
1636 1436 1637 0
1436 1437 1637 0
1637 1437 1638 0
1437 1438 1638 0
1638 1438 1639 0
1438 1439 1639 0
1639 1439 1640 0
1439 1440 1640 0
1640 1440 1641 0
1440 1441 1641 0
1641 1441 1642 0
1441 1442 1642 0
1642 1442 1643 0
1442 1443 1643 0
1643 1443 1644 0
1443 1444 1644 0
1644 1444 1645 0
1444 1445 1645 0
1645 1445 1646 0
1445 1446 1646 0
1646 1446 1647 0
1446 1447 1647 0
1647 1447 1648 0
1447 1448 1648 0
1648 1448 1649 0
1448 1449 1649 0
1649 1449 1650 0
1449 1450 1650 0
1650 1450 1651 0
1450 1451 1651 0
1651 1451 1652 0
1451 1452 1652 0
1652 1452 1653 0
1452 1453 1653 0
1653 1453 1654 0
1453 1454 1654 0
1654 1454 1655 0
1454 1455 1655 0
1655 1455 1656 0
1455 1456 1656 0
1656 1456 1657 0
1456 1457 1657 0
1657 1457 1658 0
1457 1458 1658 0
1658 1458 1659 0
1458 1459 1659 0
1659 1459 1660 0
1459 1460 1660 0
1660 1460 1661 0
1460 1461 1661 0
1661 1461 1662 0
1461 1462 1662 0
1662 1462 1663 0
1462 1463 1663 0
1663 1463 1664 0
1463 1464 1664 0
1664 1464 1665 0
1464 1465 1665 0
1665 1465 1666 0
1465 1466 1666 0
1666 1466 1667 0
1466 1467 1667 0
1667 1467 1668 0
1467 1468 1668 0
1668 1468 1669 0
1468 1469 1669 0
1669 1469 1670 0
1469 1470 1670 0
1670 1470 1671 0
1470 1471 1671 0
1671 1471 1672 0
1471 1472 1672 0
1672 1472 1673 0
1472 1473 1673 0
1673 1473 1674 0
1473 1474 1674 0
1674 1474 1675 0
1474 1475 1675 0
1675 1475 1676 0
1475 1476 1676 0
1676 1476 1677 0
1476 1477 1677 0
1677 1477 1678 0
1477 1478 1678 0
1678 1478 1679 0
1478 1479 1679 0
1679 1479 1680 0
1479 1480 1680 0
1680 1480 1681 0
1480 1481 1681 0
1681 1481 1682 0
1481 1482 1682 0
1682 1482 1683 0
1482 1483 1683 0
1683 1483 1684 0
1483 1484 1684 0
1684 1484 1685 0
1484 1485 1685 0
1685 1485 1686 0
1485 1486 1686 0
1686 1486 1687 0
1486 1487 1687 0
1687 1487 1688 0
1487 1488 1688 0
1688 1488 1689 0
1488 1489 1689 0
1689 1489 1690 0
1489 1490 1690 0
1690 1490 1691 0
1490 1491 1691 0
1691 1491 1692 0
1491 1492 1692 0
1692 1492 1693 0
1492 1493 1693 0
1693 1493 1694 0
1493 1494 1694 0
1694 1494 1695 0
1494 1495 1695 0
1695 1495 1696 0
1495 1496 1696 0
1696 1496 1697 0
1496 1497 1697 0
1697 1497 1698 0
1497 1498 1698 0
1698 1498 1699 0
1498 1499 1699 0
1699 1499 1700 0
1499 1500 1700 0
1700 1500 1701 0
1500 1501 1701 0
1701 1501 1702 0
1501 1502 1702 0
1702 1502 1703 0
1502 1503 1703 0
1703 1503 1704 0
1503 1504 1704 0
1704 1504 1705 0
1504 1505 1705 0
1705 1505 1706 0
1505 1506 1706 0
1706 1506 1707 0
1506 1507 1707 0
1707 1507 1708 0
1507 1508 1708 0
1708 1508 1709 0
1508 1509 1709 0
1709 1509 1710 0
1509 1510 1710 0
1710 1510 1711 0
1510 1511 1711 0
1711 1511 1712 0
1511 1512 1712 0
1712 1512 1713 0
1512 1513 1713 0
1713 1513 1714 0
1513 1514 1714 0
1714 1514 1715 0
1514 1515 1715 0
1715 1515 1716 0
1515 1516 1716 0
1716 1516 1717 0
1516 1517 1717 0
1717 1517 1718 0
1517 1518 1718 0
1718 1518 1719 0
1518 1519 1719 0
1719 1519 1720 0
1519 1520 1720 0
1720 1520 1721 0
1520 1521 1721 0
1721 1521 1722 0
1521 1522 1722 0
1722 1522 1723 0
1522 1523 1723 0
1723 1523 1724 0
1523 1524 1724 0
1724 1524 1725 0
1524 1525 1725 0
1725 1525 1726 0
1525 1526 1726 0
1726 1526 1727 0
1526 1527 1727 0
1727 1527 1728 0
1527 1528 1728 0
1728 1528 1729 0
1528 1529 1729 0
1729 1529 1730 0
1529 1530 1730 0
1730 1530 1731 0
1530 1531 1731 0
1731 1531 1732 0
1531 1532 1732 0
1732 1532 1733 0
1532 1533 1733 0
1733 1533 1734 0
1533 1534 1734 0
1734 1534 1735 0
1534 1535 1735 0
1735 1535 1736 0
1535 1536 1736 0
1736 1536 1737 0
1536 1537 1737 0
1737 1537 1738 0
1537 1538 1738 0
1738 1538 1739 0
1538 1539 1739 0
1739 1539 1740 0
1539 1540 1740 0
1740 1540 1741 0
1540 1541 1741 0
1741 1541 1742 0
1541 1542 1742 0
1742 1542 1743 0
1542 1543 1743 0
1743 1543 1744 0
1543 1544 1744 0
1744 1544 1745 0
1544 1545 1745 0
1745 1545 1746 0
1545 1546 1746 0
1746 1546 1747 0
1546 1547 1747 0
1747 1547 1748 0
1547 1548 1748 0
1748 1548 1749 0
1548 1549 1749 0
1749 1549 1750 0
1549 1550 1750 0
1750 1550 1751 0
1550 1551 1751 0
1751 1551 1752 0
1551 1552 1752 0
1752 1552 1753 0
1552 1553 1753 0
1753 1553 1754 0
1553 1554 1754 0
1754 1554 1755 0
1554 1555 1755 0
1755 1555 1756 0
1555 1556 1756 0
1756 1556 1757 0
1556 1557 1757 0
1757 1557 1758 0
1557 1558 1758 0
1758 1558 1759 0
1558 1559 1759 0
1759 1559 1760 0
1559 1560 1760 0
1760 1560 1761 0
1560 1561 1761 0
1761 1561 1762 0
1561 1562 1762 0
1762 1562 1763 0
1562 1563 1763 0
1763 1563 1764 0
1563 1564 1764 0
1764 1564 1765 0
1564 1565 1765 0
1765 1565 1766 0
1565 1566 1766 0
1766 1566 1767 0
1566 1567 1767 0
1767 1567 1768 0
1567 1568 1768 0
1768 1568 1769 0
1568 1569 1769 0
1769 1569 1770 0
1569 1570 1770 0
1770 1570 1771 0
1570 1571 1771 0
1771 1571 1772 0
1571 1572 1772 0
1772 1572 1773 0
1572 1573 1773 0
1773 1573 1774 0
1573 1574 1774 0
1774 1574 1775 0
1574 1575 1775 0
1775 1575 1776 0
1575 1576 1776 0
1776 1576 1777 0
1576 1577 1777 0
1777 1577 1778 0
1577 1578 1778 0
1778 1578 1779 0
1578 1579 1779 0
1779 1579 1780 0
1579 1580 1780 0
1780 1580 1781 0
1580 1581 1781 0
1781 1581 1782 0
1581 1582 1782 0
1782 1582 1783 0
1582 1583 1783 0
1783 1583 1784 0
1583 1584 1784 0
1784 1584 1785 0
1584 1585 1785 0
1785 1585 1786 0
1585 1586 1786 0
1786 1586 1787 0
1586 1587 1787 0
1787 1587 1788 0
1587 1588 1788 0
1788 1588 1789 0
1588 1589 1789 0
1789 1589 1790 0
1589 1590 1790 0
1790 1590 1791 0
1590 1591 1791 0
1791 1591 1792 0
1591 1592 1792 0
1792 1592 1793 0
1592 1593 1793 0
1793 1593 1794 0
1593 1594 1794 0
1794 1594 1795 0
1594 1595 1795 0
1795 1595 1796 0
1595 1596 1796 0
1796 1596 1797 0
1596 1597 1797 0
1797 1597 1798 0
1597 1598 1798 0
1798 1598 1799 0
1598 1599 1799 0
1799 1599 1800 0
1599 1600 1800 0
1800 1600 1801 0
1600 1601 1801 0
1801 1601 1802 0
1601 1602 1802 0
1802 1602 1803 0
1602 1603 1803 0
1803 1603 1804 0
1603 1604 1804 0
1804 1604 1805 0
1604 1605 1805 0
1805 1605 1806 0
1605 1606 1806 0
1806 1606 1807 0
1606 1607 1807 0
1807 1607 1808 0
1607 1608 1808 0
1808 1608 1809 0
1609 1610 1810 0
1810 1610 1811 0
1610 1611 1811 0
1811 1611 1812 0
1611 1612 1812 0
1812 1612 1813 0
1612 1613 1813 0
1813 1613 1814 0
1613 1614 1814 0
1814 1614 1815 0
1614 1615 1815 0
1815 1615 1816 0
1615 1616 1816 0
1816 1616 1817 0
1616 1617 1817 0
1817 1617 1818 0
1617 1618 1818 0
1818 1618 1819 0
1618 1619 1819 0
1819 1619 1820 0
1619 1620 1820 0
1820 1620 1821 0
1620 1621 1821 0
1821 1621 1822 0
1621 1622 1822 0
1822 1622 1823 0
1622 1623 1823 0
1823 1623 1824 0
1623 1624 1824 0
1824 1624 1825 0
1624 1625 1825 0
1825 1625 1826 0
1625 1626 1826 0
1826 1626 1827 0
1626 1627 1827 0
1827 1627 1828 0
1627 1628 1828 0
1828 1628 1829 0
1628 1629 1829 0
1829 1629 1830 0
1629 1630 1830 0
1830 1630 1831 0
1630 1631 1831 0
1831 1631 1832 0
1631 1632 1832 0
1832 1632 1833 0
1632 1633 1833 0
1833 1633 1834 0
1633 1634 1834 0
1834 1634 1835 0
1634 1635 1835 0
1835 1635 1836 0
1635 1636 1836 0
1836 1636 1837 0
1636 1637 1837 0
1837 1637 1838 0
1637 1638 1838 0
1838 1638 1839 0
1638 1639 1839 0
1839 1639 1840 0
1639 1640 1840 0
1840 1640 1841 0
1640 1641 1841 0
1841 1641 1842 0
1641 1642 1842 0
1842 1642 1843 0
1642 1643 1843 0
1843 1643 1844 0
1643 1644 1844 0
1844 1644 1845 0
1644 1645 1845 0
1845 1645 1846 0
1645 1646 1846 0
1846 1646 1847 0
1646 1647 1847 0
1847 1647 1848 0
1647 1648 1848 0
1848 1648 1849 0
1648 1649 1849 0
1849 1649 1850 0
1649 1650 1850 0
1850 1650 1851 0
1650 1651 1851 0
1851 1651 1852 0
1651 1652 1852 0
1852 1652 1853 0
1652 1653 1853 0
1853 1653 1854 0
1653 1654 1854 0
1854 1654 1855 0
1654 1655 1855 0
1855 1655 1856 0
1655 1656 1856 0
1856 1656 1857 0
1656 1657 1857 0
1857 1657 1858 0
1657 1658 1858 0
1858 1658 1859 0
1658 1659 1859 0
1859 1659 1860 0
1659 1660 1860 0
1860 1660 1861 0
1660 1661 1861 0
1861 1661 1862 0
1661 1662 1862 0
1862 1662 1863 0
1662 1663 1863 0
1863 1663 1864 0
1663 1664 1864 0
1864 1664 1865 0
1664 1665 1865 0
1865 1665 1866 0
1665 1666 1866 0
1866 1666 1867 0
1666 1667 1867 0
1867 1667 1868 0
1667 1668 1868 0
1868 1668 1869 0
1668 1669 1869 0
1869 1669 1870 0
1669 1670 1870 0
1870 1670 1871 0
1670 1671 1871 0
1871 1671 1872 0
1671 1672 1872 0
1872 1672 1873 0
1672 1673 1873 0
1873 1673 1874 0
1673 1674 1874 0
1874 1674 1875 0
1674 1675 1875 0
1875 1675 1876 0
1675 1676 1876 0
1876 1676 1877 0
1676 1677 1877 0
1877 1677 1878 0
1677 1678 1878 0
1878 1678 1879 0
1678 1679 1879 0
1879 1679 1880 0
1679 1680 1880 0
1880 1680 1881 0
1680 1681 1881 0
1881 1681 1882 0
1681 1682 1882 0
1882 1682 1883 0
1682 1683 1883 0
1883 1683 1884 0
1683 1684 1884 0
1884 1684 1885 0
1684 1685 1885 0
1885 1685 1886 0
1685 1686 1886 0
1886 1686 1887 0
1686 1687 1887 0
1887 1687 1888 0
1687 1688 1888 0
1888 1688 1889 0
1688 1689 1889 0
1889 1689 1890 0
1689 1690 1890 0
1890 1690 1891 0
1690 1691 1891 0
1891 1691 1892 0
1691 1692 1892 0
1892 1692 1893 0
1692 1693 1893 0
1893 1693 1894 0
1693 1694 1894 0
1894 1694 1895 0
1694 1695 1895 0
1895 1695 1896 0
1695 1696 1896 0
1896 1696 1897 0
1696 1697 1897 0
1897 1697 1898 0
1697 1698 1898 0
1898 1698 1899 0
1698 1699 1899 0
1899 1699 1900 0
1699 1700 1900 0
1900 1700 1901 0
1700 1701 1901 0
1901 1701 1902 0
1701 1702 1902 0
1902 1702 1903 0
1702 1703 1903 0
1903 1703 1904 0
1703 1704 1904 0
1904 1704 1905 0
1704 1705 1905 0
1905 1705 1906 0
1705 1706 1906 0
1906 1706 1907 0
1706 1707 1907 0
1907 1707 1908 0
1707 1708 1908 0
1908 1708 1909 0
1708 1709 1909 0
1909 1709 1910 0
1709 1710 1910 0
1910 1710 1911 0
1710 1711 1911 0
1911 1711 1912 0
1711 1712 1912 0
1912 1712 1913 0
1712 1713 1913 0
1913 1713 1914 0
1713 1714 1914 0
1914 1714 1915 0
1714 1715 1915 0
1915 1715 1916 0
1715 1716 1916 0
1916 1716 1917 0
1716 1717 1917 0
1917 1717 1918 0
1717 1718 1918 0
1918 1718 1919 0
1718 1719 1919 0
1919 1719 1920 0
1719 1720 1920 0
1920 1720 1921 0
1720 1721 1921 0
1921 1721 1922 0
1721 1722 1922 0
1922 1722 1923 0
1722 1723 1923 0
1923 1723 1924 0
1723 1724 1924 0
1924 1724 1925 0
1724 1725 1925 0
1925 1725 1926 0
1725 1726 1926 0
1926 1726 1927 0
1726 1727 1927 0
1927 1727 1928 0
1727 1728 1928 0
1928 1728 1929 0
1728 1729 1929 0
1929 1729 1930 0
1729 1730 1930 0
1930 1730 1931 0
1730 1731 1931 0
1931 1731 1932 0
1731 1732 1932 0
1932 1732 1933 0
1732 1733 1933 0
1933 1733 1934 0
1733 1734 1934 0
1934 1734 1935 0
1734 1735 1935 0
1935 1735 1936 0
1735 1736 1936 0
1936 1736 1937 0
1736 1737 1937 0
1937 1737 1938 0
1737 1738 1938 0
1938 1738 1939 0
1738 1739 1939 0
1939 1739 1940 0
1739 1740 1940 0
1940 1740 1941 0
1740 1741 1941 0
1941 1741 1942 0
1741 1742 1942 0
1942 1742 1943 0
1742 1743 1943 0
1943 1743 1944 0
1743 1744 1944 0
1944 1744 1945 0
1744 1745 1945 0
1945 1745 1946 0
1745 1746 1946 0
1946 1746 1947 0
1746 1747 1947 0
1947 1747 1948 0
1747 1748 1948 0
1948 1748 1949 0
1748 1749 1949 0
1949 1749 1950 0
1749 1750 1950 0
1950 1750 1951 0
1750 1751 1951 0
1951 1751 1952 0
1751 1752 1952 0
1952 1752 1953 0
1752 1753 1953 0
1953 1753 1954 0
1753 1754 1954 0
1954 1754 1955 0
1754 1755 1955 0
1955 1755 1956 0
1755 1756 1956 0
1956 1756 1957 0
1756 1757 1957 0
1957 1757 1958 0
1757 1758 1958 0
1958 1758 1959 0
1758 1759 1959 0
1959 1759 1960 0
1759 1760 1960 0
1960 1760 1961 0
1760 1761 1961 0
1961 1761 1962 0
1761 1762 1962 0
1962 1762 1963 0
1762 1763 1963 0
1963 1763 1964 0
1763 1764 1964 0
1964 1764 1965 0
1764 1765 1965 0
1965 1765 1966 0
1765 1766 1966 0
1966 1766 1967 0
1766 1767 1967 0
1967 1767 1968 0
1767 1768 1968 0
1968 1768 1969 0
1768 1769 1969 0
1969 1769 1970 0
1769 1770 1970 0
1970 1770 1971 0
1770 1771 1971 0
1971 1771 1972 0
1771 1772 1972 0
1972 1772 1973 0
1772 1773 1973 0
1973 1773 1974 0
1773 1774 1974 0
1974 1774 1975 0
1774 1775 1975 0
1975 1775 1976 0
1775 1776 1976 0
1976 1776 1977 0
1776 1777 1977 0
1977 1777 1978 0
1777 1778 1978 0
1978 1778 1979 0
1778 1779 1979 0
1979 1779 1980 0
1779 1780 1980 0
1980 1780 1981 0
1780 1781 1981 0
1981 1781 1982 0
1781 1782 1982 0
1982 1782 1983 0
1782 1783 1983 0
1983 1783 1984 0
1783 1784 1984 0
1984 1784 1985 0
1784 1785 1985 0
1985 1785 1986 0
1785 1786 1986 0
1986 1786 1987 0
1786 1787 1987 0
1987 1787 1988 0
1787 1788 1988 0
1988 1788 1989 0
1788 1789 1989 0
1989 1789 1990 0
1789 1790 1990 0
1990 1790 1991 0
1790 1791 1991 0
1991 1791 1992 0
1791 1792 1992 0
1992 1792 1993 0
1792 1793 1993 0
1993 1793 1994 0
1793 1794 1994 0
1994 1794 1995 0
1794 1795 1995 0
1995 1795 1996 0
1795 1796 1996 0
1996 1796 1997 0
1796 1797 1997 0
1997 1797 1998 0
1797 1798 1998 0
1998 1798 1999 0
1798 1799 1999 0
1999 1799 2000 0
1799 1800 2000 0
2000 1800 2001 0
1800 1801 2001 0
2001 1801 2002 0
1801 1802 2002 0
2002 1802 2003 0
1802 1803 2003 0
2003 1803 2004 0
1803 1804 2004 0
2004 1804 2005 0
1804 1805 2005 0
2005 1805 2006 0
1805 1806 2006 0
2006 1806 2007 0
1806 1807 2007 0
2007 1807 2008 0
1807 1808 2008 0
2008 1808 2009 0
1808 1809 2009 0
2009 1809 2010 0
1810 1811 2011 0
2011 1811 2012 0
1811 1812 2012 0
2012 1812 2013 0
1812 1813 2013 0
2013 1813 2014 0
1813 1814 2014 0
2014 1814 2015 0
1814 1815 2015 0
2015 1815 2016 0
1815 1816 2016 0
2016 1816 2017 0
1816 1817 2017 0
2017 1817 2018 0
1817 1818 2018 0
2018 1818 2019 0
1818 1819 2019 0
2019 1819 2020 0
1819 1820 2020 0
2020 1820 2021 0
1820 1821 2021 0
2021 1821 2022 0
1821 1822 2022 0
2022 1822 2023 0
1822 1823 2023 0
2023 1823 2024 0
1823 1824 2024 0
2024 1824 2025 0
1824 1825 2025 0
2025 1825 2026 0
1825 1826 2026 0
2026 1826 2027 0
1826 1827 2027 0
2027 1827 2028 0
1827 1828 2028 0
2028 1828 2029 0
1828 1829 2029 0
2029 1829 2030 0
1829 1830 2030 0
2030 1830 2031 0
1830 1831 2031 0
2031 1831 2032 0
1831 1832 2032 0
2032 1832 2033 0
1832 1833 2033 0
2033 1833 2034 0
1833 1834 2034 0
2034 1834 2035 0
1834 1835 2035 0
2035 1835 2036 0
1835 1836 2036 0
2036 1836 2037 0
1836 1837 2037 0
2037 1837 2038 0
1837 1838 2038 0
2038 1838 2039 0
1838 1839 2039 0
2039 1839 2040 0
1839 1840 2040 0
2040 1840 2041 0
1840 1841 2041 0
2041 1841 2042 0
1841 1842 2042 0
2042 1842 2043 0
1842 1843 2043 0
2043 1843 2044 0
1843 1844 2044 0
2044 1844 2045 0
1844 1845 2045 0
2045 1845 2046 0
1845 1846 2046 0
2046 1846 2047 0
1846 1847 2047 0
2047 1847 2048 0
1847 1848 2048 0
2048 1848 2049 0
1848 1849 2049 0
2049 1849 2050 0
1849 1850 2050 0
2050 1850 2051 0
1850 1851 2051 0
2051 1851 2052 0
1851 1852 2052 0
2052 1852 2053 0
1852 1853 2053 0
2053 1853 2054 0
1853 1854 2054 0
2054 1854 2055 0
1854 1855 2055 0
2055 1855 2056 0
1855 1856 2056 0
2056 1856 2057 0
1856 1857 2057 0
2057 1857 2058 0
1857 1858 2058 0
2058 1858 2059 0
1858 1859 2059 0
2059 1859 2060 0
1859 1860 2060 0
2060 1860 2061 0
1860 1861 2061 0
2061 1861 2062 0
1861 1862 2062 0
2062 1862 2063 0
1862 1863 2063 0
2063 1863 2064 0
1863 1864 2064 0
2064 1864 2065 0
1864 1865 2065 0
2065 1865 2066 0
1865 1866 2066 0
2066 1866 2067 0
1866 1867 2067 0
2067 1867 2068 0
1867 1868 2068 0
2068 1868 2069 0
1868 1869 2069 0
2069 1869 2070 0
1869 1870 2070 0
2070 1870 2071 0
1870 1871 2071 0
2071 1871 2072 0
1871 1872 2072 0
2072 1872 2073 0
1872 1873 2073 0
2073 1873 2074 0
1873 1874 2074 0
2074 1874 2075 0
1874 1875 2075 0
2075 1875 2076 0
1875 1876 2076 0
2076 1876 2077 0
1876 1877 2077 0
2077 1877 2078 0
1877 1878 2078 0
2078 1878 2079 0
1878 1879 2079 0
2079 1879 2080 0
1879 1880 2080 0
2080 1880 2081 0
1880 1881 2081 0
2081 1881 2082 0
1881 1882 2082 0
2082 1882 2083 0
1882 1883 2083 0
2083 1883 2084 0
1883 1884 2084 0
2084 1884 2085 0
1884 1885 2085 0
2085 1885 2086 0
1885 1886 2086 0
2086 1886 2087 0
1886 1887 2087 0
2087 1887 2088 0
1887 1888 2088 0
2088 1888 2089 0
1888 1889 2089 0
2089 1889 2090 0
1889 1890 2090 0
2090 1890 2091 0
1890 1891 2091 0
2091 1891 2092 0
1891 1892 2092 0
2092 1892 2093 0
1892 1893 2093 0
2093 1893 2094 0
1893 1894 2094 0
2094 1894 2095 0
1894 1895 2095 0
2095 1895 2096 0
1895 1896 2096 0
2096 1896 2097 0
1896 1897 2097 0
2097 1897 2098 0
1897 1898 2098 0
2098 1898 2099 0
1898 1899 2099 0
2099 1899 2100 0
1899 1900 2100 0
2100 1900 2101 0
1900 1901 2101 0
2101 1901 2102 0
1901 1902 2102 0
2102 1902 2103 0
1902 1903 2103 0
2103 1903 2104 0
1903 1904 2104 0
2104 1904 2105 0
1904 1905 2105 0
2105 1905 2106 0
1905 1906 2106 0
2106 1906 2107 0
1906 1907 2107 0
2107 1907 2108 0
1907 1908 2108 0
2108 1908 2109 0
1908 1909 2109 0
2109 1909 2110 0
1909 1910 2110 0
2110 1910 2111 0
1910 1911 2111 0
2111 1911 2112 0
1911 1912 2112 0
2112 1912 2113 0
1912 1913 2113 0
2113 1913 2114 0
1913 1914 2114 0
2114 1914 2115 0
1914 1915 2115 0
2115 1915 2116 0
1915 1916 2116 0
2116 1916 2117 0
1916 1917 2117 0
2117 1917 2118 0
1917 1918 2118 0
2118 1918 2119 0
1918 1919 2119 0
2119 1919 2120 0
1919 1920 2120 0
2120 1920 2121 0
1920 1921 2121 0
2121 1921 2122 0
1921 1922 2122 0
2122 1922 2123 0
1922 1923 2123 0
2123 1923 2124 0
1923 1924 2124 0
2124 1924 2125 0
1924 1925 2125 0
2125 1925 2126 0
1925 1926 2126 0
2126 1926 2127 0
1926 1927 2127 0
2127 1927 2128 0
1927 1928 2128 0
2128 1928 2129 0
1928 1929 2129 0
2129 1929 2130 0
1929 1930 2130 0
2130 1930 2131 0
1930 1931 2131 0
2131 1931 2132 0
1931 1932 2132 0
2132 1932 2133 0
1932 1933 2133 0
2133 1933 2134 0
1933 1934 2134 0
2134 1934 2135 0
1934 1935 2135 0
2135 1935 2136 0
1935 1936 2136 0
2136 1936 2137 0
1936 1937 2137 0
2137 1937 2138 0
1937 1938 2138 0
2138 1938 2139 0
1938 1939 2139 0
2139 1939 2140 0
1939 1940 2140 0
2140 1940 2141 0
1940 1941 2141 0
2141 1941 2142 0
1941 1942 2142 0
2142 1942 2143 0
1942 1943 2143 0
2143 1943 2144 0
1943 1944 2144 0
2144 1944 2145 0
1944 1945 2145 0
2145 1945 2146 0
1945 1946 2146 0
2146 1946 2147 0
1946 1947 2147 0
2147 1947 2148 0
1947 1948 2148 0
2148 1948 2149 0
1948 1949 2149 0
2149 1949 2150 0
1949 1950 2150 0
2150 1950 2151 0
1950 1951 2151 0
2151 1951 2152 0
1951 1952 2152 0
2152 1952 2153 0
1952 1953 2153 0
2153 1953 2154 0
1953 1954 2154 0
2154 1954 2155 0
1954 1955 2155 0
2155 1955 2156 0
1955 1956 2156 0
2156 1956 2157 0
1956 1957 2157 0
2157 1957 2158 0
1957 1958 2158 0
2158 1958 2159 0
1958 1959 2159 0
2159 1959 2160 0
1959 1960 2160 0
2160 1960 2161 0
1960 1961 2161 0
2161 1961 2162 0
1961 1962 2162 0
2162 1962 2163 0
1962 1963 2163 0
2163 1963 2164 0
1963 1964 2164 0
2164 1964 2165 0
1964 1965 2165 0
2165 1965 2166 0
1965 1966 2166 0
2166 1966 2167 0
1966 1967 2167 0
2167 1967 2168 0
1967 1968 2168 0
2168 1968 2169 0
1968 1969 2169 0
2169 1969 2170 0
1969 1970 2170 0
2170 1970 2171 0
1970 1971 2171 0
2171 1971 2172 0
1971 1972 2172 0
2172 1972 2173 0
1972 1973 2173 0
2173 1973 2174 0
1973 1974 2174 0
2174 1974 2175 0
1974 1975 2175 0
2175 1975 2176 0
1975 1976 2176 0
2176 1976 2177 0
1976 1977 2177 0
2177 1977 2178 0
1977 1978 2178 0
2178 1978 2179 0
1978 1979 2179 0
2179 1979 2180 0
1979 1980 2180 0
2180 1980 2181 0
1980 1981 2181 0
2181 1981 2182 0
1981 1982 2182 0
2182 1982 2183 0
1982 1983 2183 0
2183 1983 2184 0
1983 1984 2184 0
2184 1984 2185 0
1984 1985 2185 0
2185 1985 2186 0
1985 1986 2186 0
2186 1986 2187 0
1986 1987 2187 0
2187 1987 2188 0
1987 1988 2188 0
2188 1988 2189 0
1988 1989 2189 0
2189 1989 2190 0
1989 1990 2190 0
2190 1990 2191 0
1990 1991 2191 0
2191 1991 2192 0
1991 1992 2192 0
2192 1992 2193 0
1992 1993 2193 0
2193 1993 2194 0
1993 1994 2194 0
2194 1994 2195 0
1994 1995 2195 0
2195 1995 2196 0
1995 1996 2196 0
2196 1996 2197 0
1996 1997 2197 0
2197 1997 2198 0
1997 1998 2198 0
2198 1998 2199 0
1998 1999 2199 0
2199 1999 2200 0
1999 2000 2200 0
2200 2000 2201 0
2000 2001 2201 0
2201 2001 2202 0
2001 2002 2202 0
2202 2002 2203 0
2002 2003 2203 0
2203 2003 2204 0
2003 2004 2204 0
2204 2004 2205 0
2004 2005 2205 0
2205 2005 2206 0
2005 2006 2206 0
2206 2006 2207 0
2006 2007 2207 0
2207 2007 2208 0
2007 2008 2208 0
2208 2008 2209 0
2008 2009 2209 0
2209 2009 2210 0
2009 2010 2210 0
2210 2010 2211 0
2011 2012 2212 0
2212 2012 2213 0
2012 2013 2213 0
2213 2013 2214 0
2013 2014 2214 0
2214 2014 2215 0
2014 2015 2215 0
2215 2015 2216 0
2015 2016 2216 0
2216 2016 2217 0
2016 2017 2217 0
2217 2017 2218 0
2017 2018 2218 0
2218 2018 2219 0
2018 2019 2219 0
2219 2019 2220 0
2019 2020 2220 0
2220 2020 2221 0
2020 2021 2221 0
2221 2021 2222 0
2021 2022 2222 0
2222 2022 2223 0
2022 2023 2223 0
2223 2023 2224 0
2023 2024 2224 0
2224 2024 2225 0
2024 2025 2225 0
2225 2025 2226 0
2025 2026 2226 0
2226 2026 2227 0
2026 2027 2227 0
2227 2027 2228 0
2027 2028 2228 0
2228 2028 2229 0
2028 2029 2229 0
2229 2029 2230 0
2029 2030 2230 0
2230 2030 2231 0
2030 2031 2231 0
2231 2031 2232 0
2031 2032 2232 0
2232 2032 2233 0
2032 2033 2233 0
2233 2033 2234 0
2033 2034 2234 0
2234 2034 2235 0
2034 2035 2235 0
2235 2035 2236 0
2035 2036 2236 0
2236 2036 2237 0
2036 2037 2237 0
2237 2037 2238 0
2037 2038 2238 0
2238 2038 2239 0
2038 2039 2239 0
2239 2039 2240 0
2039 2040 2240 0
2240 2040 2241 0
2040 2041 2241 0
2241 2041 2242 0
2041 2042 2242 0
2242 2042 2243 0
2042 2043 2243 0
2243 2043 2244 0
2043 2044 2244 0
2244 2044 2245 0
2044 2045 2245 0
2245 2045 2246 0
2045 2046 2246 0
2246 2046 2247 0
2046 2047 2247 0
2247 2047 2248 0
2047 2048 2248 0
2248 2048 2249 0
2048 2049 2249 0
2249 2049 2250 0
2049 2050 2250 0
2250 2050 2251 0
2050 2051 2251 0
2251 2051 2252 0
2051 2052 2252 0
2252 2052 2253 0
2052 2053 2253 0
2253 2053 2254 0
2053 2054 2254 0
2254 2054 2255 0
2054 2055 2255 0
2255 2055 2256 0
2055 2056 2256 0
2256 2056 2257 0
2056 2057 2257 0
2257 2057 2258 0
2057 2058 2258 0
2258 2058 2259 0
2058 2059 2259 0
2259 2059 2260 0
2059 2060 2260 0
2260 2060 2261 0
2060 2061 2261 0
2261 2061 2262 0
2061 2062 2262 0
2262 2062 2263 0
2062 2063 2263 0
2263 2063 2264 0
2063 2064 2264 0
2264 2064 2265 0
2064 2065 2265 0
2265 2065 2266 0
2065 2066 2266 0
2266 2066 2267 0
2066 2067 2267 0
2267 2067 2268 0
2067 2068 2268 0
2268 2068 2269 0
2068 2069 2269 0
2269 2069 2270 0
2069 2070 2270 0
2270 2070 2271 0
2070 2071 2271 0
2271 2071 2272 0
2071 2072 2272 0
2272 2072 2273 0
2072 2073 2273 0
2273 2073 2274 0
2073 2074 2274 0
2274 2074 2275 0
2074 2075 2275 0
2275 2075 2276 0
2075 2076 2276 0
2276 2076 2277 0
2076 2077 2277 0
2277 2077 2278 0
2077 2078 2278 0
2278 2078 2279 0
2078 2079 2279 0
2279 2079 2280 0
2079 2080 2280 0
2280 2080 2281 0
2080 2081 2281 0
2281 2081 2282 0
2081 2082 2282 0
2282 2082 2283 0
2082 2083 2283 0
2283 2083 2284 0
2083 2084 2284 0
2284 2084 2285 0
2084 2085 2285 0
2285 2085 2286 0
2085 2086 2286 0
2286 2086 2287 0
2086 2087 2287 0
2287 2087 2288 0
2087 2088 2288 0
2288 2088 2289 0
2088 2089 2289 0
2289 2089 2290 0
2089 2090 2290 0
2290 2090 2291 0
2090 2091 2291 0
2291 2091 2292 0
2091 2092 2292 0
2292 2092 2293 0
2092 2093 2293 0
2293 2093 2294 0
2093 2094 2294 0
2294 2094 2295 0
2094 2095 2295 0
2295 2095 2296 0
2095 2096 2296 0
2296 2096 2297 0
2096 2097 2297 0
2297 2097 2298 0
2097 2098 2298 0
2298 2098 2299 0
2098 2099 2299 0
2299 2099 2300 0
2099 2100 2300 0
2300 2100 2301 0
2100 2101 2301 0
2301 2101 2302 0
2101 2102 2302 0
2302 2102 2303 0
2102 2103 2303 0
2303 2103 2304 0
2103 2104 2304 0
2304 2104 2305 0
2104 2105 2305 0
2305 2105 2306 0
2105 2106 2306 0
2306 2106 2307 0
2106 2107 2307 0
2307 2107 2308 0
2107 2108 2308 0
2308 2108 2309 0
2108 2109 2309 0
2309 2109 2310 0
2109 2110 2310 0
2310 2110 2311 0
2110 2111 2311 0
2311 2111 2312 0
2111 2112 2312 0
2312 2112 2313 0
2112 2113 2313 0
2313 2113 2314 0
2113 2114 2314 0
2314 2114 2315 0
2114 2115 2315 0
2315 2115 2316 0
2115 2116 2316 0
2316 2116 2317 0
2116 2117 2317 0
2317 2117 2318 0
2117 2118 2318 0
2318 2118 2319 0
2118 2119 2319 0
2319 2119 2320 0
2119 2120 2320 0
2320 2120 2321 0
2120 2121 2321 0
2321 2121 2322 0
2121 2122 2322 0
2322 2122 2323 0
2122 2123 2323 0
2323 2123 2324 0
2123 2124 2324 0
2324 2124 2325 0
2124 2125 2325 0
2325 2125 2326 0
2125 2126 2326 0
2326 2126 2327 0
2126 2127 2327 0
2327 2127 2328 0
2127 2128 2328 0
2328 2128 2329 0
2128 2129 2329 0
2329 2129 2330 0
2129 2130 2330 0
2330 2130 2331 0
2130 2131 2331 0
2331 2131 2332 0
2131 2132 2332 0
2332 2132 2333 0
2132 2133 2333 0
2333 2133 2334 0
2133 2134 2334 0
2334 2134 2335 0
2134 2135 2335 0
2335 2135 2336 0
2135 2136 2336 0
2336 2136 2337 0
2136 2137 2337 0
2337 2137 2338 0
2137 2138 2338 0
2338 2138 2339 0
2138 2139 2339 0
2339 2139 2340 0
2139 2140 2340 0
2340 2140 2341 0
2140 2141 2341 0
2341 2141 2342 0
2141 2142 2342 0
2342 2142 2343 0
2142 2143 2343 0
2343 2143 2344 0
2143 2144 2344 0
2344 2144 2345 0
2144 2145 2345 0
2345 2145 2346 0
2145 2146 2346 0
2346 2146 2347 0
2146 2147 2347 0
2347 2147 2348 0
2147 2148 2348 0
2348 2148 2349 0
2148 2149 2349 0
2349 2149 2350 0
2149 2150 2350 0
2350 2150 2351 0
2150 2151 2351 0
2351 2151 2352 0
2151 2152 2352 0
2352 2152 2353 0
2152 2153 2353 0
2353 2153 2354 0
2153 2154 2354 0
2354 2154 2355 0
2154 2155 2355 0
2355 2155 2356 0
2155 2156 2356 0
2356 2156 2357 0
2156 2157 2357 0
2357 2157 2358 0
2157 2158 2358 0
2358 2158 2359 0
2158 2159 2359 0
2359 2159 2360 0
2159 2160 2360 0
2360 2160 2361 0
2160 2161 2361 0
2361 2161 2362 0
2161 2162 2362 0
2362 2162 2363 0
2162 2163 2363 0
2363 2163 2364 0
2163 2164 2364 0
2364 2164 2365 0
2164 2165 2365 0
2365 2165 2366 0
2165 2166 2366 0
2366 2166 2367 0
2166 2167 2367 0
2367 2167 2368 0
2167 2168 2368 0
2368 2168 2369 0
2168 2169 2369 0
2369 2169 2370 0
2169 2170 2370 0
2370 2170 2371 0
2170 2171 2371 0
2371 2171 2372 0
2171 2172 2372 0
2372 2172 2373 0
2172 2173 2373 0
2373 2173 2374 0
2173 2174 2374 0
2374 2174 2375 0
2174 2175 2375 0
2375 2175 2376 0
2175 2176 2376 0
2376 2176 2377 0
2176 2177 2377 0
2377 2177 2378 0
2177 2178 2378 0
2378 2178 2379 0
2178 2179 2379 0
2379 2179 2380 0
2179 2180 2380 0
2380 2180 2381 0
2180 2181 2381 0
2381 2181 2382 0
2181 2182 2382 0
2382 2182 2383 0
2182 2183 2383 0
2383 2183 2384 0
2183 2184 2384 0
2384 2184 2385 0
2184 2185 2385 0
2385 2185 2386 0
2185 2186 2386 0
2386 2186 2387 0
2186 2187 2387 0
2387 2187 2388 0
2187 2188 2388 0
2388 2188 2389 0
2188 2189 2389 0
2389 2189 2390 0
2189 2190 2390 0
2390 2190 2391 0
2190 2191 2391 0
2391 2191 2392 0
2191 2192 2392 0
2392 2192 2393 0
2192 2193 2393 0
2393 2193 2394 0
2193 2194 2394 0
2394 2194 2395 0
2194 2195 2395 0
2395 2195 2396 0
2195 2196 2396 0
2396 2196 2397 0
2196 2197 2397 0
2397 2197 2398 0
2197 2198 2398 0
2398 2198 2399 0
2198 2199 2399 0
2399 2199 2400 0
2199 2200 2400 0
2400 2200 2401 0
2200 2201 2401 0
2401 2201 2402 0
2201 2202 2402 0
2402 2202 2403 0
2202 2203 2403 0
2403 2203 2404 0
2203 2204 2404 0
2404 2204 2405 0
2204 2205 2405 0
2405 2205 2406 0
2205 2206 2406 0
2406 2206 2407 0
2206 2207 2407 0
2407 2207 2408 0
2207 2208 2408 0
2408 2208 2409 0
2208 2209 2409 0
2409 2209 2410 0
2209 2210 2410 0
2410 2210 2411 0
2210 2211 2411 0
2411 2211 2412 0
2212 2213 2413 0
2413 2213 2414 0
2213 2214 2414 0
2414 2214 2415 0
2214 2215 2415 0
2415 2215 2416 0
2215 2216 2416 0
2416 2216 2417 0
2216 2217 2417 0
2417 2217 2418 0
2217 2218 2418 0
2418 2218 2419 0
2218 2219 2419 0
2419 2219 2420 0
2219 2220 2420 0
2420 2220 2421 0
2220 2221 2421 0
2421 2221 2422 0
2221 2222 2422 0
2422 2222 2423 0
2222 2223 2423 0
2423 2223 2424 0
2223 2224 2424 0
2424 2224 2425 0
2224 2225 2425 0
2425 2225 2426 0
2225 2226 2426 0
2426 2226 2427 0
2226 2227 2427 0
2427 2227 2428 0
2227 2228 2428 0
2428 2228 2429 0
2228 2229 2429 0
2429 2229 2430 0
2229 2230 2430 0
2430 2230 2431 0
2230 2231 2431 0
2431 2231 2432 0
2231 2232 2432 0
2432 2232 2433 0
2232 2233 2433 0
2433 2233 2434 0
2233 2234 2434 0
2434 2234 2435 0
2234 2235 2435 0
2435 2235 2436 0
2235 2236 2436 0
2436 2236 2437 0
2236 2237 2437 0
2437 2237 2438 0
2237 2238 2438 0
2438 2238 2439 0
2238 2239 2439 0
2439 2239 2440 0
2239 2240 2440 0
2440 2240 2441 0
2240 2241 2441 0
2441 2241 2442 0
2241 2242 2442 0
2442 2242 2443 0
2242 2243 2443 0
2443 2243 2444 0
2243 2244 2444 0
2444 2244 2445 0
2244 2245 2445 0
2445 2245 2446 0
2245 2246 2446 0
2446 2246 2447 0
2246 2247 2447 0
2447 2247 2448 0
2247 2248 2448 0
2448 2248 2449 0
2248 2249 2449 0
2449 2249 2450 0
2249 2250 2450 0
2450 2250 2451 0
2250 2251 2451 0
2451 2251 2452 0
2251 2252 2452 0
2452 2252 2453 0
2252 2253 2453 0
2453 2253 2454 0
2253 2254 2454 0
2454 2254 2455 0
2254 2255 2455 0
2455 2255 2456 0
2255 2256 2456 0
2456 2256 2457 0
2256 2257 2457 0
2457 2257 2458 0
2257 2258 2458 0
2458 2258 2459 0
2258 2259 2459 0
2459 2259 2460 0
2259 2260 2460 0
2460 2260 2461 0
2260 2261 2461 0
2461 2261 2462 0
2261 2262 2462 0
2462 2262 2463 0
2262 2263 2463 0
2463 2263 2464 0
2263 2264 2464 0
2464 2264 2465 0
2264 2265 2465 0
2465 2265 2466 0
2265 2266 2466 0
2466 2266 2467 0
2266 2267 2467 0
2467 2267 2468 0
2267 2268 2468 0
2468 2268 2469 0
2268 2269 2469 0
2469 2269 2470 0
2269 2270 2470 0
2470 2270 2471 0
2270 2271 2471 0
2471 2271 2472 0
2271 2272 2472 0
2472 2272 2473 0
2272 2273 2473 0
2473 2273 2474 0
2273 2274 2474 0
2474 2274 2475 0
2274 2275 2475 0
2475 2275 2476 0
2275 2276 2476 0
2476 2276 2477 0
2276 2277 2477 0
2477 2277 2478 0
2277 2278 2478 0
2478 2278 2479 0
2278 2279 2479 0
2479 2279 2480 0
2279 2280 2480 0
2480 2280 2481 0
2280 2281 2481 0
2481 2281 2482 0
2281 2282 2482 0
2482 2282 2483 0
2282 2283 2483 0
2483 2283 2484 0
2283 2284 2484 0
2484 2284 2485 0
2284 2285 2485 0
2485 2285 2486 0
2285 2286 2486 0
2486 2286 2487 0
2286 2287 2487 0
2487 2287 2488 0
2287 2288 2488 0
2488 2288 2489 0
2288 2289 2489 0
2489 2289 2490 0
2289 2290 2490 0
2490 2290 2491 0
2290 2291 2491 0
2491 2291 2492 0
2291 2292 2492 0
2492 2292 2493 0
2292 2293 2493 0
2493 2293 2494 0
2293 2294 2494 0
2494 2294 2495 0
2294 2295 2495 0
2495 2295 2496 0
2295 2296 2496 0
2496 2296 2497 0
2296 2297 2497 0
2497 2297 2498 0
2297 2298 2498 0
2498 2298 2499 0
2298 2299 2499 0
2499 2299 2500 0
2299 2300 2500 0
2500 2300 2501 0
2300 2301 2501 0
2501 2301 2502 0
2301 2302 2502 0
2502 2302 2503 0
2302 2303 2503 0
2503 2303 2504 0
2303 2304 2504 0
2504 2304 2505 0
2304 2305 2505 0
2505 2305 2506 0
2305 2306 2506 0
2506 2306 2507 0
2306 2307 2507 0
2507 2307 2508 0
2307 2308 2508 0
2508 2308 2509 0
2308 2309 2509 0
2509 2309 2510 0
2309 2310 2510 0
2510 2310 2511 0
2310 2311 2511 0
2511 2311 2512 0
2311 2312 2512 0
2512 2312 2513 0
2312 2313 2513 0
2513 2313 2514 0
2313 2314 2514 0
2514 2314 2515 0
2314 2315 2515 0
2515 2315 2516 0
2315 2316 2516 0
2516 2316 2517 0
2316 2317 2517 0
2517 2317 2518 0
2317 2318 2518 0
2518 2318 2519 0
2318 2319 2519 0
2519 2319 2520 0
2319 2320 2520 0
2520 2320 2521 0
2320 2321 2521 0
2521 2321 2522 0
2321 2322 2522 0
2522 2322 2523 0
2322 2323 2523 0
2523 2323 2524 0
2323 2324 2524 0
2524 2324 2525 0
2324 2325 2525 0
2525 2325 2526 0
2325 2326 2526 0
2526 2326 2527 0
2326 2327 2527 0
2527 2327 2528 0
2327 2328 2528 0
2528 2328 2529 0
2328 2329 2529 0
2529 2329 2530 0
2329 2330 2530 0
2530 2330 2531 0
2330 2331 2531 0
2531 2331 2532 0
2331 2332 2532 0
2532 2332 2533 0
2332 2333 2533 0
2533 2333 2534 0
2333 2334 2534 0
2534 2334 2535 0
2334 2335 2535 0
2535 2335 2536 0
2335 2336 2536 0
2536 2336 2537 0
2336 2337 2537 0
2537 2337 2538 0
2337 2338 2538 0
2538 2338 2539 0
2338 2339 2539 0
2539 2339 2540 0
2339 2340 2540 0
2540 2340 2541 0
2340 2341 2541 0
2541 2341 2542 0
2341 2342 2542 0
2542 2342 2543 0
2342 2343 2543 0
2543 2343 2544 0
2343 2344 2544 0
2544 2344 2545 0
2344 2345 2545 0
2545 2345 2546 0
2345 2346 2546 0
2546 2346 2547 0
2346 2347 2547 0
2547 2347 2548 0
2347 2348 2548 0
2548 2348 2549 0
2348 2349 2549 0
2549 2349 2550 0
2349 2350 2550 0
2550 2350 2551 0
2350 2351 2551 0
2551 2351 2552 0
2351 2352 2552 0
2552 2352 2553 0
2352 2353 2553 0
2553 2353 2554 0
2353 2354 2554 0
2554 2354 2555 0
2354 2355 2555 0
2555 2355 2556 0
2355 2356 2556 0
2556 2356 2557 0
2356 2357 2557 0
2557 2357 2558 0
2357 2358 2558 0
2558 2358 2559 0
2358 2359 2559 0
2559 2359 2560 0
2359 2360 2560 0
2560 2360 2561 0
2360 2361 2561 0
2561 2361 2562 0
2361 2362 2562 0
2562 2362 2563 0
2362 2363 2563 0
2563 2363 2564 0
2363 2364 2564 0
2564 2364 2565 0
2364 2365 2565 0
2565 2365 2566 0
2365 2366 2566 0
2566 2366 2567 0
2366 2367 2567 0
2567 2367 2568 0
2367 2368 2568 0
2568 2368 2569 0
2368 2369 2569 0
2569 2369 2570 0
2369 2370 2570 0
2570 2370 2571 0
2370 2371 2571 0
2571 2371 2572 0
2371 2372 2572 0
2572 2372 2573 0
2372 2373 2573 0
2573 2373 2574 0
2373 2374 2574 0
2574 2374 2575 0
2374 2375 2575 0
2575 2375 2576 0
2375 2376 2576 0
2576 2376 2577 0
2376 2377 2577 0
2577 2377 2578 0
2377 2378 2578 0
2578 2378 2579 0
2378 2379 2579 0
2579 2379 2580 0
2379 2380 2580 0
2580 2380 2581 0
2380 2381 2581 0
2581 2381 2582 0
2381 2382 2582 0
2582 2382 2583 0
2382 2383 2583 0
2583 2383 2584 0
2383 2384 2584 0
2584 2384 2585 0
2384 2385 2585 0
2585 2385 2586 0
2385 2386 2586 0
2586 2386 2587 0
2386 2387 2587 0
2587 2387 2588 0
2387 2388 2588 0
2588 2388 2589 0
2388 2389 2589 0
2589 2389 2590 0
2389 2390 2590 0
2590 2390 2591 0
2390 2391 2591 0
2591 2391 2592 0
2391 2392 2592 0
2592 2392 2593 0
2392 2393 2593 0
2593 2393 2594 0
2393 2394 2594 0
2594 2394 2595 0
2394 2395 2595 0
2595 2395 2596 0
2395 2396 2596 0
2596 2396 2597 0
2396 2397 2597 0
2597 2397 2598 0
2397 2398 2598 0
2598 2398 2599 0
2398 2399 2599 0
2599 2399 2600 0
2399 2400 2600 0
2600 2400 2601 0
2400 2401 2601 0
2601 2401 2602 0
2401 2402 2602 0
2602 2402 2603 0
2402 2403 2603 0
2603 2403 2604 0
2403 2404 2604 0
2604 2404 2605 0
2404 2405 2605 0
2605 2405 2606 0
2405 2406 2606 0
2606 2406 2607 0
2406 2407 2607 0
2607 2407 2608 0
2407 2408 2608 0
2608 2408 2609 0
2408 2409 2609 0
2609 2409 2610 0
2409 2410 2610 0
2610 2410 2611 0
2410 2411 2611 0
2611 2411 2612 0
2411 2412 2612 0
2612 2412 2613 0
2413 2414 2614 0
2614 2414 2615 0
2414 2415 2615 0
2615 2415 2616 0
2415 2416 2616 0
2616 2416 2617 0
2416 2417 2617 0
2617 2417 2618 0
2417 2418 2618 0
2618 2418 2619 0
2418 2419 2619 0
2619 2419 2620 0
2419 2420 2620 0
2620 2420 2621 0
2420 2421 2621 0
2621 2421 2622 0
2421 2422 2622 0
2622 2422 2623 0
2422 2423 2623 0
2623 2423 2624 0
2423 2424 2624 0
2624 2424 2625 0
2424 2425 2625 0
2625 2425 2626 0
2425 2426 2626 0
2626 2426 2627 0
2426 2427 2627 0
2627 2427 2628 0
2427 2428 2628 0
2628 2428 2629 0
2428 2429 2629 0
2629 2429 2630 0
2429 2430 2630 0
2630 2430 2631 0
2430 2431 2631 0
2631 2431 2632 0
2431 2432 2632 0
2632 2432 2633 0
2432 2433 2633 0
2633 2433 2634 0
2433 2434 2634 0
2634 2434 2635 0
2434 2435 2635 0
2635 2435 2636 0
2435 2436 2636 0
2636 2436 2637 0
2436 2437 2637 0
2637 2437 2638 0
2437 2438 2638 0
2638 2438 2639 0
2438 2439 2639 0
2639 2439 2640 0
2439 2440 2640 0
2640 2440 2641 0
2440 2441 2641 0
2641 2441 2642 0
2441 2442 2642 0
2642 2442 2643 0
2442 2443 2643 0
2643 2443 2644 0
2443 2444 2644 0
2644 2444 2645 0
2444 2445 2645 0
2645 2445 2646 0
2445 2446 2646 0
2646 2446 2647 0
2446 2447 2647 0
2647 2447 2648 0
2447 2448 2648 0
2648 2448 2649 0
2448 2449 2649 0
2649 2449 2650 0
2449 2450 2650 0
2650 2450 2651 0
2450 2451 2651 0
2651 2451 2652 0
2451 2452 2652 0
2652 2452 2653 0
2452 2453 2653 0
2653 2453 2654 0
2453 2454 2654 0
2654 2454 2655 0
2454 2455 2655 0
2655 2455 2656 0
2455 2456 2656 0
2656 2456 2657 0
2456 2457 2657 0
2657 2457 2658 0
2457 2458 2658 0
2658 2458 2659 0
2458 2459 2659 0
2659 2459 2660 0
2459 2460 2660 0
2660 2460 2661 0
2460 2461 2661 0
2661 2461 2662 0
2461 2462 2662 0
2662 2462 2663 0
2462 2463 2663 0
2663 2463 2664 0
2463 2464 2664 0
2664 2464 2665 0
2464 2465 2665 0
2665 2465 2666 0
2465 2466 2666 0
2666 2466 2667 0
2466 2467 2667 0
2667 2467 2668 0
2467 2468 2668 0
2668 2468 2669 0
2468 2469 2669 0
2669 2469 2670 0
2469 2470 2670 0
2670 2470 2671 0
2470 2471 2671 0
2671 2471 2672 0
2471 2472 2672 0
2672 2472 2673 0
2472 2473 2673 0
2673 2473 2674 0
2473 2474 2674 0
2674 2474 2675 0
2474 2475 2675 0
2675 2475 2676 0
2475 2476 2676 0
2676 2476 2677 0
2476 2477 2677 0
2677 2477 2678 0
2477 2478 2678 0
2678 2478 2679 0
2478 2479 2679 0
2679 2479 2680 0
2479 2480 2680 0
2680 2480 2681 0
2480 2481 2681 0
2681 2481 2682 0
2481 2482 2682 0
2682 2482 2683 0
2482 2483 2683 0
2683 2483 2684 0
2483 2484 2684 0
2684 2484 2685 0
2484 2485 2685 0
2685 2485 2686 0
2485 2486 2686 0
2686 2486 2687 0
2486 2487 2687 0
2687 2487 2688 0
2487 2488 2688 0
2688 2488 2689 0
2488 2489 2689 0
2689 2489 2690 0
2489 2490 2690 0
2690 2490 2691 0
2490 2491 2691 0
2691 2491 2692 0
2491 2492 2692 0
2692 2492 2693 0
2492 2493 2693 0
2693 2493 2694 0
2493 2494 2694 0
2694 2494 2695 0
2494 2495 2695 0
2695 2495 2696 0
2495 2496 2696 0
2696 2496 2697 0
2496 2497 2697 0
2697 2497 2698 0
2497 2498 2698 0
2698 2498 2699 0
2498 2499 2699 0
2699 2499 2700 0
2499 2500 2700 0
2700 2500 2701 0
2500 2501 2701 0
2701 2501 2702 0
2501 2502 2702 0
2702 2502 2703 0
2502 2503 2703 0
2703 2503 2704 0
2503 2504 2704 0
2704 2504 2705 0
2504 2505 2705 0
2705 2505 2706 0
2505 2506 2706 0
2706 2506 2707 0
2506 2507 2707 0
2707 2507 2708 0
2507 2508 2708 0
2708 2508 2709 0
2508 2509 2709 0
2709 2509 2710 0
2509 2510 2710 0
2710 2510 2711 0
2510 2511 2711 0
2711 2511 2712 0
2511 2512 2712 0
2712 2512 2713 0
2512 2513 2713 0
2713 2513 2714 0
2513 2514 2714 0
2714 2514 2715 0
2514 2515 2715 0
2715 2515 2716 0
2515 2516 2716 0
2716 2516 2717 0
2516 2517 2717 0
2717 2517 2718 0
2517 2518 2718 0
2718 2518 2719 0
2518 2519 2719 0
2719 2519 2720 0
2519 2520 2720 0
2720 2520 2721 0
2520 2521 2721 0
2721 2521 2722 0
2521 2522 2722 0
2722 2522 2723 0
2522 2523 2723 0
2723 2523 2724 0
2523 2524 2724 0
2724 2524 2725 0
2524 2525 2725 0
2725 2525 2726 0
2525 2526 2726 0
2726 2526 2727 0
2526 2527 2727 0
2727 2527 2728 0
2527 2528 2728 0
2728 2528 2729 0
2528 2529 2729 0
2729 2529 2730 0
2529 2530 2730 0
2730 2530 2731 0
2530 2531 2731 0
2731 2531 2732 0
2531 2532 2732 0
2732 2532 2733 0
2532 2533 2733 0
2733 2533 2734 0
2533 2534 2734 0
2734 2534 2735 0
2534 2535 2735 0
2735 2535 2736 0
2535 2536 2736 0
2736 2536 2737 0
2536 2537 2737 0
2737 2537 2738 0
2537 2538 2738 0
2738 2538 2739 0
2538 2539 2739 0
2739 2539 2740 0
2539 2540 2740 0
2740 2540 2741 0
2540 2541 2741 0
2741 2541 2742 0
2541 2542 2742 0
2742 2542 2743 0
2542 2543 2743 0
2743 2543 2744 0
2543 2544 2744 0
2744 2544 2745 0
2544 2545 2745 0
2745 2545 2746 0
2545 2546 2746 0
2746 2546 2747 0
2546 2547 2747 0
2747 2547 2748 0
2547 2548 2748 0
2748 2548 2749 0
2548 2549 2749 0
2749 2549 2750 0
2549 2550 2750 0
2750 2550 2751 0
2550 2551 2751 0
2751 2551 2752 0
2551 2552 2752 0
2752 2552 2753 0
2552 2553 2753 0
2753 2553 2754 0
2553 2554 2754 0
2754 2554 2755 0
2554 2555 2755 0
2755 2555 2756 0
2555 2556 2756 0
2756 2556 2757 0
2556 2557 2757 0
2757 2557 2758 0
2557 2558 2758 0
2758 2558 2759 0
2558 2559 2759 0
2759 2559 2760 0
2559 2560 2760 0
2760 2560 2761 0
2560 2561 2761 0
2761 2561 2762 0
2561 2562 2762 0
2762 2562 2763 0
2562 2563 2763 0
2763 2563 2764 0
2563 2564 2764 0
2764 2564 2765 0
2564 2565 2765 0
2765 2565 2766 0
2565 2566 2766 0
2766 2566 2767 0
2566 2567 2767 0
2767 2567 2768 0
2567 2568 2768 0
2768 2568 2769 0
2568 2569 2769 0
2769 2569 2770 0
2569 2570 2770 0
2770 2570 2771 0
2570 2571 2771 0
2771 2571 2772 0
2571 2572 2772 0
2772 2572 2773 0
2572 2573 2773 0
2773 2573 2774 0
2573 2574 2774 0
2774 2574 2775 0
2574 2575 2775 0
2775 2575 2776 0
2575 2576 2776 0
2776 2576 2777 0
2576 2577 2777 0
2777 2577 2778 0
2577 2578 2778 0
2778 2578 2779 0
2578 2579 2779 0
2779 2579 2780 0
2579 2580 2780 0
2780 2580 2781 0
2580 2581 2781 0
2781 2581 2782 0
2581 2582 2782 0
2782 2582 2783 0
2582 2583 2783 0
2783 2583 2784 0
2583 2584 2784 0
2784 2584 2785 0
2584 2585 2785 0
2785 2585 2786 0
2585 2586 2786 0
2786 2586 2787 0
2586 2587 2787 0
2787 2587 2788 0
2587 2588 2788 0
2788 2588 2789 0
2588 2589 2789 0
2789 2589 2790 0
2589 2590 2790 0
2790 2590 2791 0
2590 2591 2791 0
2791 2591 2792 0
2591 2592 2792 0
2792 2592 2793 0
2592 2593 2793 0
2793 2593 2794 0
2593 2594 2794 0
2794 2594 2795 0
2594 2595 2795 0
2795 2595 2796 0
2595 2596 2796 0
2796 2596 2797 0
2596 2597 2797 0
2797 2597 2798 0
2597 2598 2798 0
2798 2598 2799 0
2598 2599 2799 0
2799 2599 2800 0
2599 2600 2800 0
2800 2600 2801 0
2600 2601 2801 0
2801 2601 2802 0
2601 2602 2802 0
2802 2602 2803 0
2602 2603 2803 0
2803 2603 2804 0
2603 2604 2804 0
2804 2604 2805 0
2604 2605 2805 0
2805 2605 2806 0
2605 2606 2806 0
2806 2606 2807 0
2606 2607 2807 0
2807 2607 2808 0
2607 2608 2808 0
2808 2608 2809 0
2608 2609 2809 0
2809 2609 2810 0
2609 2610 2810 0
2810 2610 2811 0
2610 2611 2811 0
2811 2611 2812 0
2611 2612 2812 0
2812 2612 2813 0
2612 2613 2813 0
2813 2613 2814 0
2614 2615 2815 0
2815 2615 2816 0
2615 2616 2816 0
2816 2616 2817 0
2616 2617 2817 0
2817 2617 2818 0
2617 2618 2818 0
2818 2618 2819 0
2618 2619 2819 0
2819 2619 2820 0
2619 2620 2820 0
2820 2620 2821 0
2620 2621 2821 0
2821 2621 2822 0
2621 2622 2822 0
2822 2622 2823 0
2622 2623 2823 0
2823 2623 2824 0
2623 2624 2824 0
2824 2624 2825 0
2624 2625 2825 0
2825 2625 2826 0
2625 2626 2826 0
2826 2626 2827 0
2626 2627 2827 0
2827 2627 2828 0
2627 2628 2828 0
2828 2628 2829 0
2628 2629 2829 0
2829 2629 2830 0
2629 2630 2830 0
2830 2630 2831 0
2630 2631 2831 0
2831 2631 2832 0
2631 2632 2832 0
2832 2632 2833 0
2632 2633 2833 0
2833 2633 2834 0
2633 2634 2834 0
2834 2634 2835 0
2634 2635 2835 0
2835 2635 2836 0
2635 2636 2836 0
2836 2636 2837 0
2636 2637 2837 0
2837 2637 2838 0
2637 2638 2838 0
2838 2638 2839 0
2638 2639 2839 0
2839 2639 2840 0
2639 2640 2840 0
2840 2640 2841 0
2640 2641 2841 0
2841 2641 2842 0
2641 2642 2842 0
2842 2642 2843 0
2642 2643 2843 0
2843 2643 2844 0
2643 2644 2844 0
2844 2644 2845 0
2644 2645 2845 0
2845 2645 2846 0
2645 2646 2846 0
2846 2646 2847 0
2646 2647 2847 0
2847 2647 2848 0
2647 2648 2848 0
2848 2648 2849 0
2648 2649 2849 0
2849 2649 2850 0
2649 2650 2850 0
2850 2650 2851 0
2650 2651 2851 0
2851 2651 2852 0
2651 2652 2852 0
2852 2652 2853 0
2652 2653 2853 0
2853 2653 2854 0
2653 2654 2854 0
2854 2654 2855 0
2654 2655 2855 0
2855 2655 2856 0
2655 2656 2856 0
2856 2656 2857 0
2656 2657 2857 0
2857 2657 2858 0
2657 2658 2858 0
2858 2658 2859 0
2658 2659 2859 0
2859 2659 2860 0
2659 2660 2860 0
2860 2660 2861 0
2660 2661 2861 0
2861 2661 2862 0
2661 2662 2862 0
2862 2662 2863 0
2662 2663 2863 0
2863 2663 2864 0
2663 2664 2864 0
2864 2664 2865 0
2664 2665 2865 0
2865 2665 2866 0
2665 2666 2866 0
2866 2666 2867 0
2666 2667 2867 0
2867 2667 2868 0
2667 2668 2868 0
2868 2668 2869 0
2668 2669 2869 0
2869 2669 2870 0
2669 2670 2870 0
2870 2670 2871 0
2670 2671 2871 0
2871 2671 2872 0
2671 2672 2872 0
2872 2672 2873 0
2672 2673 2873 0
2873 2673 2874 0
2673 2674 2874 0
2874 2674 2875 0
2674 2675 2875 0
2875 2675 2876 0
2675 2676 2876 0
2876 2676 2877 0
2676 2677 2877 0
2877 2677 2878 0
2677 2678 2878 0
2878 2678 2879 0
2678 2679 2879 0
2879 2679 2880 0
2679 2680 2880 0
2880 2680 2881 0
2680 2681 2881 0
2881 2681 2882 0
2681 2682 2882 0
2882 2682 2883 0
2682 2683 2883 0
2883 2683 2884 0
2683 2684 2884 0
2884 2684 2885 0
2684 2685 2885 0
2885 2685 2886 0
2685 2686 2886 0
2886 2686 2887 0
2686 2687 2887 0
2887 2687 2888 0
2687 2688 2888 0
2888 2688 2889 0
2688 2689 2889 0
2889 2689 2890 0
2689 2690 2890 0
2890 2690 2891 0
2690 2691 2891 0
2891 2691 2892 0
2691 2692 2892 0
2892 2692 2893 0
2692 2693 2893 0
2893 2693 2894 0
2693 2694 2894 0
2894 2694 2895 0
2694 2695 2895 0
2895 2695 2896 0
2695 2696 2896 0
2896 2696 2897 0
2696 2697 2897 0
2897 2697 2898 0
2697 2698 2898 0
2898 2698 2899 0
2698 2699 2899 0
2899 2699 2900 0
2699 2700 2900 0
2900 2700 2901 0
2700 2701 2901 0
2901 2701 2902 0
2701 2702 2902 0
2902 2702 2903 0
2702 2703 2903 0
2903 2703 2904 0
2703 2704 2904 0
2904 2704 2905 0
2704 2705 2905 0
2905 2705 2906 0
2705 2706 2906 0
2906 2706 2907 0
2706 2707 2907 0
2907 2707 2908 0
2707 2708 2908 0
2908 2708 2909 0
2708 2709 2909 0
2909 2709 2910 0
2709 2710 2910 0
2910 2710 2911 0
2710 2711 2911 0
2911 2711 2912 0
2711 2712 2912 0
2912 2712 2913 0
2712 2713 2913 0
2913 2713 2914 0
2713 2714 2914 0
2914 2714 2915 0
2714 2715 2915 0
2915 2715 2916 0
2715 2716 2916 0
2916 2716 2917 0
2716 2717 2917 0
2917 2717 2918 0
2717 2718 2918 0
2918 2718 2919 0
2718 2719 2919 0
2919 2719 2920 0
2719 2720 2920 0
2920 2720 2921 0
2720 2721 2921 0
2921 2721 2922 0
2721 2722 2922 0
2922 2722 2923 0
2722 2723 2923 0
2923 2723 2924 0
2723 2724 2924 0
2924 2724 2925 0
2724 2725 2925 0
2925 2725 2926 0
2725 2726 2926 0
2926 2726 2927 0
2726 2727 2927 0
2927 2727 2928 0
2727 2728 2928 0
2928 2728 2929 0
2728 2729 2929 0
2929 2729 2930 0
2729 2730 2930 0
2930 2730 2931 0
2730 2731 2931 0
2931 2731 2932 0
2731 2732 2932 0
2932 2732 2933 0
2732 2733 2933 0
2933 2733 2934 0
2733 2734 2934 0
2934 2734 2935 0
2734 2735 2935 0
2935 2735 2936 0
2735 2736 2936 0
2936 2736 2937 0
2736 2737 2937 0
2937 2737 2938 0
2737 2738 2938 0
2938 2738 2939 0
2738 2739 2939 0
2939 2739 2940 0
2739 2740 2940 0
2940 2740 2941 0
2740 2741 2941 0
2941 2741 2942 0
2741 2742 2942 0
2942 2742 2943 0
2742 2743 2943 0
2943 2743 2944 0
2743 2744 2944 0
2944 2744 2945 0
2744 2745 2945 0
2945 2745 2946 0
2745 2746 2946 0
2946 2746 2947 0
2746 2747 2947 0
2947 2747 2948 0
2747 2748 2948 0
2948 2748 2949 0
2748 2749 2949 0
2949 2749 2950 0
2749 2750 2950 0
2950 2750 2951 0
2750 2751 2951 0
2951 2751 2952 0
2751 2752 2952 0
2952 2752 2953 0
2752 2753 2953 0
2953 2753 2954 0
2753 2754 2954 0
2954 2754 2955 0
2754 2755 2955 0
2955 2755 2956 0
2755 2756 2956 0
2956 2756 2957 0
2756 2757 2957 0
2957 2757 2958 0
2757 2758 2958 0
2958 2758 2959 0
2758 2759 2959 0
2959 2759 2960 0
2759 2760 2960 0
2960 2760 2961 0
2760 2761 2961 0
2961 2761 2962 0
2761 2762 2962 0
2962 2762 2963 0
2762 2763 2963 0
2963 2763 2964 0
2763 2764 2964 0
2964 2764 2965 0
2764 2765 2965 0
2965 2765 2966 0
2765 2766 2966 0
2966 2766 2967 0
2766 2767 2967 0
2967 2767 2968 0
2767 2768 2968 0
2968 2768 2969 0
2768 2769 2969 0
2969 2769 2970 0
2769 2770 2970 0
2970 2770 2971 0
2770 2771 2971 0
2971 2771 2972 0
2771 2772 2972 0
2972 2772 2973 0
2772 2773 2973 0
2973 2773 2974 0
2773 2774 2974 0
2974 2774 2975 0
2774 2775 2975 0
2975 2775 2976 0
2775 2776 2976 0
2976 2776 2977 0
2776 2777 2977 0
2977 2777 2978 0
2777 2778 2978 0
2978 2778 2979 0
2778 2779 2979 0
2979 2779 2980 0
2779 2780 2980 0
2980 2780 2981 0
2780 2781 2981 0
2981 2781 2982 0
2781 2782 2982 0
2982 2782 2983 0
2782 2783 2983 0
2983 2783 2984 0
2783 2784 2984 0
2984 2784 2985 0
2784 2785 2985 0
2985 2785 2986 0
2785 2786 2986 0
2986 2786 2987 0
2786 2787 2987 0
2987 2787 2988 0
2787 2788 2988 0
2988 2788 2989 0
2788 2789 2989 0
2989 2789 2990 0
2789 2790 2990 0
2990 2790 2991 0
2790 2791 2991 0
2991 2791 2992 0
2791 2792 2992 0
2992 2792 2993 0
2792 2793 2993 0
2993 2793 2994 0
2793 2794 2994 0
2994 2794 2995 0
2794 2795 2995 0
2995 2795 2996 0
2795 2796 2996 0
2996 2796 2997 0
2796 2797 2997 0
2997 2797 2998 0
2797 2798 2998 0
2998 2798 2999 0
2798 2799 2999 0
2999 2799 3000 0
2799 2800 3000 0
3000 2800 3001 0
2800 2801 3001 0
3001 2801 3002 0
2801 2802 3002 0
3002 2802 3003 0
2802 2803 3003 0
3003 2803 3004 0
2803 2804 3004 0
3004 2804 3005 0
2804 2805 3005 0
3005 2805 3006 0
2805 2806 3006 0
3006 2806 3007 0
2806 2807 3007 0
3007 2807 3008 0
2807 2808 3008 0
3008 2808 3009 0
2808 2809 3009 0
3009 2809 3010 0
2809 2810 3010 0
3010 2810 3011 0
2810 2811 3011 0
3011 2811 3012 0
2811 2812 3012 0
3012 2812 3013 0
2812 2813 3013 0
3013 2813 3014 0
2813 2814 3014 0
3014 2814 3015 0
2815 2816 3016 0
3016 2816 3017 0
2816 2817 3017 0
3017 2817 3018 0
2817 2818 3018 0
3018 2818 3019 0
2818 2819 3019 0
3019 2819 3020 0
2819 2820 3020 0
3020 2820 3021 0
2820 2821 3021 0
3021 2821 3022 0
2821 2822 3022 0
3022 2822 3023 0
2822 2823 3023 0
3023 2823 3024 0
2823 2824 3024 0
3024 2824 3025 0
2824 2825 3025 0
3025 2825 3026 0
2825 2826 3026 0
3026 2826 3027 0
2826 2827 3027 0
3027 2827 3028 0
2827 2828 3028 0
3028 2828 3029 0
2828 2829 3029 0
3029 2829 3030 0
2829 2830 3030 0
3030 2830 3031 0
2830 2831 3031 0
3031 2831 3032 0
2831 2832 3032 0
3032 2832 3033 0
2832 2833 3033 0
3033 2833 3034 0
2833 2834 3034 0
3034 2834 3035 0
2834 2835 3035 0
3035 2835 3036 0
2835 2836 3036 0
3036 2836 3037 0
2836 2837 3037 0
3037 2837 3038 0
2837 2838 3038 0
3038 2838 3039 0
2838 2839 3039 0
3039 2839 3040 0
2839 2840 3040 0
3040 2840 3041 0
2840 2841 3041 0
3041 2841 3042 0
2841 2842 3042 0
3042 2842 3043 0
2842 2843 3043 0
3043 2843 3044 0
2843 2844 3044 0
3044 2844 3045 0
2844 2845 3045 0
3045 2845 3046 0
2845 2846 3046 0
3046 2846 3047 0
2846 2847 3047 0
3047 2847 3048 0
2847 2848 3048 0
3048 2848 3049 0
2848 2849 3049 0
3049 2849 3050 0
2849 2850 3050 0
3050 2850 3051 0
2850 2851 3051 0
3051 2851 3052 0
2851 2852 3052 0
3052 2852 3053 0
2852 2853 3053 0
3053 2853 3054 0
2853 2854 3054 0
3054 2854 3055 0
2854 2855 3055 0
3055 2855 3056 0
2855 2856 3056 0
3056 2856 3057 0
2856 2857 3057 0
3057 2857 3058 0
2857 2858 3058 0
3058 2858 3059 0
2858 2859 3059 0
3059 2859 3060 0
2859 2860 3060 0
3060 2860 3061 0
2860 2861 3061 0
3061 2861 3062 0
2861 2862 3062 0
3062 2862 3063 0
2862 2863 3063 0
3063 2863 3064 0
2863 2864 3064 0
3064 2864 3065 0
2864 2865 3065 0
3065 2865 3066 0
2865 2866 3066 0
3066 2866 3067 0
2866 2867 3067 0
3067 2867 3068 0
2867 2868 3068 0
3068 2868 3069 0
2868 2869 3069 0
3069 2869 3070 0
2869 2870 3070 0
3070 2870 3071 0
2870 2871 3071 0
3071 2871 3072 0
2871 2872 3072 0
3072 2872 3073 0
2872 2873 3073 0
3073 2873 3074 0
2873 2874 3074 0
3074 2874 3075 0
2874 2875 3075 0
3075 2875 3076 0
2875 2876 3076 0
3076 2876 3077 0
2876 2877 3077 0
3077 2877 3078 0
2877 2878 3078 0
3078 2878 3079 0
2878 2879 3079 0
3079 2879 3080 0
2879 2880 3080 0
3080 2880 3081 0
2880 2881 3081 0
3081 2881 3082 0
2881 2882 3082 0
3082 2882 3083 0
2882 2883 3083 0
3083 2883 3084 0
2883 2884 3084 0
3084 2884 3085 0
2884 2885 3085 0
3085 2885 3086 0
2885 2886 3086 0
3086 2886 3087 0
2886 2887 3087 0
3087 2887 3088 0
2887 2888 3088 0
3088 2888 3089 0
2888 2889 3089 0
3089 2889 3090 0
2889 2890 3090 0
3090 2890 3091 0
2890 2891 3091 0
3091 2891 3092 0
2891 2892 3092 0
3092 2892 3093 0
2892 2893 3093 0
3093 2893 3094 0
2893 2894 3094 0
3094 2894 3095 0
2894 2895 3095 0
3095 2895 3096 0
2895 2896 3096 0
3096 2896 3097 0
2896 2897 3097 0
3097 2897 3098 0
2897 2898 3098 0
3098 2898 3099 0
2898 2899 3099 0
3099 2899 3100 0
2899 2900 3100 0
3100 2900 3101 0
2900 2901 3101 0
3101 2901 3102 0
2901 2902 3102 0
3102 2902 3103 0
2902 2903 3103 0
3103 2903 3104 0
2903 2904 3104 0
3104 2904 3105 0
2904 2905 3105 0
3105 2905 3106 0
2905 2906 3106 0
3106 2906 3107 0
2906 2907 3107 0
3107 2907 3108 0
2907 2908 3108 0
3108 2908 3109 0
2908 2909 3109 0
3109 2909 3110 0
2909 2910 3110 0
3110 2910 3111 0
2910 2911 3111 0
3111 2911 3112 0
2911 2912 3112 0
3112 2912 3113 0
2912 2913 3113 0
3113 2913 3114 0
2913 2914 3114 0
3114 2914 3115 0
2914 2915 3115 0
3115 2915 3116 0
2915 2916 3116 0
3116 2916 3117 0
2916 2917 3117 0
3117 2917 3118 0
2917 2918 3118 0
3118 2918 3119 0
2918 2919 3119 0
3119 2919 3120 0
2919 2920 3120 0
3120 2920 3121 0
2920 2921 3121 0
3121 2921 3122 0
2921 2922 3122 0
3122 2922 3123 0
2922 2923 3123 0
3123 2923 3124 0
2923 2924 3124 0
3124 2924 3125 0
2924 2925 3125 0
3125 2925 3126 0
2925 2926 3126 0
3126 2926 3127 0
2926 2927 3127 0
3127 2927 3128 0
2927 2928 3128 0
3128 2928 3129 0
2928 2929 3129 0
3129 2929 3130 0
2929 2930 3130 0
3130 2930 3131 0
2930 2931 3131 0
3131 2931 3132 0
2931 2932 3132 0
3132 2932 3133 0
2932 2933 3133 0
3133 2933 3134 0
2933 2934 3134 0
3134 2934 3135 0
2934 2935 3135 0
3135 2935 3136 0
2935 2936 3136 0
3136 2936 3137 0
2936 2937 3137 0
3137 2937 3138 0
2937 2938 3138 0
3138 2938 3139 0
2938 2939 3139 0
3139 2939 3140 0
2939 2940 3140 0
3140 2940 3141 0
2940 2941 3141 0
3141 2941 3142 0
2941 2942 3142 0
3142 2942 3143 0
2942 2943 3143 0
3143 2943 3144 0
2943 2944 3144 0
3144 2944 3145 0
2944 2945 3145 0
3145 2945 3146 0
2945 2946 3146 0
3146 2946 3147 0
2946 2947 3147 0
3147 2947 3148 0
2947 2948 3148 0
3148 2948 3149 0
2948 2949 3149 0
3149 2949 3150 0
2949 2950 3150 0
3150 2950 3151 0
2950 2951 3151 0
3151 2951 3152 0
2951 2952 3152 0
3152 2952 3153 0
2952 2953 3153 0
3153 2953 3154 0
2953 2954 3154 0
3154 2954 3155 0
2954 2955 3155 0
3155 2955 3156 0
2955 2956 3156 0
3156 2956 3157 0
2956 2957 3157 0
3157 2957 3158 0
2957 2958 3158 0
3158 2958 3159 0
2958 2959 3159 0
3159 2959 3160 0
2959 2960 3160 0
3160 2960 3161 0
2960 2961 3161 0
3161 2961 3162 0
2961 2962 3162 0
3162 2962 3163 0
2962 2963 3163 0
3163 2963 3164 0
2963 2964 3164 0
3164 2964 3165 0
2964 2965 3165 0
3165 2965 3166 0
2965 2966 3166 0
3166 2966 3167 0
2966 2967 3167 0
3167 2967 3168 0
2967 2968 3168 0
3168 2968 3169 0
2968 2969 3169 0
3169 2969 3170 0
2969 2970 3170 0
3170 2970 3171 0
2970 2971 3171 0
3171 2971 3172 0
2971 2972 3172 0
3172 2972 3173 0
2972 2973 3173 0
3173 2973 3174 0
2973 2974 3174 0
3174 2974 3175 0
2974 2975 3175 0
3175 2975 3176 0
2975 2976 3176 0
3176 2976 3177 0
2976 2977 3177 0
3177 2977 3178 0
2977 2978 3178 0
3178 2978 3179 0
2978 2979 3179 0
3179 2979 3180 0
2979 2980 3180 0
3180 2980 3181 0
2980 2981 3181 0
3181 2981 3182 0
2981 2982 3182 0
3182 2982 3183 0
2982 2983 3183 0
3183 2983 3184 0
2983 2984 3184 0
3184 2984 3185 0
2984 2985 3185 0
3185 2985 3186 0
2985 2986 3186 0
3186 2986 3187 0
2986 2987 3187 0
3187 2987 3188 0
2987 2988 3188 0
3188 2988 3189 0
2988 2989 3189 0
3189 2989 3190 0
2989 2990 3190 0
3190 2990 3191 0
2990 2991 3191 0
3191 2991 3192 0
2991 2992 3192 0
3192 2992 3193 0
2992 2993 3193 0
3193 2993 3194 0
2993 2994 3194 0
3194 2994 3195 0
2994 2995 3195 0
3195 2995 3196 0
2995 2996 3196 0
3196 2996 3197 0
2996 2997 3197 0
3197 2997 3198 0
2997 2998 3198 0
3198 2998 3199 0
2998 2999 3199 0
3199 2999 3200 0
2999 3000 3200 0
3200 3000 3201 0
3000 3001 3201 0
3201 3001 3202 0
3001 3002 3202 0
3202 3002 3203 0
3002 3003 3203 0
3203 3003 3204 0
3003 3004 3204 0
3204 3004 3205 0
3004 3005 3205 0
3205 3005 3206 0
3005 3006 3206 0
3206 3006 3207 0
3006 3007 3207 0
3207 3007 3208 0
3007 3008 3208 0
3208 3008 3209 0
3008 3009 3209 0
3209 3009 3210 0
3009 3010 3210 0
3210 3010 3211 0
3010 3011 3211 0
3211 3011 3212 0
3011 3012 3212 0
3212 3012 3213 0
3012 3013 3213 0
3213 3013 3214 0
3013 3014 3214 0
3214 3014 3215 0
3014 3015 3215 0
3215 3015 3216 0
3016 3017 3217 0
3217 3017 3218 0
3017 3018 3218 0
3218 3018 3219 0
3018 3019 3219 0
3219 3019 3220 0
3019 3020 3220 0
3220 3020 3221 0
3020 3021 3221 0
3221 3021 3222 0
3021 3022 3222 0
3222 3022 3223 0
3022 3023 3223 0
3223 3023 3224 0
3023 3024 3224 0
3224 3024 3225 0
3024 3025 3225 0
3225 3025 3226 0
3025 3026 3226 0
3226 3026 3227 0
3026 3027 3227 0
3227 3027 3228 0
3027 3028 3228 0
3228 3028 3229 0
3028 3029 3229 0
3229 3029 3230 0
3029 3030 3230 0
3230 3030 3231 0
3030 3031 3231 0
3231 3031 3232 0
3031 3032 3232 0
3232 3032 3233 0
3032 3033 3233 0
3233 3033 3234 0
3033 3034 3234 0
3234 3034 3235 0
3034 3035 3235 0
3235 3035 3236 0
3035 3036 3236 0
3236 3036 3237 0
3036 3037 3237 0
3237 3037 3238 0
3037 3038 3238 0
3238 3038 3239 0
3038 3039 3239 0
3239 3039 3240 0
3039 3040 3240 0
3240 3040 3241 0
3040 3041 3241 0
3241 3041 3242 0
3041 3042 3242 0
3242 3042 3243 0
3042 3043 3243 0
3243 3043 3244 0
3043 3044 3244 0
3244 3044 3245 0
3044 3045 3245 0
3245 3045 3246 0
3045 3046 3246 0
3246 3046 3247 0
3046 3047 3247 0
3247 3047 3248 0
3047 3048 3248 0
3248 3048 3249 0
3048 3049 3249 0
3249 3049 3250 0
3049 3050 3250 0
3250 3050 3251 0
3050 3051 3251 0
3251 3051 3252 0
3051 3052 3252 0
3252 3052 3253 0
3052 3053 3253 0
3253 3053 3254 0
3053 3054 3254 0
3254 3054 3255 0
3054 3055 3255 0
3255 3055 3256 0
3055 3056 3256 0
3256 3056 3257 0
3056 3057 3257 0
3257 3057 3258 0
3057 3058 3258 0
3258 3058 3259 0
3058 3059 3259 0
3259 3059 3260 0
3059 3060 3260 0
3260 3060 3261 0
3060 3061 3261 0
3261 3061 3262 0
3061 3062 3262 0
3262 3062 3263 0
3062 3063 3263 0
3263 3063 3264 0
3063 3064 3264 0
3264 3064 3265 0
3064 3065 3265 0
3265 3065 3266 0
3065 3066 3266 0
3266 3066 3267 0
3066 3067 3267 0
3267 3067 3268 0
3067 3068 3268 0
3268 3068 3269 0
3068 3069 3269 0
3269 3069 3270 0
3069 3070 3270 0
3270 3070 3271 0
3070 3071 3271 0
3271 3071 3272 0
3071 3072 3272 0
3272 3072 3273 0
3072 3073 3273 0
3273 3073 3274 0
3073 3074 3274 0
3274 3074 3275 0
3074 3075 3275 0
3275 3075 3276 0
3075 3076 3276 0
3276 3076 3277 0
3076 3077 3277 0
3277 3077 3278 0
3077 3078 3278 0
3278 3078 3279 0
3078 3079 3279 0
3279 3079 3280 0
3079 3080 3280 0
3280 3080 3281 0
3080 3081 3281 0
3281 3081 3282 0
3081 3082 3282 0
3282 3082 3283 0
3082 3083 3283 0
3283 3083 3284 0
3083 3084 3284 0
3284 3084 3285 0
3084 3085 3285 0
3285 3085 3286 0
3085 3086 3286 0
3286 3086 3287 0
3086 3087 3287 0
3287 3087 3288 0
3087 3088 3288 0
3288 3088 3289 0
3088 3089 3289 0
3289 3089 3290 0
3089 3090 3290 0
3290 3090 3291 0
3090 3091 3291 0
3291 3091 3292 0
3091 3092 3292 0
3292 3092 3293 0
3092 3093 3293 0
3293 3093 3294 0
3093 3094 3294 0
3294 3094 3295 0
3094 3095 3295 0
3295 3095 3296 0
3095 3096 3296 0
3296 3096 3297 0
3096 3097 3297 0
3297 3097 3298 0
3097 3098 3298 0
3298 3098 3299 0
3098 3099 3299 0
3299 3099 3300 0
3099 3100 3300 0
3300 3100 3301 0
3100 3101 3301 0
3301 3101 3302 0
3101 3102 3302 0
3302 3102 3303 0
3102 3103 3303 0
3303 3103 3304 0
3103 3104 3304 0
3304 3104 3305 0
3104 3105 3305 0
3305 3105 3306 0
3105 3106 3306 0
3306 3106 3307 0
3106 3107 3307 0
3307 3107 3308 0
3107 3108 3308 0
3308 3108 3309 0
3108 3109 3309 0
3309 3109 3310 0
3109 3110 3310 0
3310 3110 3311 0
3110 3111 3311 0
3311 3111 3312 0
3111 3112 3312 0
3312 3112 3313 0
3112 3113 3313 0
3313 3113 3314 0
3113 3114 3314 0
3314 3114 3315 0
3114 3115 3315 0
3315 3115 3316 0
3115 3116 3316 0
3316 3116 3317 0
3116 3117 3317 0
3317 3117 3318 0
3117 3118 3318 0
3318 3118 3319 0
3118 3119 3319 0
3319 3119 3320 0
3119 3120 3320 0
3320 3120 3321 0
3120 3121 3321 0
3321 3121 3322 0
3121 3122 3322 0
3322 3122 3323 0
3122 3123 3323 0
3323 3123 3324 0
3123 3124 3324 0
3324 3124 3325 0
3124 3125 3325 0
3325 3125 3326 0
3125 3126 3326 0
3326 3126 3327 0
3126 3127 3327 0
3327 3127 3328 0
3127 3128 3328 0
3328 3128 3329 0
3128 3129 3329 0
3329 3129 3330 0
3129 3130 3330 0
3330 3130 3331 0
3130 3131 3331 0
3331 3131 3332 0
3131 3132 3332 0
3332 3132 3333 0
3132 3133 3333 0
3333 3133 3334 0
3133 3134 3334 0
3334 3134 3335 0
3134 3135 3335 0
3335 3135 3336 0
3135 3136 3336 0
3336 3136 3337 0
3136 3137 3337 0
3337 3137 3338 0
3137 3138 3338 0
3338 3138 3339 0
3138 3139 3339 0
3339 3139 3340 0
3139 3140 3340 0
3340 3140 3341 0
3140 3141 3341 0
3341 3141 3342 0
3141 3142 3342 0
3342 3142 3343 0
3142 3143 3343 0
3343 3143 3344 0
3143 3144 3344 0
3344 3144 3345 0
3144 3145 3345 0
3345 3145 3346 0
3145 3146 3346 0
3346 3146 3347 0
3146 3147 3347 0
3347 3147 3348 0
3147 3148 3348 0
3348 3148 3349 0
3148 3149 3349 0
3349 3149 3350 0
3149 3150 3350 0
3350 3150 3351 0
3150 3151 3351 0
3351 3151 3352 0
3151 3152 3352 0
3352 3152 3353 0
3152 3153 3353 0
3353 3153 3354 0
3153 3154 3354 0
3354 3154 3355 0
3154 3155 3355 0
3355 3155 3356 0
3155 3156 3356 0
3356 3156 3357 0
3156 3157 3357 0
3357 3157 3358 0
3157 3158 3358 0
3358 3158 3359 0
3158 3159 3359 0
3359 3159 3360 0
3159 3160 3360 0
3360 3160 3361 0
3160 3161 3361 0
3361 3161 3362 0
3161 3162 3362 0
3362 3162 3363 0
3162 3163 3363 0
3363 3163 3364 0
3163 3164 3364 0
3364 3164 3365 0
3164 3165 3365 0
3365 3165 3366 0
3165 3166 3366 0
3366 3166 3367 0
3166 3167 3367 0
3367 3167 3368 0
3167 3168 3368 0
3368 3168 3369 0
3168 3169 3369 0
3369 3169 3370 0
3169 3170 3370 0
3370 3170 3371 0
3170 3171 3371 0
3371 3171 3372 0
3171 3172 3372 0
3372 3172 3373 0
3172 3173 3373 0
3373 3173 3374 0
3173 3174 3374 0
3374 3174 3375 0
3174 3175 3375 0
3375 3175 3376 0
3175 3176 3376 0
3376 3176 3377 0
3176 3177 3377 0
3377 3177 3378 0
3177 3178 3378 0
3378 3178 3379 0
3178 3179 3379 0
3379 3179 3380 0
3179 3180 3380 0
3380 3180 3381 0
3180 3181 3381 0
3381 3181 3382 0
3181 3182 3382 0
3382 3182 3383 0
3182 3183 3383 0
3383 3183 3384 0
3183 3184 3384 0
3384 3184 3385 0
3184 3185 3385 0
3385 3185 3386 0
3185 3186 3386 0
3386 3186 3387 0
3186 3187 3387 0
3387 3187 3388 0
3187 3188 3388 0
3388 3188 3389 0
3188 3189 3389 0
3389 3189 3390 0
3189 3190 3390 0
3390 3190 3391 0
3190 3191 3391 0
3391 3191 3392 0
3191 3192 3392 0
3392 3192 3393 0
3192 3193 3393 0
3393 3193 3394 0
3193 3194 3394 0
3394 3194 3395 0
3194 3195 3395 0
3395 3195 3396 0
3195 3196 3396 0
3396 3196 3397 0
3196 3197 3397 0
3397 3197 3398 0
3197 3198 3398 0
3398 3198 3399 0
3198 3199 3399 0
3399 3199 3400 0
3199 3200 3400 0
3400 3200 3401 0
3200 3201 3401 0
3401 3201 3402 0
3201 3202 3402 0
3402 3202 3403 0
3202 3203 3403 0
3403 3203 3404 0
3203 3204 3404 0
3404 3204 3405 0
3204 3205 3405 0
3405 3205 3406 0
3205 3206 3406 0
3406 3206 3407 0
3206 3207 3407 0
3407 3207 3408 0
3207 3208 3408 0
3408 3208 3409 0
3208 3209 3409 0
3409 3209 3410 0
3209 3210 3410 0
3410 3210 3411 0
3210 3211 3411 0
3411 3211 3412 0
3211 3212 3412 0
3412 3212 3413 0
3212 3213 3413 0
3413 3213 3414 0
3213 3214 3414 0
3414 3214 3415 0
3214 3215 3415 0
3415 3215 3416 0
3215 3216 3416 0
3416 3216 3417 0
3217 3218 3418 0
3418 3218 3419 0
3218 3219 3419 0
3419 3219 3420 0
3219 3220 3420 0
3420 3220 3421 0
3220 3221 3421 0
3421 3221 3422 0
3221 3222 3422 0
3422 3222 3423 0
3222 3223 3423 0
3423 3223 3424 0
3223 3224 3424 0
3424 3224 3425 0
3224 3225 3425 0
3425 3225 3426 0
3225 3226 3426 0
3426 3226 3427 0
3226 3227 3427 0
3427 3227 3428 0
3227 3228 3428 0
3428 3228 3429 0
3228 3229 3429 0
3429 3229 3430 0
3229 3230 3430 0
3430 3230 3431 0
3230 3231 3431 0
3431 3231 3432 0
3231 3232 3432 0
3432 3232 3433 0
3232 3233 3433 0
3433 3233 3434 0
3233 3234 3434 0
3434 3234 3435 0
3234 3235 3435 0
3435 3235 3436 0
3235 3236 3436 0
3436 3236 3437 0
3236 3237 3437 0
3437 3237 3438 0
3237 3238 3438 0
3438 3238 3439 0
3238 3239 3439 0
3439 3239 3440 0
3239 3240 3440 0
3440 3240 3441 0
3240 3241 3441 0
3441 3241 3442 0
3241 3242 3442 0
3442 3242 3443 0
3242 3243 3443 0
3443 3243 3444 0
3243 3244 3444 0
3444 3244 3445 0
3244 3245 3445 0
3445 3245 3446 0
3245 3246 3446 0
3446 3246 3447 0
3246 3247 3447 0
3447 3247 3448 0
3247 3248 3448 0
3448 3248 3449 0
3248 3249 3449 0
3449 3249 3450 0
3249 3250 3450 0
3450 3250 3451 0
3250 3251 3451 0
3451 3251 3452 0
3251 3252 3452 0
3452 3252 3453 0
3252 3253 3453 0
3453 3253 3454 0
3253 3254 3454 0
3454 3254 3455 0
3254 3255 3455 0
3455 3255 3456 0
3255 3256 3456 0
3456 3256 3457 0
3256 3257 3457 0
3457 3257 3458 0
3257 3258 3458 0
3458 3258 3459 0
3258 3259 3459 0
3459 3259 3460 0
3259 3260 3460 0
3460 3260 3461 0
3260 3261 3461 0
3461 3261 3462 0
3261 3262 3462 0
3462 3262 3463 0
3262 3263 3463 0
3463 3263 3464 0
3263 3264 3464 0
3464 3264 3465 0
3264 3265 3465 0
3465 3265 3466 0
3265 3266 3466 0
3466 3266 3467 0
3266 3267 3467 0
3467 3267 3468 0
3267 3268 3468 0
3468 3268 3469 0
3268 3269 3469 0
3469 3269 3470 0
3269 3270 3470 0
3470 3270 3471 0
3270 3271 3471 0
3471 3271 3472 0
3271 3272 3472 0
3472 3272 3473 0
3272 3273 3473 0
3473 3273 3474 0
3273 3274 3474 0
3474 3274 3475 0
3274 3275 3475 0
3475 3275 3476 0
3275 3276 3476 0
3476 3276 3477 0
3276 3277 3477 0
3477 3277 3478 0
3277 3278 3478 0
3478 3278 3479 0
3278 3279 3479 0
3479 3279 3480 0
3279 3280 3480 0
3480 3280 3481 0
3280 3281 3481 0
3481 3281 3482 0
3281 3282 3482 0
3482 3282 3483 0
3282 3283 3483 0
3483 3283 3484 0
3283 3284 3484 0
3484 3284 3485 0
3284 3285 3485 0
3485 3285 3486 0
3285 3286 3486 0
3486 3286 3487 0
3286 3287 3487 0
3487 3287 3488 0
3287 3288 3488 0
3488 3288 3489 0
3288 3289 3489 0
3489 3289 3490 0
3289 3290 3490 0
3490 3290 3491 0
3290 3291 3491 0
3491 3291 3492 0
3291 3292 3492 0
3492 3292 3493 0
3292 3293 3493 0
3493 3293 3494 0
3293 3294 3494 0
3494 3294 3495 0
3294 3295 3495 0
3495 3295 3496 0
3295 3296 3496 0
3496 3296 3497 0
3296 3297 3497 0
3497 3297 3498 0
3297 3298 3498 0
3498 3298 3499 0
3298 3299 3499 0
3499 3299 3500 0
3299 3300 3500 0
3500 3300 3501 0
3300 3301 3501 0
3501 3301 3502 0
3301 3302 3502 0
3502 3302 3503 0
3302 3303 3503 0
3503 3303 3504 0
3303 3304 3504 0
3504 3304 3505 0
3304 3305 3505 0
3505 3305 3506 0
3305 3306 3506 0
3506 3306 3507 0
3306 3307 3507 0
3507 3307 3508 0
3307 3308 3508 0
3508 3308 3509 0
3308 3309 3509 0
3509 3309 3510 0
3309 3310 3510 0
3510 3310 3511 0
3310 3311 3511 0
3511 3311 3512 0
3311 3312 3512 0
3512 3312 3513 0
3312 3313 3513 0
3513 3313 3514 0
3313 3314 3514 0
3514 3314 3515 0
3314 3315 3515 0
3515 3315 3516 0
3315 3316 3516 0
3516 3316 3517 0
3316 3317 3517 0
3517 3317 3518 0
3317 3318 3518 0
3518 3318 3519 0
3318 3319 3519 0
3519 3319 3520 0
3319 3320 3520 0
3520 3320 3521 0
3320 3321 3521 0
3521 3321 3522 0
3321 3322 3522 0
3522 3322 3523 0
3322 3323 3523 0
3523 3323 3524 0
3323 3324 3524 0
3524 3324 3525 0
3324 3325 3525 0
3525 3325 3526 0
3325 3326 3526 0
3526 3326 3527 0
3326 3327 3527 0
3527 3327 3528 0
3327 3328 3528 0
3528 3328 3529 0
3328 3329 3529 0
3529 3329 3530 0
3329 3330 3530 0
3530 3330 3531 0
3330 3331 3531 0
3531 3331 3532 0
3331 3332 3532 0
3532 3332 3533 0
3332 3333 3533 0
3533 3333 3534 0
3333 3334 3534 0
3534 3334 3535 0
3334 3335 3535 0
3535 3335 3536 0
3335 3336 3536 0
3536 3336 3537 0
3336 3337 3537 0
3537 3337 3538 0
3337 3338 3538 0
3538 3338 3539 0
3338 3339 3539 0
3539 3339 3540 0
3339 3340 3540 0
3540 3340 3541 0
3340 3341 3541 0
3541 3341 3542 0
3341 3342 3542 0
3542 3342 3543 0
3342 3343 3543 0
3543 3343 3544 0
3343 3344 3544 0
3544 3344 3545 0
3344 3345 3545 0
3545 3345 3546 0
3345 3346 3546 0
3546 3346 3547 0
3346 3347 3547 0
3547 3347 3548 0
3347 3348 3548 0
3548 3348 3549 0
3348 3349 3549 0
3549 3349 3550 0
3349 3350 3550 0
3550 3350 3551 0
3350 3351 3551 0
3551 3351 3552 0
3351 3352 3552 0
3552 3352 3553 0
3352 3353 3553 0
3553 3353 3554 0
3353 3354 3554 0
3554 3354 3555 0
3354 3355 3555 0
3555 3355 3556 0
3355 3356 3556 0
3556 3356 3557 0
3356 3357 3557 0
3557 3357 3558 0
3357 3358 3558 0
3558 3358 3559 0
3358 3359 3559 0
3559 3359 3560 0
3359 3360 3560 0
3560 3360 3561 0
3360 3361 3561 0
3561 3361 3562 0
3361 3362 3562 0
3562 3362 3563 0
3362 3363 3563 0
3563 3363 3564 0
3363 3364 3564 0
3564 3364 3565 0
3364 3365 3565 0
3565 3365 3566 0
3365 3366 3566 0
3566 3366 3567 0
3366 3367 3567 0
3567 3367 3568 0
3367 3368 3568 0
3568 3368 3569 0
3368 3369 3569 0
3569 3369 3570 0
3369 3370 3570 0
3570 3370 3571 0
3370 3371 3571 0
3571 3371 3572 0
3371 3372 3572 0
3572 3372 3573 0
3372 3373 3573 0
3573 3373 3574 0
3373 3374 3574 0
3574 3374 3575 0
3374 3375 3575 0
3575 3375 3576 0
3375 3376 3576 0
3576 3376 3577 0
3376 3377 3577 0
3577 3377 3578 0
3377 3378 3578 0
3578 3378 3579 0
3378 3379 3579 0
3579 3379 3580 0
3379 3380 3580 0
3580 3380 3581 0
3380 3381 3581 0
3581 3381 3582 0
3381 3382 3582 0
3582 3382 3583 0
3382 3383 3583 0
3583 3383 3584 0
3383 3384 3584 0
3584 3384 3585 0
3384 3385 3585 0
3585 3385 3586 0
3385 3386 3586 0
3586 3386 3587 0
3386 3387 3587 0
3587 3387 3588 0
3387 3388 3588 0
3588 3388 3589 0
3388 3389 3589 0
3589 3389 3590 0
3389 3390 3590 0
3590 3390 3591 0
3390 3391 3591 0
3591 3391 3592 0
3391 3392 3592 0
3592 3392 3593 0
3392 3393 3593 0
3593 3393 3594 0
3393 3394 3594 0
3594 3394 3595 0
3394 3395 3595 0
3595 3395 3596 0
3395 3396 3596 0
3596 3396 3597 0
3396 3397 3597 0
3597 3397 3598 0
3397 3398 3598 0
3598 3398 3599 0
3398 3399 3599 0
3599 3399 3600 0
3399 3400 3600 0
3600 3400 3601 0
3400 3401 3601 0
3601 3401 3602 0
3401 3402 3602 0
3602 3402 3603 0
3402 3403 3603 0
3603 3403 3604 0
3403 3404 3604 0
3604 3404 3605 0
3404 3405 3605 0
3605 3405 3606 0
3405 3406 3606 0
3606 3406 3607 0
3406 3407 3607 0
3607 3407 3608 0
3407 3408 3608 0
3608 3408 3609 0
3408 3409 3609 0
3609 3409 3610 0
3409 3410 3610 0
3610 3410 3611 0
3410 3411 3611 0
3611 3411 3612 0
3411 3412 3612 0
3612 3412 3613 0
3412 3413 3613 0
3613 3413 3614 0
3413 3414 3614 0
3614 3414 3615 0
3414 3415 3615 0
3615 3415 3616 0
3415 3416 3616 0
3616 3416 3617 0
3416 3417 3617 0
3617 3417 3618 0
3418 3419 3619 0
3619 3419 3620 0
3419 3420 3620 0
3620 3420 3621 0
3420 3421 3621 0
3621 3421 3622 0
3421 3422 3622 0
3622 3422 3623 0
3422 3423 3623 0
3623 3423 3624 0
3423 3424 3624 0
3624 3424 3625 0
3424 3425 3625 0
3625 3425 3626 0
3425 3426 3626 0
3626 3426 3627 0
3426 3427 3627 0
3627 3427 3628 0
3427 3428 3628 0
3628 3428 3629 0
3428 3429 3629 0
3629 3429 3630 0
3429 3430 3630 0
3630 3430 3631 0
3430 3431 3631 0
3631 3431 3632 0
3431 3432 3632 0
3632 3432 3633 0
3432 3433 3633 0
3633 3433 3634 0
3433 3434 3634 0
3634 3434 3635 0
3434 3435 3635 0
3635 3435 3636 0
3435 3436 3636 0
3636 3436 3637 0
3436 3437 3637 0
3637 3437 3638 0
3437 3438 3638 0
3638 3438 3639 0
3438 3439 3639 0
3639 3439 3640 0
3439 3440 3640 0
3640 3440 3641 0
3440 3441 3641 0
3641 3441 3642 0
3441 3442 3642 0
3642 3442 3643 0
3442 3443 3643 0
3643 3443 3644 0
3443 3444 3644 0
3644 3444 3645 0
3444 3445 3645 0
3645 3445 3646 0
3445 3446 3646 0
3646 3446 3647 0
3446 3447 3647 0
3647 3447 3648 0
3447 3448 3648 0
3648 3448 3649 0
3448 3449 3649 0
3649 3449 3650 0
3449 3450 3650 0
3650 3450 3651 0
3450 3451 3651 0
3651 3451 3652 0
3451 3452 3652 0
3652 3452 3653 0
3452 3453 3653 0
3653 3453 3654 0
3453 3454 3654 0
3654 3454 3655 0
3454 3455 3655 0
3655 3455 3656 0
3455 3456 3656 0
3656 3456 3657 0
3456 3457 3657 0
3657 3457 3658 0
3457 3458 3658 0
3658 3458 3659 0
3458 3459 3659 0
3659 3459 3660 0
3459 3460 3660 0
3660 3460 3661 0
3460 3461 3661 0
3661 3461 3662 0
3461 3462 3662 0
3662 3462 3663 0
3462 3463 3663 0
3663 3463 3664 0
3463 3464 3664 0
3664 3464 3665 0
3464 3465 3665 0
3665 3465 3666 0
3465 3466 3666 0
3666 3466 3667 0
3466 3467 3667 0
3667 3467 3668 0
3467 3468 3668 0
3668 3468 3669 0
3468 3469 3669 0
3669 3469 3670 0
3469 3470 3670 0
3670 3470 3671 0
3470 3471 3671 0
3671 3471 3672 0
3471 3472 3672 0
3672 3472 3673 0
3472 3473 3673 0
3673 3473 3674 0
3473 3474 3674 0
3674 3474 3675 0
3474 3475 3675 0
3675 3475 3676 0
3475 3476 3676 0
3676 3476 3677 0
3476 3477 3677 0
3677 3477 3678 0
3477 3478 3678 0
3678 3478 3679 0
3478 3479 3679 0
3679 3479 3680 0
3479 3480 3680 0
3680 3480 3681 0
3480 3481 3681 0
3681 3481 3682 0
3481 3482 3682 0
3682 3482 3683 0
3482 3483 3683 0
3683 3483 3684 0
3483 3484 3684 0
3684 3484 3685 0
3484 3485 3685 0
3685 3485 3686 0
3485 3486 3686 0
3686 3486 3687 0
3486 3487 3687 0
3687 3487 3688 0
3487 3488 3688 0
3688 3488 3689 0
3488 3489 3689 0
3689 3489 3690 0
3489 3490 3690 0
3690 3490 3691 0
3490 3491 3691 0
3691 3491 3692 0
3491 3492 3692 0
3692 3492 3693 0
3492 3493 3693 0
3693 3493 3694 0
3493 3494 3694 0
3694 3494 3695 0
3494 3495 3695 0
3695 3495 3696 0
3495 3496 3696 0
3696 3496 3697 0
3496 3497 3697 0
3697 3497 3698 0
3497 3498 3698 0
3698 3498 3699 0
3498 3499 3699 0
3699 3499 3700 0
3499 3500 3700 0
3700 3500 3701 0
3500 3501 3701 0
3701 3501 3702 0
3501 3502 3702 0
3702 3502 3703 0
3502 3503 3703 0
3703 3503 3704 0
3503 3504 3704 0
3704 3504 3705 0
3504 3505 3705 0
3705 3505 3706 0
3505 3506 3706 0
3706 3506 3707 0
3506 3507 3707 0
3707 3507 3708 0
3507 3508 3708 0
3708 3508 3709 0
3508 3509 3709 0
3709 3509 3710 0
3509 3510 3710 0
3710 3510 3711 0
3510 3511 3711 0
3711 3511 3712 0
3511 3512 3712 0
3712 3512 3713 0
3512 3513 3713 0
3713 3513 3714 0
3513 3514 3714 0
3714 3514 3715 0
3514 3515 3715 0
3715 3515 3716 0
3515 3516 3716 0
3716 3516 3717 0
3516 3517 3717 0
3717 3517 3718 0
3517 3518 3718 0
3718 3518 3719 0
3518 3519 3719 0
3719 3519 3720 0
3519 3520 3720 0
3720 3520 3721 0
3520 3521 3721 0
3721 3521 3722 0
3521 3522 3722 0
3722 3522 3723 0
3522 3523 3723 0
3723 3523 3724 0
3523 3524 3724 0
3724 3524 3725 0
3524 3525 3725 0
3725 3525 3726 0
3525 3526 3726 0
3726 3526 3727 0
3526 3527 3727 0
3727 3527 3728 0
3527 3528 3728 0
3728 3528 3729 0
3528 3529 3729 0
3729 3529 3730 0
3529 3530 3730 0
3730 3530 3731 0
3530 3531 3731 0
3731 3531 3732 0
3531 3532 3732 0
3732 3532 3733 0
3532 3533 3733 0
3733 3533 3734 0
3533 3534 3734 0
3734 3534 3735 0
3534 3535 3735 0
3735 3535 3736 0
3535 3536 3736 0
3736 3536 3737 0
3536 3537 3737 0
3737 3537 3738 0
3537 3538 3738 0
3738 3538 3739 0
3538 3539 3739 0
3739 3539 3740 0
3539 3540 3740 0
3740 3540 3741 0
3540 3541 3741 0
3741 3541 3742 0
3541 3542 3742 0
3742 3542 3743 0
3542 3543 3743 0
3743 3543 3744 0
3543 3544 3744 0
3744 3544 3745 0
3544 3545 3745 0
3745 3545 3746 0
3545 3546 3746 0
3746 3546 3747 0
3546 3547 3747 0
3747 3547 3748 0
3547 3548 3748 0
3748 3548 3749 0
3548 3549 3749 0
3749 3549 3750 0
3549 3550 3750 0
3750 3550 3751 0
3550 3551 3751 0
3751 3551 3752 0
3551 3552 3752 0
3752 3552 3753 0
3552 3553 3753 0
3753 3553 3754 0
3553 3554 3754 0
3754 3554 3755 0
3554 3555 3755 0
3755 3555 3756 0
3555 3556 3756 0
3756 3556 3757 0
3556 3557 3757 0
3757 3557 3758 0
3557 3558 3758 0
3758 3558 3759 0
3558 3559 3759 0
3759 3559 3760 0
3559 3560 3760 0
3760 3560 3761 0
3560 3561 3761 0
3761 3561 3762 0
3561 3562 3762 0
3762 3562 3763 0
3562 3563 3763 0
3763 3563 3764 0
3563 3564 3764 0
3764 3564 3765 0
3564 3565 3765 0
3765 3565 3766 0
3565 3566 3766 0
3766 3566 3767 0
3566 3567 3767 0
3767 3567 3768 0
3567 3568 3768 0
3768 3568 3769 0
3568 3569 3769 0
3769 3569 3770 0
3569 3570 3770 0
3770 3570 3771 0
3570 3571 3771 0
3771 3571 3772 0
3571 3572 3772 0
3772 3572 3773 0
3572 3573 3773 0
3773 3573 3774 0
3573 3574 3774 0
3774 3574 3775 0
3574 3575 3775 0
3775 3575 3776 0
3575 3576 3776 0
3776 3576 3777 0
3576 3577 3777 0
3777 3577 3778 0
3577 3578 3778 0
3778 3578 3779 0
3578 3579 3779 0
3779 3579 3780 0
3579 3580 3780 0
3780 3580 3781 0
3580 3581 3781 0
3781 3581 3782 0
3581 3582 3782 0
3782 3582 3783 0
3582 3583 3783 0
3783 3583 3784 0
3583 3584 3784 0
3784 3584 3785 0
3584 3585 3785 0
3785 3585 3786 0
3585 3586 3786 0
3786 3586 3787 0
3586 3587 3787 0
3787 3587 3788 0
3587 3588 3788 0
3788 3588 3789 0
3588 3589 3789 0
3789 3589 3790 0
3589 3590 3790 0
3790 3590 3791 0
3590 3591 3791 0
3791 3591 3792 0
3591 3592 3792 0
3792 3592 3793 0
3592 3593 3793 0
3793 3593 3794 0
3593 3594 3794 0
3794 3594 3795 0
3594 3595 3795 0
3795 3595 3796 0
3595 3596 3796 0
3796 3596 3797 0
3596 3597 3797 0
3797 3597 3798 0
3597 3598 3798 0
3798 3598 3799 0
3598 3599 3799 0
3799 3599 3800 0
3599 3600 3800 0
3800 3600 3801 0
3600 3601 3801 0
3801 3601 3802 0
3601 3602 3802 0
3802 3602 3803 0
3602 3603 3803 0
3803 3603 3804 0
3603 3604 3804 0
3804 3604 3805 0
3604 3605 3805 0
3805 3605 3806 0
3605 3606 3806 0
3806 3606 3807 0
3606 3607 3807 0
3807 3607 3808 0
3607 3608 3808 0
3808 3608 3809 0
3608 3609 3809 0
3809 3609 3810 0
3609 3610 3810 0
3810 3610 3811 0
3610 3611 3811 0
3811 3611 3812 0
3611 3612 3812 0
3812 3612 3813 0
3612 3613 3813 0
3813 3613 3814 0
3613 3614 3814 0
3814 3614 3815 0
3614 3615 3815 0
3815 3615 3816 0
3615 3616 3816 0
3816 3616 3817 0
3616 3617 3817 0
3817 3617 3818 0
3617 3618 3818 0
3818 3618 3819 0
3619 3620 3820 0
3820 3620 3821 0
3620 3621 3821 0
3821 3621 3822 0
3621 3622 3822 0
3822 3622 3823 0
3622 3623 3823 0
3823 3623 3824 0
3623 3624 3824 0
3824 3624 3825 0
3624 3625 3825 0
3825 3625 3826 0
3625 3626 3826 0
3826 3626 3827 0
3626 3627 3827 0
3827 3627 3828 0
3627 3628 3828 0
3828 3628 3829 0
3628 3629 3829 0
3829 3629 3830 0
3629 3630 3830 0
3830 3630 3831 0
3630 3631 3831 0
3831 3631 3832 0
3631 3632 3832 0
3832 3632 3833 0
3632 3633 3833 0
3833 3633 3834 0
3633 3634 3834 0
3834 3634 3835 0
3634 3635 3835 0
3835 3635 3836 0
3635 3636 3836 0
3836 3636 3837 0
3636 3637 3837 0
3837 3637 3838 0
3637 3638 3838 0
3838 3638 3839 0
3638 3639 3839 0
3839 3639 3840 0
3639 3640 3840 0
3840 3640 3841 0
3640 3641 3841 0
3841 3641 3842 0
3641 3642 3842 0
3842 3642 3843 0
3642 3643 3843 0
3843 3643 3844 0
3643 3644 3844 0
3844 3644 3845 0
3644 3645 3845 0
3845 3645 3846 0
3645 3646 3846 0
3846 3646 3847 0
3646 3647 3847 0
3847 3647 3848 0
3647 3648 3848 0
3848 3648 3849 0
3648 3649 3849 0
3849 3649 3850 0
3649 3650 3850 0
3850 3650 3851 0
3650 3651 3851 0
3851 3651 3852 0
3651 3652 3852 0
3852 3652 3853 0
3652 3653 3853 0
3853 3653 3854 0
3653 3654 3854 0
3854 3654 3855 0
3654 3655 3855 0
3855 3655 3856 0
3655 3656 3856 0
3856 3656 3857 0
3656 3657 3857 0
3857 3657 3858 0
3657 3658 3858 0
3858 3658 3859 0
3658 3659 3859 0
3859 3659 3860 0
3659 3660 3860 0
3860 3660 3861 0
3660 3661 3861 0
3861 3661 3862 0
3661 3662 3862 0
3862 3662 3863 0
3662 3663 3863 0
3863 3663 3864 0
3663 3664 3864 0
3864 3664 3865 0
3664 3665 3865 0
3865 3665 3866 0
3665 3666 3866 0
3866 3666 3867 0
3666 3667 3867 0
3867 3667 3868 0
3667 3668 3868 0
3868 3668 3869 0
3668 3669 3869 0
3869 3669 3870 0
3669 3670 3870 0
3870 3670 3871 0
3670 3671 3871 0
3871 3671 3872 0
3671 3672 3872 0
3872 3672 3873 0
3672 3673 3873 0
3873 3673 3874 0
3673 3674 3874 0
3874 3674 3875 0
3674 3675 3875 0
3875 3675 3876 0
3675 3676 3876 0
3876 3676 3877 0
3676 3677 3877 0
3877 3677 3878 0
3677 3678 3878 0
3878 3678 3879 0
3678 3679 3879 0
3879 3679 3880 0
3679 3680 3880 0
3880 3680 3881 0
3680 3681 3881 0
3881 3681 3882 0
3681 3682 3882 0
3882 3682 3883 0
3682 3683 3883 0
3883 3683 3884 0
3683 3684 3884 0
3884 3684 3885 0
3684 3685 3885 0
3885 3685 3886 0
3685 3686 3886 0
3886 3686 3887 0
3686 3687 3887 0
3887 3687 3888 0
3687 3688 3888 0
3888 3688 3889 0
3688 3689 3889 0
3889 3689 3890 0
3689 3690 3890 0
3890 3690 3891 0
3690 3691 3891 0
3891 3691 3892 0
3691 3692 3892 0
3892 3692 3893 0
3692 3693 3893 0
3893 3693 3894 0
3693 3694 3894 0
3894 3694 3895 0
3694 3695 3895 0
3895 3695 3896 0
3695 3696 3896 0
3896 3696 3897 0
3696 3697 3897 0
3897 3697 3898 0
3697 3698 3898 0
3898 3698 3899 0
3698 3699 3899 0
3899 3699 3900 0
3699 3700 3900 0
3900 3700 3901 0
3700 3701 3901 0
3901 3701 3902 0
3701 3702 3902 0
3902 3702 3903 0
3702 3703 3903 0
3903 3703 3904 0
3703 3704 3904 0
3904 3704 3905 0
3704 3705 3905 0
3905 3705 3906 0
3705 3706 3906 0
3906 3706 3907 0
3706 3707 3907 0
3907 3707 3908 0
3707 3708 3908 0
3908 3708 3909 0
3708 3709 3909 0
3909 3709 3910 0
3709 3710 3910 0
3910 3710 3911 0
3710 3711 3911 0
3911 3711 3912 0
3711 3712 3912 0
3912 3712 3913 0
3712 3713 3913 0
3913 3713 3914 0
3713 3714 3914 0
3914 3714 3915 0
3714 3715 3915 0
3915 3715 3916 0
3715 3716 3916 0
3916 3716 3917 0
3716 3717 3917 0
3917 3717 3918 0
3717 3718 3918 0
3918 3718 3919 0
3718 3719 3919 0
3919 3719 3920 0
3719 3720 3920 0
3920 3720 3921 0
3720 3721 3921 0
3921 3721 3922 0
3721 3722 3922 0
3922 3722 3923 0
3722 3723 3923 0
3923 3723 3924 0
3723 3724 3924 0
3924 3724 3925 0
3724 3725 3925 0
3925 3725 3926 0
3725 3726 3926 0
3926 3726 3927 0
3726 3727 3927 0
3927 3727 3928 0
3727 3728 3928 0
3928 3728 3929 0
3728 3729 3929 0
3929 3729 3930 0
3729 3730 3930 0
3930 3730 3931 0
3730 3731 3931 0
3931 3731 3932 0
3731 3732 3932 0
3932 3732 3933 0
3732 3733 3933 0
3933 3733 3934 0
3733 3734 3934 0
3934 3734 3935 0
3734 3735 3935 0
3935 3735 3936 0
3735 3736 3936 0
3936 3736 3937 0
3736 3737 3937 0
3937 3737 3938 0
3737 3738 3938 0
3938 3738 3939 0
3738 3739 3939 0
3939 3739 3940 0
3739 3740 3940 0
3940 3740 3941 0
3740 3741 3941 0
3941 3741 3942 0
3741 3742 3942 0
3942 3742 3943 0
3742 3743 3943 0
3943 3743 3944 0
3743 3744 3944 0
3944 3744 3945 0
3744 3745 3945 0
3945 3745 3946 0
3745 3746 3946 0
3946 3746 3947 0
3746 3747 3947 0
3947 3747 3948 0
3747 3748 3948 0
3948 3748 3949 0
3748 3749 3949 0
3949 3749 3950 0
3749 3750 3950 0
3950 3750 3951 0
3750 3751 3951 0
3951 3751 3952 0
3751 3752 3952 0
3952 3752 3953 0
3752 3753 3953 0
3953 3753 3954 0
3753 3754 3954 0
3954 3754 3955 0
3754 3755 3955 0
3955 3755 3956 0
3755 3756 3956 0
3956 3756 3957 0
3756 3757 3957 0
3957 3757 3958 0
3757 3758 3958 0
3958 3758 3959 0
3758 3759 3959 0
3959 3759 3960 0
3759 3760 3960 0
3960 3760 3961 0
3760 3761 3961 0
3961 3761 3962 0
3761 3762 3962 0
3962 3762 3963 0
3762 3763 3963 0
3963 3763 3964 0
3763 3764 3964 0
3964 3764 3965 0
3764 3765 3965 0
3965 3765 3966 0
3765 3766 3966 0
3966 3766 3967 0
3766 3767 3967 0
3967 3767 3968 0
3767 3768 3968 0
3968 3768 3969 0
3768 3769 3969 0
3969 3769 3970 0
3769 3770 3970 0
3970 3770 3971 0
3770 3771 3971 0
3971 3771 3972 0
3771 3772 3972 0
3972 3772 3973 0
3772 3773 3973 0
3973 3773 3974 0
3773 3774 3974 0
3974 3774 3975 0
3774 3775 3975 0
3975 3775 3976 0
3775 3776 3976 0
3976 3776 3977 0
3776 3777 3977 0
3977 3777 3978 0
3777 3778 3978 0
3978 3778 3979 0
3778 3779 3979 0
3979 3779 3980 0
3779 3780 3980 0
3980 3780 3981 0
3780 3781 3981 0
3981 3781 3982 0
3781 3782 3982 0
3982 3782 3983 0
3782 3783 3983 0
3983 3783 3984 0
3783 3784 3984 0
3984 3784 3985 0
3784 3785 3985 0
3985 3785 3986 0
3785 3786 3986 0
3986 3786 3987 0
3786 3787 3987 0
3987 3787 3988 0
3787 3788 3988 0
3988 3788 3989 0
3788 3789 3989 0
3989 3789 3990 0
3789 3790 3990 0
3990 3790 3991 0
3790 3791 3991 0
3991 3791 3992 0
3791 3792 3992 0
3992 3792 3993 0
3792 3793 3993 0
3993 3793 3994 0
3793 3794 3994 0
3994 3794 3995 0
3794 3795 3995 0
3995 3795 3996 0
3795 3796 3996 0
3996 3796 3997 0
3796 3797 3997 0
3997 3797 3998 0
3797 3798 3998 0
3998 3798 3999 0
3798 3799 3999 0
3999 3799 4000 0
3799 3800 4000 0
4000 3800 4001 0
3800 3801 4001 0
4001 3801 4002 0
3801 3802 4002 0
4002 3802 4003 0
3802 3803 4003 0
4003 3803 4004 0
3803 3804 4004 0
4004 3804 4005 0
3804 3805 4005 0
4005 3805 4006 0
3805 3806 4006 0
4006 3806 4007 0
3806 3807 4007 0
4007 3807 4008 0
3807 3808 4008 0
4008 3808 4009 0
3808 3809 4009 0
4009 3809 4010 0
3809 3810 4010 0
4010 3810 4011 0
3810 3811 4011 0
4011 3811 4012 0
3811 3812 4012 0
4012 3812 4013 0
3812 3813 4013 0
4013 3813 4014 0
3813 3814 4014 0
4014 3814 4015 0
3814 3815 4015 0
4015 3815 4016 0
3815 3816 4016 0
4016 3816 4017 0
3816 3817 4017 0
4017 3817 4018 0
3817 3818 4018 0
4018 3818 4019 0
3818 3819 4019 0
4019 3819 4020 0
3820 3821 4021 0
4021 3821 4022 0
3821 3822 4022 0
4022 3822 4023 0
3822 3823 4023 0
4023 3823 4024 0
3823 3824 4024 0
4024 3824 4025 0
3824 3825 4025 0
4025 3825 4026 0
3825 3826 4026 0
4026 3826 4027 0
3826 3827 4027 0
4027 3827 4028 0
3827 3828 4028 0
4028 3828 4029 0
3828 3829 4029 0
4029 3829 4030 0
3829 3830 4030 0
4030 3830 4031 0
3830 3831 4031 0
4031 3831 4032 0
3831 3832 4032 0
4032 3832 4033 0
3832 3833 4033 0
4033 3833 4034 0
3833 3834 4034 0
4034 3834 4035 0
3834 3835 4035 0
4035 3835 4036 0
3835 3836 4036 0
4036 3836 4037 0
3836 3837 4037 0
4037 3837 4038 0
3837 3838 4038 0
4038 3838 4039 0
3838 3839 4039 0
4039 3839 4040 0
3839 3840 4040 0
4040 3840 4041 0
3840 3841 4041 0
4041 3841 4042 0
3841 3842 4042 0
4042 3842 4043 0
3842 3843 4043 0
4043 3843 4044 0
3843 3844 4044 0
4044 3844 4045 0
3844 3845 4045 0
4045 3845 4046 0
3845 3846 4046 0
4046 3846 4047 0
3846 3847 4047 0
4047 3847 4048 0
3847 3848 4048 0
4048 3848 4049 0
3848 3849 4049 0
4049 3849 4050 0
3849 3850 4050 0
4050 3850 4051 0
3850 3851 4051 0
4051 3851 4052 0
3851 3852 4052 0
4052 3852 4053 0
3852 3853 4053 0
4053 3853 4054 0
3853 3854 4054 0
4054 3854 4055 0
3854 3855 4055 0
4055 3855 4056 0
3855 3856 4056 0
4056 3856 4057 0
3856 3857 4057 0
4057 3857 4058 0
3857 3858 4058 0
4058 3858 4059 0
3858 3859 4059 0
4059 3859 4060 0
3859 3860 4060 0
4060 3860 4061 0
3860 3861 4061 0
4061 3861 4062 0
3861 3862 4062 0
4062 3862 4063 0
3862 3863 4063 0
4063 3863 4064 0
3863 3864 4064 0
4064 3864 4065 0
3864 3865 4065 0
4065 3865 4066 0
3865 3866 4066 0
4066 3866 4067 0
3866 3867 4067 0
4067 3867 4068 0
3867 3868 4068 0
4068 3868 4069 0
3868 3869 4069 0
4069 3869 4070 0
3869 3870 4070 0
4070 3870 4071 0
3870 3871 4071 0
4071 3871 4072 0
3871 3872 4072 0
4072 3872 4073 0
3872 3873 4073 0
4073 3873 4074 0
3873 3874 4074 0
4074 3874 4075 0
3874 3875 4075 0
4075 3875 4076 0
3875 3876 4076 0
4076 3876 4077 0
3876 3877 4077 0
4077 3877 4078 0
3877 3878 4078 0
4078 3878 4079 0
3878 3879 4079 0
4079 3879 4080 0
3879 3880 4080 0
4080 3880 4081 0
3880 3881 4081 0
4081 3881 4082 0
3881 3882 4082 0
4082 3882 4083 0
3882 3883 4083 0
4083 3883 4084 0
3883 3884 4084 0
4084 3884 4085 0
3884 3885 4085 0
4085 3885 4086 0
3885 3886 4086 0
4086 3886 4087 0
3886 3887 4087 0
4087 3887 4088 0
3887 3888 4088 0
4088 3888 4089 0
3888 3889 4089 0
4089 3889 4090 0
3889 3890 4090 0
4090 3890 4091 0
3890 3891 4091 0
4091 3891 4092 0
3891 3892 4092 0
4092 3892 4093 0
3892 3893 4093 0
4093 3893 4094 0
3893 3894 4094 0
4094 3894 4095 0
3894 3895 4095 0
4095 3895 4096 0
3895 3896 4096 0
4096 3896 4097 0
3896 3897 4097 0
4097 3897 4098 0
3897 3898 4098 0
4098 3898 4099 0
3898 3899 4099 0
4099 3899 4100 0
3899 3900 4100 0
4100 3900 4101 0
3900 3901 4101 0
4101 3901 4102 0
3901 3902 4102 0
4102 3902 4103 0
3902 3903 4103 0
4103 3903 4104 0
3903 3904 4104 0
4104 3904 4105 0
3904 3905 4105 0
4105 3905 4106 0
3905 3906 4106 0
4106 3906 4107 0
3906 3907 4107 0
4107 3907 4108 0
3907 3908 4108 0
4108 3908 4109 0
3908 3909 4109 0
4109 3909 4110 0
3909 3910 4110 0
4110 3910 4111 0
3910 3911 4111 0
4111 3911 4112 0
3911 3912 4112 0
4112 3912 4113 0
3912 3913 4113 0
4113 3913 4114 0
3913 3914 4114 0
4114 3914 4115 0
3914 3915 4115 0
4115 3915 4116 0
3915 3916 4116 0
4116 3916 4117 0
3916 3917 4117 0
4117 3917 4118 0
3917 3918 4118 0
4118 3918 4119 0
3918 3919 4119 0
4119 3919 4120 0
3919 3920 4120 0
4120 3920 4121 0
3920 3921 4121 0
4121 3921 4122 0
3921 3922 4122 0
4122 3922 4123 0
3922 3923 4123 0
4123 3923 4124 0
3923 3924 4124 0
4124 3924 4125 0
3924 3925 4125 0
4125 3925 4126 0
3925 3926 4126 0
4126 3926 4127 0
3926 3927 4127 0
4127 3927 4128 0
3927 3928 4128 0
4128 3928 4129 0
3928 3929 4129 0
4129 3929 4130 0
3929 3930 4130 0
4130 3930 4131 0
3930 3931 4131 0
4131 3931 4132 0
3931 3932 4132 0
4132 3932 4133 0
3932 3933 4133 0
4133 3933 4134 0
3933 3934 4134 0
4134 3934 4135 0
3934 3935 4135 0
4135 3935 4136 0
3935 3936 4136 0
4136 3936 4137 0
3936 3937 4137 0
4137 3937 4138 0
3937 3938 4138 0
4138 3938 4139 0
3938 3939 4139 0
4139 3939 4140 0
3939 3940 4140 0
4140 3940 4141 0
3940 3941 4141 0
4141 3941 4142 0
3941 3942 4142 0
4142 3942 4143 0
3942 3943 4143 0
4143 3943 4144 0
3943 3944 4144 0
4144 3944 4145 0
3944 3945 4145 0
4145 3945 4146 0
3945 3946 4146 0
4146 3946 4147 0
3946 3947 4147 0
4147 3947 4148 0
3947 3948 4148 0
4148 3948 4149 0
3948 3949 4149 0
4149 3949 4150 0
3949 3950 4150 0
4150 3950 4151 0
3950 3951 4151 0
4151 3951 4152 0
3951 3952 4152 0
4152 3952 4153 0
3952 3953 4153 0
4153 3953 4154 0
3953 3954 4154 0
4154 3954 4155 0
3954 3955 4155 0
4155 3955 4156 0
3955 3956 4156 0
4156 3956 4157 0
3956 3957 4157 0
4157 3957 4158 0
3957 3958 4158 0
4158 3958 4159 0
3958 3959 4159 0
4159 3959 4160 0
3959 3960 4160 0
4160 3960 4161 0
3960 3961 4161 0
4161 3961 4162 0
3961 3962 4162 0
4162 3962 4163 0
3962 3963 4163 0
4163 3963 4164 0
3963 3964 4164 0
4164 3964 4165 0
3964 3965 4165 0
4165 3965 4166 0
3965 3966 4166 0
4166 3966 4167 0
3966 3967 4167 0
4167 3967 4168 0
3967 3968 4168 0
4168 3968 4169 0
3968 3969 4169 0
4169 3969 4170 0
3969 3970 4170 0
4170 3970 4171 0
3970 3971 4171 0
4171 3971 4172 0
3971 3972 4172 0
4172 3972 4173 0
3972 3973 4173 0
4173 3973 4174 0
3973 3974 4174 0
4174 3974 4175 0
3974 3975 4175 0
4175 3975 4176 0
3975 3976 4176 0
4176 3976 4177 0
3976 3977 4177 0
4177 3977 4178 0
3977 3978 4178 0
4178 3978 4179 0
3978 3979 4179 0
4179 3979 4180 0
3979 3980 4180 0
4180 3980 4181 0
3980 3981 4181 0
4181 3981 4182 0
3981 3982 4182 0
4182 3982 4183 0
3982 3983 4183 0
4183 3983 4184 0
3983 3984 4184 0
4184 3984 4185 0
3984 3985 4185 0
4185 3985 4186 0
3985 3986 4186 0
4186 3986 4187 0
3986 3987 4187 0
4187 3987 4188 0
3987 3988 4188 0
4188 3988 4189 0
3988 3989 4189 0
4189 3989 4190 0
3989 3990 4190 0
4190 3990 4191 0
3990 3991 4191 0
4191 3991 4192 0
3991 3992 4192 0
4192 3992 4193 0
3992 3993 4193 0
4193 3993 4194 0
3993 3994 4194 0
4194 3994 4195 0
3994 3995 4195 0
4195 3995 4196 0
3995 3996 4196 0
4196 3996 4197 0
3996 3997 4197 0
4197 3997 4198 0
3997 3998 4198 0
4198 3998 4199 0
3998 3999 4199 0
4199 3999 4200 0
3999 4000 4200 0
4200 4000 4201 0
4000 4001 4201 0
4201 4001 4202 0
4001 4002 4202 0
4202 4002 4203 0
4002 4003 4203 0
4203 4003 4204 0
4003 4004 4204 0
4204 4004 4205 0
4004 4005 4205 0
4205 4005 4206 0
4005 4006 4206 0
4206 4006 4207 0
4006 4007 4207 0
4207 4007 4208 0
4007 4008 4208 0
4208 4008 4209 0
4008 4009 4209 0
4209 4009 4210 0
4009 4010 4210 0
4210 4010 4211 0
4010 4011 4211 0
4211 4011 4212 0
4011 4012 4212 0
4212 4012 4213 0
4012 4013 4213 0
4213 4013 4214 0
4013 4014 4214 0
4214 4014 4215 0
4014 4015 4215 0
4215 4015 4216 0
4015 4016 4216 0
4216 4016 4217 0
4016 4017 4217 0
4217 4017 4218 0
4017 4018 4218 0
4218 4018 4219 0
4018 4019 4219 0
4219 4019 4220 0
4019 4020 4220 0
4220 4020 4221 0
4021 4022 4222 0
4222 4022 4223 0
4022 4023 4223 0
4223 4023 4224 0
4023 4024 4224 0
4224 4024 4225 0
4024 4025 4225 0
4225 4025 4226 0
4025 4026 4226 0
4226 4026 4227 0
4026 4027 4227 0
4227 4027 4228 0
4027 4028 4228 0
4228 4028 4229 0
4028 4029 4229 0
4229 4029 4230 0
4029 4030 4230 0
4230 4030 4231 0
4030 4031 4231 0
4231 4031 4232 0
4031 4032 4232 0
4232 4032 4233 0
4032 4033 4233 0
4233 4033 4234 0
4033 4034 4234 0
4234 4034 4235 0
4034 4035 4235 0
4235 4035 4236 0
4035 4036 4236 0
4236 4036 4237 0
4036 4037 4237 0
4237 4037 4238 0
4037 4038 4238 0
4238 4038 4239 0
4038 4039 4239 0
4239 4039 4240 0
4039 4040 4240 0
4240 4040 4241 0
4040 4041 4241 0
4241 4041 4242 0
4041 4042 4242 0
4242 4042 4243 0
4042 4043 4243 0
4243 4043 4244 0
4043 4044 4244 0
4244 4044 4245 0
4044 4045 4245 0
4245 4045 4246 0
4045 4046 4246 0
4246 4046 4247 0
4046 4047 4247 0
4247 4047 4248 0
4047 4048 4248 0
4248 4048 4249 0
4048 4049 4249 0
4249 4049 4250 0
4049 4050 4250 0
4250 4050 4251 0
4050 4051 4251 0
4251 4051 4252 0
4051 4052 4252 0
4252 4052 4253 0
4052 4053 4253 0
4253 4053 4254 0
4053 4054 4254 0
4254 4054 4255 0
4054 4055 4255 0
4255 4055 4256 0
4055 4056 4256 0
4256 4056 4257 0
4056 4057 4257 0
4257 4057 4258 0
4057 4058 4258 0
4258 4058 4259 0
4058 4059 4259 0
4259 4059 4260 0
4059 4060 4260 0
4260 4060 4261 0
4060 4061 4261 0
4261 4061 4262 0
4061 4062 4262 0
4262 4062 4263 0
4062 4063 4263 0
4263 4063 4264 0
4063 4064 4264 0
4264 4064 4265 0
4064 4065 4265 0
4265 4065 4266 0
4065 4066 4266 0
4266 4066 4267 0
4066 4067 4267 0
4267 4067 4268 0
4067 4068 4268 0
4268 4068 4269 0
4068 4069 4269 0
4269 4069 4270 0
4069 4070 4270 0
4270 4070 4271 0
4070 4071 4271 0
4271 4071 4272 0
4071 4072 4272 0
4272 4072 4273 0
4072 4073 4273 0
4273 4073 4274 0
4073 4074 4274 0
4274 4074 4275 0
4074 4075 4275 0
4275 4075 4276 0
4075 4076 4276 0
4276 4076 4277 0
4076 4077 4277 0
4277 4077 4278 0
4077 4078 4278 0
4278 4078 4279 0
4078 4079 4279 0
4279 4079 4280 0
4079 4080 4280 0
4280 4080 4281 0
4080 4081 4281 0
4281 4081 4282 0
4081 4082 4282 0
4282 4082 4283 0
4082 4083 4283 0
4283 4083 4284 0
4083 4084 4284 0
4284 4084 4285 0
4084 4085 4285 0
4285 4085 4286 0
4085 4086 4286 0
4286 4086 4287 0
4086 4087 4287 0
4287 4087 4288 0
4087 4088 4288 0
4288 4088 4289 0
4088 4089 4289 0
4289 4089 4290 0
4089 4090 4290 0
4290 4090 4291 0
4090 4091 4291 0
4291 4091 4292 0
4091 4092 4292 0
4292 4092 4293 0
4092 4093 4293 0
4293 4093 4294 0
4093 4094 4294 0
4294 4094 4295 0
4094 4095 4295 0
4295 4095 4296 0
4095 4096 4296 0
4296 4096 4297 0
4096 4097 4297 0
4297 4097 4298 0
4097 4098 4298 0
4298 4098 4299 0
4098 4099 4299 0
4299 4099 4300 0
4099 4100 4300 0
4300 4100 4301 0
4100 4101 4301 0
4301 4101 4302 0
4101 4102 4302 0
4302 4102 4303 0
4102 4103 4303 0
4303 4103 4304 0
4103 4104 4304 0
4304 4104 4305 0
4104 4105 4305 0
4305 4105 4306 0
4105 4106 4306 0
4306 4106 4307 0
4106 4107 4307 0
4307 4107 4308 0
4107 4108 4308 0
4308 4108 4309 0
4108 4109 4309 0
4309 4109 4310 0
4109 4110 4310 0
4310 4110 4311 0
4110 4111 4311 0
4311 4111 4312 0
4111 4112 4312 0
4312 4112 4313 0
4112 4113 4313 0
4313 4113 4314 0
4113 4114 4314 0
4314 4114 4315 0
4114 4115 4315 0
4315 4115 4316 0
4115 4116 4316 0
4316 4116 4317 0
4116 4117 4317 0
4317 4117 4318 0
4117 4118 4318 0
4318 4118 4319 0
4118 4119 4319 0
4319 4119 4320 0
4119 4120 4320 0
4320 4120 4321 0
4120 4121 4321 0
4321 4121 4322 0
4121 4122 4322 0
4322 4122 4323 0
4122 4123 4323 0
4323 4123 4324 0
4123 4124 4324 0
4324 4124 4325 0
4124 4125 4325 0
4325 4125 4326 0
4125 4126 4326 0
4326 4126 4327 0
4126 4127 4327 0
4327 4127 4328 0
4127 4128 4328 0
4328 4128 4329 0
4128 4129 4329 0
4329 4129 4330 0
4129 4130 4330 0
4330 4130 4331 0
4130 4131 4331 0
4331 4131 4332 0
4131 4132 4332 0
4332 4132 4333 0
4132 4133 4333 0
4333 4133 4334 0
4133 4134 4334 0
4334 4134 4335 0
4134 4135 4335 0
4335 4135 4336 0
4135 4136 4336 0
4336 4136 4337 0
4136 4137 4337 0
4337 4137 4338 0
4137 4138 4338 0
4338 4138 4339 0
4138 4139 4339 0
4339 4139 4340 0
4139 4140 4340 0
4340 4140 4341 0
4140 4141 4341 0
4341 4141 4342 0
4141 4142 4342 0
4342 4142 4343 0
4142 4143 4343 0
4343 4143 4344 0
4143 4144 4344 0
4344 4144 4345 0
4144 4145 4345 0
4345 4145 4346 0
4145 4146 4346 0
4346 4146 4347 0
4146 4147 4347 0
4347 4147 4348 0
4147 4148 4348 0
4348 4148 4349 0
4148 4149 4349 0
4349 4149 4350 0
4149 4150 4350 0
4350 4150 4351 0
4150 4151 4351 0
4351 4151 4352 0
4151 4152 4352 0
4352 4152 4353 0
4152 4153 4353 0
4353 4153 4354 0
4153 4154 4354 0
4354 4154 4355 0
4154 4155 4355 0
4355 4155 4356 0
4155 4156 4356 0
4356 4156 4357 0
4156 4157 4357 0
4357 4157 4358 0
4157 4158 4358 0
4358 4158 4359 0
4158 4159 4359 0
4359 4159 4360 0
4159 4160 4360 0
4360 4160 4361 0
4160 4161 4361 0
4361 4161 4362 0
4161 4162 4362 0
4362 4162 4363 0
4162 4163 4363 0
4363 4163 4364 0
4163 4164 4364 0
4364 4164 4365 0
4164 4165 4365 0
4365 4165 4366 0
4165 4166 4366 0
4366 4166 4367 0
4166 4167 4367 0
4367 4167 4368 0
4167 4168 4368 0
4368 4168 4369 0
4168 4169 4369 0
4369 4169 4370 0
4169 4170 4370 0
4370 4170 4371 0
4170 4171 4371 0
4371 4171 4372 0
4171 4172 4372 0
4372 4172 4373 0
4172 4173 4373 0
4373 4173 4374 0
4173 4174 4374 0
4374 4174 4375 0
4174 4175 4375 0
4375 4175 4376 0
4175 4176 4376 0
4376 4176 4377 0
4176 4177 4377 0
4377 4177 4378 0
4177 4178 4378 0
4378 4178 4379 0
4178 4179 4379 0
4379 4179 4380 0
4179 4180 4380 0
4380 4180 4381 0
4180 4181 4381 0
4381 4181 4382 0
4181 4182 4382 0
4382 4182 4383 0
4182 4183 4383 0
4383 4183 4384 0
4183 4184 4384 0
4384 4184 4385 0
4184 4185 4385 0
4385 4185 4386 0
4185 4186 4386 0
4386 4186 4387 0
4186 4187 4387 0
4387 4187 4388 0
4187 4188 4388 0
4388 4188 4389 0
4188 4189 4389 0
4389 4189 4390 0
4189 4190 4390 0
4390 4190 4391 0
4190 4191 4391 0
4391 4191 4392 0
4191 4192 4392 0
4392 4192 4393 0
4192 4193 4393 0
4393 4193 4394 0
4193 4194 4394 0
4394 4194 4395 0
4194 4195 4395 0
4395 4195 4396 0
4195 4196 4396 0
4396 4196 4397 0
4196 4197 4397 0
4397 4197 4398 0
4197 4198 4398 0
4398 4198 4399 0
4198 4199 4399 0
4399 4199 4400 0
4199 4200 4400 0
4400 4200 4401 0
4200 4201 4401 0
4401 4201 4402 0
4201 4202 4402 0
4402 4202 4403 0
4202 4203 4403 0
4403 4203 4404 0
4203 4204 4404 0
4404 4204 4405 0
4204 4205 4405 0
4405 4205 4406 0
4205 4206 4406 0
4406 4206 4407 0
4206 4207 4407 0
4407 4207 4408 0
4207 4208 4408 0
4408 4208 4409 0
4208 4209 4409 0
4409 4209 4410 0
4209 4210 4410 0
4410 4210 4411 0
4210 4211 4411 0
4411 4211 4412 0
4211 4212 4412 0
4412 4212 4413 0
4212 4213 4413 0
4413 4213 4414 0
4213 4214 4414 0
4414 4214 4415 0
4214 4215 4415 0
4415 4215 4416 0
4215 4216 4416 0
4416 4216 4417 0
4216 4217 4417 0
4417 4217 4418 0
4217 4218 4418 0
4418 4218 4419 0
4218 4219 4419 0
4419 4219 4420 0
4219 4220 4420 0
4420 4220 4421 0
4220 4221 4421 0
4421 4221 4422 0
4222 4223 4423 0
4423 4223 4424 0
4223 4224 4424 0
4424 4224 4425 0
4224 4225 4425 0
4425 4225 4426 0
4225 4226 4426 0
4426 4226 4427 0
4226 4227 4427 0
4427 4227 4428 0
4227 4228 4428 0
4428 4228 4429 0
4228 4229 4429 0
4429 4229 4430 0
4229 4230 4430 0
4430 4230 4431 0
4230 4231 4431 0
4431 4231 4432 0
4231 4232 4432 0
4432 4232 4433 0
4232 4233 4433 0
4433 4233 4434 0
4233 4234 4434 0
4434 4234 4435 0
4234 4235 4435 0
4435 4235 4436 0
4235 4236 4436 0
4436 4236 4437 0
4236 4237 4437 0
4437 4237 4438 0
4237 4238 4438 0
4438 4238 4439 0
4238 4239 4439 0
4439 4239 4440 0
4239 4240 4440 0
4440 4240 4441 0
4240 4241 4441 0
4441 4241 4442 0
4241 4242 4442 0
4442 4242 4443 0
4242 4243 4443 0
4443 4243 4444 0
4243 4244 4444 0
4444 4244 4445 0
4244 4245 4445 0
4445 4245 4446 0
4245 4246 4446 0
4446 4246 4447 0
4246 4247 4447 0
4447 4247 4448 0
4247 4248 4448 0
4448 4248 4449 0
4248 4249 4449 0
4449 4249 4450 0
4249 4250 4450 0
4450 4250 4451 0
4250 4251 4451 0
4451 4251 4452 0
4251 4252 4452 0
4452 4252 4453 0
4252 4253 4453 0
4453 4253 4454 0
4253 4254 4454 0
4454 4254 4455 0
4254 4255 4455 0
4455 4255 4456 0
4255 4256 4456 0
4456 4256 4457 0
4256 4257 4457 0
4457 4257 4458 0
4257 4258 4458 0
4458 4258 4459 0
4258 4259 4459 0
4459 4259 4460 0
4259 4260 4460 0
4460 4260 4461 0
4260 4261 4461 0
4461 4261 4462 0
4261 4262 4462 0
4462 4262 4463 0
4262 4263 4463 0
4463 4263 4464 0
4263 4264 4464 0
4464 4264 4465 0
4264 4265 4465 0
4465 4265 4466 0
4265 4266 4466 0
4466 4266 4467 0
4266 4267 4467 0
4467 4267 4468 0
4267 4268 4468 0
4468 4268 4469 0
4268 4269 4469 0
4469 4269 4470 0
4269 4270 4470 0
4470 4270 4471 0
4270 4271 4471 0
4471 4271 4472 0
4271 4272 4472 0
4472 4272 4473 0
4272 4273 4473 0
4473 4273 4474 0
4273 4274 4474 0
4474 4274 4475 0
4274 4275 4475 0
4475 4275 4476 0
4275 4276 4476 0
4476 4276 4477 0
4276 4277 4477 0
4477 4277 4478 0
4277 4278 4478 0
4478 4278 4479 0
4278 4279 4479 0
4479 4279 4480 0
4279 4280 4480 0
4480 4280 4481 0
4280 4281 4481 0
4481 4281 4482 0
4281 4282 4482 0
4482 4282 4483 0
4282 4283 4483 0
4483 4283 4484 0
4283 4284 4484 0
4484 4284 4485 0
4284 4285 4485 0
4485 4285 4486 0
4285 4286 4486 0
4486 4286 4487 0
4286 4287 4487 0
4487 4287 4488 0
4287 4288 4488 0
4488 4288 4489 0
4288 4289 4489 0
4489 4289 4490 0
4289 4290 4490 0
4490 4290 4491 0
4290 4291 4491 0
4491 4291 4492 0
4291 4292 4492 0
4492 4292 4493 0
4292 4293 4493 0
4493 4293 4494 0
4293 4294 4494 0
4494 4294 4495 0
4294 4295 4495 0
4495 4295 4496 0
4295 4296 4496 0
4496 4296 4497 0
4296 4297 4497 0
4497 4297 4498 0
4297 4298 4498 0
4498 4298 4499 0
4298 4299 4499 0
4499 4299 4500 0
4299 4300 4500 0
4500 4300 4501 0
4300 4301 4501 0
4501 4301 4502 0
4301 4302 4502 0
4502 4302 4503 0
4302 4303 4503 0
4503 4303 4504 0
4303 4304 4504 0
4504 4304 4505 0
4304 4305 4505 0
4505 4305 4506 0
4305 4306 4506 0
4506 4306 4507 0
4306 4307 4507 0
4507 4307 4508 0
4307 4308 4508 0
4508 4308 4509 0
4308 4309 4509 0
4509 4309 4510 0
4309 4310 4510 0
4510 4310 4511 0
4310 4311 4511 0
4511 4311 4512 0
4311 4312 4512 0
4512 4312 4513 0
4312 4313 4513 0
4513 4313 4514 0
4313 4314 4514 0
4514 4314 4515 0
4314 4315 4515 0
4515 4315 4516 0
4315 4316 4516 0
4516 4316 4517 0
4316 4317 4517 0
4517 4317 4518 0
4317 4318 4518 0
4518 4318 4519 0
4318 4319 4519 0
4519 4319 4520 0
4319 4320 4520 0
4520 4320 4521 0
4320 4321 4521 0
4521 4321 4522 0
4321 4322 4522 0
4522 4322 4523 0
4322 4323 4523 0
4523 4323 4524 0
4323 4324 4524 0
4524 4324 4525 0
4324 4325 4525 0
4525 4325 4526 0
4325 4326 4526 0
4526 4326 4527 0
4326 4327 4527 0
4527 4327 4528 0
4327 4328 4528 0
4528 4328 4529 0
4328 4329 4529 0
4529 4329 4530 0
4329 4330 4530 0
4530 4330 4531 0
4330 4331 4531 0
4531 4331 4532 0
4331 4332 4532 0
4532 4332 4533 0
4332 4333 4533 0
4533 4333 4534 0
4333 4334 4534 0
4534 4334 4535 0
4334 4335 4535 0
4535 4335 4536 0
4335 4336 4536 0
4536 4336 4537 0
4336 4337 4537 0
4537 4337 4538 0
4337 4338 4538 0
4538 4338 4539 0
4338 4339 4539 0
4539 4339 4540 0
4339 4340 4540 0
4540 4340 4541 0
4340 4341 4541 0
4541 4341 4542 0
4341 4342 4542 0
4542 4342 4543 0
4342 4343 4543 0
4543 4343 4544 0
4343 4344 4544 0
4544 4344 4545 0
4344 4345 4545 0
4545 4345 4546 0
4345 4346 4546 0
4546 4346 4547 0
4346 4347 4547 0
4547 4347 4548 0
4347 4348 4548 0
4548 4348 4549 0
4348 4349 4549 0
4549 4349 4550 0
4349 4350 4550 0
4550 4350 4551 0
4350 4351 4551 0
4551 4351 4552 0
4351 4352 4552 0
4552 4352 4553 0
4352 4353 4553 0
4553 4353 4554 0
4353 4354 4554 0
4554 4354 4555 0
4354 4355 4555 0
4555 4355 4556 0
4355 4356 4556 0
4556 4356 4557 0
4356 4357 4557 0
4557 4357 4558 0
4357 4358 4558 0
4558 4358 4559 0
4358 4359 4559 0
4559 4359 4560 0
4359 4360 4560 0
4560 4360 4561 0
4360 4361 4561 0
4561 4361 4562 0
4361 4362 4562 0
4562 4362 4563 0
4362 4363 4563 0
4563 4363 4564 0
4363 4364 4564 0
4564 4364 4565 0
4364 4365 4565 0
4565 4365 4566 0
4365 4366 4566 0
4566 4366 4567 0
4366 4367 4567 0
4567 4367 4568 0
4367 4368 4568 0
4568 4368 4569 0
4368 4369 4569 0
4569 4369 4570 0
4369 4370 4570 0
4570 4370 4571 0
4370 4371 4571 0
4571 4371 4572 0
4371 4372 4572 0
4572 4372 4573 0
4372 4373 4573 0
4573 4373 4574 0
4373 4374 4574 0
4574 4374 4575 0
4374 4375 4575 0
4575 4375 4576 0
4375 4376 4576 0
4576 4376 4577 0
4376 4377 4577 0
4577 4377 4578 0
4377 4378 4578 0
4578 4378 4579 0
4378 4379 4579 0
4579 4379 4580 0
4379 4380 4580 0
4580 4380 4581 0
4380 4381 4581 0
4581 4381 4582 0
4381 4382 4582 0
4582 4382 4583 0
4382 4383 4583 0
4583 4383 4584 0
4383 4384 4584 0
4584 4384 4585 0
4384 4385 4585 0
4585 4385 4586 0
4385 4386 4586 0
4586 4386 4587 0
4386 4387 4587 0
4587 4387 4588 0
4387 4388 4588 0
4588 4388 4589 0
4388 4389 4589 0
4589 4389 4590 0
4389 4390 4590 0
4590 4390 4591 0
4390 4391 4591 0
4591 4391 4592 0
4391 4392 4592 0
4592 4392 4593 0
4392 4393 4593 0
4593 4393 4594 0
4393 4394 4594 0
4594 4394 4595 0
4394 4395 4595 0
4595 4395 4596 0
4395 4396 4596 0
4596 4396 4597 0
4396 4397 4597 0
4597 4397 4598 0
4397 4398 4598 0
4598 4398 4599 0
4398 4399 4599 0
4599 4399 4600 0
4399 4400 4600 0
4600 4400 4601 0
4400 4401 4601 0
4601 4401 4602 0
4401 4402 4602 0
4602 4402 4603 0
4402 4403 4603 0
4603 4403 4604 0
4403 4404 4604 0
4604 4404 4605 0
4404 4405 4605 0
4605 4405 4606 0
4405 4406 4606 0
4606 4406 4607 0
4406 4407 4607 0
4607 4407 4608 0
4407 4408 4608 0
4608 4408 4609 0
4408 4409 4609 0
4609 4409 4610 0
4409 4410 4610 0
4610 4410 4611 0
4410 4411 4611 0
4611 4411 4612 0
4411 4412 4612 0
4612 4412 4613 0
4412 4413 4613 0
4613 4413 4614 0
4413 4414 4614 0
4614 4414 4615 0
4414 4415 4615 0
4615 4415 4616 0
4415 4416 4616 0
4616 4416 4617 0
4416 4417 4617 0
4617 4417 4618 0
4417 4418 4618 0
4618 4418 4619 0
4418 4419 4619 0
4619 4419 4620 0
4419 4420 4620 0
4620 4420 4621 0
4420 4421 4621 0
4621 4421 4622 0
4421 4422 4622 0
4622 4422 4623 0
4423 4424 4624 0
4624 4424 4625 0
4424 4425 4625 0
4625 4425 4626 0
4425 4426 4626 0
4626 4426 4627 0
4426 4427 4627 0
4627 4427 4628 0
4427 4428 4628 0
4628 4428 4629 0
4428 4429 4629 0
4629 4429 4630 0
4429 4430 4630 0
4630 4430 4631 0
4430 4431 4631 0
4631 4431 4632 0
4431 4432 4632 0
4632 4432 4633 0
4432 4433 4633 0
4633 4433 4634 0
4433 4434 4634 0
4634 4434 4635 0
4434 4435 4635 0
4635 4435 4636 0
4435 4436 4636 0
4636 4436 4637 0
4436 4437 4637 0
4637 4437 4638 0
4437 4438 4638 0
4638 4438 4639 0
4438 4439 4639 0
4639 4439 4640 0
4439 4440 4640 0
4640 4440 4641 0
4440 4441 4641 0
4641 4441 4642 0
4441 4442 4642 0
4642 4442 4643 0
4442 4443 4643 0
4643 4443 4644 0
4443 4444 4644 0
4644 4444 4645 0
4444 4445 4645 0
4645 4445 4646 0
4445 4446 4646 0
4646 4446 4647 0
4446 4447 4647 0
4647 4447 4648 0
4447 4448 4648 0
4648 4448 4649 0
4448 4449 4649 0
4649 4449 4650 0
4449 4450 4650 0
4650 4450 4651 0
4450 4451 4651 0
4651 4451 4652 0
4451 4452 4652 0
4652 4452 4653 0
4452 4453 4653 0
4653 4453 4654 0
4453 4454 4654 0
4654 4454 4655 0
4454 4455 4655 0
4655 4455 4656 0
4455 4456 4656 0
4656 4456 4657 0
4456 4457 4657 0
4657 4457 4658 0
4457 4458 4658 0
4658 4458 4659 0
4458 4459 4659 0
4659 4459 4660 0
4459 4460 4660 0
4660 4460 4661 0
4460 4461 4661 0
4661 4461 4662 0
4461 4462 4662 0
4662 4462 4663 0
4462 4463 4663 0
4663 4463 4664 0
4463 4464 4664 0
4664 4464 4665 0
4464 4465 4665 0
4665 4465 4666 0
4465 4466 4666 0
4666 4466 4667 0
4466 4467 4667 0
4667 4467 4668 0
4467 4468 4668 0
4668 4468 4669 0
4468 4469 4669 0
4669 4469 4670 0
4469 4470 4670 0
4670 4470 4671 0
4470 4471 4671 0
4671 4471 4672 0
4471 4472 4672 0
4672 4472 4673 0
4472 4473 4673 0
4673 4473 4674 0
4473 4474 4674 0
4674 4474 4675 0
4474 4475 4675 0
4675 4475 4676 0
4475 4476 4676 0
4676 4476 4677 0
4476 4477 4677 0
4677 4477 4678 0
4477 4478 4678 0
4678 4478 4679 0
4478 4479 4679 0
4679 4479 4680 0
4479 4480 4680 0
4680 4480 4681 0
4480 4481 4681 0
4681 4481 4682 0
4481 4482 4682 0
4682 4482 4683 0
4482 4483 4683 0
4683 4483 4684 0
4483 4484 4684 0
4684 4484 4685 0
4484 4485 4685 0
4685 4485 4686 0
4485 4486 4686 0
4686 4486 4687 0
4486 4487 4687 0
4687 4487 4688 0
4487 4488 4688 0
4688 4488 4689 0
4488 4489 4689 0
4689 4489 4690 0
4489 4490 4690 0
4690 4490 4691 0
4490 4491 4691 0
4691 4491 4692 0
4491 4492 4692 0
4692 4492 4693 0
4492 4493 4693 0
4693 4493 4694 0
4493 4494 4694 0
4694 4494 4695 0
4494 4495 4695 0
4695 4495 4696 0
4495 4496 4696 0
4696 4496 4697 0
4496 4497 4697 0
4697 4497 4698 0
4497 4498 4698 0
4698 4498 4699 0
4498 4499 4699 0
4699 4499 4700 0
4499 4500 4700 0
4700 4500 4701 0
4500 4501 4701 0
4701 4501 4702 0
4501 4502 4702 0
4702 4502 4703 0
4502 4503 4703 0
4703 4503 4704 0
4503 4504 4704 0
4704 4504 4705 0
4504 4505 4705 0
4705 4505 4706 0
4505 4506 4706 0
4706 4506 4707 0
4506 4507 4707 0
4707 4507 4708 0
4507 4508 4708 0
4708 4508 4709 0
4508 4509 4709 0
4709 4509 4710 0
4509 4510 4710 0
4710 4510 4711 0
4510 4511 4711 0
4711 4511 4712 0
4511 4512 4712 0
4712 4512 4713 0
4512 4513 4713 0
4713 4513 4714 0
4513 4514 4714 0
4714 4514 4715 0
4514 4515 4715 0
4715 4515 4716 0
4515 4516 4716 0
4716 4516 4717 0
4516 4517 4717 0
4717 4517 4718 0
4517 4518 4718 0
4718 4518 4719 0
4518 4519 4719 0
4719 4519 4720 0
4519 4520 4720 0
4720 4520 4721 0
4520 4521 4721 0
4721 4521 4722 0
4521 4522 4722 0
4722 4522 4723 0
4522 4523 4723 0
4723 4523 4724 0
4523 4524 4724 0
4724 4524 4725 0
4524 4525 4725 0
4725 4525 4726 0
4525 4526 4726 0
4726 4526 4727 0
4526 4527 4727 0
4727 4527 4728 0
4527 4528 4728 0
4728 4528 4729 0
4528 4529 4729 0
4729 4529 4730 0
4529 4530 4730 0
4730 4530 4731 0
4530 4531 4731 0
4731 4531 4732 0
4531 4532 4732 0
4732 4532 4733 0
4532 4533 4733 0
4733 4533 4734 0
4533 4534 4734 0
4734 4534 4735 0
4534 4535 4735 0
4735 4535 4736 0
4535 4536 4736 0
4736 4536 4737 0
4536 4537 4737 0
4737 4537 4738 0
4537 4538 4738 0
4738 4538 4739 0
4538 4539 4739 0
4739 4539 4740 0
4539 4540 4740 0
4740 4540 4741 0
4540 4541 4741 0
4741 4541 4742 0
4541 4542 4742 0
4742 4542 4743 0
4542 4543 4743 0
4743 4543 4744 0
4543 4544 4744 0
4744 4544 4745 0
4544 4545 4745 0
4745 4545 4746 0
4545 4546 4746 0
4746 4546 4747 0
4546 4547 4747 0
4747 4547 4748 0
4547 4548 4748 0
4748 4548 4749 0
4548 4549 4749 0
4749 4549 4750 0
4549 4550 4750 0
4750 4550 4751 0
4550 4551 4751 0
4751 4551 4752 0
4551 4552 4752 0
4752 4552 4753 0
4552 4553 4753 0
4753 4553 4754 0
4553 4554 4754 0
4754 4554 4755 0
4554 4555 4755 0
4755 4555 4756 0
4555 4556 4756 0
4756 4556 4757 0
4556 4557 4757 0
4757 4557 4758 0
4557 4558 4758 0
4758 4558 4759 0
4558 4559 4759 0
4759 4559 4760 0
4559 4560 4760 0
4760 4560 4761 0
4560 4561 4761 0
4761 4561 4762 0
4561 4562 4762 0
4762 4562 4763 0
4562 4563 4763 0
4763 4563 4764 0
4563 4564 4764 0
4764 4564 4765 0
4564 4565 4765 0
4765 4565 4766 0
4565 4566 4766 0
4766 4566 4767 0
4566 4567 4767 0
4767 4567 4768 0
4567 4568 4768 0
4768 4568 4769 0
4568 4569 4769 0
4769 4569 4770 0
4569 4570 4770 0
4770 4570 4771 0
4570 4571 4771 0
4771 4571 4772 0
4571 4572 4772 0
4772 4572 4773 0
4572 4573 4773 0
4773 4573 4774 0
4573 4574 4774 0
4774 4574 4775 0
4574 4575 4775 0
4775 4575 4776 0
4575 4576 4776 0
4776 4576 4777 0
4576 4577 4777 0
4777 4577 4778 0
4577 4578 4778 0
4778 4578 4779 0
4578 4579 4779 0
4779 4579 4780 0
4579 4580 4780 0
4780 4580 4781 0
4580 4581 4781 0
4781 4581 4782 0
4581 4582 4782 0
4782 4582 4783 0
4582 4583 4783 0
4783 4583 4784 0
4583 4584 4784 0
4784 4584 4785 0
4584 4585 4785 0
4785 4585 4786 0
4585 4586 4786 0
4786 4586 4787 0
4586 4587 4787 0
4787 4587 4788 0
4587 4588 4788 0
4788 4588 4789 0
4588 4589 4789 0
4789 4589 4790 0
4589 4590 4790 0
4790 4590 4791 0
4590 4591 4791 0
4791 4591 4792 0
4591 4592 4792 0
4792 4592 4793 0
4592 4593 4793 0
4793 4593 4794 0
4593 4594 4794 0
4794 4594 4795 0
4594 4595 4795 0
4795 4595 4796 0
4595 4596 4796 0
4796 4596 4797 0
4596 4597 4797 0
4797 4597 4798 0
4597 4598 4798 0
4798 4598 4799 0
4598 4599 4799 0
4799 4599 4800 0
4599 4600 4800 0
4800 4600 4801 0
4600 4601 4801 0
4801 4601 4802 0
4601 4602 4802 0
4802 4602 4803 0
4602 4603 4803 0
4803 4603 4804 0
4603 4604 4804 0
4804 4604 4805 0
4604 4605 4805 0
4805 4605 4806 0
4605 4606 4806 0
4806 4606 4807 0
4606 4607 4807 0
4807 4607 4808 0
4607 4608 4808 0
4808 4608 4809 0
4608 4609 4809 0
4809 4609 4810 0
4609 4610 4810 0
4810 4610 4811 0
4610 4611 4811 0
4811 4611 4812 0
4611 4612 4812 0
4812 4612 4813 0
4612 4613 4813 0
4813 4613 4814 0
4613 4614 4814 0
4814 4614 4815 0
4614 4615 4815 0
4815 4615 4816 0
4615 4616 4816 0
4816 4616 4817 0
4616 4617 4817 0
4817 4617 4818 0
4617 4618 4818 0
4818 4618 4819 0
4618 4619 4819 0
4819 4619 4820 0
4619 4620 4820 0
4820 4620 4821 0
4620 4621 4821 0
4821 4621 4822 0
4621 4622 4822 0
4822 4622 4823 0
4622 4623 4823 0
4823 4623 4824 0
4624 4625 4825 0
4825 4625 4826 0
4625 4626 4826 0
4826 4626 4827 0
4626 4627 4827 0
4827 4627 4828 0
4627 4628 4828 0
4828 4628 4829 0
4628 4629 4829 0
4829 4629 4830 0
4629 4630 4830 0
4830 4630 4831 0
4630 4631 4831 0
4831 4631 4832 0
4631 4632 4832 0
4832 4632 4833 0
4632 4633 4833 0
4833 4633 4834 0
4633 4634 4834 0
4834 4634 4835 0
4634 4635 4835 0
4835 4635 4836 0
4635 4636 4836 0
4836 4636 4837 0
4636 4637 4837 0
4837 4637 4838 0
4637 4638 4838 0
4838 4638 4839 0
4638 4639 4839 0
4839 4639 4840 0
4639 4640 4840 0
4840 4640 4841 0
4640 4641 4841 0
4841 4641 4842 0
4641 4642 4842 0
4842 4642 4843 0
4642 4643 4843 0
4843 4643 4844 0
4643 4644 4844 0
4844 4644 4845 0
4644 4645 4845 0
4845 4645 4846 0
4645 4646 4846 0
4846 4646 4847 0
4646 4647 4847 0
4847 4647 4848 0
4647 4648 4848 0
4848 4648 4849 0
4648 4649 4849 0
4849 4649 4850 0
4649 4650 4850 0
4850 4650 4851 0
4650 4651 4851 0
4851 4651 4852 0
4651 4652 4852 0
4852 4652 4853 0
4652 4653 4853 0
4853 4653 4854 0
4653 4654 4854 0
4854 4654 4855 0
4654 4655 4855 0
4855 4655 4856 0
4655 4656 4856 0
4856 4656 4857 0
4656 4657 4857 0
4857 4657 4858 0
4657 4658 4858 0
4858 4658 4859 0
4658 4659 4859 0
4859 4659 4860 0
4659 4660 4860 0
4860 4660 4861 0
4660 4661 4861 0
4861 4661 4862 0
4661 4662 4862 0
4862 4662 4863 0
4662 4663 4863 0
4863 4663 4864 0
4663 4664 4864 0
4864 4664 4865 0
4664 4665 4865 0
4865 4665 4866 0
4665 4666 4866 0
4866 4666 4867 0
4666 4667 4867 0
4867 4667 4868 0
4667 4668 4868 0
4868 4668 4869 0
4668 4669 4869 0
4869 4669 4870 0
4669 4670 4870 0
4870 4670 4871 0
4670 4671 4871 0
4871 4671 4872 0
4671 4672 4872 0
4872 4672 4873 0
4672 4673 4873 0
4873 4673 4874 0
4673 4674 4874 0
4874 4674 4875 0
4674 4675 4875 0
4875 4675 4876 0
4675 4676 4876 0
4876 4676 4877 0
4676 4677 4877 0
4877 4677 4878 0
4677 4678 4878 0
4878 4678 4879 0
4678 4679 4879 0
4879 4679 4880 0
4679 4680 4880 0
4880 4680 4881 0
4680 4681 4881 0
4881 4681 4882 0
4681 4682 4882 0
4882 4682 4883 0
4682 4683 4883 0
4883 4683 4884 0
4683 4684 4884 0
4884 4684 4885 0
4684 4685 4885 0
4885 4685 4886 0
4685 4686 4886 0
4886 4686 4887 0
4686 4687 4887 0
4887 4687 4888 0
4687 4688 4888 0
4888 4688 4889 0
4688 4689 4889 0
4889 4689 4890 0
4689 4690 4890 0
4890 4690 4891 0
4690 4691 4891 0
4891 4691 4892 0
4691 4692 4892 0
4892 4692 4893 0
4692 4693 4893 0
4893 4693 4894 0
4693 4694 4894 0
4894 4694 4895 0
4694 4695 4895 0
4895 4695 4896 0
4695 4696 4896 0
4896 4696 4897 0
4696 4697 4897 0
4897 4697 4898 0
4697 4698 4898 0
4898 4698 4899 0
4698 4699 4899 0
4899 4699 4900 0
4699 4700 4900 0
4900 4700 4901 0
4700 4701 4901 0
4901 4701 4902 0
4701 4702 4902 0
4902 4702 4903 0
4702 4703 4903 0
4903 4703 4904 0
4703 4704 4904 0
4904 4704 4905 0
4704 4705 4905 0
4905 4705 4906 0
4705 4706 4906 0
4906 4706 4907 0
4706 4707 4907 0
4907 4707 4908 0
4707 4708 4908 0
4908 4708 4909 0
4708 4709 4909 0
4909 4709 4910 0
4709 4710 4910 0
4910 4710 4911 0
4710 4711 4911 0
4911 4711 4912 0
4711 4712 4912 0
4912 4712 4913 0
4712 4713 4913 0
4913 4713 4914 0
4713 4714 4914 0
4914 4714 4915 0
4714 4715 4915 0
4915 4715 4916 0
4715 4716 4916 0
4916 4716 4917 0
4716 4717 4917 0
4917 4717 4918 0
4717 4718 4918 0
4918 4718 4919 0
4718 4719 4919 0
4919 4719 4920 0
4719 4720 4920 0
4920 4720 4921 0
4720 4721 4921 0
4921 4721 4922 0
4721 4722 4922 0
4922 4722 4923 0
4722 4723 4923 0
4923 4723 4924 0
4723 4724 4924 0
4924 4724 4925 0
4724 4725 4925 0
4925 4725 4926 0
4725 4726 4926 0
4926 4726 4927 0
4726 4727 4927 0
4927 4727 4928 0
4727 4728 4928 0
4928 4728 4929 0
4728 4729 4929 0
4929 4729 4930 0
4729 4730 4930 0
4930 4730 4931 0
4730 4731 4931 0
4931 4731 4932 0
4731 4732 4932 0
4932 4732 4933 0
4732 4733 4933 0
4933 4733 4934 0
4733 4734 4934 0
4934 4734 4935 0
4734 4735 4935 0
4935 4735 4936 0
4735 4736 4936 0
4936 4736 4937 0
4736 4737 4937 0
4937 4737 4938 0
4737 4738 4938 0
4938 4738 4939 0
4738 4739 4939 0
4939 4739 4940 0
4739 4740 4940 0
4940 4740 4941 0
4740 4741 4941 0
4941 4741 4942 0
4741 4742 4942 0
4942 4742 4943 0
4742 4743 4943 0
4943 4743 4944 0
4743 4744 4944 0
4944 4744 4945 0
4744 4745 4945 0
4945 4745 4946 0
4745 4746 4946 0
4946 4746 4947 0
4746 4747 4947 0
4947 4747 4948 0
4747 4748 4948 0
4948 4748 4949 0
4748 4749 4949 0
4949 4749 4950 0
4749 4750 4950 0
4950 4750 4951 0
4750 4751 4951 0
4951 4751 4952 0
4751 4752 4952 0
4952 4752 4953 0
4752 4753 4953 0
4953 4753 4954 0
4753 4754 4954 0
4954 4754 4955 0
4754 4755 4955 0
4955 4755 4956 0
4755 4756 4956 0
4956 4756 4957 0
4756 4757 4957 0
4957 4757 4958 0
4757 4758 4958 0
4958 4758 4959 0
4758 4759 4959 0
4959 4759 4960 0
4759 4760 4960 0
4960 4760 4961 0
4760 4761 4961 0
4961 4761 4962 0
4761 4762 4962 0
4962 4762 4963 0
4762 4763 4963 0
4963 4763 4964 0
4763 4764 4964 0
4964 4764 4965 0
4764 4765 4965 0
4965 4765 4966 0
4765 4766 4966 0
4966 4766 4967 0
4766 4767 4967 0
4967 4767 4968 0
4767 4768 4968 0
4968 4768 4969 0
4768 4769 4969 0
4969 4769 4970 0
4769 4770 4970 0
4970 4770 4971 0
4770 4771 4971 0
4971 4771 4972 0
4771 4772 4972 0
4972 4772 4973 0
4772 4773 4973 0
4973 4773 4974 0
4773 4774 4974 0
4974 4774 4975 0
4774 4775 4975 0
4975 4775 4976 0
4775 4776 4976 0
4976 4776 4977 0
4776 4777 4977 0
4977 4777 4978 0
4777 4778 4978 0
4978 4778 4979 0
4778 4779 4979 0
4979 4779 4980 0
4779 4780 4980 0
4980 4780 4981 0
4780 4781 4981 0
4981 4781 4982 0
4781 4782 4982 0
4982 4782 4983 0
4782 4783 4983 0
4983 4783 4984 0
4783 4784 4984 0
4984 4784 4985 0
4784 4785 4985 0
4985 4785 4986 0
4785 4786 4986 0
4986 4786 4987 0
4786 4787 4987 0
4987 4787 4988 0
4787 4788 4988 0
4988 4788 4989 0
4788 4789 4989 0
4989 4789 4990 0
4789 4790 4990 0
4990 4790 4991 0
4790 4791 4991 0
4991 4791 4992 0
4791 4792 4992 0
4992 4792 4993 0
4792 4793 4993 0
4993 4793 4994 0
4793 4794 4994 0
4994 4794 4995 0
4794 4795 4995 0
4995 4795 4996 0
4795 4796 4996 0
4996 4796 4997 0
4796 4797 4997 0
4997 4797 4998 0
4797 4798 4998 0
4998 4798 4999 0
4798 4799 4999 0
4999 4799 5000 0
4799 4800 5000 0
5000 4800 5001 0
4800 4801 5001 0
5001 4801 5002 0
4801 4802 5002 0
5002 4802 5003 0
4802 4803 5003 0
5003 4803 5004 0
4803 4804 5004 0
5004 4804 5005 0
4804 4805 5005 0
5005 4805 5006 0
4805 4806 5006 0
5006 4806 5007 0
4806 4807 5007 0
5007 4807 5008 0
4807 4808 5008 0
5008 4808 5009 0
4808 4809 5009 0
5009 4809 5010 0
4809 4810 5010 0
5010 4810 5011 0
4810 4811 5011 0
5011 4811 5012 0
4811 4812 5012 0
5012 4812 5013 0
4812 4813 5013 0
5013 4813 5014 0
4813 4814 5014 0
5014 4814 5015 0
4814 4815 5015 0
5015 4815 5016 0
4815 4816 5016 0
5016 4816 5017 0
4816 4817 5017 0
5017 4817 5018 0
4817 4818 5018 0
5018 4818 5019 0
4818 4819 5019 0
5019 4819 5020 0
4819 4820 5020 0
5020 4820 5021 0
4820 4821 5021 0
5021 4821 5022 0
4821 4822 5022 0
5022 4822 5023 0
4822 4823 5023 0
5023 4823 5024 0
4823 4824 5024 0
5024 4824 5025 0
4825 4826 5026 0
5026 4826 5027 0
4826 4827 5027 0
5027 4827 5028 0
4827 4828 5028 0
5028 4828 5029 0
4828 4829 5029 0
5029 4829 5030 0
4829 4830 5030 0
5030 4830 5031 0
4830 4831 5031 0
5031 4831 5032 0
4831 4832 5032 0
5032 4832 5033 0
4832 4833 5033 0
5033 4833 5034 0
4833 4834 5034 0
5034 4834 5035 0
4834 4835 5035 0
5035 4835 5036 0
4835 4836 5036 0
5036 4836 5037 0
4836 4837 5037 0
5037 4837 5038 0
4837 4838 5038 0
5038 4838 5039 0
4838 4839 5039 0
5039 4839 5040 0
4839 4840 5040 0
5040 4840 5041 0
4840 4841 5041 0
5041 4841 5042 0
4841 4842 5042 0
5042 4842 5043 0
4842 4843 5043 0
5043 4843 5044 0
4843 4844 5044 0
5044 4844 5045 0
4844 4845 5045 0
5045 4845 5046 0
4845 4846 5046 0
5046 4846 5047 0
4846 4847 5047 0
5047 4847 5048 0
4847 4848 5048 0
5048 4848 5049 0
4848 4849 5049 0
5049 4849 5050 0
4849 4850 5050 0
5050 4850 5051 0
4850 4851 5051 0
5051 4851 5052 0
4851 4852 5052 0
5052 4852 5053 0
4852 4853 5053 0
5053 4853 5054 0
4853 4854 5054 0
5054 4854 5055 0
4854 4855 5055 0
5055 4855 5056 0
4855 4856 5056 0
5056 4856 5057 0
4856 4857 5057 0
5057 4857 5058 0
4857 4858 5058 0
5058 4858 5059 0
4858 4859 5059 0
5059 4859 5060 0
4859 4860 5060 0
5060 4860 5061 0
4860 4861 5061 0
5061 4861 5062 0
4861 4862 5062 0
5062 4862 5063 0
4862 4863 5063 0
5063 4863 5064 0
4863 4864 5064 0
5064 4864 5065 0
4864 4865 5065 0
5065 4865 5066 0
4865 4866 5066 0
5066 4866 5067 0
4866 4867 5067 0
5067 4867 5068 0
4867 4868 5068 0
5068 4868 5069 0
4868 4869 5069 0
5069 4869 5070 0
4869 4870 5070 0
5070 4870 5071 0
4870 4871 5071 0
5071 4871 5072 0
4871 4872 5072 0
5072 4872 5073 0
4872 4873 5073 0
5073 4873 5074 0
4873 4874 5074 0
5074 4874 5075 0
4874 4875 5075 0
5075 4875 5076 0
4875 4876 5076 0
5076 4876 5077 0
4876 4877 5077 0
5077 4877 5078 0
4877 4878 5078 0
5078 4878 5079 0
4878 4879 5079 0
5079 4879 5080 0
4879 4880 5080 0
5080 4880 5081 0
4880 4881 5081 0
5081 4881 5082 0
4881 4882 5082 0
5082 4882 5083 0
4882 4883 5083 0
5083 4883 5084 0
4883 4884 5084 0
5084 4884 5085 0
4884 4885 5085 0
5085 4885 5086 0
4885 4886 5086 0
5086 4886 5087 0
4886 4887 5087 0
5087 4887 5088 0
4887 4888 5088 0
5088 4888 5089 0
4888 4889 5089 0
5089 4889 5090 0
4889 4890 5090 0
5090 4890 5091 0
4890 4891 5091 0
5091 4891 5092 0
4891 4892 5092 0
5092 4892 5093 0
4892 4893 5093 0
5093 4893 5094 0
4893 4894 5094 0
5094 4894 5095 0
4894 4895 5095 0
5095 4895 5096 0
4895 4896 5096 0
5096 4896 5097 0
4896 4897 5097 0
5097 4897 5098 0
4897 4898 5098 0
5098 4898 5099 0
4898 4899 5099 0
5099 4899 5100 0
4899 4900 5100 0
5100 4900 5101 0
4900 4901 5101 0
5101 4901 5102 0
4901 4902 5102 0
5102 4902 5103 0
4902 4903 5103 0
5103 4903 5104 0
4903 4904 5104 0
5104 4904 5105 0
4904 4905 5105 0
5105 4905 5106 0
4905 4906 5106 0
5106 4906 5107 0
4906 4907 5107 0
5107 4907 5108 0
4907 4908 5108 0
5108 4908 5109 0
4908 4909 5109 0
5109 4909 5110 0
4909 4910 5110 0
5110 4910 5111 0
4910 4911 5111 0
5111 4911 5112 0
4911 4912 5112 0
5112 4912 5113 0
4912 4913 5113 0
5113 4913 5114 0
4913 4914 5114 0
5114 4914 5115 0
4914 4915 5115 0
5115 4915 5116 0
4915 4916 5116 0
5116 4916 5117 0
4916 4917 5117 0
5117 4917 5118 0
4917 4918 5118 0
5118 4918 5119 0
4918 4919 5119 0
5119 4919 5120 0
4919 4920 5120 0
5120 4920 5121 0
4920 4921 5121 0
5121 4921 5122 0
4921 4922 5122 0
5122 4922 5123 0
4922 4923 5123 0
5123 4923 5124 0
4923 4924 5124 0
5124 4924 5125 0
4924 4925 5125 0
5125 4925 5126 0
4925 4926 5126 0
5126 4926 5127 0
4926 4927 5127 0
5127 4927 5128 0
4927 4928 5128 0
5128 4928 5129 0
4928 4929 5129 0
5129 4929 5130 0
4929 4930 5130 0
5130 4930 5131 0
4930 4931 5131 0
5131 4931 5132 0
4931 4932 5132 0
5132 4932 5133 0
4932 4933 5133 0
5133 4933 5134 0
4933 4934 5134 0
5134 4934 5135 0
4934 4935 5135 0
5135 4935 5136 0
4935 4936 5136 0
5136 4936 5137 0
4936 4937 5137 0
5137 4937 5138 0
4937 4938 5138 0
5138 4938 5139 0
4938 4939 5139 0
5139 4939 5140 0
4939 4940 5140 0
5140 4940 5141 0
4940 4941 5141 0
5141 4941 5142 0
4941 4942 5142 0
5142 4942 5143 0
4942 4943 5143 0
5143 4943 5144 0
4943 4944 5144 0
5144 4944 5145 0
4944 4945 5145 0
5145 4945 5146 0
4945 4946 5146 0
5146 4946 5147 0
4946 4947 5147 0
5147 4947 5148 0
4947 4948 5148 0
5148 4948 5149 0
4948 4949 5149 0
5149 4949 5150 0
4949 4950 5150 0
5150 4950 5151 0
4950 4951 5151 0
5151 4951 5152 0
4951 4952 5152 0
5152 4952 5153 0
4952 4953 5153 0
5153 4953 5154 0
4953 4954 5154 0
5154 4954 5155 0
4954 4955 5155 0
5155 4955 5156 0
4955 4956 5156 0
5156 4956 5157 0
4956 4957 5157 0
5157 4957 5158 0
4957 4958 5158 0
5158 4958 5159 0
4958 4959 5159 0
5159 4959 5160 0
4959 4960 5160 0
5160 4960 5161 0
4960 4961 5161 0
5161 4961 5162 0
4961 4962 5162 0
5162 4962 5163 0
4962 4963 5163 0
5163 4963 5164 0
4963 4964 5164 0
5164 4964 5165 0
4964 4965 5165 0
5165 4965 5166 0
4965 4966 5166 0
5166 4966 5167 0
4966 4967 5167 0
5167 4967 5168 0
4967 4968 5168 0
5168 4968 5169 0
4968 4969 5169 0
5169 4969 5170 0
4969 4970 5170 0
5170 4970 5171 0
4970 4971 5171 0
5171 4971 5172 0
4971 4972 5172 0
5172 4972 5173 0
4972 4973 5173 0
5173 4973 5174 0
4973 4974 5174 0
5174 4974 5175 0
4974 4975 5175 0
5175 4975 5176 0
4975 4976 5176 0
5176 4976 5177 0
4976 4977 5177 0
5177 4977 5178 0
4977 4978 5178 0
5178 4978 5179 0
4978 4979 5179 0
5179 4979 5180 0
4979 4980 5180 0
5180 4980 5181 0
4980 4981 5181 0
5181 4981 5182 0
4981 4982 5182 0
5182 4982 5183 0
4982 4983 5183 0
5183 4983 5184 0
4983 4984 5184 0
5184 4984 5185 0
4984 4985 5185 0
5185 4985 5186 0
4985 4986 5186 0
5186 4986 5187 0
4986 4987 5187 0
5187 4987 5188 0
4987 4988 5188 0
5188 4988 5189 0
4988 4989 5189 0
5189 4989 5190 0
4989 4990 5190 0
5190 4990 5191 0
4990 4991 5191 0
5191 4991 5192 0
4991 4992 5192 0
5192 4992 5193 0
4992 4993 5193 0
5193 4993 5194 0
4993 4994 5194 0
5194 4994 5195 0
4994 4995 5195 0
5195 4995 5196 0
4995 4996 5196 0
5196 4996 5197 0
4996 4997 5197 0
5197 4997 5198 0
4997 4998 5198 0
5198 4998 5199 0
4998 4999 5199 0
5199 4999 5200 0
4999 5000 5200 0
5200 5000 5201 0
5000 5001 5201 0
5201 5001 5202 0
5001 5002 5202 0
5202 5002 5203 0
5002 5003 5203 0
5203 5003 5204 0
5003 5004 5204 0
5204 5004 5205 0
5004 5005 5205 0
5205 5005 5206 0
5005 5006 5206 0
5206 5006 5207 0
5006 5007 5207 0
5207 5007 5208 0
5007 5008 5208 0
5208 5008 5209 0
5008 5009 5209 0
5209 5009 5210 0
5009 5010 5210 0
5210 5010 5211 0
5010 5011 5211 0
5211 5011 5212 0
5011 5012 5212 0
5212 5012 5213 0
5012 5013 5213 0
5213 5013 5214 0
5013 5014 5214 0
5214 5014 5215 0
5014 5015 5215 0
5215 5015 5216 0
5015 5016 5216 0
5216 5016 5217 0
5016 5017 5217 0
5217 5017 5218 0
5017 5018 5218 0
5218 5018 5219 0
5018 5019 5219 0
5219 5019 5220 0
5019 5020 5220 0
5220 5020 5221 0
5020 5021 5221 0
5221 5021 5222 0
5021 5022 5222 0
5222 5022 5223 0
5022 5023 5223 0
5223 5023 5224 0
5023 5024 5224 0
5224 5024 5225 0
5024 5025 5225 0
5225 5025 5226 0
5026 5027 5227 0
5227 5027 5228 0
5027 5028 5228 0
5228 5028 5229 0
5028 5029 5229 0
5229 5029 5230 0
5029 5030 5230 0
5230 5030 5231 0
5030 5031 5231 0
5231 5031 5232 0
5031 5032 5232 0
5232 5032 5233 0
5032 5033 5233 0
5233 5033 5234 0
5033 5034 5234 0
5234 5034 5235 0
5034 5035 5235 0
5235 5035 5236 0
5035 5036 5236 0
5236 5036 5237 0
5036 5037 5237 0
5237 5037 5238 0
5037 5038 5238 0
5238 5038 5239 0
5038 5039 5239 0
5239 5039 5240 0
5039 5040 5240 0
5240 5040 5241 0
5040 5041 5241 0
5241 5041 5242 0
5041 5042 5242 0
5242 5042 5243 0
5042 5043 5243 0
5243 5043 5244 0
5043 5044 5244 0
5244 5044 5245 0
5044 5045 5245 0
5245 5045 5246 0
5045 5046 5246 0
5246 5046 5247 0
5046 5047 5247 0
5247 5047 5248 0
5047 5048 5248 0
5248 5048 5249 0
5048 5049 5249 0
5249 5049 5250 0
5049 5050 5250 0
5250 5050 5251 0
5050 5051 5251 0
5251 5051 5252 0
5051 5052 5252 0
5252 5052 5253 0
5052 5053 5253 0
5253 5053 5254 0
5053 5054 5254 0
5254 5054 5255 0
5054 5055 5255 0
5255 5055 5256 0
5055 5056 5256 0
5256 5056 5257 0
5056 5057 5257 0
5257 5057 5258 0
5057 5058 5258 0
5258 5058 5259 0
5058 5059 5259 0
5259 5059 5260 0
5059 5060 5260 0
5260 5060 5261 0
5060 5061 5261 0
5261 5061 5262 0
5061 5062 5262 0
5262 5062 5263 0
5062 5063 5263 0
5263 5063 5264 0
5063 5064 5264 0
5264 5064 5265 0
5064 5065 5265 0
5265 5065 5266 0
5065 5066 5266 0
5266 5066 5267 0
5066 5067 5267 0
5267 5067 5268 0
5067 5068 5268 0
5268 5068 5269 0
5068 5069 5269 0
5269 5069 5270 0
5069 5070 5270 0
5270 5070 5271 0
5070 5071 5271 0
5271 5071 5272 0
5071 5072 5272 0
5272 5072 5273 0
5072 5073 5273 0
5273 5073 5274 0
5073 5074 5274 0
5274 5074 5275 0
5074 5075 5275 0
5275 5075 5276 0
5075 5076 5276 0
5276 5076 5277 0
5076 5077 5277 0
5277 5077 5278 0
5077 5078 5278 0
5278 5078 5279 0
5078 5079 5279 0
5279 5079 5280 0
5079 5080 5280 0
5280 5080 5281 0
5080 5081 5281 0
5281 5081 5282 0
5081 5082 5282 0
5282 5082 5283 0
5082 5083 5283 0
5283 5083 5284 0
5083 5084 5284 0
5284 5084 5285 0
5084 5085 5285 0
5285 5085 5286 0
5085 5086 5286 0
5286 5086 5287 0
5086 5087 5287 0
5287 5087 5288 0
5087 5088 5288 0
5288 5088 5289 0
5088 5089 5289 0
5289 5089 5290 0
5089 5090 5290 0
5290 5090 5291 0
5090 5091 5291 0
5291 5091 5292 0
5091 5092 5292 0
5292 5092 5293 0
5092 5093 5293 0
5293 5093 5294 0
5093 5094 5294 0
5294 5094 5295 0
5094 5095 5295 0
5295 5095 5296 0
5095 5096 5296 0
5296 5096 5297 0
5096 5097 5297 0
5297 5097 5298 0
5097 5098 5298 0
5298 5098 5299 0
5098 5099 5299 0
5299 5099 5300 0
5099 5100 5300 0
5300 5100 5301 0
5100 5101 5301 0
5301 5101 5302 0
5101 5102 5302 0
5302 5102 5303 0
5102 5103 5303 0
5303 5103 5304 0
5103 5104 5304 0
5304 5104 5305 0
5104 5105 5305 0
5305 5105 5306 0
5105 5106 5306 0
5306 5106 5307 0
5106 5107 5307 0
5307 5107 5308 0
5107 5108 5308 0
5308 5108 5309 0
5108 5109 5309 0
5309 5109 5310 0
5109 5110 5310 0
5310 5110 5311 0
5110 5111 5311 0
5311 5111 5312 0
5111 5112 5312 0
5312 5112 5313 0
5112 5113 5313 0
5313 5113 5314 0
5113 5114 5314 0
5314 5114 5315 0
5114 5115 5315 0
5315 5115 5316 0
5115 5116 5316 0
5316 5116 5317 0
5116 5117 5317 0
5317 5117 5318 0
5117 5118 5318 0
5318 5118 5319 0
5118 5119 5319 0
5319 5119 5320 0
5119 5120 5320 0
5320 5120 5321 0
5120 5121 5321 0
5321 5121 5322 0
5121 5122 5322 0
5322 5122 5323 0
5122 5123 5323 0
5323 5123 5324 0
5123 5124 5324 0
5324 5124 5325 0
5124 5125 5325 0
5325 5125 5326 0
5125 5126 5326 0
5326 5126 5327 0
5126 5127 5327 0
5327 5127 5328 0
5127 5128 5328 0
5328 5128 5329 0
5128 5129 5329 0
5329 5129 5330 0
5129 5130 5330 0
5330 5130 5331 0
5130 5131 5331 0
5331 5131 5332 0
5131 5132 5332 0
5332 5132 5333 0
5132 5133 5333 0
5333 5133 5334 0
5133 5134 5334 0
5334 5134 5335 0
5134 5135 5335 0
5335 5135 5336 0
5135 5136 5336 0
5336 5136 5337 0
5136 5137 5337 0
5337 5137 5338 0
5137 5138 5338 0
5338 5138 5339 0
5138 5139 5339 0
5339 5139 5340 0
5139 5140 5340 0
5340 5140 5341 0
5140 5141 5341 0
5341 5141 5342 0
5141 5142 5342 0
5342 5142 5343 0
5142 5143 5343 0
5343 5143 5344 0
5143 5144 5344 0
5344 5144 5345 0
5144 5145 5345 0
5345 5145 5346 0
5145 5146 5346 0
5346 5146 5347 0
5146 5147 5347 0
5347 5147 5348 0
5147 5148 5348 0
5348 5148 5349 0
5148 5149 5349 0
5349 5149 5350 0
5149 5150 5350 0
5350 5150 5351 0
5150 5151 5351 0
5351 5151 5352 0
5151 5152 5352 0
5352 5152 5353 0
5152 5153 5353 0
5353 5153 5354 0
5153 5154 5354 0
5354 5154 5355 0
5154 5155 5355 0
5355 5155 5356 0
5155 5156 5356 0
5356 5156 5357 0
5156 5157 5357 0
5357 5157 5358 0
5157 5158 5358 0
5358 5158 5359 0
5158 5159 5359 0
5359 5159 5360 0
5159 5160 5360 0
5360 5160 5361 0
5160 5161 5361 0
5361 5161 5362 0
5161 5162 5362 0
5362 5162 5363 0
5162 5163 5363 0
5363 5163 5364 0
5163 5164 5364 0
5364 5164 5365 0
5164 5165 5365 0
5365 5165 5366 0
5165 5166 5366 0
5366 5166 5367 0
5166 5167 5367 0
5367 5167 5368 0
5167 5168 5368 0
5368 5168 5369 0
5168 5169 5369 0
5369 5169 5370 0
5169 5170 5370 0
5370 5170 5371 0
5170 5171 5371 0
5371 5171 5372 0
5171 5172 5372 0
5372 5172 5373 0
5172 5173 5373 0
5373 5173 5374 0
5173 5174 5374 0
5374 5174 5375 0
5174 5175 5375 0
5375 5175 5376 0
5175 5176 5376 0
5376 5176 5377 0
5176 5177 5377 0
5377 5177 5378 0
5177 5178 5378 0
5378 5178 5379 0
5178 5179 5379 0
5379 5179 5380 0
5179 5180 5380 0
5380 5180 5381 0
5180 5181 5381 0
5381 5181 5382 0
5181 5182 5382 0
5382 5182 5383 0
5182 5183 5383 0
5383 5183 5384 0
5183 5184 5384 0
5384 5184 5385 0
5184 5185 5385 0
5385 5185 5386 0
5185 5186 5386 0
5386 5186 5387 0
5186 5187 5387 0
5387 5187 5388 0
5187 5188 5388 0
5388 5188 5389 0
5188 5189 5389 0
5389 5189 5390 0
5189 5190 5390 0
5390 5190 5391 0
5190 5191 5391 0
5391 5191 5392 0
5191 5192 5392 0
5392 5192 5393 0
5192 5193 5393 0
5393 5193 5394 0
5193 5194 5394 0
5394 5194 5395 0
5194 5195 5395 0
5395 5195 5396 0
5195 5196 5396 0
5396 5196 5397 0
5196 5197 5397 0
5397 5197 5398 0
5197 5198 5398 0
5398 5198 5399 0
5198 5199 5399 0
5399 5199 5400 0
5199 5200 5400 0
5400 5200 5401 0
5200 5201 5401 0
5401 5201 5402 0
5201 5202 5402 0
5402 5202 5403 0
5202 5203 5403 0
5403 5203 5404 0
5203 5204 5404 0
5404 5204 5405 0
5204 5205 5405 0
5405 5205 5406 0
5205 5206 5406 0
5406 5206 5407 0
5206 5207 5407 0
5407 5207 5408 0
5207 5208 5408 0
5408 5208 5409 0
5208 5209 5409 0
5409 5209 5410 0
5209 5210 5410 0
5410 5210 5411 0
5210 5211 5411 0
5411 5211 5412 0
5211 5212 5412 0
5412 5212 5413 0
5212 5213 5413 0
5413 5213 5414 0
5213 5214 5414 0
5414 5214 5415 0
5214 5215 5415 0
5415 5215 5416 0
5215 5216 5416 0
5416 5216 5417 0
5216 5217 5417 0
5417 5217 5418 0
5217 5218 5418 0
5418 5218 5419 0
5218 5219 5419 0
5419 5219 5420 0
5219 5220 5420 0
5420 5220 5421 0
5220 5221 5421 0
5421 5221 5422 0
5221 5222 5422 0
5422 5222 5423 0
5222 5223 5423 0
5423 5223 5424 0
5223 5224 5424 0
5424 5224 5425 0
5224 5225 5425 0
5425 5225 5426 0
5225 5226 5426 0
5426 5226 5427 0
5227 5228 5428 0
5428 5228 5429 0
5228 5229 5429 0
5429 5229 5430 0
5229 5230 5430 0
5430 5230 5431 0
5230 5231 5431 0
5431 5231 5432 0
5231 5232 5432 0
5432 5232 5433 0
5232 5233 5433 0
5433 5233 5434 0
5233 5234 5434 0
5434 5234 5435 0
5234 5235 5435 0
5435 5235 5436 0
5235 5236 5436 0
5436 5236 5437 0
5236 5237 5437 0
5437 5237 5438 0
5237 5238 5438 0
5438 5238 5439 0
5238 5239 5439 0
5439 5239 5440 0
5239 5240 5440 0
5440 5240 5441 0
5240 5241 5441 0
5441 5241 5442 0
5241 5242 5442 0
5442 5242 5443 0
5242 5243 5443 0
5443 5243 5444 0
5243 5244 5444 0
5444 5244 5445 0
5244 5245 5445 0
5445 5245 5446 0
5245 5246 5446 0
5446 5246 5447 0
5246 5247 5447 0
5447 5247 5448 0
5247 5248 5448 0
5448 5248 5449 0
5248 5249 5449 0
5449 5249 5450 0
5249 5250 5450 0
5450 5250 5451 0
5250 5251 5451 0
5451 5251 5452 0
5251 5252 5452 0
5452 5252 5453 0
5252 5253 5453 0
5453 5253 5454 0
5253 5254 5454 0
5454 5254 5455 0
5254 5255 5455 0
5455 5255 5456 0
5255 5256 5456 0
5456 5256 5457 0
5256 5257 5457 0
5457 5257 5458 0
5257 5258 5458 0
5458 5258 5459 0
5258 5259 5459 0
5459 5259 5460 0
5259 5260 5460 0
5460 5260 5461 0
5260 5261 5461 0
5461 5261 5462 0
5261 5262 5462 0
5462 5262 5463 0
5262 5263 5463 0
5463 5263 5464 0
5263 5264 5464 0
5464 5264 5465 0
5264 5265 5465 0
5465 5265 5466 0
5265 5266 5466 0
5466 5266 5467 0
5266 5267 5467 0
5467 5267 5468 0
5267 5268 5468 0
5468 5268 5469 0
5268 5269 5469 0
5469 5269 5470 0
5269 5270 5470 0
5470 5270 5471 0
5270 5271 5471 0
5471 5271 5472 0
5271 5272 5472 0
5472 5272 5473 0
5272 5273 5473 0
5473 5273 5474 0
5273 5274 5474 0
5474 5274 5475 0
5274 5275 5475 0
5475 5275 5476 0
5275 5276 5476 0
5476 5276 5477 0
5276 5277 5477 0
5477 5277 5478 0
5277 5278 5478 0
5478 5278 5479 0
5278 5279 5479 0
5479 5279 5480 0
5279 5280 5480 0
5480 5280 5481 0
5280 5281 5481 0
5481 5281 5482 0
5281 5282 5482 0
5482 5282 5483 0
5282 5283 5483 0
5483 5283 5484 0
5283 5284 5484 0
5484 5284 5485 0
5284 5285 5485 0
5485 5285 5486 0
5285 5286 5486 0
5486 5286 5487 0
5286 5287 5487 0
5487 5287 5488 0
5287 5288 5488 0
5488 5288 5489 0
5288 5289 5489 0
5489 5289 5490 0
5289 5290 5490 0
5490 5290 5491 0
5290 5291 5491 0
5491 5291 5492 0
5291 5292 5492 0
5492 5292 5493 0
5292 5293 5493 0
5493 5293 5494 0
5293 5294 5494 0
5494 5294 5495 0
5294 5295 5495 0
5495 5295 5496 0
5295 5296 5496 0
5496 5296 5497 0
5296 5297 5497 0
5497 5297 5498 0
5297 5298 5498 0
5498 5298 5499 0
5298 5299 5499 0
5499 5299 5500 0
5299 5300 5500 0
5500 5300 5501 0
5300 5301 5501 0
5501 5301 5502 0
5301 5302 5502 0
5502 5302 5503 0
5302 5303 5503 0
5503 5303 5504 0
5303 5304 5504 0
5504 5304 5505 0
5304 5305 5505 0
5505 5305 5506 0
5305 5306 5506 0
5506 5306 5507 0
5306 5307 5507 0
5507 5307 5508 0
5307 5308 5508 0
5508 5308 5509 0
5308 5309 5509 0
5509 5309 5510 0
5309 5310 5510 0
5510 5310 5511 0
5310 5311 5511 0
5511 5311 5512 0
5311 5312 5512 0
5512 5312 5513 0
5312 5313 5513 0
5513 5313 5514 0
5313 5314 5514 0
5514 5314 5515 0
5314 5315 5515 0
5515 5315 5516 0
5315 5316 5516 0
5516 5316 5517 0
5316 5317 5517 0
5517 5317 5518 0
5317 5318 5518 0
5518 5318 5519 0
5318 5319 5519 0
5519 5319 5520 0
5319 5320 5520 0
5520 5320 5521 0
5320 5321 5521 0
5521 5321 5522 0
5321 5322 5522 0
5522 5322 5523 0
5322 5323 5523 0
5523 5323 5524 0
5323 5324 5524 0
5524 5324 5525 0
5324 5325 5525 0
5525 5325 5526 0
5325 5326 5526 0
5526 5326 5527 0
5326 5327 5527 0
5527 5327 5528 0
5327 5328 5528 0
5528 5328 5529 0
5328 5329 5529 0
5529 5329 5530 0
5329 5330 5530 0
5530 5330 5531 0
5330 5331 5531 0
5531 5331 5532 0
5331 5332 5532 0
5532 5332 5533 0
5332 5333 5533 0
5533 5333 5534 0
5333 5334 5534 0
5534 5334 5535 0
5334 5335 5535 0
5535 5335 5536 0
5335 5336 5536 0
5536 5336 5537 0
5336 5337 5537 0
5537 5337 5538 0
5337 5338 5538 0
5538 5338 5539 0
5338 5339 5539 0
5539 5339 5540 0
5339 5340 5540 0
5540 5340 5541 0
5340 5341 5541 0
5541 5341 5542 0
5341 5342 5542 0
5542 5342 5543 0
5342 5343 5543 0
5543 5343 5544 0
5343 5344 5544 0
5544 5344 5545 0
5344 5345 5545 0
5545 5345 5546 0
5345 5346 5546 0
5546 5346 5547 0
5346 5347 5547 0
5547 5347 5548 0
5347 5348 5548 0
5548 5348 5549 0
5348 5349 5549 0
5549 5349 5550 0
5349 5350 5550 0
5550 5350 5551 0
5350 5351 5551 0
5551 5351 5552 0
5351 5352 5552 0
5552 5352 5553 0
5352 5353 5553 0
5553 5353 5554 0
5353 5354 5554 0
5554 5354 5555 0
5354 5355 5555 0
5555 5355 5556 0
5355 5356 5556 0
5556 5356 5557 0
5356 5357 5557 0
5557 5357 5558 0
5357 5358 5558 0
5558 5358 5559 0
5358 5359 5559 0
5559 5359 5560 0
5359 5360 5560 0
5560 5360 5561 0
5360 5361 5561 0
5561 5361 5562 0
5361 5362 5562 0
5562 5362 5563 0
5362 5363 5563 0
5563 5363 5564 0
5363 5364 5564 0
5564 5364 5565 0
5364 5365 5565 0
5565 5365 5566 0
5365 5366 5566 0
5566 5366 5567 0
5366 5367 5567 0
5567 5367 5568 0
5367 5368 5568 0
5568 5368 5569 0
5368 5369 5569 0
5569 5369 5570 0
5369 5370 5570 0
5570 5370 5571 0
5370 5371 5571 0
5571 5371 5572 0
5371 5372 5572 0
5572 5372 5573 0
5372 5373 5573 0
5573 5373 5574 0
5373 5374 5574 0
5574 5374 5575 0
5374 5375 5575 0
5575 5375 5576 0
5375 5376 5576 0
5576 5376 5577 0
5376 5377 5577 0
5577 5377 5578 0
5377 5378 5578 0
5578 5378 5579 0
5378 5379 5579 0
5579 5379 5580 0
5379 5380 5580 0
5580 5380 5581 0
5380 5381 5581 0
5581 5381 5582 0
5381 5382 5582 0
5582 5382 5583 0
5382 5383 5583 0
5583 5383 5584 0
5383 5384 5584 0
5584 5384 5585 0
5384 5385 5585 0
5585 5385 5586 0
5385 5386 5586 0
5586 5386 5587 0
5386 5387 5587 0
5587 5387 5588 0
5387 5388 5588 0
5588 5388 5589 0
5388 5389 5589 0
5589 5389 5590 0
5389 5390 5590 0
5590 5390 5591 0
5390 5391 5591 0
5591 5391 5592 0
5391 5392 5592 0
5592 5392 5593 0
5392 5393 5593 0
5593 5393 5594 0
5393 5394 5594 0
5594 5394 5595 0
5394 5395 5595 0
5595 5395 5596 0
5395 5396 5596 0
5596 5396 5597 0
5396 5397 5597 0
5597 5397 5598 0
5397 5398 5598 0
5598 5398 5599 0
5398 5399 5599 0
5599 5399 5600 0
5399 5400 5600 0
5600 5400 5601 0
5400 5401 5601 0
5601 5401 5602 0
5401 5402 5602 0
5602 5402 5603 0
5402 5403 5603 0
5603 5403 5604 0
5403 5404 5604 0
5604 5404 5605 0
5404 5405 5605 0
5605 5405 5606 0
5405 5406 5606 0
5606 5406 5607 0
5406 5407 5607 0
5607 5407 5608 0
5407 5408 5608 0
5608 5408 5609 0
5408 5409 5609 0
5609 5409 5610 0
5409 5410 5610 0
5610 5410 5611 0
5410 5411 5611 0
5611 5411 5612 0
5411 5412 5612 0
5612 5412 5613 0
5412 5413 5613 0
5613 5413 5614 0
5413 5414 5614 0
5614 5414 5615 0
5414 5415 5615 0
5615 5415 5616 0
5415 5416 5616 0
5616 5416 5617 0
5416 5417 5617 0
5617 5417 5618 0
5417 5418 5618 0
5618 5418 5619 0
5418 5419 5619 0
5619 5419 5620 0
5419 5420 5620 0
5620 5420 5621 0
5420 5421 5621 0
5621 5421 5622 0
5421 5422 5622 0
5622 5422 5623 0
5422 5423 5623 0
5623 5423 5624 0
5423 5424 5624 0
5624 5424 5625 0
5424 5425 5625 0
5625 5425 5626 0
5425 5426 5626 0
5626 5426 5627 0
5426 5427 5627 0
5627 5427 5628 0
5428 5429 5629 0
5629 5429 5630 0
5429 5430 5630 0
5630 5430 5631 0
5430 5431 5631 0
5631 5431 5632 0
5431 5432 5632 0
5632 5432 5633 0
5432 5433 5633 0
5633 5433 5634 0
5433 5434 5634 0
5634 5434 5635 0
5434 5435 5635 0
5635 5435 5636 0
5435 5436 5636 0
5636 5436 5637 0
5436 5437 5637 0
5637 5437 5638 0
5437 5438 5638 0
5638 5438 5639 0
5438 5439 5639 0
5639 5439 5640 0
5439 5440 5640 0
5640 5440 5641 0
5440 5441 5641 0
5641 5441 5642 0
5441 5442 5642 0
5642 5442 5643 0
5442 5443 5643 0
5643 5443 5644 0
5443 5444 5644 0
5644 5444 5645 0
5444 5445 5645 0
5645 5445 5646 0
5445 5446 5646 0
5646 5446 5647 0
5446 5447 5647 0
5647 5447 5648 0
5447 5448 5648 0
5648 5448 5649 0
5448 5449 5649 0
5649 5449 5650 0
5449 5450 5650 0
5650 5450 5651 0
5450 5451 5651 0
5651 5451 5652 0
5451 5452 5652 0
5652 5452 5653 0
5452 5453 5653 0
5653 5453 5654 0
5453 5454 5654 0
5654 5454 5655 0
5454 5455 5655 0
5655 5455 5656 0
5455 5456 5656 0
5656 5456 5657 0
5456 5457 5657 0
5657 5457 5658 0
5457 5458 5658 0
5658 5458 5659 0
5458 5459 5659 0
5659 5459 5660 0
5459 5460 5660 0
5660 5460 5661 0
5460 5461 5661 0
5661 5461 5662 0
5461 5462 5662 0
5662 5462 5663 0
5462 5463 5663 0
5663 5463 5664 0
5463 5464 5664 0
5664 5464 5665 0
5464 5465 5665 0
5665 5465 5666 0
5465 5466 5666 0
5666 5466 5667 0
5466 5467 5667 0
5667 5467 5668 0
5467 5468 5668 0
5668 5468 5669 0
5468 5469 5669 0
5669 5469 5670 0
5469 5470 5670 0
5670 5470 5671 0
5470 5471 5671 0
5671 5471 5672 0
5471 5472 5672 0
5672 5472 5673 0
5472 5473 5673 0
5673 5473 5674 0
5473 5474 5674 0
5674 5474 5675 0
5474 5475 5675 0
5675 5475 5676 0
5475 5476 5676 0
5676 5476 5677 0
5476 5477 5677 0
5677 5477 5678 0
5477 5478 5678 0
5678 5478 5679 0
5478 5479 5679 0
5679 5479 5680 0
5479 5480 5680 0
5680 5480 5681 0
5480 5481 5681 0
5681 5481 5682 0
5481 5482 5682 0
5682 5482 5683 0
5482 5483 5683 0
5683 5483 5684 0
5483 5484 5684 0
5684 5484 5685 0
5484 5485 5685 0
5685 5485 5686 0
5485 5486 5686 0
5686 5486 5687 0
5486 5487 5687 0
5687 5487 5688 0
5487 5488 5688 0
5688 5488 5689 0
5488 5489 5689 0
5689 5489 5690 0
5489 5490 5690 0
5690 5490 5691 0
5490 5491 5691 0
5691 5491 5692 0
5491 5492 5692 0
5692 5492 5693 0
5492 5493 5693 0
5693 5493 5694 0
5493 5494 5694 0
5694 5494 5695 0
5494 5495 5695 0
5695 5495 5696 0
5495 5496 5696 0
5696 5496 5697 0
5496 5497 5697 0
5697 5497 5698 0
5497 5498 5698 0
5698 5498 5699 0
5498 5499 5699 0
5699 5499 5700 0
5499 5500 5700 0
5700 5500 5701 0
5500 5501 5701 0
5701 5501 5702 0
5501 5502 5702 0
5702 5502 5703 0
5502 5503 5703 0
5703 5503 5704 0
5503 5504 5704 0
5704 5504 5705 0
5504 5505 5705 0
5705 5505 5706 0
5505 5506 5706 0
5706 5506 5707 0
5506 5507 5707 0
5707 5507 5708 0
5507 5508 5708 0
5708 5508 5709 0
5508 5509 5709 0
5709 5509 5710 0
5509 5510 5710 0
5710 5510 5711 0
5510 5511 5711 0
5711 5511 5712 0
5511 5512 5712 0
5712 5512 5713 0
5512 5513 5713 0
5713 5513 5714 0
5513 5514 5714 0
5714 5514 5715 0
5514 5515 5715 0
5715 5515 5716 0
5515 5516 5716 0
5716 5516 5717 0
5516 5517 5717 0
5717 5517 5718 0
5517 5518 5718 0
5718 5518 5719 0
5518 5519 5719 0
5719 5519 5720 0
5519 5520 5720 0
5720 5520 5721 0
5520 5521 5721 0
5721 5521 5722 0
5521 5522 5722 0
5722 5522 5723 0
5522 5523 5723 0
5723 5523 5724 0
5523 5524 5724 0
5724 5524 5725 0
5524 5525 5725 0
5725 5525 5726 0
5525 5526 5726 0
5726 5526 5727 0
5526 5527 5727 0
5727 5527 5728 0
5527 5528 5728 0
5728 5528 5729 0
5528 5529 5729 0
5729 5529 5730 0
5529 5530 5730 0
5730 5530 5731 0
5530 5531 5731 0
5731 5531 5732 0
5531 5532 5732 0
5732 5532 5733 0
5532 5533 5733 0
5733 5533 5734 0
5533 5534 5734 0
5734 5534 5735 0
5534 5535 5735 0
5735 5535 5736 0
5535 5536 5736 0
5736 5536 5737 0
5536 5537 5737 0
5737 5537 5738 0
5537 5538 5738 0
5738 5538 5739 0
5538 5539 5739 0
5739 5539 5740 0
5539 5540 5740 0
5740 5540 5741 0
5540 5541 5741 0
5741 5541 5742 0
5541 5542 5742 0
5742 5542 5743 0
5542 5543 5743 0
5743 5543 5744 0
5543 5544 5744 0
5744 5544 5745 0
5544 5545 5745 0
5745 5545 5746 0
5545 5546 5746 0
5746 5546 5747 0
5546 5547 5747 0
5747 5547 5748 0
5547 5548 5748 0
5748 5548 5749 0
5548 5549 5749 0
5749 5549 5750 0
5549 5550 5750 0
5750 5550 5751 0
5550 5551 5751 0
5751 5551 5752 0
5551 5552 5752 0
5752 5552 5753 0
5552 5553 5753 0
5753 5553 5754 0
5553 5554 5754 0
5754 5554 5755 0
5554 5555 5755 0
5755 5555 5756 0
5555 5556 5756 0
5756 5556 5757 0
5556 5557 5757 0
5757 5557 5758 0
5557 5558 5758 0
5758 5558 5759 0
5558 5559 5759 0
5759 5559 5760 0
5559 5560 5760 0
5760 5560 5761 0
5560 5561 5761 0
5761 5561 5762 0
5561 5562 5762 0
5762 5562 5763 0
5562 5563 5763 0
5763 5563 5764 0
5563 5564 5764 0
5764 5564 5765 0
5564 5565 5765 0
5765 5565 5766 0
5565 5566 5766 0
5766 5566 5767 0
5566 5567 5767 0
5767 5567 5768 0
5567 5568 5768 0
5768 5568 5769 0
5568 5569 5769 0
5769 5569 5770 0
5569 5570 5770 0
5770 5570 5771 0
5570 5571 5771 0
5771 5571 5772 0
5571 5572 5772 0
5772 5572 5773 0
5572 5573 5773 0
5773 5573 5774 0
5573 5574 5774 0
5774 5574 5775 0
5574 5575 5775 0
5775 5575 5776 0
5575 5576 5776 0
5776 5576 5777 0
5576 5577 5777 0
5777 5577 5778 0
5577 5578 5778 0
5778 5578 5779 0
5578 5579 5779 0
5779 5579 5780 0
5579 5580 5780 0
5780 5580 5781 0
5580 5581 5781 0
5781 5581 5782 0
5581 5582 5782 0
5782 5582 5783 0
5582 5583 5783 0
5783 5583 5784 0
5583 5584 5784 0
5784 5584 5785 0
5584 5585 5785 0
5785 5585 5786 0
5585 5586 5786 0
5786 5586 5787 0
5586 5587 5787 0
5787 5587 5788 0
5587 5588 5788 0
5788 5588 5789 0
5588 5589 5789 0
5789 5589 5790 0
5589 5590 5790 0
5790 5590 5791 0
5590 5591 5791 0
5791 5591 5792 0
5591 5592 5792 0
5792 5592 5793 0
5592 5593 5793 0
5793 5593 5794 0
5593 5594 5794 0
5794 5594 5795 0
5594 5595 5795 0
5795 5595 5796 0
5595 5596 5796 0
5796 5596 5797 0
5596 5597 5797 0
5797 5597 5798 0
5597 5598 5798 0
5798 5598 5799 0
5598 5599 5799 0
5799 5599 5800 0
5599 5600 5800 0
5800 5600 5801 0
5600 5601 5801 0
5801 5601 5802 0
5601 5602 5802 0
5802 5602 5803 0
5602 5603 5803 0
5803 5603 5804 0
5603 5604 5804 0
5804 5604 5805 0
5604 5605 5805 0
5805 5605 5806 0
5605 5606 5806 0
5806 5606 5807 0
5606 5607 5807 0
5807 5607 5808 0
5607 5608 5808 0
5808 5608 5809 0
5608 5609 5809 0
5809 5609 5810 0
5609 5610 5810 0
5810 5610 5811 0
5610 5611 5811 0
5811 5611 5812 0
5611 5612 5812 0
5812 5612 5813 0
5612 5613 5813 0
5813 5613 5814 0
5613 5614 5814 0
5814 5614 5815 0
5614 5615 5815 0
5815 5615 5816 0
5615 5616 5816 0
5816 5616 5817 0
5616 5617 5817 0
5817 5617 5818 0
5617 5618 5818 0
5818 5618 5819 0
5618 5619 5819 0
5819 5619 5820 0
5619 5620 5820 0
5820 5620 5821 0
5620 5621 5821 0
5821 5621 5822 0
5621 5622 5822 0
5822 5622 5823 0
5622 5623 5823 0
5823 5623 5824 0
5623 5624 5824 0
5824 5624 5825 0
5624 5625 5825 0
5825 5625 5826 0
5625 5626 5826 0
5826 5626 5827 0
5626 5627 5827 0
5827 5627 5828 0
5627 5628 5828 0
5828 5628 5829 0
5629 5630 5830 0
5830 5630 5831 0
5630 5631 5831 0
5831 5631 5832 0
5631 5632 5832 0
5832 5632 5833 0
5632 5633 5833 0
5833 5633 5834 0
5633 5634 5834 0
5834 5634 5835 0
5634 5635 5835 0
5835 5635 5836 0
5635 5636 5836 0
5836 5636 5837 0
5636 5637 5837 0
5837 5637 5838 0
5637 5638 5838 0
5838 5638 5839 0
5638 5639 5839 0
5839 5639 5840 0
5639 5640 5840 0
5840 5640 5841 0
5640 5641 5841 0
5841 5641 5842 0
5641 5642 5842 0
5842 5642 5843 0
5642 5643 5843 0
5843 5643 5844 0
5643 5644 5844 0
5844 5644 5845 0
5644 5645 5845 0
5845 5645 5846 0
5645 5646 5846 0
5846 5646 5847 0
5646 5647 5847 0
5847 5647 5848 0
5647 5648 5848 0
5848 5648 5849 0
5648 5649 5849 0
5849 5649 5850 0
5649 5650 5850 0
5850 5650 5851 0
5650 5651 5851 0
5851 5651 5852 0
5651 5652 5852 0
5852 5652 5853 0
5652 5653 5853 0
5853 5653 5854 0
5653 5654 5854 0
5854 5654 5855 0
5654 5655 5855 0
5855 5655 5856 0
5655 5656 5856 0
5856 5656 5857 0
5656 5657 5857 0
5857 5657 5858 0
5657 5658 5858 0
5858 5658 5859 0
5658 5659 5859 0
5859 5659 5860 0
5659 5660 5860 0
5860 5660 5861 0
5660 5661 5861 0
5861 5661 5862 0
5661 5662 5862 0
5862 5662 5863 0
5662 5663 5863 0
5863 5663 5864 0
5663 5664 5864 0
5864 5664 5865 0
5664 5665 5865 0
5865 5665 5866 0
5665 5666 5866 0
5866 5666 5867 0
5666 5667 5867 0
5867 5667 5868 0
5667 5668 5868 0
5868 5668 5869 0
5668 5669 5869 0
5869 5669 5870 0
5669 5670 5870 0
5870 5670 5871 0
5670 5671 5871 0
5871 5671 5872 0
5671 5672 5872 0
5872 5672 5873 0
5672 5673 5873 0
5873 5673 5874 0
5673 5674 5874 0
5874 5674 5875 0
5674 5675 5875 0
5875 5675 5876 0
5675 5676 5876 0
5876 5676 5877 0
5676 5677 5877 0
5877 5677 5878 0
5677 5678 5878 0
5878 5678 5879 0
5678 5679 5879 0
5879 5679 5880 0
5679 5680 5880 0
5880 5680 5881 0
5680 5681 5881 0
5881 5681 5882 0
5681 5682 5882 0
5882 5682 5883 0
5682 5683 5883 0
5883 5683 5884 0
5683 5684 5884 0
5884 5684 5885 0
5684 5685 5885 0
5885 5685 5886 0
5685 5686 5886 0
5886 5686 5887 0
5686 5687 5887 0
5887 5687 5888 0
5687 5688 5888 0
5888 5688 5889 0
5688 5689 5889 0
5889 5689 5890 0
5689 5690 5890 0
5890 5690 5891 0
5690 5691 5891 0
5891 5691 5892 0
5691 5692 5892 0
5892 5692 5893 0
5692 5693 5893 0
5893 5693 5894 0
5693 5694 5894 0
5894 5694 5895 0
5694 5695 5895 0
5895 5695 5896 0
5695 5696 5896 0
5896 5696 5897 0
5696 5697 5897 0
5897 5697 5898 0
5697 5698 5898 0
5898 5698 5899 0
5698 5699 5899 0
5899 5699 5900 0
5699 5700 5900 0
5900 5700 5901 0
5700 5701 5901 0
5901 5701 5902 0
5701 5702 5902 0
5902 5702 5903 0
5702 5703 5903 0
5903 5703 5904 0
5703 5704 5904 0
5904 5704 5905 0
5704 5705 5905 0
5905 5705 5906 0
5705 5706 5906 0
5906 5706 5907 0
5706 5707 5907 0
5907 5707 5908 0
5707 5708 5908 0
5908 5708 5909 0
5708 5709 5909 0
5909 5709 5910 0
5709 5710 5910 0
5910 5710 5911 0
5710 5711 5911 0
5911 5711 5912 0
5711 5712 5912 0
5912 5712 5913 0
5712 5713 5913 0
5913 5713 5914 0
5713 5714 5914 0
5914 5714 5915 0
5714 5715 5915 0
5915 5715 5916 0
5715 5716 5916 0
5916 5716 5917 0
5716 5717 5917 0
5917 5717 5918 0
5717 5718 5918 0
5918 5718 5919 0
5718 5719 5919 0
5919 5719 5920 0
5719 5720 5920 0
5920 5720 5921 0
5720 5721 5921 0
5921 5721 5922 0
5721 5722 5922 0
5922 5722 5923 0
5722 5723 5923 0
5923 5723 5924 0
5723 5724 5924 0
5924 5724 5925 0
5724 5725 5925 0
5925 5725 5926 0
5725 5726 5926 0
5926 5726 5927 0
5726 5727 5927 0
5927 5727 5928 0
5727 5728 5928 0
5928 5728 5929 0
5728 5729 5929 0
5929 5729 5930 0
5729 5730 5930 0
5930 5730 5931 0
5730 5731 5931 0
5931 5731 5932 0
5731 5732 5932 0
5932 5732 5933 0
5732 5733 5933 0
5933 5733 5934 0
5733 5734 5934 0
5934 5734 5935 0
5734 5735 5935 0
5935 5735 5936 0
5735 5736 5936 0
5936 5736 5937 0
5736 5737 5937 0
5937 5737 5938 0
5737 5738 5938 0
5938 5738 5939 0
5738 5739 5939 0
5939 5739 5940 0
5739 5740 5940 0
5940 5740 5941 0
5740 5741 5941 0
5941 5741 5942 0
5741 5742 5942 0
5942 5742 5943 0
5742 5743 5943 0
5943 5743 5944 0
5743 5744 5944 0
5944 5744 5945 0
5744 5745 5945 0
5945 5745 5946 0
5745 5746 5946 0
5946 5746 5947 0
5746 5747 5947 0
5947 5747 5948 0
5747 5748 5948 0
5948 5748 5949 0
5748 5749 5949 0
5949 5749 5950 0
5749 5750 5950 0
5950 5750 5951 0
5750 5751 5951 0
5951 5751 5952 0
5751 5752 5952 0
5952 5752 5953 0
5752 5753 5953 0
5953 5753 5954 0
5753 5754 5954 0
5954 5754 5955 0
5754 5755 5955 0
5955 5755 5956 0
5755 5756 5956 0
5956 5756 5957 0
5756 5757 5957 0
5957 5757 5958 0
5757 5758 5958 0
5958 5758 5959 0
5758 5759 5959 0
5959 5759 5960 0
5759 5760 5960 0
5960 5760 5961 0
5760 5761 5961 0
5961 5761 5962 0
5761 5762 5962 0
5962 5762 5963 0
5762 5763 5963 0
5963 5763 5964 0
5763 5764 5964 0
5964 5764 5965 0
5764 5765 5965 0
5965 5765 5966 0
5765 5766 5966 0
5966 5766 5967 0
5766 5767 5967 0
5967 5767 5968 0
5767 5768 5968 0
5968 5768 5969 0
5768 5769 5969 0
5969 5769 5970 0
5769 5770 5970 0
5970 5770 5971 0
5770 5771 5971 0
5971 5771 5972 0
5771 5772 5972 0
5972 5772 5973 0
5772 5773 5973 0
5973 5773 5974 0
5773 5774 5974 0
5974 5774 5975 0
5774 5775 5975 0
5975 5775 5976 0
5775 5776 5976 0
5976 5776 5977 0
5776 5777 5977 0
5977 5777 5978 0
5777 5778 5978 0
5978 5778 5979 0
5778 5779 5979 0
5979 5779 5980 0
5779 5780 5980 0
5980 5780 5981 0
5780 5781 5981 0
5981 5781 5982 0
5781 5782 5982 0
5982 5782 5983 0
5782 5783 5983 0
5983 5783 5984 0
5783 5784 5984 0
5984 5784 5985 0
5784 5785 5985 0
5985 5785 5986 0
5785 5786 5986 0
5986 5786 5987 0
5786 5787 5987 0
5987 5787 5988 0
5787 5788 5988 0
5988 5788 5989 0
5788 5789 5989 0
5989 5789 5990 0
5789 5790 5990 0
5990 5790 5991 0
5790 5791 5991 0
5991 5791 5992 0
5791 5792 5992 0
5992 5792 5993 0
5792 5793 5993 0
5993 5793 5994 0
5793 5794 5994 0
5994 5794 5995 0
5794 5795 5995 0
5995 5795 5996 0
5795 5796 5996 0
5996 5796 5997 0
5796 5797 5997 0
5997 5797 5998 0
5797 5798 5998 0
5998 5798 5999 0
5798 5799 5999 0
5999 5799 6000 0
5799 5800 6000 0
6000 5800 6001 0
5800 5801 6001 0
6001 5801 6002 0
5801 5802 6002 0
6002 5802 6003 0
5802 5803 6003 0
6003 5803 6004 0
5803 5804 6004 0
6004 5804 6005 0
5804 5805 6005 0
6005 5805 6006 0
5805 5806 6006 0
6006 5806 6007 0
5806 5807 6007 0
6007 5807 6008 0
5807 5808 6008 0
6008 5808 6009 0
5808 5809 6009 0
6009 5809 6010 0
5809 5810 6010 0
6010 5810 6011 0
5810 5811 6011 0
6011 5811 6012 0
5811 5812 6012 0
6012 5812 6013 0
5812 5813 6013 0
6013 5813 6014 0
5813 5814 6014 0
6014 5814 6015 0
5814 5815 6015 0
6015 5815 6016 0
5815 5816 6016 0
6016 5816 6017 0
5816 5817 6017 0
6017 5817 6018 0
5817 5818 6018 0
6018 5818 6019 0
5818 5819 6019 0
6019 5819 6020 0
5819 5820 6020 0
6020 5820 6021 0
5820 5821 6021 0
6021 5821 6022 0
5821 5822 6022 0
6022 5822 6023 0
5822 5823 6023 0
6023 5823 6024 0
5823 5824 6024 0
6024 5824 6025 0
5824 5825 6025 0
6025 5825 6026 0
5825 5826 6026 0
6026 5826 6027 0
5826 5827 6027 0
6027 5827 6028 0
5827 5828 6028 0
6028 5828 6029 0
5828 5829 6029 0
6029 5829 6030 0
5830 5831 6031 0
6031 5831 6032 0
5831 5832 6032 0
6032 5832 6033 0
5832 5833 6033 0
6033 5833 6034 0
5833 5834 6034 0
6034 5834 6035 0
5834 5835 6035 0
6035 5835 6036 0
5835 5836 6036 0
6036 5836 6037 0
5836 5837 6037 0
6037 5837 6038 0
5837 5838 6038 0
6038 5838 6039 0
5838 5839 6039 0
6039 5839 6040 0
5839 5840 6040 0
6040 5840 6041 0
5840 5841 6041 0
6041 5841 6042 0
5841 5842 6042 0
6042 5842 6043 0
5842 5843 6043 0
6043 5843 6044 0
5843 5844 6044 0
6044 5844 6045 0
5844 5845 6045 0
6045 5845 6046 0
5845 5846 6046 0
6046 5846 6047 0
5846 5847 6047 0
6047 5847 6048 0
5847 5848 6048 0
6048 5848 6049 0
5848 5849 6049 0
6049 5849 6050 0
5849 5850 6050 0
6050 5850 6051 0
5850 5851 6051 0
6051 5851 6052 0
5851 5852 6052 0
6052 5852 6053 0
5852 5853 6053 0
6053 5853 6054 0
5853 5854 6054 0
6054 5854 6055 0
5854 5855 6055 0
6055 5855 6056 0
5855 5856 6056 0
6056 5856 6057 0
5856 5857 6057 0
6057 5857 6058 0
5857 5858 6058 0
6058 5858 6059 0
5858 5859 6059 0
6059 5859 6060 0
5859 5860 6060 0
6060 5860 6061 0
5860 5861 6061 0
6061 5861 6062 0
5861 5862 6062 0
6062 5862 6063 0
5862 5863 6063 0
6063 5863 6064 0
5863 5864 6064 0
6064 5864 6065 0
5864 5865 6065 0
6065 5865 6066 0
5865 5866 6066 0
6066 5866 6067 0
5866 5867 6067 0
6067 5867 6068 0
5867 5868 6068 0
6068 5868 6069 0
5868 5869 6069 0
6069 5869 6070 0
5869 5870 6070 0
6070 5870 6071 0
5870 5871 6071 0
6071 5871 6072 0
5871 5872 6072 0
6072 5872 6073 0
5872 5873 6073 0
6073 5873 6074 0
5873 5874 6074 0
6074 5874 6075 0
5874 5875 6075 0
6075 5875 6076 0
5875 5876 6076 0
6076 5876 6077 0
5876 5877 6077 0
6077 5877 6078 0
5877 5878 6078 0
6078 5878 6079 0
5878 5879 6079 0
6079 5879 6080 0
5879 5880 6080 0
6080 5880 6081 0
5880 5881 6081 0
6081 5881 6082 0
5881 5882 6082 0
6082 5882 6083 0
5882 5883 6083 0
6083 5883 6084 0
5883 5884 6084 0
6084 5884 6085 0
5884 5885 6085 0
6085 5885 6086 0
5885 5886 6086 0
6086 5886 6087 0
5886 5887 6087 0
6087 5887 6088 0
5887 5888 6088 0
6088 5888 6089 0
5888 5889 6089 0
6089 5889 6090 0
5889 5890 6090 0
6090 5890 6091 0
5890 5891 6091 0
6091 5891 6092 0
5891 5892 6092 0
6092 5892 6093 0
5892 5893 6093 0
6093 5893 6094 0
5893 5894 6094 0
6094 5894 6095 0
5894 5895 6095 0
6095 5895 6096 0
5895 5896 6096 0
6096 5896 6097 0
5896 5897 6097 0
6097 5897 6098 0
5897 5898 6098 0
6098 5898 6099 0
5898 5899 6099 0
6099 5899 6100 0
5899 5900 6100 0
6100 5900 6101 0
5900 5901 6101 0
6101 5901 6102 0
5901 5902 6102 0
6102 5902 6103 0
5902 5903 6103 0
6103 5903 6104 0
5903 5904 6104 0
6104 5904 6105 0
5904 5905 6105 0
6105 5905 6106 0
5905 5906 6106 0
6106 5906 6107 0
5906 5907 6107 0
6107 5907 6108 0
5907 5908 6108 0
6108 5908 6109 0
5908 5909 6109 0
6109 5909 6110 0
5909 5910 6110 0
6110 5910 6111 0
5910 5911 6111 0
6111 5911 6112 0
5911 5912 6112 0
6112 5912 6113 0
5912 5913 6113 0
6113 5913 6114 0
5913 5914 6114 0
6114 5914 6115 0
5914 5915 6115 0
6115 5915 6116 0
5915 5916 6116 0
6116 5916 6117 0
5916 5917 6117 0
6117 5917 6118 0
5917 5918 6118 0
6118 5918 6119 0
5918 5919 6119 0
6119 5919 6120 0
5919 5920 6120 0
6120 5920 6121 0
5920 5921 6121 0
6121 5921 6122 0
5921 5922 6122 0
6122 5922 6123 0
5922 5923 6123 0
6123 5923 6124 0
5923 5924 6124 0
6124 5924 6125 0
5924 5925 6125 0
6125 5925 6126 0
5925 5926 6126 0
6126 5926 6127 0
5926 5927 6127 0
6127 5927 6128 0
5927 5928 6128 0
6128 5928 6129 0
5928 5929 6129 0
6129 5929 6130 0
5929 5930 6130 0
6130 5930 6131 0
5930 5931 6131 0
6131 5931 6132 0
5931 5932 6132 0
6132 5932 6133 0
5932 5933 6133 0
6133 5933 6134 0
5933 5934 6134 0
6134 5934 6135 0
5934 5935 6135 0
6135 5935 6136 0
5935 5936 6136 0
6136 5936 6137 0
5936 5937 6137 0
6137 5937 6138 0
5937 5938 6138 0
6138 5938 6139 0
5938 5939 6139 0
6139 5939 6140 0
5939 5940 6140 0
6140 5940 6141 0
5940 5941 6141 0
6141 5941 6142 0
5941 5942 6142 0
6142 5942 6143 0
5942 5943 6143 0
6143 5943 6144 0
5943 5944 6144 0
6144 5944 6145 0
5944 5945 6145 0
6145 5945 6146 0
5945 5946 6146 0
6146 5946 6147 0
5946 5947 6147 0
6147 5947 6148 0
5947 5948 6148 0
6148 5948 6149 0
5948 5949 6149 0
6149 5949 6150 0
5949 5950 6150 0
6150 5950 6151 0
5950 5951 6151 0
6151 5951 6152 0
5951 5952 6152 0
6152 5952 6153 0
5952 5953 6153 0
6153 5953 6154 0
5953 5954 6154 0
6154 5954 6155 0
5954 5955 6155 0
6155 5955 6156 0
5955 5956 6156 0
6156 5956 6157 0
5956 5957 6157 0
6157 5957 6158 0
5957 5958 6158 0
6158 5958 6159 0
5958 5959 6159 0
6159 5959 6160 0
5959 5960 6160 0
6160 5960 6161 0
5960 5961 6161 0
6161 5961 6162 0
5961 5962 6162 0
6162 5962 6163 0
5962 5963 6163 0
6163 5963 6164 0
5963 5964 6164 0
6164 5964 6165 0
5964 5965 6165 0
6165 5965 6166 0
5965 5966 6166 0
6166 5966 6167 0
5966 5967 6167 0
6167 5967 6168 0
5967 5968 6168 0
6168 5968 6169 0
5968 5969 6169 0
6169 5969 6170 0
5969 5970 6170 0
6170 5970 6171 0
5970 5971 6171 0
6171 5971 6172 0
5971 5972 6172 0
6172 5972 6173 0
5972 5973 6173 0
6173 5973 6174 0
5973 5974 6174 0
6174 5974 6175 0
5974 5975 6175 0
6175 5975 6176 0
5975 5976 6176 0
6176 5976 6177 0
5976 5977 6177 0
6177 5977 6178 0
5977 5978 6178 0
6178 5978 6179 0
5978 5979 6179 0
6179 5979 6180 0
5979 5980 6180 0
6180 5980 6181 0
5980 5981 6181 0
6181 5981 6182 0
5981 5982 6182 0
6182 5982 6183 0
5982 5983 6183 0
6183 5983 6184 0
5983 5984 6184 0
6184 5984 6185 0
5984 5985 6185 0
6185 5985 6186 0
5985 5986 6186 0
6186 5986 6187 0
5986 5987 6187 0
6187 5987 6188 0
5987 5988 6188 0
6188 5988 6189 0
5988 5989 6189 0
6189 5989 6190 0
5989 5990 6190 0
6190 5990 6191 0
5990 5991 6191 0
6191 5991 6192 0
5991 5992 6192 0
6192 5992 6193 0
5992 5993 6193 0
6193 5993 6194 0
5993 5994 6194 0
6194 5994 6195 0
5994 5995 6195 0
6195 5995 6196 0
5995 5996 6196 0
6196 5996 6197 0
5996 5997 6197 0
6197 5997 6198 0
5997 5998 6198 0
6198 5998 6199 0
5998 5999 6199 0
6199 5999 6200 0
5999 6000 6200 0
6200 6000 6201 0
6000 6001 6201 0
6201 6001 6202 0
6001 6002 6202 0
6202 6002 6203 0
6002 6003 6203 0
6203 6003 6204 0
6003 6004 6204 0
6204 6004 6205 0
6004 6005 6205 0
6205 6005 6206 0
6005 6006 6206 0
6206 6006 6207 0
6006 6007 6207 0
6207 6007 6208 0
6007 6008 6208 0
6208 6008 6209 0
6008 6009 6209 0
6209 6009 6210 0
6009 6010 6210 0
6210 6010 6211 0
6010 6011 6211 0
6211 6011 6212 0
6011 6012 6212 0
6212 6012 6213 0
6012 6013 6213 0
6213 6013 6214 0
6013 6014 6214 0
6214 6014 6215 0
6014 6015 6215 0
6215 6015 6216 0
6015 6016 6216 0
6216 6016 6217 0
6016 6017 6217 0
6217 6017 6218 0
6017 6018 6218 0
6218 6018 6219 0
6018 6019 6219 0
6219 6019 6220 0
6019 6020 6220 0
6220 6020 6221 0
6020 6021 6221 0
6221 6021 6222 0
6021 6022 6222 0
6222 6022 6223 0
6022 6023 6223 0
6223 6023 6224 0
6023 6024 6224 0
6224 6024 6225 0
6024 6025 6225 0
6225 6025 6226 0
6025 6026 6226 0
6226 6026 6227 0
6026 6027 6227 0
6227 6027 6228 0
6027 6028 6228 0
6228 6028 6229 0
6028 6029 6229 0
6229 6029 6230 0
6029 6030 6230 0
6230 6030 6231 0
6031 6032 6232 0
6232 6032 6233 0
6032 6033 6233 0
6233 6033 6234 0
6033 6034 6234 0
6234 6034 6235 0
6034 6035 6235 0
6235 6035 6236 0
6035 6036 6236 0
6236 6036 6237 0
6036 6037 6237 0
6237 6037 6238 0
6037 6038 6238 0
6238 6038 6239 0
6038 6039 6239 0
6239 6039 6240 0
6039 6040 6240 0
6240 6040 6241 0
6040 6041 6241 0
6241 6041 6242 0
6041 6042 6242 0
6242 6042 6243 0
6042 6043 6243 0
6243 6043 6244 0
6043 6044 6244 0
6244 6044 6245 0
6044 6045 6245 0
6245 6045 6246 0
6045 6046 6246 0
6246 6046 6247 0
6046 6047 6247 0
6247 6047 6248 0
6047 6048 6248 0
6248 6048 6249 0
6048 6049 6249 0
6249 6049 6250 0
6049 6050 6250 0
6250 6050 6251 0
6050 6051 6251 0
6251 6051 6252 0
6051 6052 6252 0
6252 6052 6253 0
6052 6053 6253 0
6253 6053 6254 0
6053 6054 6254 0
6254 6054 6255 0
6054 6055 6255 0
6255 6055 6256 0
6055 6056 6256 0
6256 6056 6257 0
6056 6057 6257 0
6257 6057 6258 0
6057 6058 6258 0
6258 6058 6259 0
6058 6059 6259 0
6259 6059 6260 0
6059 6060 6260 0
6260 6060 6261 0
6060 6061 6261 0
6261 6061 6262 0
6061 6062 6262 0
6262 6062 6263 0
6062 6063 6263 0
6263 6063 6264 0
6063 6064 6264 0
6264 6064 6265 0
6064 6065 6265 0
6265 6065 6266 0
6065 6066 6266 0
6266 6066 6267 0
6066 6067 6267 0
6267 6067 6268 0
6067 6068 6268 0
6268 6068 6269 0
6068 6069 6269 0
6269 6069 6270 0
6069 6070 6270 0
6270 6070 6271 0
6070 6071 6271 0
6271 6071 6272 0
6071 6072 6272 0
6272 6072 6273 0
6072 6073 6273 0
6273 6073 6274 0
6073 6074 6274 0
6274 6074 6275 0
6074 6075 6275 0
6275 6075 6276 0
6075 6076 6276 0
6276 6076 6277 0
6076 6077 6277 0
6277 6077 6278 0
6077 6078 6278 0
6278 6078 6279 0
6078 6079 6279 0
6279 6079 6280 0
6079 6080 6280 0
6280 6080 6281 0
6080 6081 6281 0
6281 6081 6282 0
6081 6082 6282 0
6282 6082 6283 0
6082 6083 6283 0
6283 6083 6284 0
6083 6084 6284 0
6284 6084 6285 0
6084 6085 6285 0
6285 6085 6286 0
6085 6086 6286 0
6286 6086 6287 0
6086 6087 6287 0
6287 6087 6288 0
6087 6088 6288 0
6288 6088 6289 0
6088 6089 6289 0
6289 6089 6290 0
6089 6090 6290 0
6290 6090 6291 0
6090 6091 6291 0
6291 6091 6292 0
6091 6092 6292 0
6292 6092 6293 0
6092 6093 6293 0
6293 6093 6294 0
6093 6094 6294 0
6294 6094 6295 0
6094 6095 6295 0
6295 6095 6296 0
6095 6096 6296 0
6296 6096 6297 0
6096 6097 6297 0
6297 6097 6298 0
6097 6098 6298 0
6298 6098 6299 0
6098 6099 6299 0
6299 6099 6300 0
6099 6100 6300 0
6300 6100 6301 0
6100 6101 6301 0
6301 6101 6302 0
6101 6102 6302 0
6302 6102 6303 0
6102 6103 6303 0
6303 6103 6304 0
6103 6104 6304 0
6304 6104 6305 0
6104 6105 6305 0
6305 6105 6306 0
6105 6106 6306 0
6306 6106 6307 0
6106 6107 6307 0
6307 6107 6308 0
6107 6108 6308 0
6308 6108 6309 0
6108 6109 6309 0
6309 6109 6310 0
6109 6110 6310 0
6310 6110 6311 0
6110 6111 6311 0
6311 6111 6312 0
6111 6112 6312 0
6312 6112 6313 0
6112 6113 6313 0
6313 6113 6314 0
6113 6114 6314 0
6314 6114 6315 0
6114 6115 6315 0
6315 6115 6316 0
6115 6116 6316 0
6316 6116 6317 0
6116 6117 6317 0
6317 6117 6318 0
6117 6118 6318 0
6318 6118 6319 0
6118 6119 6319 0
6319 6119 6320 0
6119 6120 6320 0
6320 6120 6321 0
6120 6121 6321 0
6321 6121 6322 0
6121 6122 6322 0
6322 6122 6323 0
6122 6123 6323 0
6323 6123 6324 0
6123 6124 6324 0
6324 6124 6325 0
6124 6125 6325 0
6325 6125 6326 0
6125 6126 6326 0
6326 6126 6327 0
6126 6127 6327 0
6327 6127 6328 0
6127 6128 6328 0
6328 6128 6329 0
6128 6129 6329 0
6329 6129 6330 0
6129 6130 6330 0
6330 6130 6331 0
6130 6131 6331 0
6331 6131 6332 0
6131 6132 6332 0
6332 6132 6333 0
6132 6133 6333 0
6333 6133 6334 0
6133 6134 6334 0
6334 6134 6335 0
6134 6135 6335 0
6335 6135 6336 0
6135 6136 6336 0
6336 6136 6337 0
6136 6137 6337 0
6337 6137 6338 0
6137 6138 6338 0
6338 6138 6339 0
6138 6139 6339 0
6339 6139 6340 0
6139 6140 6340 0
6340 6140 6341 0
6140 6141 6341 0
6341 6141 6342 0
6141 6142 6342 0
6342 6142 6343 0
6142 6143 6343 0
6343 6143 6344 0
6143 6144 6344 0
6344 6144 6345 0
6144 6145 6345 0
6345 6145 6346 0
6145 6146 6346 0
6346 6146 6347 0
6146 6147 6347 0
6347 6147 6348 0
6147 6148 6348 0
6348 6148 6349 0
6148 6149 6349 0
6349 6149 6350 0
6149 6150 6350 0
6350 6150 6351 0
6150 6151 6351 0
6351 6151 6352 0
6151 6152 6352 0
6352 6152 6353 0
6152 6153 6353 0
6353 6153 6354 0
6153 6154 6354 0
6354 6154 6355 0
6154 6155 6355 0
6355 6155 6356 0
6155 6156 6356 0
6356 6156 6357 0
6156 6157 6357 0
6357 6157 6358 0
6157 6158 6358 0
6358 6158 6359 0
6158 6159 6359 0
6359 6159 6360 0
6159 6160 6360 0
6360 6160 6361 0
6160 6161 6361 0
6361 6161 6362 0
6161 6162 6362 0
6362 6162 6363 0
6162 6163 6363 0
6363 6163 6364 0
6163 6164 6364 0
6364 6164 6365 0
6164 6165 6365 0
6365 6165 6366 0
6165 6166 6366 0
6366 6166 6367 0
6166 6167 6367 0
6367 6167 6368 0
6167 6168 6368 0
6368 6168 6369 0
6168 6169 6369 0
6369 6169 6370 0
6169 6170 6370 0
6370 6170 6371 0
6170 6171 6371 0
6371 6171 6372 0
6171 6172 6372 0
6372 6172 6373 0
6172 6173 6373 0
6373 6173 6374 0
6173 6174 6374 0
6374 6174 6375 0
6174 6175 6375 0
6375 6175 6376 0
6175 6176 6376 0
6376 6176 6377 0
6176 6177 6377 0
6377 6177 6378 0
6177 6178 6378 0
6378 6178 6379 0
6178 6179 6379 0
6379 6179 6380 0
6179 6180 6380 0
6380 6180 6381 0
6180 6181 6381 0
6381 6181 6382 0
6181 6182 6382 0
6382 6182 6383 0
6182 6183 6383 0
6383 6183 6384 0
6183 6184 6384 0
6384 6184 6385 0
6184 6185 6385 0
6385 6185 6386 0
6185 6186 6386 0
6386 6186 6387 0
6186 6187 6387 0
6387 6187 6388 0
6187 6188 6388 0
6388 6188 6389 0
6188 6189 6389 0
6389 6189 6390 0
6189 6190 6390 0
6390 6190 6391 0
6190 6191 6391 0
6391 6191 6392 0
6191 6192 6392 0
6392 6192 6393 0
6192 6193 6393 0
6393 6193 6394 0
6193 6194 6394 0
6394 6194 6395 0
6194 6195 6395 0
6395 6195 6396 0
6195 6196 6396 0
6396 6196 6397 0
6196 6197 6397 0
6397 6197 6398 0
6197 6198 6398 0
6398 6198 6399 0
6198 6199 6399 0
6399 6199 6400 0
6199 6200 6400 0
6400 6200 6401 0
6200 6201 6401 0
6401 6201 6402 0
6201 6202 6402 0
6402 6202 6403 0
6202 6203 6403 0
6403 6203 6404 0
6203 6204 6404 0
6404 6204 6405 0
6204 6205 6405 0
6405 6205 6406 0
6205 6206 6406 0
6406 6206 6407 0
6206 6207 6407 0
6407 6207 6408 0
6207 6208 6408 0
6408 6208 6409 0
6208 6209 6409 0
6409 6209 6410 0
6209 6210 6410 0
6410 6210 6411 0
6210 6211 6411 0
6411 6211 6412 0
6211 6212 6412 0
6412 6212 6413 0
6212 6213 6413 0
6413 6213 6414 0
6213 6214 6414 0
6414 6214 6415 0
6214 6215 6415 0
6415 6215 6416 0
6215 6216 6416 0
6416 6216 6417 0
6216 6217 6417 0
6417 6217 6418 0
6217 6218 6418 0
6418 6218 6419 0
6218 6219 6419 0
6419 6219 6420 0
6219 6220 6420 0
6420 6220 6421 0
6220 6221 6421 0
6421 6221 6422 0
6221 6222 6422 0
6422 6222 6423 0
6222 6223 6423 0
6423 6223 6424 0
6223 6224 6424 0
6424 6224 6425 0
6224 6225 6425 0
6425 6225 6426 0
6225 6226 6426 0
6426 6226 6427 0
6226 6227 6427 0
6427 6227 6428 0
6227 6228 6428 0
6428 6228 6429 0
6228 6229 6429 0
6429 6229 6430 0
6229 6230 6430 0
6430 6230 6431 0
6230 6231 6431 0
6431 6231 6432 0
6232 6233 6433 0
6433 6233 6434 0
6233 6234 6434 0
6434 6234 6435 0
6234 6235 6435 0
6435 6235 6436 0
6235 6236 6436 0
6436 6236 6437 0
6236 6237 6437 0
6437 6237 6438 0
6237 6238 6438 0
6438 6238 6439 0
6238 6239 6439 0
6439 6239 6440 0
6239 6240 6440 0
6440 6240 6441 0
6240 6241 6441 0
6441 6241 6442 0
6241 6242 6442 0
6442 6242 6443 0
6242 6243 6443 0
6443 6243 6444 0
6243 6244 6444 0
6444 6244 6445 0
6244 6245 6445 0
6445 6245 6446 0
6245 6246 6446 0
6446 6246 6447 0
6246 6247 6447 0
6447 6247 6448 0
6247 6248 6448 0
6448 6248 6449 0
6248 6249 6449 0
6449 6249 6450 0
6249 6250 6450 0
6450 6250 6451 0
6250 6251 6451 0
6451 6251 6452 0
6251 6252 6452 0
6452 6252 6453 0
6252 6253 6453 0
6453 6253 6454 0
6253 6254 6454 0
6454 6254 6455 0
6254 6255 6455 0
6455 6255 6456 0
6255 6256 6456 0
6456 6256 6457 0
6256 6257 6457 0
6457 6257 6458 0
6257 6258 6458 0
6458 6258 6459 0
6258 6259 6459 0
6459 6259 6460 0
6259 6260 6460 0
6460 6260 6461 0
6260 6261 6461 0
6461 6261 6462 0
6261 6262 6462 0
6462 6262 6463 0
6262 6263 6463 0
6463 6263 6464 0
6263 6264 6464 0
6464 6264 6465 0
6264 6265 6465 0
6465 6265 6466 0
6265 6266 6466 0
6466 6266 6467 0
6266 6267 6467 0
6467 6267 6468 0
6267 6268 6468 0
6468 6268 6469 0
6268 6269 6469 0
6469 6269 6470 0
6269 6270 6470 0
6470 6270 6471 0
6270 6271 6471 0
6471 6271 6472 0
6271 6272 6472 0
6472 6272 6473 0
6272 6273 6473 0
6473 6273 6474 0
6273 6274 6474 0
6474 6274 6475 0
6274 6275 6475 0
6475 6275 6476 0
6275 6276 6476 0
6476 6276 6477 0
6276 6277 6477 0
6477 6277 6478 0
6277 6278 6478 0
6478 6278 6479 0
6278 6279 6479 0
6479 6279 6480 0
6279 6280 6480 0
6480 6280 6481 0
6280 6281 6481 0
6481 6281 6482 0
6281 6282 6482 0
6482 6282 6483 0
6282 6283 6483 0
6483 6283 6484 0
6283 6284 6484 0
6484 6284 6485 0
6284 6285 6485 0
6485 6285 6486 0
6285 6286 6486 0
6486 6286 6487 0
6286 6287 6487 0
6487 6287 6488 0
6287 6288 6488 0
6488 6288 6489 0
6288 6289 6489 0
6489 6289 6490 0
6289 6290 6490 0
6490 6290 6491 0
6290 6291 6491 0
6491 6291 6492 0
6291 6292 6492 0
6492 6292 6493 0
6292 6293 6493 0
6493 6293 6494 0
6293 6294 6494 0
6494 6294 6495 0
6294 6295 6495 0
6495 6295 6496 0
6295 6296 6496 0
6496 6296 6497 0
6296 6297 6497 0
6497 6297 6498 0
6297 6298 6498 0
6498 6298 6499 0
6298 6299 6499 0
6499 6299 6500 0
6299 6300 6500 0
6500 6300 6501 0
6300 6301 6501 0
6501 6301 6502 0
6301 6302 6502 0
6502 6302 6503 0
6302 6303 6503 0
6503 6303 6504 0
6303 6304 6504 0
6504 6304 6505 0
6304 6305 6505 0
6505 6305 6506 0
6305 6306 6506 0
6506 6306 6507 0
6306 6307 6507 0
6507 6307 6508 0
6307 6308 6508 0
6508 6308 6509 0
6308 6309 6509 0
6509 6309 6510 0
6309 6310 6510 0
6510 6310 6511 0
6310 6311 6511 0
6511 6311 6512 0
6311 6312 6512 0
6512 6312 6513 0
6312 6313 6513 0
6513 6313 6514 0
6313 6314 6514 0
6514 6314 6515 0
6314 6315 6515 0
6515 6315 6516 0
6315 6316 6516 0
6516 6316 6517 0
6316 6317 6517 0
6517 6317 6518 0
6317 6318 6518 0
6518 6318 6519 0
6318 6319 6519 0
6519 6319 6520 0
6319 6320 6520 0
6520 6320 6521 0
6320 6321 6521 0
6521 6321 6522 0
6321 6322 6522 0
6522 6322 6523 0
6322 6323 6523 0
6523 6323 6524 0
6323 6324 6524 0
6524 6324 6525 0
6324 6325 6525 0
6525 6325 6526 0
6325 6326 6526 0
6526 6326 6527 0
6326 6327 6527 0
6527 6327 6528 0
6327 6328 6528 0
6528 6328 6529 0
6328 6329 6529 0
6529 6329 6530 0
6329 6330 6530 0
6530 6330 6531 0
6330 6331 6531 0
6531 6331 6532 0
6331 6332 6532 0
6532 6332 6533 0
6332 6333 6533 0
6533 6333 6534 0
6333 6334 6534 0
6534 6334 6535 0
6334 6335 6535 0
6535 6335 6536 0
6335 6336 6536 0
6536 6336 6537 0
6336 6337 6537 0
6537 6337 6538 0
6337 6338 6538 0
6538 6338 6539 0
6338 6339 6539 0
6539 6339 6540 0
6339 6340 6540 0
6540 6340 6541 0
6340 6341 6541 0
6541 6341 6542 0
6341 6342 6542 0
6542 6342 6543 0
6342 6343 6543 0
6543 6343 6544 0
6343 6344 6544 0
6544 6344 6545 0
6344 6345 6545 0
6545 6345 6546 0
6345 6346 6546 0
6546 6346 6547 0
6346 6347 6547 0
6547 6347 6548 0
6347 6348 6548 0
6548 6348 6549 0
6348 6349 6549 0
6549 6349 6550 0
6349 6350 6550 0
6550 6350 6551 0
6350 6351 6551 0
6551 6351 6552 0
6351 6352 6552 0
6552 6352 6553 0
6352 6353 6553 0
6553 6353 6554 0
6353 6354 6554 0
6554 6354 6555 0
6354 6355 6555 0
6555 6355 6556 0
6355 6356 6556 0
6556 6356 6557 0
6356 6357 6557 0
6557 6357 6558 0
6357 6358 6558 0
6558 6358 6559 0
6358 6359 6559 0
6559 6359 6560 0
6359 6360 6560 0
6560 6360 6561 0
6360 6361 6561 0
6561 6361 6562 0
6361 6362 6562 0
6562 6362 6563 0
6362 6363 6563 0
6563 6363 6564 0
6363 6364 6564 0
6564 6364 6565 0
6364 6365 6565 0
6565 6365 6566 0
6365 6366 6566 0
6566 6366 6567 0
6366 6367 6567 0
6567 6367 6568 0
6367 6368 6568 0
6568 6368 6569 0
6368 6369 6569 0
6569 6369 6570 0
6369 6370 6570 0
6570 6370 6571 0
6370 6371 6571 0
6571 6371 6572 0
6371 6372 6572 0
6572 6372 6573 0
6372 6373 6573 0
6573 6373 6574 0
6373 6374 6574 0
6574 6374 6575 0
6374 6375 6575 0
6575 6375 6576 0
6375 6376 6576 0
6576 6376 6577 0
6376 6377 6577 0
6577 6377 6578 0
6377 6378 6578 0
6578 6378 6579 0
6378 6379 6579 0
6579 6379 6580 0
6379 6380 6580 0
6580 6380 6581 0
6380 6381 6581 0
6581 6381 6582 0
6381 6382 6582 0
6582 6382 6583 0
6382 6383 6583 0
6583 6383 6584 0
6383 6384 6584 0
6584 6384 6585 0
6384 6385 6585 0
6585 6385 6586 0
6385 6386 6586 0
6586 6386 6587 0
6386 6387 6587 0
6587 6387 6588 0
6387 6388 6588 0
6588 6388 6589 0
6388 6389 6589 0
6589 6389 6590 0
6389 6390 6590 0
6590 6390 6591 0
6390 6391 6591 0
6591 6391 6592 0
6391 6392 6592 0
6592 6392 6593 0
6392 6393 6593 0
6593 6393 6594 0
6393 6394 6594 0
6594 6394 6595 0
6394 6395 6595 0
6595 6395 6596 0
6395 6396 6596 0
6596 6396 6597 0
6396 6397 6597 0
6597 6397 6598 0
6397 6398 6598 0
6598 6398 6599 0
6398 6399 6599 0
6599 6399 6600 0
6399 6400 6600 0
6600 6400 6601 0
6400 6401 6601 0
6601 6401 6602 0
6401 6402 6602 0
6602 6402 6603 0
6402 6403 6603 0
6603 6403 6604 0
6403 6404 6604 0
6604 6404 6605 0
6404 6405 6605 0
6605 6405 6606 0
6405 6406 6606 0
6606 6406 6607 0
6406 6407 6607 0
6607 6407 6608 0
6407 6408 6608 0
6608 6408 6609 0
6408 6409 6609 0
6609 6409 6610 0
6409 6410 6610 0
6610 6410 6611 0
6410 6411 6611 0
6611 6411 6612 0
6411 6412 6612 0
6612 6412 6613 0
6412 6413 6613 0
6613 6413 6614 0
6413 6414 6614 0
6614 6414 6615 0
6414 6415 6615 0
6615 6415 6616 0
6415 6416 6616 0
6616 6416 6617 0
6416 6417 6617 0
6617 6417 6618 0
6417 6418 6618 0
6618 6418 6619 0
6418 6419 6619 0
6619 6419 6620 0
6419 6420 6620 0
6620 6420 6621 0
6420 6421 6621 0
6621 6421 6622 0
6421 6422 6622 0
6622 6422 6623 0
6422 6423 6623 0
6623 6423 6624 0
6423 6424 6624 0
6624 6424 6625 0
6424 6425 6625 0
6625 6425 6626 0
6425 6426 6626 0
6626 6426 6627 0
6426 6427 6627 0
6627 6427 6628 0
6427 6428 6628 0
6628 6428 6629 0
6428 6429 6629 0
6629 6429 6630 0
6429 6430 6630 0
6630 6430 6631 0
6430 6431 6631 0
6631 6431 6632 0
6431 6432 6632 0
6632 6432 6633 0
6433 6434 6634 0
6634 6434 6635 0
6434 6435 6635 0
6635 6435 6636 0
6435 6436 6636 0
6636 6436 6637 0
6436 6437 6637 0
6637 6437 6638 0
6437 6438 6638 0
6638 6438 6639 0
6438 6439 6639 0
6639 6439 6640 0
6439 6440 6640 0
6640 6440 6641 0
6440 6441 6641 0
6641 6441 6642 0
6441 6442 6642 0
6642 6442 6643 0
6442 6443 6643 0
6643 6443 6644 0
6443 6444 6644 0
6644 6444 6645 0
6444 6445 6645 0
6645 6445 6646 0
6445 6446 6646 0
6646 6446 6647 0
6446 6447 6647 0
6647 6447 6648 0
6447 6448 6648 0
6648 6448 6649 0
6448 6449 6649 0
6649 6449 6650 0
6449 6450 6650 0
6650 6450 6651 0
6450 6451 6651 0
6651 6451 6652 0
6451 6452 6652 0
6652 6452 6653 0
6452 6453 6653 0
6653 6453 6654 0
6453 6454 6654 0
6654 6454 6655 0
6454 6455 6655 0
6655 6455 6656 0
6455 6456 6656 0
6656 6456 6657 0
6456 6457 6657 0
6657 6457 6658 0
6457 6458 6658 0
6658 6458 6659 0
6458 6459 6659 0
6659 6459 6660 0
6459 6460 6660 0
6660 6460 6661 0
6460 6461 6661 0
6661 6461 6662 0
6461 6462 6662 0
6662 6462 6663 0
6462 6463 6663 0
6663 6463 6664 0
6463 6464 6664 0
6664 6464 6665 0
6464 6465 6665 0
6665 6465 6666 0
6465 6466 6666 0
6666 6466 6667 0
6466 6467 6667 0
6667 6467 6668 0
6467 6468 6668 0
6668 6468 6669 0
6468 6469 6669 0
6669 6469 6670 0
6469 6470 6670 0
6670 6470 6671 0
6470 6471 6671 0
6671 6471 6672 0
6471 6472 6672 0
6672 6472 6673 0
6472 6473 6673 0
6673 6473 6674 0
6473 6474 6674 0
6674 6474 6675 0
6474 6475 6675 0
6675 6475 6676 0
6475 6476 6676 0
6676 6476 6677 0
6476 6477 6677 0
6677 6477 6678 0
6477 6478 6678 0
6678 6478 6679 0
6478 6479 6679 0
6679 6479 6680 0
6479 6480 6680 0
6680 6480 6681 0
6480 6481 6681 0
6681 6481 6682 0
6481 6482 6682 0
6682 6482 6683 0
6482 6483 6683 0
6683 6483 6684 0
6483 6484 6684 0
6684 6484 6685 0
6484 6485 6685 0
6685 6485 6686 0
6485 6486 6686 0
6686 6486 6687 0
6486 6487 6687 0
6687 6487 6688 0
6487 6488 6688 0
6688 6488 6689 0
6488 6489 6689 0
6689 6489 6690 0
6489 6490 6690 0
6690 6490 6691 0
6490 6491 6691 0
6691 6491 6692 0
6491 6492 6692 0
6692 6492 6693 0
6492 6493 6693 0
6693 6493 6694 0
6493 6494 6694 0
6694 6494 6695 0
6494 6495 6695 0
6695 6495 6696 0
6495 6496 6696 0
6696 6496 6697 0
6496 6497 6697 0
6697 6497 6698 0
6497 6498 6698 0
6698 6498 6699 0
6498 6499 6699 0
6699 6499 6700 0
6499 6500 6700 0
6700 6500 6701 0
6500 6501 6701 0
6701 6501 6702 0
6501 6502 6702 0
6702 6502 6703 0
6502 6503 6703 0
6703 6503 6704 0
6503 6504 6704 0
6704 6504 6705 0
6504 6505 6705 0
6705 6505 6706 0
6505 6506 6706 0
6706 6506 6707 0
6506 6507 6707 0
6707 6507 6708 0
6507 6508 6708 0
6708 6508 6709 0
6508 6509 6709 0
6709 6509 6710 0
6509 6510 6710 0
6710 6510 6711 0
6510 6511 6711 0
6711 6511 6712 0
6511 6512 6712 0
6712 6512 6713 0
6512 6513 6713 0
6713 6513 6714 0
6513 6514 6714 0
6714 6514 6715 0
6514 6515 6715 0
6715 6515 6716 0
6515 6516 6716 0
6716 6516 6717 0
6516 6517 6717 0
6717 6517 6718 0
6517 6518 6718 0
6718 6518 6719 0
6518 6519 6719 0
6719 6519 6720 0
6519 6520 6720 0
6720 6520 6721 0
6520 6521 6721 0
6721 6521 6722 0
6521 6522 6722 0
6722 6522 6723 0
6522 6523 6723 0
6723 6523 6724 0
6523 6524 6724 0
6724 6524 6725 0
6524 6525 6725 0
6725 6525 6726 0
6525 6526 6726 0
6726 6526 6727 0
6526 6527 6727 0
6727 6527 6728 0
6527 6528 6728 0
6728 6528 6729 0
6528 6529 6729 0
6729 6529 6730 0
6529 6530 6730 0
6730 6530 6731 0
6530 6531 6731 0
6731 6531 6732 0
6531 6532 6732 0
6732 6532 6733 0
6532 6533 6733 0
6733 6533 6734 0
6533 6534 6734 0
6734 6534 6735 0
6534 6535 6735 0
6735 6535 6736 0
6535 6536 6736 0
6736 6536 6737 0
6536 6537 6737 0
6737 6537 6738 0
6537 6538 6738 0
6738 6538 6739 0
6538 6539 6739 0
6739 6539 6740 0
6539 6540 6740 0
6740 6540 6741 0
6540 6541 6741 0
6741 6541 6742 0
6541 6542 6742 0
6742 6542 6743 0
6542 6543 6743 0
6743 6543 6744 0
6543 6544 6744 0
6744 6544 6745 0
6544 6545 6745 0
6745 6545 6746 0
6545 6546 6746 0
6746 6546 6747 0
6546 6547 6747 0
6747 6547 6748 0
6547 6548 6748 0
6748 6548 6749 0
6548 6549 6749 0
6749 6549 6750 0
6549 6550 6750 0
6750 6550 6751 0
6550 6551 6751 0
6751 6551 6752 0
6551 6552 6752 0
6752 6552 6753 0
6552 6553 6753 0
6753 6553 6754 0
6553 6554 6754 0
6754 6554 6755 0
6554 6555 6755 0
6755 6555 6756 0
6555 6556 6756 0
6756 6556 6757 0
6556 6557 6757 0
6757 6557 6758 0
6557 6558 6758 0
6758 6558 6759 0
6558 6559 6759 0
6759 6559 6760 0
6559 6560 6760 0
6760 6560 6761 0
6560 6561 6761 0
6761 6561 6762 0
6561 6562 6762 0
6762 6562 6763 0
6562 6563 6763 0
6763 6563 6764 0
6563 6564 6764 0
6764 6564 6765 0
6564 6565 6765 0
6765 6565 6766 0
6565 6566 6766 0
6766 6566 6767 0
6566 6567 6767 0
6767 6567 6768 0
6567 6568 6768 0
6768 6568 6769 0
6568 6569 6769 0
6769 6569 6770 0
6569 6570 6770 0
6770 6570 6771 0
6570 6571 6771 0
6771 6571 6772 0
6571 6572 6772 0
6772 6572 6773 0
6572 6573 6773 0
6773 6573 6774 0
6573 6574 6774 0
6774 6574 6775 0
6574 6575 6775 0
6775 6575 6776 0
6575 6576 6776 0
6776 6576 6777 0
6576 6577 6777 0
6777 6577 6778 0
6577 6578 6778 0
6778 6578 6779 0
6578 6579 6779 0
6779 6579 6780 0
6579 6580 6780 0
6780 6580 6781 0
6580 6581 6781 0
6781 6581 6782 0
6581 6582 6782 0
6782 6582 6783 0
6582 6583 6783 0
6783 6583 6784 0
6583 6584 6784 0
6784 6584 6785 0
6584 6585 6785 0
6785 6585 6786 0
6585 6586 6786 0
6786 6586 6787 0
6586 6587 6787 0
6787 6587 6788 0
6587 6588 6788 0
6788 6588 6789 0
6588 6589 6789 0
6789 6589 6790 0
6589 6590 6790 0
6790 6590 6791 0
6590 6591 6791 0
6791 6591 6792 0
6591 6592 6792 0
6792 6592 6793 0
6592 6593 6793 0
6793 6593 6794 0
6593 6594 6794 0
6794 6594 6795 0
6594 6595 6795 0
6795 6595 6796 0
6595 6596 6796 0
6796 6596 6797 0
6596 6597 6797 0
6797 6597 6798 0
6597 6598 6798 0
6798 6598 6799 0
6598 6599 6799 0
6799 6599 6800 0
6599 6600 6800 0
6800 6600 6801 0
6600 6601 6801 0
6801 6601 6802 0
6601 6602 6802 0
6802 6602 6803 0
6602 6603 6803 0
6803 6603 6804 0
6603 6604 6804 0
6804 6604 6805 0
6604 6605 6805 0
6805 6605 6806 0
6605 6606 6806 0
6806 6606 6807 0
6606 6607 6807 0
6807 6607 6808 0
6607 6608 6808 0
6808 6608 6809 0
6608 6609 6809 0
6809 6609 6810 0
6609 6610 6810 0
6810 6610 6811 0
6610 6611 6811 0
6811 6611 6812 0
6611 6612 6812 0
6812 6612 6813 0
6612 6613 6813 0
6813 6613 6814 0
6613 6614 6814 0
6814 6614 6815 0
6614 6615 6815 0
6815 6615 6816 0
6615 6616 6816 0
6816 6616 6817 0
6616 6617 6817 0
6817 6617 6818 0
6617 6618 6818 0
6818 6618 6819 0
6618 6619 6819 0
6819 6619 6820 0
6619 6620 6820 0
6820 6620 6821 0
6620 6621 6821 0
6821 6621 6822 0
6621 6622 6822 0
6822 6622 6823 0
6622 6623 6823 0
6823 6623 6824 0
6623 6624 6824 0
6824 6624 6825 0
6624 6625 6825 0
6825 6625 6826 0
6625 6626 6826 0
6826 6626 6827 0
6626 6627 6827 0
6827 6627 6828 0
6627 6628 6828 0
6828 6628 6829 0
6628 6629 6829 0
6829 6629 6830 0
6629 6630 6830 0
6830 6630 6831 0
6630 6631 6831 0
6831 6631 6832 0
6631 6632 6832 0
6832 6632 6833 0
6632 6633 6833 0
6833 6633 6834 0
6634 6635 6835 0
6835 6635 6836 0
6635 6636 6836 0
6836 6636 6837 0
6636 6637 6837 0
6837 6637 6838 0
6637 6638 6838 0
6838 6638 6839 0
6638 6639 6839 0
6839 6639 6840 0
6639 6640 6840 0
6840 6640 6841 0
6640 6641 6841 0
6841 6641 6842 0
6641 6642 6842 0
6842 6642 6843 0
6642 6643 6843 0
6843 6643 6844 0
6643 6644 6844 0
6844 6644 6845 0
6644 6645 6845 0
6845 6645 6846 0
6645 6646 6846 0
6846 6646 6847 0
6646 6647 6847 0
6847 6647 6848 0
6647 6648 6848 0
6848 6648 6849 0
6648 6649 6849 0
6849 6649 6850 0
6649 6650 6850 0
6850 6650 6851 0
6650 6651 6851 0
6851 6651 6852 0
6651 6652 6852 0
6852 6652 6853 0
6652 6653 6853 0
6853 6653 6854 0
6653 6654 6854 0
6854 6654 6855 0
6654 6655 6855 0
6855 6655 6856 0
6655 6656 6856 0
6856 6656 6857 0
6656 6657 6857 0
6857 6657 6858 0
6657 6658 6858 0
6858 6658 6859 0
6658 6659 6859 0
6859 6659 6860 0
6659 6660 6860 0
6860 6660 6861 0
6660 6661 6861 0
6861 6661 6862 0
6661 6662 6862 0
6862 6662 6863 0
6662 6663 6863 0
6863 6663 6864 0
6663 6664 6864 0
6864 6664 6865 0
6664 6665 6865 0
6865 6665 6866 0
6665 6666 6866 0
6866 6666 6867 0
6666 6667 6867 0
6867 6667 6868 0
6667 6668 6868 0
6868 6668 6869 0
6668 6669 6869 0
6869 6669 6870 0
6669 6670 6870 0
6870 6670 6871 0
6670 6671 6871 0
6871 6671 6872 0
6671 6672 6872 0
6872 6672 6873 0
6672 6673 6873 0
6873 6673 6874 0
6673 6674 6874 0
6874 6674 6875 0
6674 6675 6875 0
6875 6675 6876 0
6675 6676 6876 0
6876 6676 6877 0
6676 6677 6877 0
6877 6677 6878 0
6677 6678 6878 0
6878 6678 6879 0
6678 6679 6879 0
6879 6679 6880 0
6679 6680 6880 0
6880 6680 6881 0
6680 6681 6881 0
6881 6681 6882 0
6681 6682 6882 0
6882 6682 6883 0
6682 6683 6883 0
6883 6683 6884 0
6683 6684 6884 0
6884 6684 6885 0
6684 6685 6885 0
6885 6685 6886 0
6685 6686 6886 0
6886 6686 6887 0
6686 6687 6887 0
6887 6687 6888 0
6687 6688 6888 0
6888 6688 6889 0
6688 6689 6889 0
6889 6689 6890 0
6689 6690 6890 0
6890 6690 6891 0
6690 6691 6891 0
6891 6691 6892 0
6691 6692 6892 0
6892 6692 6893 0
6692 6693 6893 0
6893 6693 6894 0
6693 6694 6894 0
6894 6694 6895 0
6694 6695 6895 0
6895 6695 6896 0
6695 6696 6896 0
6896 6696 6897 0
6696 6697 6897 0
6897 6697 6898 0
6697 6698 6898 0
6898 6698 6899 0
6698 6699 6899 0
6899 6699 6900 0
6699 6700 6900 0
6900 6700 6901 0
6700 6701 6901 0
6901 6701 6902 0
6701 6702 6902 0
6902 6702 6903 0
6702 6703 6903 0
6903 6703 6904 0
6703 6704 6904 0
6904 6704 6905 0
6704 6705 6905 0
6905 6705 6906 0
6705 6706 6906 0
6906 6706 6907 0
6706 6707 6907 0
6907 6707 6908 0
6707 6708 6908 0
6908 6708 6909 0
6708 6709 6909 0
6909 6709 6910 0
6709 6710 6910 0
6910 6710 6911 0
6710 6711 6911 0
6911 6711 6912 0
6711 6712 6912 0
6912 6712 6913 0
6712 6713 6913 0
6913 6713 6914 0
6713 6714 6914 0
6914 6714 6915 0
6714 6715 6915 0
6915 6715 6916 0
6715 6716 6916 0
6916 6716 6917 0
6716 6717 6917 0
6917 6717 6918 0
6717 6718 6918 0
6918 6718 6919 0
6718 6719 6919 0
6919 6719 6920 0
6719 6720 6920 0
6920 6720 6921 0
6720 6721 6921 0
6921 6721 6922 0
6721 6722 6922 0
6922 6722 6923 0
6722 6723 6923 0
6923 6723 6924 0
6723 6724 6924 0
6924 6724 6925 0
6724 6725 6925 0
6925 6725 6926 0
6725 6726 6926 0
6926 6726 6927 0
6726 6727 6927 0
6927 6727 6928 0
6727 6728 6928 0
6928 6728 6929 0
6728 6729 6929 0
6929 6729 6930 0
6729 6730 6930 0
6930 6730 6931 0
6730 6731 6931 0
6931 6731 6932 0
6731 6732 6932 0
6932 6732 6933 0
6732 6733 6933 0
6933 6733 6934 0
6733 6734 6934 0
6934 6734 6935 0
6734 6735 6935 0
6935 6735 6936 0
6735 6736 6936 0
6936 6736 6937 0
6736 6737 6937 0
6937 6737 6938 0
6737 6738 6938 0
6938 6738 6939 0
6738 6739 6939 0
6939 6739 6940 0
6739 6740 6940 0
6940 6740 6941 0
6740 6741 6941 0
6941 6741 6942 0
6741 6742 6942 0
6942 6742 6943 0
6742 6743 6943 0
6943 6743 6944 0
6743 6744 6944 0
6944 6744 6945 0
6744 6745 6945 0
6945 6745 6946 0
6745 6746 6946 0
6946 6746 6947 0
6746 6747 6947 0
6947 6747 6948 0
6747 6748 6948 0
6948 6748 6949 0
6748 6749 6949 0
6949 6749 6950 0
6749 6750 6950 0
6950 6750 6951 0
6750 6751 6951 0
6951 6751 6952 0
6751 6752 6952 0
6952 6752 6953 0
6752 6753 6953 0
6953 6753 6954 0
6753 6754 6954 0
6954 6754 6955 0
6754 6755 6955 0
6955 6755 6956 0
6755 6756 6956 0
6956 6756 6957 0
6756 6757 6957 0
6957 6757 6958 0
6757 6758 6958 0
6958 6758 6959 0
6758 6759 6959 0
6959 6759 6960 0
6759 6760 6960 0
6960 6760 6961 0
6760 6761 6961 0
6961 6761 6962 0
6761 6762 6962 0
6962 6762 6963 0
6762 6763 6963 0
6963 6763 6964 0
6763 6764 6964 0
6964 6764 6965 0
6764 6765 6965 0
6965 6765 6966 0
6765 6766 6966 0
6966 6766 6967 0
6766 6767 6967 0
6967 6767 6968 0
6767 6768 6968 0
6968 6768 6969 0
6768 6769 6969 0
6969 6769 6970 0
6769 6770 6970 0
6970 6770 6971 0
6770 6771 6971 0
6971 6771 6972 0
6771 6772 6972 0
6972 6772 6973 0
6772 6773 6973 0
6973 6773 6974 0
6773 6774 6974 0
6974 6774 6975 0
6774 6775 6975 0
6975 6775 6976 0
6775 6776 6976 0
6976 6776 6977 0
6776 6777 6977 0
6977 6777 6978 0
6777 6778 6978 0
6978 6778 6979 0
6778 6779 6979 0
6979 6779 6980 0
6779 6780 6980 0
6980 6780 6981 0
6780 6781 6981 0
6981 6781 6982 0
6781 6782 6982 0
6982 6782 6983 0
6782 6783 6983 0
6983 6783 6984 0
6783 6784 6984 0
6984 6784 6985 0
6784 6785 6985 0
6985 6785 6986 0
6785 6786 6986 0
6986 6786 6987 0
6786 6787 6987 0
6987 6787 6988 0
6787 6788 6988 0
6988 6788 6989 0
6788 6789 6989 0
6989 6789 6990 0
6789 6790 6990 0
6990 6790 6991 0
6790 6791 6991 0
6991 6791 6992 0
6791 6792 6992 0
6992 6792 6993 0
6792 6793 6993 0
6993 6793 6994 0
6793 6794 6994 0
6994 6794 6995 0
6794 6795 6995 0
6995 6795 6996 0
6795 6796 6996 0
6996 6796 6997 0
6796 6797 6997 0
6997 6797 6998 0
6797 6798 6998 0
6998 6798 6999 0
6798 6799 6999 0
6999 6799 7000 0
6799 6800 7000 0
7000 6800 7001 0
6800 6801 7001 0
7001 6801 7002 0
6801 6802 7002 0
7002 6802 7003 0
6802 6803 7003 0
7003 6803 7004 0
6803 6804 7004 0
7004 6804 7005 0
6804 6805 7005 0
7005 6805 7006 0
6805 6806 7006 0
7006 6806 7007 0
6806 6807 7007 0
7007 6807 7008 0
6807 6808 7008 0
7008 6808 7009 0
6808 6809 7009 0
7009 6809 7010 0
6809 6810 7010 0
7010 6810 7011 0
6810 6811 7011 0
7011 6811 7012 0
6811 6812 7012 0
7012 6812 7013 0
6812 6813 7013 0
7013 6813 7014 0
6813 6814 7014 0
7014 6814 7015 0
6814 6815 7015 0
7015 6815 7016 0
6815 6816 7016 0
7016 6816 7017 0
6816 6817 7017 0
7017 6817 7018 0
6817 6818 7018 0
7018 6818 7019 0
6818 6819 7019 0
7019 6819 7020 0
6819 6820 7020 0
7020 6820 7021 0
6820 6821 7021 0
7021 6821 7022 0
6821 6822 7022 0
7022 6822 7023 0
6822 6823 7023 0
7023 6823 7024 0
6823 6824 7024 0
7024 6824 7025 0
6824 6825 7025 0
7025 6825 7026 0
6825 6826 7026 0
7026 6826 7027 0
6826 6827 7027 0
7027 6827 7028 0
6827 6828 7028 0
7028 6828 7029 0
6828 6829 7029 0
7029 6829 7030 0
6829 6830 7030 0
7030 6830 7031 0
6830 6831 7031 0
7031 6831 7032 0
6831 6832 7032 0
7032 6832 7033 0
6832 6833 7033 0
7033 6833 7034 0
6833 6834 7034 0
7034 6834 7035 0
6835 6836 7036 0
7036 6836 7037 0
6836 6837 7037 0
7037 6837 7038 0
6837 6838 7038 0
7038 6838 7039 0
6838 6839 7039 0
7039 6839 7040 0
6839 6840 7040 0
7040 6840 7041 0
6840 6841 7041 0
7041 6841 7042 0
6841 6842 7042 0
7042 6842 7043 0
6842 6843 7043 0
7043 6843 7044 0
6843 6844 7044 0
7044 6844 7045 0
6844 6845 7045 0
7045 6845 7046 0
6845 6846 7046 0
7046 6846 7047 0
6846 6847 7047 0
7047 6847 7048 0
6847 6848 7048 0
7048 6848 7049 0
6848 6849 7049 0
7049 6849 7050 0
6849 6850 7050 0
7050 6850 7051 0
6850 6851 7051 0
7051 6851 7052 0
6851 6852 7052 0
7052 6852 7053 0
6852 6853 7053 0
7053 6853 7054 0
6853 6854 7054 0
7054 6854 7055 0
6854 6855 7055 0
7055 6855 7056 0
6855 6856 7056 0
7056 6856 7057 0
6856 6857 7057 0
7057 6857 7058 0
6857 6858 7058 0
7058 6858 7059 0
6858 6859 7059 0
7059 6859 7060 0
6859 6860 7060 0
7060 6860 7061 0
6860 6861 7061 0
7061 6861 7062 0
6861 6862 7062 0
7062 6862 7063 0
6862 6863 7063 0
7063 6863 7064 0
6863 6864 7064 0
7064 6864 7065 0
6864 6865 7065 0
7065 6865 7066 0
6865 6866 7066 0
7066 6866 7067 0
6866 6867 7067 0
7067 6867 7068 0
6867 6868 7068 0
7068 6868 7069 0
6868 6869 7069 0
7069 6869 7070 0
6869 6870 7070 0
7070 6870 7071 0
6870 6871 7071 0
7071 6871 7072 0
6871 6872 7072 0
7072 6872 7073 0
6872 6873 7073 0
7073 6873 7074 0
6873 6874 7074 0
7074 6874 7075 0
6874 6875 7075 0
7075 6875 7076 0
6875 6876 7076 0
7076 6876 7077 0
6876 6877 7077 0
7077 6877 7078 0
6877 6878 7078 0
7078 6878 7079 0
6878 6879 7079 0
7079 6879 7080 0
6879 6880 7080 0
7080 6880 7081 0
6880 6881 7081 0
7081 6881 7082 0
6881 6882 7082 0
7082 6882 7083 0
6882 6883 7083 0
7083 6883 7084 0
6883 6884 7084 0
7084 6884 7085 0
6884 6885 7085 0
7085 6885 7086 0
6885 6886 7086 0
7086 6886 7087 0
6886 6887 7087 0
7087 6887 7088 0
6887 6888 7088 0
7088 6888 7089 0
6888 6889 7089 0
7089 6889 7090 0
6889 6890 7090 0
7090 6890 7091 0
6890 6891 7091 0
7091 6891 7092 0
6891 6892 7092 0
7092 6892 7093 0
6892 6893 7093 0
7093 6893 7094 0
6893 6894 7094 0
7094 6894 7095 0
6894 6895 7095 0
7095 6895 7096 0
6895 6896 7096 0
7096 6896 7097 0
6896 6897 7097 0
7097 6897 7098 0
6897 6898 7098 0
7098 6898 7099 0
6898 6899 7099 0
7099 6899 7100 0
6899 6900 7100 0
7100 6900 7101 0
6900 6901 7101 0
7101 6901 7102 0
6901 6902 7102 0
7102 6902 7103 0
6902 6903 7103 0
7103 6903 7104 0
6903 6904 7104 0
7104 6904 7105 0
6904 6905 7105 0
7105 6905 7106 0
6905 6906 7106 0
7106 6906 7107 0
6906 6907 7107 0
7107 6907 7108 0
6907 6908 7108 0
7108 6908 7109 0
6908 6909 7109 0
7109 6909 7110 0
6909 6910 7110 0
7110 6910 7111 0
6910 6911 7111 0
7111 6911 7112 0
6911 6912 7112 0
7112 6912 7113 0
6912 6913 7113 0
7113 6913 7114 0
6913 6914 7114 0
7114 6914 7115 0
6914 6915 7115 0
7115 6915 7116 0
6915 6916 7116 0
7116 6916 7117 0
6916 6917 7117 0
7117 6917 7118 0
6917 6918 7118 0
7118 6918 7119 0
6918 6919 7119 0
7119 6919 7120 0
6919 6920 7120 0
7120 6920 7121 0
6920 6921 7121 0
7121 6921 7122 0
6921 6922 7122 0
7122 6922 7123 0
6922 6923 7123 0
7123 6923 7124 0
6923 6924 7124 0
7124 6924 7125 0
6924 6925 7125 0
7125 6925 7126 0
6925 6926 7126 0
7126 6926 7127 0
6926 6927 7127 0
7127 6927 7128 0
6927 6928 7128 0
7128 6928 7129 0
6928 6929 7129 0
7129 6929 7130 0
6929 6930 7130 0
7130 6930 7131 0
6930 6931 7131 0
7131 6931 7132 0
6931 6932 7132 0
7132 6932 7133 0
6932 6933 7133 0
7133 6933 7134 0
6933 6934 7134 0
7134 6934 7135 0
6934 6935 7135 0
7135 6935 7136 0
6935 6936 7136 0
7136 6936 7137 0
6936 6937 7137 0
7137 6937 7138 0
6937 6938 7138 0
7138 6938 7139 0
6938 6939 7139 0
7139 6939 7140 0
6939 6940 7140 0
7140 6940 7141 0
6940 6941 7141 0
7141 6941 7142 0
6941 6942 7142 0
7142 6942 7143 0
6942 6943 7143 0
7143 6943 7144 0
6943 6944 7144 0
7144 6944 7145 0
6944 6945 7145 0
7145 6945 7146 0
6945 6946 7146 0
7146 6946 7147 0
6946 6947 7147 0
7147 6947 7148 0
6947 6948 7148 0
7148 6948 7149 0
6948 6949 7149 0
7149 6949 7150 0
6949 6950 7150 0
7150 6950 7151 0
6950 6951 7151 0
7151 6951 7152 0
6951 6952 7152 0
7152 6952 7153 0
6952 6953 7153 0
7153 6953 7154 0
6953 6954 7154 0
7154 6954 7155 0
6954 6955 7155 0
7155 6955 7156 0
6955 6956 7156 0
7156 6956 7157 0
6956 6957 7157 0
7157 6957 7158 0
6957 6958 7158 0
7158 6958 7159 0
6958 6959 7159 0
7159 6959 7160 0
6959 6960 7160 0
7160 6960 7161 0
6960 6961 7161 0
7161 6961 7162 0
6961 6962 7162 0
7162 6962 7163 0
6962 6963 7163 0
7163 6963 7164 0
6963 6964 7164 0
7164 6964 7165 0
6964 6965 7165 0
7165 6965 7166 0
6965 6966 7166 0
7166 6966 7167 0
6966 6967 7167 0
7167 6967 7168 0
6967 6968 7168 0
7168 6968 7169 0
6968 6969 7169 0
7169 6969 7170 0
6969 6970 7170 0
7170 6970 7171 0
6970 6971 7171 0
7171 6971 7172 0
6971 6972 7172 0
7172 6972 7173 0
6972 6973 7173 0
7173 6973 7174 0
6973 6974 7174 0
7174 6974 7175 0
6974 6975 7175 0
7175 6975 7176 0
6975 6976 7176 0
7176 6976 7177 0
6976 6977 7177 0
7177 6977 7178 0
6977 6978 7178 0
7178 6978 7179 0
6978 6979 7179 0
7179 6979 7180 0
6979 6980 7180 0
7180 6980 7181 0
6980 6981 7181 0
7181 6981 7182 0
6981 6982 7182 0
7182 6982 7183 0
6982 6983 7183 0
7183 6983 7184 0
6983 6984 7184 0
7184 6984 7185 0
6984 6985 7185 0
7185 6985 7186 0
6985 6986 7186 0
7186 6986 7187 0
6986 6987 7187 0
7187 6987 7188 0
6987 6988 7188 0
7188 6988 7189 0
6988 6989 7189 0
7189 6989 7190 0
6989 6990 7190 0
7190 6990 7191 0
6990 6991 7191 0
7191 6991 7192 0
6991 6992 7192 0
7192 6992 7193 0
6992 6993 7193 0
7193 6993 7194 0
6993 6994 7194 0
7194 6994 7195 0
6994 6995 7195 0
7195 6995 7196 0
6995 6996 7196 0
7196 6996 7197 0
6996 6997 7197 0
7197 6997 7198 0
6997 6998 7198 0
7198 6998 7199 0
6998 6999 7199 0
7199 6999 7200 0
6999 7000 7200 0
7200 7000 7201 0
7000 7001 7201 0
7201 7001 7202 0
7001 7002 7202 0
7202 7002 7203 0
7002 7003 7203 0
7203 7003 7204 0
7003 7004 7204 0
7204 7004 7205 0
7004 7005 7205 0
7205 7005 7206 0
7005 7006 7206 0
7206 7006 7207 0
7006 7007 7207 0
7207 7007 7208 0
7007 7008 7208 0
7208 7008 7209 0
7008 7009 7209 0
7209 7009 7210 0
7009 7010 7210 0
7210 7010 7211 0
7010 7011 7211 0
7211 7011 7212 0
7011 7012 7212 0
7212 7012 7213 0
7012 7013 7213 0
7213 7013 7214 0
7013 7014 7214 0
7214 7014 7215 0
7014 7015 7215 0
7215 7015 7216 0
7015 7016 7216 0
7216 7016 7217 0
7016 7017 7217 0
7217 7017 7218 0
7017 7018 7218 0
7218 7018 7219 0
7018 7019 7219 0
7219 7019 7220 0
7019 7020 7220 0
7220 7020 7221 0
7020 7021 7221 0
7221 7021 7222 0
7021 7022 7222 0
7222 7022 7223 0
7022 7023 7223 0
7223 7023 7224 0
7023 7024 7224 0
7224 7024 7225 0
7024 7025 7225 0
7225 7025 7226 0
7025 7026 7226 0
7226 7026 7227 0
7026 7027 7227 0
7227 7027 7228 0
7027 7028 7228 0
7228 7028 7229 0
7028 7029 7229 0
7229 7029 7230 0
7029 7030 7230 0
7230 7030 7231 0
7030 7031 7231 0
7231 7031 7232 0
7031 7032 7232 0
7232 7032 7233 0
7032 7033 7233 0
7233 7033 7234 0
7033 7034 7234 0
7234 7034 7235 0
7034 7035 7235 0
7235 7035 7236 0
7036 7037 7237 0
7237 7037 7238 0
7037 7038 7238 0
7238 7038 7239 0
7038 7039 7239 0
7239 7039 7240 0
7039 7040 7240 0
7240 7040 7241 0
7040 7041 7241 0
7241 7041 7242 0
7041 7042 7242 0
7242 7042 7243 0
7042 7043 7243 0
7243 7043 7244 0
7043 7044 7244 0
7244 7044 7245 0
7044 7045 7245 0
7245 7045 7246 0
7045 7046 7246 0
7246 7046 7247 0
7046 7047 7247 0
7247 7047 7248 0
7047 7048 7248 0
7248 7048 7249 0
7048 7049 7249 0
7249 7049 7250 0
7049 7050 7250 0
7250 7050 7251 0
7050 7051 7251 0
7251 7051 7252 0
7051 7052 7252 0
7252 7052 7253 0
7052 7053 7253 0
7253 7053 7254 0
7053 7054 7254 0
7254 7054 7255 0
7054 7055 7255 0
7255 7055 7256 0
7055 7056 7256 0
7256 7056 7257 0
7056 7057 7257 0
7257 7057 7258 0
7057 7058 7258 0
7258 7058 7259 0
7058 7059 7259 0
7259 7059 7260 0
7059 7060 7260 0
7260 7060 7261 0
7060 7061 7261 0
7261 7061 7262 0
7061 7062 7262 0
7262 7062 7263 0
7062 7063 7263 0
7263 7063 7264 0
7063 7064 7264 0
7264 7064 7265 0
7064 7065 7265 0
7265 7065 7266 0
7065 7066 7266 0
7266 7066 7267 0
7066 7067 7267 0
7267 7067 7268 0
7067 7068 7268 0
7268 7068 7269 0
7068 7069 7269 0
7269 7069 7270 0
7069 7070 7270 0
7270 7070 7271 0
7070 7071 7271 0
7271 7071 7272 0
7071 7072 7272 0
7272 7072 7273 0
7072 7073 7273 0
7273 7073 7274 0
7073 7074 7274 0
7274 7074 7275 0
7074 7075 7275 0
7275 7075 7276 0
7075 7076 7276 0
7276 7076 7277 0
7076 7077 7277 0
7277 7077 7278 0
7077 7078 7278 0
7278 7078 7279 0
7078 7079 7279 0
7279 7079 7280 0
7079 7080 7280 0
7280 7080 7281 0
7080 7081 7281 0
7281 7081 7282 0
7081 7082 7282 0
7282 7082 7283 0
7082 7083 7283 0
7283 7083 7284 0
7083 7084 7284 0
7284 7084 7285 0
7084 7085 7285 0
7285 7085 7286 0
7085 7086 7286 0
7286 7086 7287 0
7086 7087 7287 0
7287 7087 7288 0
7087 7088 7288 0
7288 7088 7289 0
7088 7089 7289 0
7289 7089 7290 0
7089 7090 7290 0
7290 7090 7291 0
7090 7091 7291 0
7291 7091 7292 0
7091 7092 7292 0
7292 7092 7293 0
7092 7093 7293 0
7293 7093 7294 0
7093 7094 7294 0
7294 7094 7295 0
7094 7095 7295 0
7295 7095 7296 0
7095 7096 7296 0
7296 7096 7297 0
7096 7097 7297 0
7297 7097 7298 0
7097 7098 7298 0
7298 7098 7299 0
7098 7099 7299 0
7299 7099 7300 0
7099 7100 7300 0
7300 7100 7301 0
7100 7101 7301 0
7301 7101 7302 0
7101 7102 7302 0
7302 7102 7303 0
7102 7103 7303 0
7303 7103 7304 0
7103 7104 7304 0
7304 7104 7305 0
7104 7105 7305 0
7305 7105 7306 0
7105 7106 7306 0
7306 7106 7307 0
7106 7107 7307 0
7307 7107 7308 0
7107 7108 7308 0
7308 7108 7309 0
7108 7109 7309 0
7309 7109 7310 0
7109 7110 7310 0
7310 7110 7311 0
7110 7111 7311 0
7311 7111 7312 0
7111 7112 7312 0
7312 7112 7313 0
7112 7113 7313 0
7313 7113 7314 0
7113 7114 7314 0
7314 7114 7315 0
7114 7115 7315 0
7315 7115 7316 0
7115 7116 7316 0
7316 7116 7317 0
7116 7117 7317 0
7317 7117 7318 0
7117 7118 7318 0
7318 7118 7319 0
7118 7119 7319 0
7319 7119 7320 0
7119 7120 7320 0
7320 7120 7321 0
7120 7121 7321 0
7321 7121 7322 0
7121 7122 7322 0
7322 7122 7323 0
7122 7123 7323 0
7323 7123 7324 0
7123 7124 7324 0
7324 7124 7325 0
7124 7125 7325 0
7325 7125 7326 0
7125 7126 7326 0
7326 7126 7327 0
7126 7127 7327 0
7327 7127 7328 0
7127 7128 7328 0
7328 7128 7329 0
7128 7129 7329 0
7329 7129 7330 0
7129 7130 7330 0
7330 7130 7331 0
7130 7131 7331 0
7331 7131 7332 0
7131 7132 7332 0
7332 7132 7333 0
7132 7133 7333 0
7333 7133 7334 0
7133 7134 7334 0
7334 7134 7335 0
7134 7135 7335 0
7335 7135 7336 0
7135 7136 7336 0
7336 7136 7337 0
7136 7137 7337 0
7337 7137 7338 0
7137 7138 7338 0
7338 7138 7339 0
7138 7139 7339 0
7339 7139 7340 0
7139 7140 7340 0
7340 7140 7341 0
7140 7141 7341 0
7341 7141 7342 0
7141 7142 7342 0
7342 7142 7343 0
7142 7143 7343 0
7343 7143 7344 0
7143 7144 7344 0
7344 7144 7345 0
7144 7145 7345 0
7345 7145 7346 0
7145 7146 7346 0
7346 7146 7347 0
7146 7147 7347 0
7347 7147 7348 0
7147 7148 7348 0
7348 7148 7349 0
7148 7149 7349 0
7349 7149 7350 0
7149 7150 7350 0
7350 7150 7351 0
7150 7151 7351 0
7351 7151 7352 0
7151 7152 7352 0
7352 7152 7353 0
7152 7153 7353 0
7353 7153 7354 0
7153 7154 7354 0
7354 7154 7355 0
7154 7155 7355 0
7355 7155 7356 0
7155 7156 7356 0
7356 7156 7357 0
7156 7157 7357 0
7357 7157 7358 0
7157 7158 7358 0
7358 7158 7359 0
7158 7159 7359 0
7359 7159 7360 0
7159 7160 7360 0
7360 7160 7361 0
7160 7161 7361 0
7361 7161 7362 0
7161 7162 7362 0
7362 7162 7363 0
7162 7163 7363 0
7363 7163 7364 0
7163 7164 7364 0
7364 7164 7365 0
7164 7165 7365 0
7365 7165 7366 0
7165 7166 7366 0
7366 7166 7367 0
7166 7167 7367 0
7367 7167 7368 0
7167 7168 7368 0
7368 7168 7369 0
7168 7169 7369 0
7369 7169 7370 0
7169 7170 7370 0
7370 7170 7371 0
7170 7171 7371 0
7371 7171 7372 0
7171 7172 7372 0
7372 7172 7373 0
7172 7173 7373 0
7373 7173 7374 0
7173 7174 7374 0
7374 7174 7375 0
7174 7175 7375 0
7375 7175 7376 0
7175 7176 7376 0
7376 7176 7377 0
7176 7177 7377 0
7377 7177 7378 0
7177 7178 7378 0
7378 7178 7379 0
7178 7179 7379 0
7379 7179 7380 0
7179 7180 7380 0
7380 7180 7381 0
7180 7181 7381 0
7381 7181 7382 0
7181 7182 7382 0
7382 7182 7383 0
7182 7183 7383 0
7383 7183 7384 0
7183 7184 7384 0
7384 7184 7385 0
7184 7185 7385 0
7385 7185 7386 0
7185 7186 7386 0
7386 7186 7387 0
7186 7187 7387 0
7387 7187 7388 0
7187 7188 7388 0
7388 7188 7389 0
7188 7189 7389 0
7389 7189 7390 0
7189 7190 7390 0
7390 7190 7391 0
7190 7191 7391 0
7391 7191 7392 0
7191 7192 7392 0
7392 7192 7393 0
7192 7193 7393 0
7393 7193 7394 0
7193 7194 7394 0
7394 7194 7395 0
7194 7195 7395 0
7395 7195 7396 0
7195 7196 7396 0
7396 7196 7397 0
7196 7197 7397 0
7397 7197 7398 0
7197 7198 7398 0
7398 7198 7399 0
7198 7199 7399 0
7399 7199 7400 0
7199 7200 7400 0
7400 7200 7401 0
7200 7201 7401 0
7401 7201 7402 0
7201 7202 7402 0
7402 7202 7403 0
7202 7203 7403 0
7403 7203 7404 0
7203 7204 7404 0
7404 7204 7405 0
7204 7205 7405 0
7405 7205 7406 0
7205 7206 7406 0
7406 7206 7407 0
7206 7207 7407 0
7407 7207 7408 0
7207 7208 7408 0
7408 7208 7409 0
7208 7209 7409 0
7409 7209 7410 0
7209 7210 7410 0
7410 7210 7411 0
7210 7211 7411 0
7411 7211 7412 0
7211 7212 7412 0
7412 7212 7413 0
7212 7213 7413 0
7413 7213 7414 0
7213 7214 7414 0
7414 7214 7415 0
7214 7215 7415 0
7415 7215 7416 0
7215 7216 7416 0
7416 7216 7417 0
7216 7217 7417 0
7417 7217 7418 0
7217 7218 7418 0
7418 7218 7419 0
7218 7219 7419 0
7419 7219 7420 0
7219 7220 7420 0
7420 7220 7421 0
7220 7221 7421 0
7421 7221 7422 0
7221 7222 7422 0
7422 7222 7423 0
7222 7223 7423 0
7423 7223 7424 0
7223 7224 7424 0
7424 7224 7425 0
7224 7225 7425 0
7425 7225 7426 0
7225 7226 7426 0
7426 7226 7427 0
7226 7227 7427 0
7427 7227 7428 0
7227 7228 7428 0
7428 7228 7429 0
7228 7229 7429 0
7429 7229 7430 0
7229 7230 7430 0
7430 7230 7431 0
7230 7231 7431 0
7431 7231 7432 0
7231 7232 7432 0
7432 7232 7433 0
7232 7233 7433 0
7433 7233 7434 0
7233 7234 7434 0
7434 7234 7435 0
7234 7235 7435 0
7435 7235 7436 0
7235 7236 7436 0
7436 7236 7437 0
7237 7238 7438 0
7438 7238 7439 0
7238 7239 7439 0
7439 7239 7440 0
7239 7240 7440 0
7440 7240 7441 0
7240 7241 7441 0
7441 7241 7442 0
7241 7242 7442 0
7442 7242 7443 0
7242 7243 7443 0
7443 7243 7444 0
7243 7244 7444 0
7444 7244 7445 0
7244 7245 7445 0
7445 7245 7446 0
7245 7246 7446 0
7446 7246 7447 0
7246 7247 7447 0
7447 7247 7448 0
7247 7248 7448 0
7448 7248 7449 0
7248 7249 7449 0
7449 7249 7450 0
7249 7250 7450 0
7450 7250 7451 0
7250 7251 7451 0
7451 7251 7452 0
7251 7252 7452 0
7452 7252 7453 0
7252 7253 7453 0
7453 7253 7454 0
7253 7254 7454 0
7454 7254 7455 0
7254 7255 7455 0
7455 7255 7456 0
7255 7256 7456 0
7456 7256 7457 0
7256 7257 7457 0
7457 7257 7458 0
7257 7258 7458 0
7458 7258 7459 0
7258 7259 7459 0
7459 7259 7460 0
7259 7260 7460 0
7460 7260 7461 0
7260 7261 7461 0
7461 7261 7462 0
7261 7262 7462 0
7462 7262 7463 0
7262 7263 7463 0
7463 7263 7464 0
7263 7264 7464 0
7464 7264 7465 0
7264 7265 7465 0
7465 7265 7466 0
7265 7266 7466 0
7466 7266 7467 0
7266 7267 7467 0
7467 7267 7468 0
7267 7268 7468 0
7468 7268 7469 0
7268 7269 7469 0
7469 7269 7470 0
7269 7270 7470 0
7470 7270 7471 0
7270 7271 7471 0
7471 7271 7472 0
7271 7272 7472 0
7472 7272 7473 0
7272 7273 7473 0
7473 7273 7474 0
7273 7274 7474 0
7474 7274 7475 0
7274 7275 7475 0
7475 7275 7476 0
7275 7276 7476 0
7476 7276 7477 0
7276 7277 7477 0
7477 7277 7478 0
7277 7278 7478 0
7478 7278 7479 0
7278 7279 7479 0
7479 7279 7480 0
7279 7280 7480 0
7480 7280 7481 0
7280 7281 7481 0
7481 7281 7482 0
7281 7282 7482 0
7482 7282 7483 0
7282 7283 7483 0
7483 7283 7484 0
7283 7284 7484 0
7484 7284 7485 0
7284 7285 7485 0
7485 7285 7486 0
7285 7286 7486 0
7486 7286 7487 0
7286 7287 7487 0
7487 7287 7488 0
7287 7288 7488 0
7488 7288 7489 0
7288 7289 7489 0
7489 7289 7490 0
7289 7290 7490 0
7490 7290 7491 0
7290 7291 7491 0
7491 7291 7492 0
7291 7292 7492 0
7492 7292 7493 0
7292 7293 7493 0
7493 7293 7494 0
7293 7294 7494 0
7494 7294 7495 0
7294 7295 7495 0
7495 7295 7496 0
7295 7296 7496 0
7496 7296 7497 0
7296 7297 7497 0
7497 7297 7498 0
7297 7298 7498 0
7498 7298 7499 0
7298 7299 7499 0
7499 7299 7500 0
7299 7300 7500 0
7500 7300 7501 0
7300 7301 7501 0
7501 7301 7502 0
7301 7302 7502 0
7502 7302 7503 0
7302 7303 7503 0
7503 7303 7504 0
7303 7304 7504 0
7504 7304 7505 0
7304 7305 7505 0
7505 7305 7506 0
7305 7306 7506 0
7506 7306 7507 0
7306 7307 7507 0
7507 7307 7508 0
7307 7308 7508 0
7508 7308 7509 0
7308 7309 7509 0
7509 7309 7510 0
7309 7310 7510 0
7510 7310 7511 0
7310 7311 7511 0
7511 7311 7512 0
7311 7312 7512 0
7512 7312 7513 0
7312 7313 7513 0
7513 7313 7514 0
7313 7314 7514 0
7514 7314 7515 0
7314 7315 7515 0
7515 7315 7516 0
7315 7316 7516 0
7516 7316 7517 0
7316 7317 7517 0
7517 7317 7518 0
7317 7318 7518 0
7518 7318 7519 0
7318 7319 7519 0
7519 7319 7520 0
7319 7320 7520 0
7520 7320 7521 0
7320 7321 7521 0
7521 7321 7522 0
7321 7322 7522 0
7522 7322 7523 0
7322 7323 7523 0
7523 7323 7524 0
7323 7324 7524 0
7524 7324 7525 0
7324 7325 7525 0
7525 7325 7526 0
7325 7326 7526 0
7526 7326 7527 0
7326 7327 7527 0
7527 7327 7528 0
7327 7328 7528 0
7528 7328 7529 0
7328 7329 7529 0
7529 7329 7530 0
7329 7330 7530 0
7530 7330 7531 0
7330 7331 7531 0
7531 7331 7532 0
7331 7332 7532 0
7532 7332 7533 0
7332 7333 7533 0
7533 7333 7534 0
7333 7334 7534 0
7534 7334 7535 0
7334 7335 7535 0
7535 7335 7536 0
7335 7336 7536 0
7536 7336 7537 0
7336 7337 7537 0
7537 7337 7538 0
7337 7338 7538 0
7538 7338 7539 0
7338 7339 7539 0
7539 7339 7540 0
7339 7340 7540 0
7540 7340 7541 0
7340 7341 7541 0
7541 7341 7542 0
7341 7342 7542 0
7542 7342 7543 0
7342 7343 7543 0
7543 7343 7544 0
7343 7344 7544 0
7544 7344 7545 0
7344 7345 7545 0
7545 7345 7546 0
7345 7346 7546 0
7546 7346 7547 0
7346 7347 7547 0
7547 7347 7548 0
7347 7348 7548 0
7548 7348 7549 0
7348 7349 7549 0
7549 7349 7550 0
7349 7350 7550 0
7550 7350 7551 0
7350 7351 7551 0
7551 7351 7552 0
7351 7352 7552 0
7552 7352 7553 0
7352 7353 7553 0
7553 7353 7554 0
7353 7354 7554 0
7554 7354 7555 0
7354 7355 7555 0
7555 7355 7556 0
7355 7356 7556 0
7556 7356 7557 0
7356 7357 7557 0
7557 7357 7558 0
7357 7358 7558 0
7558 7358 7559 0
7358 7359 7559 0
7559 7359 7560 0
7359 7360 7560 0
7560 7360 7561 0
7360 7361 7561 0
7561 7361 7562 0
7361 7362 7562 0
7562 7362 7563 0
7362 7363 7563 0
7563 7363 7564 0
7363 7364 7564 0
7564 7364 7565 0
7364 7365 7565 0
7565 7365 7566 0
7365 7366 7566 0
7566 7366 7567 0
7366 7367 7567 0
7567 7367 7568 0
7367 7368 7568 0
7568 7368 7569 0
7368 7369 7569 0
7569 7369 7570 0
7369 7370 7570 0
7570 7370 7571 0
7370 7371 7571 0
7571 7371 7572 0
7371 7372 7572 0
7572 7372 7573 0
7372 7373 7573 0
7573 7373 7574 0
7373 7374 7574 0
7574 7374 7575 0
7374 7375 7575 0
7575 7375 7576 0
7375 7376 7576 0
7576 7376 7577 0
7376 7377 7577 0
7577 7377 7578 0
7377 7378 7578 0
7578 7378 7579 0
7378 7379 7579 0
7579 7379 7580 0
7379 7380 7580 0
7580 7380 7581 0
7380 7381 7581 0
7581 7381 7582 0
7381 7382 7582 0
7582 7382 7583 0
7382 7383 7583 0
7583 7383 7584 0
7383 7384 7584 0
7584 7384 7585 0
7384 7385 7585 0
7585 7385 7586 0
7385 7386 7586 0
7586 7386 7587 0
7386 7387 7587 0
7587 7387 7588 0
7387 7388 7588 0
7588 7388 7589 0
7388 7389 7589 0
7589 7389 7590 0
7389 7390 7590 0
7590 7390 7591 0
7390 7391 7591 0
7591 7391 7592 0
7391 7392 7592 0
7592 7392 7593 0
7392 7393 7593 0
7593 7393 7594 0
7393 7394 7594 0
7594 7394 7595 0
7394 7395 7595 0
7595 7395 7596 0
7395 7396 7596 0
7596 7396 7597 0
7396 7397 7597 0
7597 7397 7598 0
7397 7398 7598 0
7598 7398 7599 0
7398 7399 7599 0
7599 7399 7600 0
7399 7400 7600 0
7600 7400 7601 0
7400 7401 7601 0
7601 7401 7602 0
7401 7402 7602 0
7602 7402 7603 0
7402 7403 7603 0
7603 7403 7604 0
7403 7404 7604 0
7604 7404 7605 0
7404 7405 7605 0
7605 7405 7606 0
7405 7406 7606 0
7606 7406 7607 0
7406 7407 7607 0
7607 7407 7608 0
7407 7408 7608 0
7608 7408 7609 0
7408 7409 7609 0
7609 7409 7610 0
7409 7410 7610 0
7610 7410 7611 0
7410 7411 7611 0
7611 7411 7612 0
7411 7412 7612 0
7612 7412 7613 0
7412 7413 7613 0
7613 7413 7614 0
7413 7414 7614 0
7614 7414 7615 0
7414 7415 7615 0
7615 7415 7616 0
7415 7416 7616 0
7616 7416 7617 0
7416 7417 7617 0
7617 7417 7618 0
7417 7418 7618 0
7618 7418 7619 0
7418 7419 7619 0
7619 7419 7620 0
7419 7420 7620 0
7620 7420 7621 0
7420 7421 7621 0
7621 7421 7622 0
7421 7422 7622 0
7622 7422 7623 0
7422 7423 7623 0
7623 7423 7624 0
7423 7424 7624 0
7624 7424 7625 0
7424 7425 7625 0
7625 7425 7626 0
7425 7426 7626 0
7626 7426 7627 0
7426 7427 7627 0
7627 7427 7628 0
7427 7428 7628 0
7628 7428 7629 0
7428 7429 7629 0
7629 7429 7630 0
7429 7430 7630 0
7630 7430 7631 0
7430 7431 7631 0
7631 7431 7632 0
7431 7432 7632 0
7632 7432 7633 0
7432 7433 7633 0
7633 7433 7634 0
7433 7434 7634 0
7634 7434 7635 0
7434 7435 7635 0
7635 7435 7636 0
7435 7436 7636 0
7636 7436 7637 0
7436 7437 7637 0
7637 7437 7638 0
7438 7439 7639 0
7639 7439 7640 0
7439 7440 7640 0
7640 7440 7641 0
7440 7441 7641 0
7641 7441 7642 0
7441 7442 7642 0
7642 7442 7643 0
7442 7443 7643 0
7643 7443 7644 0
7443 7444 7644 0
7644 7444 7645 0
7444 7445 7645 0
7645 7445 7646 0
7445 7446 7646 0
7646 7446 7647 0
7446 7447 7647 0
7647 7447 7648 0
7447 7448 7648 0
7648 7448 7649 0
7448 7449 7649 0
7649 7449 7650 0
7449 7450 7650 0
7650 7450 7651 0
7450 7451 7651 0
7651 7451 7652 0
7451 7452 7652 0
7652 7452 7653 0
7452 7453 7653 0
7653 7453 7654 0
7453 7454 7654 0
7654 7454 7655 0
7454 7455 7655 0
7655 7455 7656 0
7455 7456 7656 0
7656 7456 7657 0
7456 7457 7657 0
7657 7457 7658 0
7457 7458 7658 0
7658 7458 7659 0
7458 7459 7659 0
7659 7459 7660 0
7459 7460 7660 0
7660 7460 7661 0
7460 7461 7661 0
7661 7461 7662 0
7461 7462 7662 0
7662 7462 7663 0
7462 7463 7663 0
7663 7463 7664 0
7463 7464 7664 0
7664 7464 7665 0
7464 7465 7665 0
7665 7465 7666 0
7465 7466 7666 0
7666 7466 7667 0
7466 7467 7667 0
7667 7467 7668 0
7467 7468 7668 0
7668 7468 7669 0
7468 7469 7669 0
7669 7469 7670 0
7469 7470 7670 0
7670 7470 7671 0
7470 7471 7671 0
7671 7471 7672 0
7471 7472 7672 0
7672 7472 7673 0
7472 7473 7673 0
7673 7473 7674 0
7473 7474 7674 0
7674 7474 7675 0
7474 7475 7675 0
7675 7475 7676 0
7475 7476 7676 0
7676 7476 7677 0
7476 7477 7677 0
7677 7477 7678 0
7477 7478 7678 0
7678 7478 7679 0
7478 7479 7679 0
7679 7479 7680 0
7479 7480 7680 0
7680 7480 7681 0
7480 7481 7681 0
7681 7481 7682 0
7481 7482 7682 0
7682 7482 7683 0
7482 7483 7683 0
7683 7483 7684 0
7483 7484 7684 0
7684 7484 7685 0
7484 7485 7685 0
7685 7485 7686 0
7485 7486 7686 0
7686 7486 7687 0
7486 7487 7687 0
7687 7487 7688 0
7487 7488 7688 0
7688 7488 7689 0
7488 7489 7689 0
7689 7489 7690 0
7489 7490 7690 0
7690 7490 7691 0
7490 7491 7691 0
7691 7491 7692 0
7491 7492 7692 0
7692 7492 7693 0
7492 7493 7693 0
7693 7493 7694 0
7493 7494 7694 0
7694 7494 7695 0
7494 7495 7695 0
7695 7495 7696 0
7495 7496 7696 0
7696 7496 7697 0
7496 7497 7697 0
7697 7497 7698 0
7497 7498 7698 0
7698 7498 7699 0
7498 7499 7699 0
7699 7499 7700 0
7499 7500 7700 0
7700 7500 7701 0
7500 7501 7701 0
7701 7501 7702 0
7501 7502 7702 0
7702 7502 7703 0
7502 7503 7703 0
7703 7503 7704 0
7503 7504 7704 0
7704 7504 7705 0
7504 7505 7705 0
7705 7505 7706 0
7505 7506 7706 0
7706 7506 7707 0
7506 7507 7707 0
7707 7507 7708 0
7507 7508 7708 0
7708 7508 7709 0
7508 7509 7709 0
7709 7509 7710 0
7509 7510 7710 0
7710 7510 7711 0
7510 7511 7711 0
7711 7511 7712 0
7511 7512 7712 0
7712 7512 7713 0
7512 7513 7713 0
7713 7513 7714 0
7513 7514 7714 0
7714 7514 7715 0
7514 7515 7715 0
7715 7515 7716 0
7515 7516 7716 0
7716 7516 7717 0
7516 7517 7717 0
7717 7517 7718 0
7517 7518 7718 0
7718 7518 7719 0
7518 7519 7719 0
7719 7519 7720 0
7519 7520 7720 0
7720 7520 7721 0
7520 7521 7721 0
7721 7521 7722 0
7521 7522 7722 0
7722 7522 7723 0
7522 7523 7723 0
7723 7523 7724 0
7523 7524 7724 0
7724 7524 7725 0
7524 7525 7725 0
7725 7525 7726 0
7525 7526 7726 0
7726 7526 7727 0
7526 7527 7727 0
7727 7527 7728 0
7527 7528 7728 0
7728 7528 7729 0
7528 7529 7729 0
7729 7529 7730 0
7529 7530 7730 0
7730 7530 7731 0
7530 7531 7731 0
7731 7531 7732 0
7531 7532 7732 0
7732 7532 7733 0
7532 7533 7733 0
7733 7533 7734 0
7533 7534 7734 0
7734 7534 7735 0
7534 7535 7735 0
7735 7535 7736 0
7535 7536 7736 0
7736 7536 7737 0
7536 7537 7737 0
7737 7537 7738 0
7537 7538 7738 0
7738 7538 7739 0
7538 7539 7739 0
7739 7539 7740 0
7539 7540 7740 0
7740 7540 7741 0
7540 7541 7741 0
7741 7541 7742 0
7541 7542 7742 0
7742 7542 7743 0
7542 7543 7743 0
7743 7543 7744 0
7543 7544 7744 0
7744 7544 7745 0
7544 7545 7745 0
7745 7545 7746 0
7545 7546 7746 0
7746 7546 7747 0
7546 7547 7747 0
7747 7547 7748 0
7547 7548 7748 0
7748 7548 7749 0
7548 7549 7749 0
7749 7549 7750 0
7549 7550 7750 0
7750 7550 7751 0
7550 7551 7751 0
7751 7551 7752 0
7551 7552 7752 0
7752 7552 7753 0
7552 7553 7753 0
7753 7553 7754 0
7553 7554 7754 0
7754 7554 7755 0
7554 7555 7755 0
7755 7555 7756 0
7555 7556 7756 0
7756 7556 7757 0
7556 7557 7757 0
7757 7557 7758 0
7557 7558 7758 0
7758 7558 7759 0
7558 7559 7759 0
7759 7559 7760 0
7559 7560 7760 0
7760 7560 7761 0
7560 7561 7761 0
7761 7561 7762 0
7561 7562 7762 0
7762 7562 7763 0
7562 7563 7763 0
7763 7563 7764 0
7563 7564 7764 0
7764 7564 7765 0
7564 7565 7765 0
7765 7565 7766 0
7565 7566 7766 0
7766 7566 7767 0
7566 7567 7767 0
7767 7567 7768 0
7567 7568 7768 0
7768 7568 7769 0
7568 7569 7769 0
7769 7569 7770 0
7569 7570 7770 0
7770 7570 7771 0
7570 7571 7771 0
7771 7571 7772 0
7571 7572 7772 0
7772 7572 7773 0
7572 7573 7773 0
7773 7573 7774 0
7573 7574 7774 0
7774 7574 7775 0
7574 7575 7775 0
7775 7575 7776 0
7575 7576 7776 0
7776 7576 7777 0
7576 7577 7777 0
7777 7577 7778 0
7577 7578 7778 0
7778 7578 7779 0
7578 7579 7779 0
7779 7579 7780 0
7579 7580 7780 0
7780 7580 7781 0
7580 7581 7781 0
7781 7581 7782 0
7581 7582 7782 0
7782 7582 7783 0
7582 7583 7783 0
7783 7583 7784 0
7583 7584 7784 0
7784 7584 7785 0
7584 7585 7785 0
7785 7585 7786 0
7585 7586 7786 0
7786 7586 7787 0
7586 7587 7787 0
7787 7587 7788 0
7587 7588 7788 0
7788 7588 7789 0
7588 7589 7789 0
7789 7589 7790 0
7589 7590 7790 0
7790 7590 7791 0
7590 7591 7791 0
7791 7591 7792 0
7591 7592 7792 0
7792 7592 7793 0
7592 7593 7793 0
7793 7593 7794 0
7593 7594 7794 0
7794 7594 7795 0
7594 7595 7795 0
7795 7595 7796 0
7595 7596 7796 0
7796 7596 7797 0
7596 7597 7797 0
7797 7597 7798 0
7597 7598 7798 0
7798 7598 7799 0
7598 7599 7799 0
7799 7599 7800 0
7599 7600 7800 0
7800 7600 7801 0
7600 7601 7801 0
7801 7601 7802 0
7601 7602 7802 0
7802 7602 7803 0
7602 7603 7803 0
7803 7603 7804 0
7603 7604 7804 0
7804 7604 7805 0
7604 7605 7805 0
7805 7605 7806 0
7605 7606 7806 0
7806 7606 7807 0
7606 7607 7807 0
7807 7607 7808 0
7607 7608 7808 0
7808 7608 7809 0
7608 7609 7809 0
7809 7609 7810 0
7609 7610 7810 0
7810 7610 7811 0
7610 7611 7811 0
7811 7611 7812 0
7611 7612 7812 0
7812 7612 7813 0
7612 7613 7813 0
7813 7613 7814 0
7613 7614 7814 0
7814 7614 7815 0
7614 7615 7815 0
7815 7615 7816 0
7615 7616 7816 0
7816 7616 7817 0
7616 7617 7817 0
7817 7617 7818 0
7617 7618 7818 0
7818 7618 7819 0
7618 7619 7819 0
7819 7619 7820 0
7619 7620 7820 0
7820 7620 7821 0
7620 7621 7821 0
7821 7621 7822 0
7621 7622 7822 0
7822 7622 7823 0
7622 7623 7823 0
7823 7623 7824 0
7623 7624 7824 0
7824 7624 7825 0
7624 7625 7825 0
7825 7625 7826 0
7625 7626 7826 0
7826 7626 7827 0
7626 7627 7827 0
7827 7627 7828 0
7627 7628 7828 0
7828 7628 7829 0
7628 7629 7829 0
7829 7629 7830 0
7629 7630 7830 0
7830 7630 7831 0
7630 7631 7831 0
7831 7631 7832 0
7631 7632 7832 0
7832 7632 7833 0
7632 7633 7833 0
7833 7633 7834 0
7633 7634 7834 0
7834 7634 7835 0
7634 7635 7835 0
7835 7635 7836 0
7635 7636 7836 0
7836 7636 7837 0
7636 7637 7837 0
7837 7637 7838 0
7637 7638 7838 0
7838 7638 7839 0
7639 7640 7840 0
7840 7640 7841 0
7640 7641 7841 0
7841 7641 7842 0
7641 7642 7842 0
7842 7642 7843 0
7642 7643 7843 0
7843 7643 7844 0
7643 7644 7844 0
7844 7644 7845 0
7644 7645 7845 0
7845 7645 7846 0
7645 7646 7846 0
7846 7646 7847 0
7646 7647 7847 0
7847 7647 7848 0
7647 7648 7848 0
7848 7648 7849 0
7648 7649 7849 0
7849 7649 7850 0
7649 7650 7850 0
7850 7650 7851 0
7650 7651 7851 0
7851 7651 7852 0
7651 7652 7852 0
7852 7652 7853 0
7652 7653 7853 0
7853 7653 7854 0
7653 7654 7854 0
7854 7654 7855 0
7654 7655 7855 0
7855 7655 7856 0
7655 7656 7856 0
7856 7656 7857 0
7656 7657 7857 0
7857 7657 7858 0
7657 7658 7858 0
7858 7658 7859 0
7658 7659 7859 0
7859 7659 7860 0
7659 7660 7860 0
7860 7660 7861 0
7660 7661 7861 0
7861 7661 7862 0
7661 7662 7862 0
7862 7662 7863 0
7662 7663 7863 0
7863 7663 7864 0
7663 7664 7864 0
7864 7664 7865 0
7664 7665 7865 0
7865 7665 7866 0
7665 7666 7866 0
7866 7666 7867 0
7666 7667 7867 0
7867 7667 7868 0
7667 7668 7868 0
7868 7668 7869 0
7668 7669 7869 0
7869 7669 7870 0
7669 7670 7870 0
7870 7670 7871 0
7670 7671 7871 0
7871 7671 7872 0
7671 7672 7872 0
7872 7672 7873 0
7672 7673 7873 0
7873 7673 7874 0
7673 7674 7874 0
7874 7674 7875 0
7674 7675 7875 0
7875 7675 7876 0
7675 7676 7876 0
7876 7676 7877 0
7676 7677 7877 0
7877 7677 7878 0
7677 7678 7878 0
7878 7678 7879 0
7678 7679 7879 0
7879 7679 7880 0
7679 7680 7880 0
7880 7680 7881 0
7680 7681 7881 0
7881 7681 7882 0
7681 7682 7882 0
7882 7682 7883 0
7682 7683 7883 0
7883 7683 7884 0
7683 7684 7884 0
7884 7684 7885 0
7684 7685 7885 0
7885 7685 7886 0
7685 7686 7886 0
7886 7686 7887 0
7686 7687 7887 0
7887 7687 7888 0
7687 7688 7888 0
7888 7688 7889 0
7688 7689 7889 0
7889 7689 7890 0
7689 7690 7890 0
7890 7690 7891 0
7690 7691 7891 0
7891 7691 7892 0
7691 7692 7892 0
7892 7692 7893 0
7692 7693 7893 0
7893 7693 7894 0
7693 7694 7894 0
7894 7694 7895 0
7694 7695 7895 0
7895 7695 7896 0
7695 7696 7896 0
7896 7696 7897 0
7696 7697 7897 0
7897 7697 7898 0
7697 7698 7898 0
7898 7698 7899 0
7698 7699 7899 0
7899 7699 7900 0
7699 7700 7900 0
7900 7700 7901 0
7700 7701 7901 0
7901 7701 7902 0
7701 7702 7902 0
7902 7702 7903 0
7702 7703 7903 0
7903 7703 7904 0
7703 7704 7904 0
7904 7704 7905 0
7704 7705 7905 0
7905 7705 7906 0
7705 7706 7906 0
7906 7706 7907 0
7706 7707 7907 0
7907 7707 7908 0
7707 7708 7908 0
7908 7708 7909 0
7708 7709 7909 0
7909 7709 7910 0
7709 7710 7910 0
7910 7710 7911 0
7710 7711 7911 0
7911 7711 7912 0
7711 7712 7912 0
7912 7712 7913 0
7712 7713 7913 0
7913 7713 7914 0
7713 7714 7914 0
7914 7714 7915 0
7714 7715 7915 0
7915 7715 7916 0
7715 7716 7916 0
7916 7716 7917 0
7716 7717 7917 0
7917 7717 7918 0
7717 7718 7918 0
7918 7718 7919 0
7718 7719 7919 0
7919 7719 7920 0
7719 7720 7920 0
7920 7720 7921 0
7720 7721 7921 0
7921 7721 7922 0
7721 7722 7922 0
7922 7722 7923 0
7722 7723 7923 0
7923 7723 7924 0
7723 7724 7924 0
7924 7724 7925 0
7724 7725 7925 0
7925 7725 7926 0
7725 7726 7926 0
7926 7726 7927 0
7726 7727 7927 0
7927 7727 7928 0
7727 7728 7928 0
7928 7728 7929 0
7728 7729 7929 0
7929 7729 7930 0
7729 7730 7930 0
7930 7730 7931 0
7730 7731 7931 0
7931 7731 7932 0
7731 7732 7932 0
7932 7732 7933 0
7732 7733 7933 0
7933 7733 7934 0
7733 7734 7934 0
7934 7734 7935 0
7734 7735 7935 0
7935 7735 7936 0
7735 7736 7936 0
7936 7736 7937 0
7736 7737 7937 0
7937 7737 7938 0
7737 7738 7938 0
7938 7738 7939 0
7738 7739 7939 0
7939 7739 7940 0
7739 7740 7940 0
7940 7740 7941 0
7740 7741 7941 0
7941 7741 7942 0
7741 7742 7942 0
7942 7742 7943 0
7742 7743 7943 0
7943 7743 7944 0
7743 7744 7944 0
7944 7744 7945 0
7744 7745 7945 0
7945 7745 7946 0
7745 7746 7946 0
7946 7746 7947 0
7746 7747 7947 0
7947 7747 7948 0
7747 7748 7948 0
7948 7748 7949 0
7748 7749 7949 0
7949 7749 7950 0
7749 7750 7950 0
7950 7750 7951 0
7750 7751 7951 0
7951 7751 7952 0
7751 7752 7952 0
7952 7752 7953 0
7752 7753 7953 0
7953 7753 7954 0
7753 7754 7954 0
7954 7754 7955 0
7754 7755 7955 0
7955 7755 7956 0
7755 7756 7956 0
7956 7756 7957 0
7756 7757 7957 0
7957 7757 7958 0
7757 7758 7958 0
7958 7758 7959 0
7758 7759 7959 0
7959 7759 7960 0
7759 7760 7960 0
7960 7760 7961 0
7760 7761 7961 0
7961 7761 7962 0
7761 7762 7962 0
7962 7762 7963 0
7762 7763 7963 0
7963 7763 7964 0
7763 7764 7964 0
7964 7764 7965 0
7764 7765 7965 0
7965 7765 7966 0
7765 7766 7966 0
7966 7766 7967 0
7766 7767 7967 0
7967 7767 7968 0
7767 7768 7968 0
7968 7768 7969 0
7768 7769 7969 0
7969 7769 7970 0
7769 7770 7970 0
7970 7770 7971 0
7770 7771 7971 0
7971 7771 7972 0
7771 7772 7972 0
7972 7772 7973 0
7772 7773 7973 0
7973 7773 7974 0
7773 7774 7974 0
7974 7774 7975 0
7774 7775 7975 0
7975 7775 7976 0
7775 7776 7976 0
7976 7776 7977 0
7776 7777 7977 0
7977 7777 7978 0
7777 7778 7978 0
7978 7778 7979 0
7778 7779 7979 0
7979 7779 7980 0
7779 7780 7980 0
7980 7780 7981 0
7780 7781 7981 0
7981 7781 7982 0
7781 7782 7982 0
7982 7782 7983 0
7782 7783 7983 0
7983 7783 7984 0
7783 7784 7984 0
7984 7784 7985 0
7784 7785 7985 0
7985 7785 7986 0
7785 7786 7986 0
7986 7786 7987 0
7786 7787 7987 0
7987 7787 7988 0
7787 7788 7988 0
7988 7788 7989 0
7788 7789 7989 0
7989 7789 7990 0
7789 7790 7990 0
7990 7790 7991 0
7790 7791 7991 0
7991 7791 7992 0
7791 7792 7992 0
7992 7792 7993 0
7792 7793 7993 0
7993 7793 7994 0
7793 7794 7994 0
7994 7794 7995 0
7794 7795 7995 0
7995 7795 7996 0
7795 7796 7996 0
7996 7796 7997 0
7796 7797 7997 0
7997 7797 7998 0
7797 7798 7998 0
7998 7798 7999 0
7798 7799 7999 0
7999 7799 8000 0
7799 7800 8000 0
8000 7800 8001 0
7800 7801 8001 0
8001 7801 8002 0
7801 7802 8002 0
8002 7802 8003 0
7802 7803 8003 0
8003 7803 8004 0
7803 7804 8004 0
8004 7804 8005 0
7804 7805 8005 0
8005 7805 8006 0
7805 7806 8006 0
8006 7806 8007 0
7806 7807 8007 0
8007 7807 8008 0
7807 7808 8008 0
8008 7808 8009 0
7808 7809 8009 0
8009 7809 8010 0
7809 7810 8010 0
8010 7810 8011 0
7810 7811 8011 0
8011 7811 8012 0
7811 7812 8012 0
8012 7812 8013 0
7812 7813 8013 0
8013 7813 8014 0
7813 7814 8014 0
8014 7814 8015 0
7814 7815 8015 0
8015 7815 8016 0
7815 7816 8016 0
8016 7816 8017 0
7816 7817 8017 0
8017 7817 8018 0
7817 7818 8018 0
8018 7818 8019 0
7818 7819 8019 0
8019 7819 8020 0
7819 7820 8020 0
8020 7820 8021 0
7820 7821 8021 0
8021 7821 8022 0
7821 7822 8022 0
8022 7822 8023 0
7822 7823 8023 0
8023 7823 8024 0
7823 7824 8024 0
8024 7824 8025 0
7824 7825 8025 0
8025 7825 8026 0
7825 7826 8026 0
8026 7826 8027 0
7826 7827 8027 0
8027 7827 8028 0
7827 7828 8028 0
8028 7828 8029 0
7828 7829 8029 0
8029 7829 8030 0
7829 7830 8030 0
8030 7830 8031 0
7830 7831 8031 0
8031 7831 8032 0
7831 7832 8032 0
8032 7832 8033 0
7832 7833 8033 0
8033 7833 8034 0
7833 7834 8034 0
8034 7834 8035 0
7834 7835 8035 0
8035 7835 8036 0
7835 7836 8036 0
8036 7836 8037 0
7836 7837 8037 0
8037 7837 8038 0
7837 7838 8038 0
8038 7838 8039 0
7838 7839 8039 0
8039 7839 8040 0
7840 7841 8041 0
8041 7841 8042 0
7841 7842 8042 0
8042 7842 8043 0
7842 7843 8043 0
8043 7843 8044 0
7843 7844 8044 0
8044 7844 8045 0
7844 7845 8045 0
8045 7845 8046 0
7845 7846 8046 0
8046 7846 8047 0
7846 7847 8047 0
8047 7847 8048 0
7847 7848 8048 0
8048 7848 8049 0
7848 7849 8049 0
8049 7849 8050 0
7849 7850 8050 0
8050 7850 8051 0
7850 7851 8051 0
8051 7851 8052 0
7851 7852 8052 0
8052 7852 8053 0
7852 7853 8053 0
8053 7853 8054 0
7853 7854 8054 0
8054 7854 8055 0
7854 7855 8055 0
8055 7855 8056 0
7855 7856 8056 0
8056 7856 8057 0
7856 7857 8057 0
8057 7857 8058 0
7857 7858 8058 0
8058 7858 8059 0
7858 7859 8059 0
8059 7859 8060 0
7859 7860 8060 0
8060 7860 8061 0
7860 7861 8061 0
8061 7861 8062 0
7861 7862 8062 0
8062 7862 8063 0
7862 7863 8063 0
8063 7863 8064 0
7863 7864 8064 0
8064 7864 8065 0
7864 7865 8065 0
8065 7865 8066 0
7865 7866 8066 0
8066 7866 8067 0
7866 7867 8067 0
8067 7867 8068 0
7867 7868 8068 0
8068 7868 8069 0
7868 7869 8069 0
8069 7869 8070 0
7869 7870 8070 0
8070 7870 8071 0
7870 7871 8071 0
8071 7871 8072 0
7871 7872 8072 0
8072 7872 8073 0
7872 7873 8073 0
8073 7873 8074 0
7873 7874 8074 0
8074 7874 8075 0
7874 7875 8075 0
8075 7875 8076 0
7875 7876 8076 0
8076 7876 8077 0
7876 7877 8077 0
8077 7877 8078 0
7877 7878 8078 0
8078 7878 8079 0
7878 7879 8079 0
8079 7879 8080 0
7879 7880 8080 0
8080 7880 8081 0
7880 7881 8081 0
8081 7881 8082 0
7881 7882 8082 0
8082 7882 8083 0
7882 7883 8083 0
8083 7883 8084 0
7883 7884 8084 0
8084 7884 8085 0
7884 7885 8085 0
8085 7885 8086 0
7885 7886 8086 0
8086 7886 8087 0
7886 7887 8087 0
8087 7887 8088 0
7887 7888 8088 0
8088 7888 8089 0
7888 7889 8089 0
8089 7889 8090 0
7889 7890 8090 0
8090 7890 8091 0
7890 7891 8091 0
8091 7891 8092 0
7891 7892 8092 0
8092 7892 8093 0
7892 7893 8093 0
8093 7893 8094 0
7893 7894 8094 0
8094 7894 8095 0
7894 7895 8095 0
8095 7895 8096 0
7895 7896 8096 0
8096 7896 8097 0
7896 7897 8097 0
8097 7897 8098 0
7897 7898 8098 0
8098 7898 8099 0
7898 7899 8099 0
8099 7899 8100 0
7899 7900 8100 0
8100 7900 8101 0
7900 7901 8101 0
8101 7901 8102 0
7901 7902 8102 0
8102 7902 8103 0
7902 7903 8103 0
8103 7903 8104 0
7903 7904 8104 0
8104 7904 8105 0
7904 7905 8105 0
8105 7905 8106 0
7905 7906 8106 0
8106 7906 8107 0
7906 7907 8107 0
8107 7907 8108 0
7907 7908 8108 0
8108 7908 8109 0
7908 7909 8109 0
8109 7909 8110 0
7909 7910 8110 0
8110 7910 8111 0
7910 7911 8111 0
8111 7911 8112 0
7911 7912 8112 0
8112 7912 8113 0
7912 7913 8113 0
8113 7913 8114 0
7913 7914 8114 0
8114 7914 8115 0
7914 7915 8115 0
8115 7915 8116 0
7915 7916 8116 0
8116 7916 8117 0
7916 7917 8117 0
8117 7917 8118 0
7917 7918 8118 0
8118 7918 8119 0
7918 7919 8119 0
8119 7919 8120 0
7919 7920 8120 0
8120 7920 8121 0
7920 7921 8121 0
8121 7921 8122 0
7921 7922 8122 0
8122 7922 8123 0
7922 7923 8123 0
8123 7923 8124 0
7923 7924 8124 0
8124 7924 8125 0
7924 7925 8125 0
8125 7925 8126 0
7925 7926 8126 0
8126 7926 8127 0
7926 7927 8127 0
8127 7927 8128 0
7927 7928 8128 0
8128 7928 8129 0
7928 7929 8129 0
8129 7929 8130 0
7929 7930 8130 0
8130 7930 8131 0
7930 7931 8131 0
8131 7931 8132 0
7931 7932 8132 0
8132 7932 8133 0
7932 7933 8133 0
8133 7933 8134 0
7933 7934 8134 0
8134 7934 8135 0
7934 7935 8135 0
8135 7935 8136 0
7935 7936 8136 0
8136 7936 8137 0
7936 7937 8137 0
8137 7937 8138 0
7937 7938 8138 0
8138 7938 8139 0
7938 7939 8139 0
8139 7939 8140 0
7939 7940 8140 0
8140 7940 8141 0
7940 7941 8141 0
8141 7941 8142 0
7941 7942 8142 0
8142 7942 8143 0
7942 7943 8143 0
8143 7943 8144 0
7943 7944 8144 0
8144 7944 8145 0
7944 7945 8145 0
8145 7945 8146 0
7945 7946 8146 0
8146 7946 8147 0
7946 7947 8147 0
8147 7947 8148 0
7947 7948 8148 0
8148 7948 8149 0
7948 7949 8149 0
8149 7949 8150 0
7949 7950 8150 0
8150 7950 8151 0
7950 7951 8151 0
8151 7951 8152 0
7951 7952 8152 0
8152 7952 8153 0
7952 7953 8153 0
8153 7953 8154 0
7953 7954 8154 0
8154 7954 8155 0
7954 7955 8155 0
8155 7955 8156 0
7955 7956 8156 0
8156 7956 8157 0
7956 7957 8157 0
8157 7957 8158 0
7957 7958 8158 0
8158 7958 8159 0
7958 7959 8159 0
8159 7959 8160 0
7959 7960 8160 0
8160 7960 8161 0
7960 7961 8161 0
8161 7961 8162 0
7961 7962 8162 0
8162 7962 8163 0
7962 7963 8163 0
8163 7963 8164 0
7963 7964 8164 0
8164 7964 8165 0
7964 7965 8165 0
8165 7965 8166 0
7965 7966 8166 0
8166 7966 8167 0
7966 7967 8167 0
8167 7967 8168 0
7967 7968 8168 0
8168 7968 8169 0
7968 7969 8169 0
8169 7969 8170 0
7969 7970 8170 0
8170 7970 8171 0
7970 7971 8171 0
8171 7971 8172 0
7971 7972 8172 0
8172 7972 8173 0
7972 7973 8173 0
8173 7973 8174 0
7973 7974 8174 0
8174 7974 8175 0
7974 7975 8175 0
8175 7975 8176 0
7975 7976 8176 0
8176 7976 8177 0
7976 7977 8177 0
8177 7977 8178 0
7977 7978 8178 0
8178 7978 8179 0
7978 7979 8179 0
8179 7979 8180 0
7979 7980 8180 0
8180 7980 8181 0
7980 7981 8181 0
8181 7981 8182 0
7981 7982 8182 0
8182 7982 8183 0
7982 7983 8183 0
8183 7983 8184 0
7983 7984 8184 0
8184 7984 8185 0
7984 7985 8185 0
8185 7985 8186 0
7985 7986 8186 0
8186 7986 8187 0
7986 7987 8187 0
8187 7987 8188 0
7987 7988 8188 0
8188 7988 8189 0
7988 7989 8189 0
8189 7989 8190 0
7989 7990 8190 0
8190 7990 8191 0
7990 7991 8191 0
8191 7991 8192 0
7991 7992 8192 0
8192 7992 8193 0
7992 7993 8193 0
8193 7993 8194 0
7993 7994 8194 0
8194 7994 8195 0
7994 7995 8195 0
8195 7995 8196 0
7995 7996 8196 0
8196 7996 8197 0
7996 7997 8197 0
8197 7997 8198 0
7997 7998 8198 0
8198 7998 8199 0
7998 7999 8199 0
8199 7999 8200 0
7999 8000 8200 0
8200 8000 8201 0
8000 8001 8201 0
8201 8001 8202 0
8001 8002 8202 0
8202 8002 8203 0
8002 8003 8203 0
8203 8003 8204 0
8003 8004 8204 0
8204 8004 8205 0
8004 8005 8205 0
8205 8005 8206 0
8005 8006 8206 0
8206 8006 8207 0
8006 8007 8207 0
8207 8007 8208 0
8007 8008 8208 0
8208 8008 8209 0
8008 8009 8209 0
8209 8009 8210 0
8009 8010 8210 0
8210 8010 8211 0
8010 8011 8211 0
8211 8011 8212 0
8011 8012 8212 0
8212 8012 8213 0
8012 8013 8213 0
8213 8013 8214 0
8013 8014 8214 0
8214 8014 8215 0
8014 8015 8215 0
8215 8015 8216 0
8015 8016 8216 0
8216 8016 8217 0
8016 8017 8217 0
8217 8017 8218 0
8017 8018 8218 0
8218 8018 8219 0
8018 8019 8219 0
8219 8019 8220 0
8019 8020 8220 0
8220 8020 8221 0
8020 8021 8221 0
8221 8021 8222 0
8021 8022 8222 0
8222 8022 8223 0
8022 8023 8223 0
8223 8023 8224 0
8023 8024 8224 0
8224 8024 8225 0
8024 8025 8225 0
8225 8025 8226 0
8025 8026 8226 0
8226 8026 8227 0
8026 8027 8227 0
8227 8027 8228 0
8027 8028 8228 0
8228 8028 8229 0
8028 8029 8229 0
8229 8029 8230 0
8029 8030 8230 0
8230 8030 8231 0
8030 8031 8231 0
8231 8031 8232 0
8031 8032 8232 0
8232 8032 8233 0
8032 8033 8233 0
8233 8033 8234 0
8033 8034 8234 0
8234 8034 8235 0
8034 8035 8235 0
8235 8035 8236 0
8035 8036 8236 0
8236 8036 8237 0
8036 8037 8237 0
8237 8037 8238 0
8037 8038 8238 0
8238 8038 8239 0
8038 8039 8239 0
8239 8039 8240 0
8039 8040 8240 0
8240 8040 8241 0
1 2 1
2 3 1
3 4 1
4 5 1
5 6 1
6 7 1
7 8 1
8 9 1
9 10 1
10 11 1
11 12 1
12 13 1
13 14 1
14 15 1
15 16 1
16 17 1
17 18 1
18 19 1
19 20 1
20 21 1
21 22 1
22 23 1
23 24 1
24 25 1
25 26 1
26 27 1
27 28 1
28 29 1
29 30 1
30 31 1
31 32 1
32 33 1
33 34 1
34 35 1
35 36 1
36 37 1
37 38 1
38 39 1
39 40 1
40 41 1
41 42 1
42 43 1
43 44 1
44 45 1
45 46 1
46 47 1
47 48 1
48 49 1
49 50 1
50 51 1
51 52 1
52 53 1
53 54 1
54 55 1
55 56 1
56 57 1
57 58 1
58 59 1
59 60 1
60 61 1
61 62 1
62 63 1
63 64 1
64 65 1
65 66 1
66 67 1
67 68 1
68 69 1
69 70 1
70 71 1
71 72 1
72 73 1
73 74 1
74 75 1
75 76 1
76 77 1
77 78 1
78 79 1
79 80 1
80 81 1
81 82 1
82 83 1
83 84 1
84 85 1
85 86 1
86 87 1
87 88 1
88 89 1
89 90 1
90 91 1
91 92 1
92 93 1
93 94 1
94 95 1
95 96 1
96 97 1
97 98 1
98 99 1
99 100 1
100 101 1
101 102 1
102 103 1
103 104 1
104 105 1
105 106 1
106 107 1
107 108 1
108 109 1
109 110 1
110 111 1
111 112 1
112 113 1
113 114 1
114 115 1
115 116 1
116 117 1
117 118 1
118 119 1
119 120 1
120 121 1
121 122 1
122 123 1
123 124 1
124 125 1
125 126 1
126 127 1
127 128 1
128 129 1
129 130 1
130 131 1
131 132 1
132 133 1
133 134 1
134 135 1
135 136 1
136 137 1
137 138 1
138 139 1
139 140 1
140 141 1
141 142 1
142 143 1
143 144 1
144 145 1
145 146 1
146 147 1
147 148 1
148 149 1
149 150 1
150 151 1
151 152 1
152 153 1
153 154 1
154 155 1
155 156 1
156 157 1
157 158 1
158 159 1
159 160 1
160 161 1
161 162 1
162 163 1
163 164 1
164 165 1
165 166 1
166 167 1
167 168 1
168 169 1
169 170 1
170 171 1
171 172 1
172 173 1
173 174 1
174 175 1
175 176 1
176 177 1
177 178 1
178 179 1
179 180 1
180 181 1
181 182 1
182 183 1
183 184 1
184 185 1
185 186 1
186 187 1
187 188 1
188 189 1
189 190 1
190 191 1
191 192 1
192 193 1
193 194 1
194 195 1
195 196 1
196 197 1
197 198 1
198 199 1
199 200 1
200 201 1
201 402 2
402 603 2
603 804 2
804 1005 2
1005 1206 2
1206 1407 2
1407 1608 2
1608 1809 2
1809 2010 2
2010 2211 2
2211 2412 2
2412 2613 2
2613 2814 2
2814 3015 2
3015 3216 2
3216 3417 2
3417 3618 2
3618 3819 2
3819 4020 2
4020 4221 2
4221 4422 2
4422 4623 2
4623 4824 2
4824 5025 2
5025 5226 2
5226 5427 2
5427 5628 2
5628 5829 2
5829 6030 2
6030 6231 2
6231 6432 2
6432 6633 2
6633 6834 2
6834 7035 2
7035 7236 2
7236 7437 2
7437 7638 2
7638 7839 2
7839 8040 2
8040 8241 2
8042 8041 3
8043 8042 3
8044 8043 3
8045 8044 3
8046 8045 3
8047 8046 3
8048 8047 3
8049 8048 3
8050 8049 3
8051 8050 3
8052 8051 3
8053 8052 3
8054 8053 3
8055 8054 3
8056 8055 3
8057 8056 3
8058 8057 3
8059 8058 3
8060 8059 3
8061 8060 3
8062 8061 3
8063 8062 3
8064 8063 3
8065 8064 3
8066 8065 3
8067 8066 3
8068 8067 3
8069 8068 3
8070 8069 3
8071 8070 3
8072 8071 3
8073 8072 3
8074 8073 3
8075 8074 3
8076 8075 3
8077 8076 3
8078 8077 3
8079 8078 3
8080 8079 3
8081 8080 3
8082 8081 3
8083 8082 3
8084 8083 3
8085 8084 3
8086 8085 3
8087 8086 3
8088 8087 3
8089 8088 3
8090 8089 3
8091 8090 3
8092 8091 3
8093 8092 3
8094 8093 3
8095 8094 3
8096 8095 3
8097 8096 3
8098 8097 3
8099 8098 3
8100 8099 3
8101 8100 3
8102 8101 3
8103 8102 3
8104 8103 3
8105 8104 3
8106 8105 3
8107 8106 3
8108 8107 3
8109 8108 3
8110 8109 3
8111 8110 3
8112 8111 3
8113 8112 3
8114 8113 3
8115 8114 3
8116 8115 3
8117 8116 3
8118 8117 3
8119 8118 3
8120 8119 3
8121 8120 3
8122 8121 3
8123 8122 3
8124 8123 3
8125 8124 3
8126 8125 3
8127 8126 3
8128 8127 3
8129 8128 3
8130 8129 3
8131 8130 3
8132 8131 3
8133 8132 3
8134 8133 3
8135 8134 3
8136 8135 3
8137 8136 3
8138 8137 3
8139 8138 3
8140 8139 3
8141 8140 3
8142 8141 3
8143 8142 3
8144 8143 3
8145 8144 3
8146 8145 3
8147 8146 3
8148 8147 3
8149 8148 3
8150 8149 3
8151 8150 3
8152 8151 3
8153 8152 3
8154 8153 3
8155 8154 3
8156 8155 3
8157 8156 3
8158 8157 3
8159 8158 3
8160 8159 3
8161 8160 3
8162 8161 3
8163 8162 3
8164 8163 3
8165 8164 3
8166 8165 3
8167 8166 3
8168 8167 3
8169 8168 3
8170 8169 3
8171 8170 3
8172 8171 3
8173 8172 3
8174 8173 3
8175 8174 3
8176 8175 3
8177 8176 3
8178 8177 3
8179 8178 3
8180 8179 3
8181 8180 3
8182 8181 3
8183 8182 3
8184 8183 3
8185 8184 3
8186 8185 3
8187 8186 3
8188 8187 3
8189 8188 3
8190 8189 3
8191 8190 3
8192 8191 3
8193 8192 3
8194 8193 3
8195 8194 3
8196 8195 3
8197 8196 3
8198 8197 3
8199 8198 3
8200 8199 3
8201 8200 3
8202 8201 3
8203 8202 3
8204 8203 3
8205 8204 3
8206 8205 3
8207 8206 3
8208 8207 3
8209 8208 3
8210 8209 3
8211 8210 3
8212 8211 3
8213 8212 3
8214 8213 3
8215 8214 3
8216 8215 3
8217 8216 3
8218 8217 3
8219 8218 3
8220 8219 3
8221 8220 3
8222 8221 3
8223 8222 3
8224 8223 3
8225 8224 3
8226 8225 3
8227 8226 3
8228 8227 3
8229 8228 3
8230 8229 3
8231 8230 3
8232 8231 3
8233 8232 3
8234 8233 3
8235 8234 3
8236 8235 3
8237 8236 3
8238 8237 3
8239 8238 3
8240 8239 3
8241 8240 3
202 1 4
403 202 4
604 403 4
805 604 4
1006 805 4
1207 1006 4
1408 1207 4
1609 1408 4
1810 1609 4
2011 1810 4
2212 2011 4
2413 2212 4
2614 2413 4
2815 2614 4
3016 2815 4
3217 3016 4
3418 3217 4
3619 3418 4
3820 3619 4
4021 3820 4
4222 4021 4
4423 4222 4
4624 4423 4
4825 4624 4
5026 4825 4
5227 5026 4
5428 5227 4
5629 5428 4
5830 5629 4
6031 5830 4
6232 6031 4
6433 6232 4
6634 6433 4
6835 6634 4
7036 6835 4
7237 7036 4
7438 7237 4
7639 7438 4
7840 7639 4
8041 7840 4
