8181 16000 360
0 0 4
0.000246719817134 0 1
0.000986635785864 0 1
0.00221901769846 0 1
0.00394264934276 0 1
0.00615582970243 0 1
0.00885637463566 0 1
0.0120416190306 0 1
0.0157084194357 0 1
0.0198531571615 0 1
0.0244717418524 0 1
0.0295596155229 0 1
0.0351117570559 0 1
0.041122687158 0 1
0.047586473767 0 1
0.0544967379058 0 1
0.0618466599781 0 1
0.069628986498 0 1
0.077836037249 0 1
0.0864597128627 0 1
0.0954915028125 0 1
0.104922493812 0 1
0.114743378612 0 1
0.124944465185 0 1
0.135515686289 0 1
0.146446609407 0 1
0.157726447036 0 1
0.169344067338 0 1
0.181288005126 0 1
0.193546473174 0 1
0.206107373854 0 1
0.218958311074 0 1
0.232086602511 0 1
0.245479292125 0 1
0.259123162949 0 1
0.27300475013 0 1
0.287110354217 0 1
0.301426054683 0 1
0.315937723658 0 1
0.330631039877 0 1
0.345491502813 0 1
0.36050444698 0 1
0.375655056418 0 1
0.390928379302 0 1
0.406309342707 0 1
0.42178276748 0 1
0.437333383218 0 1
0.452945843341 0 1
0.468604740235 0 1
0.484294620461 0 1
0.5 0 1
0.515705379539 0 1
0.531395259765 0 1
0.547054156659 0 1
0.562666616782 0 1
0.57821723252 0 1
0.593690657293 0 1
0.609071620698 0 1
0.624344943582 0 1
0.63949555302 0 1
0.654508497187 0 1
0.669368960123 0 1
0.684062276342 0 1
0.698573945317 0 1
0.712889645783 0 1
0.72699524987 0 1
0.740876837051 0 1
0.754520707875 0 1
0.767913397489 0 1
0.781041688926 0 1
0.793892626146 0 1
0.806453526826 0 1
0.818711994874 0 1
0.830655932662 0 1
0.842273552964 0 1
0.853553390593 0 1
0.864484313711 0 1
0.875055534815 0 1
0.885256621388 0 1
0.895077506188 0 1
0.904508497187 0 1
0.913540287137 0 1
0.922163962751 0 1
0.930371013502 0 1
0.938153340022 0 1
0.945503262094 0 1
0.952413526233 0 1
0.958877312842 0 1
0.964888242944 0 1
0.970440384477 0 1
0.975528258148 0 1
0.980146842838 0 1
0.984291580564 0 1
0.987958380969 0 1
0.991143625364 0 1
0.993844170298 0 1
0.996057350657 0 1
0.997780982302 0 1
0.999013364214 0 1
0.999753280183 0 1
1 0 2
0 0.000385481879639 4
0.000246719817134 0.000385481879639 0
0.000986635785864 0.000385481879639 0
0.00221901769846 0.000385481879639 0
0.00394264934276 0.000385481879639 0
0.00615582970243 0.000385481879639 0
0.00885637463566 0.000385481879639 0
0.0120416190306 0.000385481879639 0
0.0157084194357 0.000385481879639 0
0.0198531571615 0.000385481879639 0
0.0244717418524 0.000385481879639 0
0.0295596155229 0.000385481879639 0
0.0351117570559 0.000385481879639 0
0.041122687158 0.000385481879639 0
0.047586473767 0.000385481879639 0
0.0544967379058 0.000385481879639 0
0.0618466599781 0.000385481879639 0
0.069628986498 0.000385481879639 0
0.077836037249 0.000385481879639 0
0.0864597128627 0.000385481879639 0
0.0954915028125 0.000385481879639 0
0.104922493812 0.000385481879639 0
0.114743378612 0.000385481879639 0
0.124944465185 0.000385481879639 0
0.135515686289 0.000385481879639 0
0.146446609407 0.000385481879639 0
0.157726447036 0.000385481879639 0
0.169344067338 0.000385481879639 0
0.181288005126 0.000385481879639 0
0.193546473174 0.000385481879639 0
0.206107373854 0.000385481879639 0
0.218958311074 0.000385481879639 0
0.232086602511 0.000385481879639 0
0.245479292125 0.000385481879639 0
0.259123162949 0.000385481879639 0
0.27300475013 0.000385481879639 0
0.287110354217 0.000385481879639 0
0.301426054683 0.000385481879639 0
0.315937723658 0.000385481879639 0
0.330631039877 0.000385481879639 0
0.345491502813 0.000385481879639 0
0.36050444698 0.000385481879639 0
0.375655056418 0.000385481879639 0
0.390928379302 0.000385481879639 0
0.406309342707 0.000385481879639 0
0.42178276748 0.000385481879639 0
0.437333383218 0.000385481879639 0
0.452945843341 0.000385481879639 0
0.468604740235 0.000385481879639 0
0.484294620461 0.000385481879639 0
0.5 0.000385481879639 0
0.515705379539 0.000385481879639 0
0.531395259765 0.000385481879639 0
0.547054156659 0.000385481879639 0
0.562666616782 0.000385481879639 0
0.57821723252 0.000385481879639 0
0.593690657293 0.000385481879639 0
0.609071620698 0.000385481879639 0
0.624344943582 0.000385481879639 0
0.63949555302 0.000385481879639 0
0.654508497187 0.000385481879639 0
0.669368960123 0.000385481879639 0
0.684062276342 0.000385481879639 0
0.698573945317 0.000385481879639 0
0.712889645783 0.000385481879639 0
0.72699524987 0.000385481879639 0
0.740876837051 0.000385481879639 0
0.754520707875 0.000385481879639 0
0.767913397489 0.000385481879639 0
0.781041688926 0.000385481879639 0
0.793892626146 0.000385481879639 0
0.806453526826 0.000385481879639 0
0.818711994874 0.000385481879639 0
0.830655932662 0.000385481879639 0
0.842273552964 0.000385481879639 0
0.853553390593 0.000385481879639 0
0.864484313711 0.000385481879639 0
0.875055534815 0.000385481879639 0
0.885256621388 0.000385481879639 0
0.895077506188 0.000385481879639 0
0.904508497187 0.000385481879639 0
0.913540287137 0.000385481879639 0
0.922163962751 0.000385481879639 0
0.930371013502 0.000385481879639 0
0.938153340022 0.000385481879639 0
0.945503262094 0.000385481879639 0
0.952413526233 0.000385481879639 0
0.958877312842 0.000385481879639 0
0.964888242944 0.000385481879639 0
0.970440384477 0.000385481879639 0
0.975528258148 0.000385481879639 0
0.980146842838 0.000385481879639 0
0.984291580564 0.000385481879639 0
0.987958380969 0.000385481879639 0
0.991143625364 0.000385481879639 0
0.993844170298 0.000385481879639 0
0.996057350657 0.000385481879639 0
0.997780982302 0.000385481879639 0
0.999013364214 0.000385481879639 0
0.999753280183 0.000385481879639 0
1 0.000385481879639 2
0 0.00154133313344 4
0.000246719817134 0.00154133313344 0
0.000986635785864 0.00154133313344 0
0.00221901769846 0.00154133313344 0
0.00394264934276 0.00154133313344 0
0.00615582970243 0.00154133313344 0
0.00885637463566 0.00154133313344 0
0.0120416190306 0.00154133313344 0
0.0157084194357 0.00154133313344 0
0.0198531571615 0.00154133313344 0
0.0244717418524 0.00154133313344 0
0.0295596155229 0.00154133313344 0
0.0351117570559 0.00154133313344 0
0.041122687158 0.00154133313344 0
0.047586473767 0.00154133313344 0
0.0544967379058 0.00154133313344 0
0.0618466599781 0.00154133313344 0
0.069628986498 0.00154133313344 0
0.077836037249 0.00154133313344 0
0.0864597128627 0.00154133313344 0
0.0954915028125 0.00154133313344 0
0.104922493812 0.00154133313344 0
0.114743378612 0.00154133313344 0
0.124944465185 0.00154133313344 0
0.135515686289 0.00154133313344 0
0.146446609407 0.00154133313344 0
0.157726447036 0.00154133313344 0
0.169344067338 0.00154133313344 0
0.181288005126 0.00154133313344 0
0.193546473174 0.00154133313344 0
0.206107373854 0.00154133313344 0
0.218958311074 0.00154133313344 0
0.232086602511 0.00154133313344 0
0.245479292125 0.00154133313344 0
0.259123162949 0.00154133313344 0
0.27300475013 0.00154133313344 0
0.287110354217 0.00154133313344 0
0.301426054683 0.00154133313344 0
0.315937723658 0.00154133313344 0
0.330631039877 0.00154133313344 0
0.345491502813 0.00154133313344 0
0.36050444698 0.00154133313344 0
0.375655056418 0.00154133313344 0
0.390928379302 0.00154133313344 0
0.406309342707 0.00154133313344 0
0.42178276748 0.00154133313344 0
0.437333383218 0.00154133313344 0
0.452945843341 0.00154133313344 0
0.468604740235 0.00154133313344 0
0.484294620461 0.00154133313344 0
0.5 0.00154133313344 0
0.515705379539 0.00154133313344 0
0.531395259765 0.00154133313344 0
0.547054156659 0.00154133313344 0
0.562666616782 0.00154133313344 0
0.57821723252 0.00154133313344 0
0.593690657293 0.00154133313344 0
0.609071620698 0.00154133313344 0
0.624344943582 0.00154133313344 0
0.63949555302 0.00154133313344 0
0.654508497187 0.00154133313344 0
0.669368960123 0.00154133313344 0
0.684062276342 0.00154133313344 0
0.698573945317 0.00154133313344 0
0.712889645783 0.00154133313344 0
0.72699524987 0.00154133313344 0
0.740876837051 0.00154133313344 0
0.754520707875 0.00154133313344 0
0.767913397489 0.00154133313344 0
0.781041688926 0.00154133313344 0
0.793892626146 0.00154133313344 0
0.806453526826 0.00154133313344 0
0.818711994874 0.00154133313344 0
0.830655932662 0.00154133313344 0
0.842273552964 0.00154133313344 0
0.853553390593 0.00154133313344 0
0.864484313711 0.00154133313344 0
0.875055534815 0.00154133313344 0
0.885256621388 0.00154133313344 0
0.895077506188 0.00154133313344 0
0.904508497187 0.00154133313344 0
0.913540287137 0.00154133313344 0
0.922163962751 0.00154133313344 0
0.930371013502 0.00154133313344 0
0.938153340022 0.00154133313344 0
0.945503262094 0.00154133313344 0
0.952413526233 0.00154133313344 0
0.958877312842 0.00154133313344 0
0.964888242944 0.00154133313344 0
0.970440384477 0.00154133313344 0
0.975528258148 0.00154133313344 0
0.980146842838 0.00154133313344 0
0.984291580564 0.00154133313344 0
0.987958380969 0.00154133313344 0
0.991143625364 0.00154133313344 0
0.993844170298 0.00154133313344 0
0.996057350657 0.00154133313344 0
0.997780982302 0.00154133313344 0
0.999013364214 0.00154133313344 0
0.999753280183 0.00154133313344 0
1 0.00154133313344 2
0 0.00346577152254 4
0.000246719817134 0.00346577152254 0
0.000986635785864 0.00346577152254 0
0.00221901769846 0.00346577152254 0
0.00394264934276 0.00346577152254 0
0.00615582970243 0.00346577152254 0
0.00885637463566 0.00346577152254 0
0.0120416190306 0.00346577152254 0
0.0157084194357 0.00346577152254 0
0.0198531571615 0.00346577152254 0
0.0244717418524 0.00346577152254 0
0.0295596155229 0.00346577152254 0
0.0351117570559 0.00346577152254 0
0.041122687158 0.00346577152254 0
0.047586473767 0.00346577152254 0
0.0544967379058 0.00346577152254 0
0.0618466599781 0.00346577152254 0
0.069628986498 0.00346577152254 0
0.077836037249 0.00346577152254 0
0.0864597128627 0.00346577152254 0
0.0954915028125 0.00346577152254 0
0.104922493812 0.00346577152254 0
0.114743378612 0.00346577152254 0
0.124944465185 0.00346577152254 0
0.135515686289 0.00346577152254 0
0.146446609407 0.00346577152254 0
0.157726447036 0.00346577152254 0
0.169344067338 0.00346577152254 0
0.181288005126 0.00346577152254 0
0.193546473174 0.00346577152254 0
0.206107373854 0.00346577152254 0
0.218958311074 0.00346577152254 0
0.232086602511 0.00346577152254 0
0.245479292125 0.00346577152254 0
0.259123162949 0.00346577152254 0
0.27300475013 0.00346577152254 0
0.287110354217 0.00346577152254 0
0.301426054683 0.00346577152254 0
0.315937723658 0.00346577152254 0
0.330631039877 0.00346577152254 0
0.345491502813 0.00346577152254 0
0.36050444698 0.00346577152254 0
0.375655056418 0.00346577152254 0
0.390928379302 0.00346577152254 0
0.406309342707 0.00346577152254 0
0.42178276748 0.00346577152254 0
0.437333383218 0.00346577152254 0
0.452945843341 0.00346577152254 0
0.468604740235 0.00346577152254 0
0.484294620461 0.00346577152254 0
0.5 0.00346577152254 0
0.515705379539 0.00346577152254 0
0.531395259765 0.00346577152254 0
0.547054156659 0.00346577152254 0
0.562666616782 0.00346577152254 0
0.57821723252 0.00346577152254 0
0.593690657293 0.00346577152254 0
0.609071620698 0.00346577152254 0
0.624344943582 0.00346577152254 0
0.63949555302 0.00346577152254 0
0.654508497187 0.00346577152254 0
0.669368960123 0.00346577152254 0
0.684062276342 0.00346577152254 0
0.698573945317 0.00346577152254 0
0.712889645783 0.00346577152254 0
0.72699524987 0.00346577152254 0
0.740876837051 0.00346577152254 0
0.754520707875 0.00346577152254 0
0.767913397489 0.00346577152254 0
0.781041688926 0.00346577152254 0
0.793892626146 0.00346577152254 0
0.806453526826 0.00346577152254 0
0.818711994874 0.00346577152254 0
0.830655932662 0.00346577152254 0
0.842273552964 0.00346577152254 0
0.853553390593 0.00346577152254 0
0.864484313711 0.00346577152254 0
0.875055534815 0.00346577152254 0
0.885256621388 0.00346577152254 0
0.895077506188 0.00346577152254 0
0.904508497187 0.00346577152254 0
0.913540287137 0.00346577152254 0
0.922163962751 0.00346577152254 0
0.930371013502 0.00346577152254 0
0.938153340022 0.00346577152254 0
0.945503262094 0.00346577152254 0
0.952413526233 0.00346577152254 0
0.958877312842 0.00346577152254 0
0.964888242944 0.00346577152254 0
0.970440384477 0.00346577152254 0
0.975528258148 0.00346577152254 0
0.980146842838 0.00346577152254 0
0.984291580564 0.00346577152254 0
0.987958380969 0.00346577152254 0
0.991143625364 0.00346577152254 0
0.993844170298 0.00346577152254 0
0.996057350657 0.00346577152254 0
0.997780982302 0.00346577152254 0
0.999013364214 0.00346577152254 0
0.999753280183 0.00346577152254 0
1 0.00346577152254 2
0 0.00615582970243 4
0.000246719817134 0.00615582970243 0
0.000986635785864 0.00615582970243 0
0.00221901769846 0.00615582970243 0
0.00394264934276 0.00615582970243 0
0.00615582970243 0.00615582970243 0
0.00885637463566 0.00615582970243 0
0.0120416190306 0.00615582970243 0
0.0157084194357 0.00615582970243 0
0.0198531571615 0.00615582970243 0
0.0244717418524 0.00615582970243 0
0.0295596155229 0.00615582970243 0
0.0351117570559 0.00615582970243 0
0.041122687158 0.00615582970243 0
0.047586473767 0.00615582970243 0
0.0544967379058 0.00615582970243 0
0.0618466599781 0.00615582970243 0
0.069628986498 0.00615582970243 0
0.077836037249 0.00615582970243 0
0.0864597128627 0.00615582970243 0
0.0954915028125 0.00615582970243 0
0.104922493812 0.00615582970243 0
0.114743378612 0.00615582970243 0
0.124944465185 0.00615582970243 0
0.135515686289 0.00615582970243 0
0.146446609407 0.00615582970243 0
0.157726447036 0.00615582970243 0
0.169344067338 0.00615582970243 0
0.181288005126 0.00615582970243 0
0.193546473174 0.00615582970243 0
0.206107373854 0.00615582970243 0
0.218958311074 0.00615582970243 0
0.232086602511 0.00615582970243 0
0.245479292125 0.00615582970243 0
0.259123162949 0.00615582970243 0
0.27300475013 0.00615582970243 0
0.287110354217 0.00615582970243 0
0.301426054683 0.00615582970243 0
0.315937723658 0.00615582970243 0
0.330631039877 0.00615582970243 0
0.345491502813 0.00615582970243 0
0.36050444698 0.00615582970243 0
0.375655056418 0.00615582970243 0
0.390928379302 0.00615582970243 0
0.406309342707 0.00615582970243 0
0.42178276748 0.00615582970243 0
0.437333383218 0.00615582970243 0
0.452945843341 0.00615582970243 0
0.468604740235 0.00615582970243 0
0.484294620461 0.00615582970243 0
0.5 0.00615582970243 0
0.515705379539 0.00615582970243 0
0.531395259765 0.00615582970243 0
0.547054156659 0.00615582970243 0
0.562666616782 0.00615582970243 0
0.57821723252 0.00615582970243 0
0.593690657293 0.00615582970243 0
0.609071620698 0.00615582970243 0
0.624344943582 0.00615582970243 0
0.63949555302 0.00615582970243 0
0.654508497187 0.00615582970243 0
0.669368960123 0.00615582970243 0
0.684062276342 0.00615582970243 0
0.698573945317 0.00615582970243 0
0.712889645783 0.00615582970243 0
0.72699524987 0.00615582970243 0
0.740876837051 0.00615582970243 0
0.754520707875 0.00615582970243 0
0.767913397489 0.00615582970243 0
0.781041688926 0.00615582970243 0
0.793892626146 0.00615582970243 0
0.806453526826 0.00615582970243 0
0.818711994874 0.00615582970243 0
0.830655932662 0.00615582970243 0
0.842273552964 0.00615582970243 0
0.853553390593 0.00615582970243 0
0.864484313711 0.00615582970243 0
0.875055534815 0.00615582970243 0
0.885256621388 0.00615582970243 0
0.895077506188 0.00615582970243 0
0.904508497187 0.00615582970243 0
0.913540287137 0.00615582970243 0
0.922163962751 0.00615582970243 0
0.930371013502 0.00615582970243 0
0.938153340022 0.00615582970243 0
0.945503262094 0.00615582970243 0
0.952413526233 0.00615582970243 0
0.958877312842 0.00615582970243 0
0.964888242944 0.00615582970243 0
0.970440384477 0.00615582970243 0
0.975528258148 0.00615582970243 0
0.980146842838 0.00615582970243 0
0.984291580564 0.00615582970243 0
0.987958380969 0.00615582970243 0
0.991143625364 0.00615582970243 0
0.993844170298 0.00615582970243 0
0.996057350657 0.00615582970243 0
0.997780982302 0.00615582970243 0
0.999013364214 0.00615582970243 0
0.999753280183 0.00615582970243 0
1 0.00615582970243 2
0 0.00960735979838 4
0.000246719817134 0.00960735979838 0
0.000986635785864 0.00960735979838 0
0.00221901769846 0.00960735979838 0
0.00394264934276 0.00960735979838 0
0.00615582970243 0.00960735979838 0
0.00885637463566 0.00960735979838 0
0.0120416190306 0.00960735979838 0
0.0157084194357 0.00960735979838 0
0.0198531571615 0.00960735979838 0
0.0244717418524 0.00960735979838 0
0.0295596155229 0.00960735979838 0
0.0351117570559 0.00960735979838 0
0.041122687158 0.00960735979838 0
0.047586473767 0.00960735979838 0
0.0544967379058 0.00960735979838 0
0.0618466599781 0.00960735979838 0
0.069628986498 0.00960735979838 0
0.077836037249 0.00960735979838 0
0.0864597128627 0.00960735979838 0
0.0954915028125 0.00960735979838 0
0.104922493812 0.00960735979838 0
0.114743378612 0.00960735979838 0
0.124944465185 0.00960735979838 0
0.135515686289 0.00960735979838 0
0.146446609407 0.00960735979838 0
0.157726447036 0.00960735979838 0
0.169344067338 0.00960735979838 0
0.181288005126 0.00960735979838 0
0.193546473174 0.00960735979838 0
0.206107373854 0.00960735979838 0
0.218958311074 0.00960735979838 0
0.232086602511 0.00960735979838 0
0.245479292125 0.00960735979838 0
0.259123162949 0.00960735979838 0
0.27300475013 0.00960735979838 0
0.287110354217 0.00960735979838 0
0.301426054683 0.00960735979838 0
0.315937723658 0.00960735979838 0
0.330631039877 0.00960735979838 0
0.345491502813 0.00960735979838 0
0.36050444698 0.00960735979838 0
0.375655056418 0.00960735979838 0
0.390928379302 0.00960735979838 0
0.406309342707 0.00960735979838 0
0.42178276748 0.00960735979838 0
0.437333383218 0.00960735979838 0
0.452945843341 0.00960735979838 0
0.468604740235 0.00960735979838 0
0.484294620461 0.00960735979838 0
0.5 0.00960735979838 0
0.515705379539 0.00960735979838 0
0.531395259765 0.00960735979838 0
0.547054156659 0.00960735979838 0
0.562666616782 0.00960735979838 0
0.57821723252 0.00960735979838 0
0.593690657293 0.00960735979838 0
0.609071620698 0.00960735979838 0
0.624344943582 0.00960735979838 0
0.63949555302 0.00960735979838 0
0.654508497187 0.00960735979838 0
0.669368960123 0.00960735979838 0
0.684062276342 0.00960735979838 0
0.698573945317 0.00960735979838 0
0.712889645783 0.00960735979838 0
0.72699524987 0.00960735979838 0
0.740876837051 0.00960735979838 0
0.754520707875 0.00960735979838 0
0.767913397489 0.00960735979838 0
0.781041688926 0.00960735979838 0
0.793892626146 0.00960735979838 0
0.806453526826 0.00960735979838 0
0.818711994874 0.00960735979838 0
0.830655932662 0.00960735979838 0
0.842273552964 0.00960735979838 0
0.853553390593 0.00960735979838 0
0.864484313711 0.00960735979838 0
0.875055534815 0.00960735979838 0
0.885256621388 0.00960735979838 0
0.895077506188 0.00960735979838 0
0.904508497187 0.00960735979838 0
0.913540287137 0.00960735979838 0
0.922163962751 0.00960735979838 0
0.930371013502 0.00960735979838 0
0.938153340022 0.00960735979838 0
0.945503262094 0.00960735979838 0
0.952413526233 0.00960735979838 0
0.958877312842 0.00960735979838 0
0.964888242944 0.00960735979838 0
0.970440384477 0.00960735979838 0
0.975528258148 0.00960735979838 0
0.980146842838 0.00960735979838 0
0.984291580564 0.00960735979838 0
0.987958380969 0.00960735979838 0
0.991143625364 0.00960735979838 0
0.993844170298 0.00960735979838 0
0.996057350657 0.00960735979838 0
0.997780982302 0.00960735979838 0
0.999013364214 0.00960735979838 0
0.999753280183 0.00960735979838 0
1 0.00960735979838 2
0 0.0138150398012 4
0.000246719817134 0.0138150398012 0
0.000986635785864 0.0138150398012 0
0.00221901769846 0.0138150398012 0
0.00394264934276 0.0138150398012 0
0.00615582970243 0.0138150398012 0
0.00885637463566 0.0138150398012 0
0.0120416190306 0.0138150398012 0
0.0157084194357 0.0138150398012 0
0.0198531571615 0.0138150398012 0
0.0244717418524 0.0138150398012 0
0.0295596155229 0.0138150398012 0
0.0351117570559 0.0138150398012 0
0.041122687158 0.0138150398012 0
0.047586473767 0.0138150398012 0
0.0544967379058 0.0138150398012 0
0.0618466599781 0.0138150398012 0
0.069628986498 0.0138150398012 0
0.077836037249 0.0138150398012 0
0.0864597128627 0.0138150398012 0
0.0954915028125 0.0138150398012 0
0.104922493812 0.0138150398012 0
0.114743378612 0.0138150398012 0
0.124944465185 0.0138150398012 0
0.135515686289 0.0138150398012 0
0.146446609407 0.0138150398012 0
0.157726447036 0.0138150398012 0
0.169344067338 0.0138150398012 0
0.181288005126 0.0138150398012 0
0.193546473174 0.0138150398012 0
0.206107373854 0.0138150398012 0
0.218958311074 0.0138150398012 0
0.232086602511 0.0138150398012 0
0.245479292125 0.0138150398012 0
0.259123162949 0.0138150398012 0
0.27300475013 0.0138150398012 0
0.287110354217 0.0138150398012 0
0.301426054683 0.0138150398012 0
0.315937723658 0.0138150398012 0
0.330631039877 0.0138150398012 0
0.345491502813 0.0138150398012 0
0.36050444698 0.0138150398012 0
0.375655056418 0.0138150398012 0
0.390928379302 0.0138150398012 0
0.406309342707 0.0138150398012 0
0.42178276748 0.0138150398012 0
0.437333383218 0.0138150398012 0
0.452945843341 0.0138150398012 0
0.468604740235 0.0138150398012 0
0.484294620461 0.0138150398012 0
0.5 0.0138150398012 0
0.515705379539 0.0138150398012 0
0.531395259765 0.0138150398012 0
0.547054156659 0.0138150398012 0
0.562666616782 0.0138150398012 0
0.57821723252 0.0138150398012 0
0.593690657293 0.0138150398012 0
0.609071620698 0.0138150398012 0
0.624344943582 0.0138150398012 0
0.63949555302 0.0138150398012 0
0.654508497187 0.0138150398012 0
0.669368960123 0.0138150398012 0
0.684062276342 0.0138150398012 0
0.698573945317 0.0138150398012 0
0.712889645783 0.0138150398012 0
0.72699524987 0.0138150398012 0
0.740876837051 0.0138150398012 0
0.754520707875 0.0138150398012 0
0.767913397489 0.0138150398012 0
0.781041688926 0.0138150398012 0
0.793892626146 0.0138150398012 0
0.806453526826 0.0138150398012 0
0.818711994874 0.0138150398012 0
0.830655932662 0.0138150398012 0
0.842273552964 0.0138150398012 0
0.853553390593 0.0138150398012 0
0.864484313711 0.0138150398012 0
0.875055534815 0.0138150398012 0
0.885256621388 0.0138150398012 0
0.895077506188 0.0138150398012 0
0.904508497187 0.0138150398012 0
0.913540287137 0.0138150398012 0
0.922163962751 0.0138150398012 0
0.930371013502 0.0138150398012 0
0.938153340022 0.0138150398012 0
0.945503262094 0.0138150398012 0
0.952413526233 0.0138150398012 0
0.958877312842 0.0138150398012 0
0.964888242944 0.0138150398012 0
0.970440384477 0.0138150398012 0
0.975528258148 0.0138150398012 0
0.980146842838 0.0138150398012 0
0.984291580564 0.0138150398012 0
0.987958380969 0.0138150398012 0
0.991143625364 0.0138150398012 0
0.993844170298 0.0138150398012 0
0.996057350657 0.0138150398012 0
0.997780982302 0.0138150398012 0
0.999013364214 0.0138150398012 0
0.999753280183 0.0138150398012 0
1 0.0138150398012 2
0 0.0187723817732 4
0.000246719817134 0.0187723817732 0
0.000986635785864 0.0187723817732 0
0.00221901769846 0.0187723817732 0
0.00394264934276 0.0187723817732 0
0.00615582970243 0.0187723817732 0
0.00885637463566 0.0187723817732 0
0.0120416190306 0.0187723817732 0
0.0157084194357 0.0187723817732 0
0.0198531571615 0.0187723817732 0
0.0244717418524 0.0187723817732 0
0.0295596155229 0.0187723817732 0
0.0351117570559 0.0187723817732 0
0.041122687158 0.0187723817732 0
0.047586473767 0.0187723817732 0
0.0544967379058 0.0187723817732 0
0.0618466599781 0.0187723817732 0
0.069628986498 0.0187723817732 0
0.077836037249 0.0187723817732 0
0.0864597128627 0.0187723817732 0
0.0954915028125 0.0187723817732 0
0.104922493812 0.0187723817732 0
0.114743378612 0.0187723817732 0
0.124944465185 0.0187723817732 0
0.135515686289 0.0187723817732 0
0.146446609407 0.0187723817732 0
0.157726447036 0.0187723817732 0
0.169344067338 0.0187723817732 0
0.181288005126 0.0187723817732 0
0.193546473174 0.0187723817732 0
0.206107373854 0.0187723817732 0
0.218958311074 0.0187723817732 0
0.232086602511 0.0187723817732 0
0.245479292125 0.0187723817732 0
0.259123162949 0.0187723817732 0
0.27300475013 0.0187723817732 0
0.287110354217 0.0187723817732 0
0.301426054683 0.0187723817732 0
0.315937723658 0.0187723817732 0
0.330631039877 0.0187723817732 0
0.345491502813 0.0187723817732 0
0.36050444698 0.0187723817732 0
0.375655056418 0.0187723817732 0
0.390928379302 0.0187723817732 0
0.406309342707 0.0187723817732 0
0.42178276748 0.0187723817732 0
0.437333383218 0.0187723817732 0
0.452945843341 0.0187723817732 0
0.468604740235 0.0187723817732 0
0.484294620461 0.0187723817732 0
0.5 0.0187723817732 0
0.515705379539 0.0187723817732 0
0.531395259765 0.0187723817732 0
0.547054156659 0.0187723817732 0
0.562666616782 0.0187723817732 0
0.57821723252 0.0187723817732 0
0.593690657293 0.0187723817732 0
0.609071620698 0.0187723817732 0
0.624344943582 0.0187723817732 0
0.63949555302 0.0187723817732 0
0.654508497187 0.0187723817732 0
0.669368960123 0.0187723817732 0
0.684062276342 0.0187723817732 0
0.698573945317 0.0187723817732 0
0.712889645783 0.0187723817732 0
0.72699524987 0.0187723817732 0
0.740876837051 0.0187723817732 0
0.754520707875 0.0187723817732 0
0.767913397489 0.0187723817732 0
0.781041688926 0.0187723817732 0
0.793892626146 0.0187723817732 0
0.806453526826 0.0187723817732 0
0.818711994874 0.0187723817732 0
0.830655932662 0.0187723817732 0
0.842273552964 0.0187723817732 0
0.853553390593 0.0187723817732 0
0.864484313711 0.0187723817732 0
0.875055534815 0.0187723817732 0
0.885256621388 0.0187723817732 0
0.895077506188 0.0187723817732 0
0.904508497187 0.0187723817732 0
0.913540287137 0.0187723817732 0
0.922163962751 0.0187723817732 0
0.930371013502 0.0187723817732 0
0.938153340022 0.0187723817732 0
0.945503262094 0.0187723817732 0
0.952413526233 0.0187723817732 0
0.958877312842 0.0187723817732 0
0.964888242944 0.0187723817732 0
0.970440384477 0.0187723817732 0
0.975528258148 0.0187723817732 0
0.980146842838 0.0187723817732 0
0.984291580564 0.0187723817732 0
0.987958380969 0.0187723817732 0
0.991143625364 0.0187723817732 0
0.993844170298 0.0187723817732 0
0.996057350657 0.0187723817732 0
0.997780982302 0.0187723817732 0
0.999013364214 0.0187723817732 0
0.999753280183 0.0187723817732 0
1 0.0187723817732 2
0 0.0244717418524 4
0.000246719817134 0.0244717418524 0
0.000986635785864 0.0244717418524 0
0.00221901769846 0.0244717418524 0
0.00394264934276 0.0244717418524 0
0.00615582970243 0.0244717418524 0
0.00885637463566 0.0244717418524 0
0.0120416190306 0.0244717418524 0
0.0157084194357 0.0244717418524 0
0.0198531571615 0.0244717418524 0
0.0244717418524 0.0244717418524 0
0.0295596155229 0.0244717418524 0
0.0351117570559 0.0244717418524 0
0.041122687158 0.0244717418524 0
0.047586473767 0.0244717418524 0
0.0544967379058 0.0244717418524 0
0.0618466599781 0.0244717418524 0
0.069628986498 0.0244717418524 0
0.077836037249 0.0244717418524 0
0.0864597128627 0.0244717418524 0
0.0954915028125 0.0244717418524 0
0.104922493812 0.0244717418524 0
0.114743378612 0.0244717418524 0
0.124944465185 0.0244717418524 0
0.135515686289 0.0244717418524 0
0.146446609407 0.0244717418524 0
0.157726447036 0.0244717418524 0
0.169344067338 0.0244717418524 0
0.181288005126 0.0244717418524 0
0.193546473174 0.0244717418524 0
0.206107373854 0.0244717418524 0
0.218958311074 0.0244717418524 0
0.232086602511 0.0244717418524 0
0.245479292125 0.0244717418524 0
0.259123162949 0.0244717418524 0
0.27300475013 0.0244717418524 0
0.287110354217 0.0244717418524 0
0.301426054683 0.0244717418524 0
0.315937723658 0.0244717418524 0
0.330631039877 0.0244717418524 0
0.345491502813 0.0244717418524 0
0.36050444698 0.0244717418524 0
0.375655056418 0.0244717418524 0
0.390928379302 0.0244717418524 0
0.406309342707 0.0244717418524 0
0.42178276748 0.0244717418524 0
0.437333383218 0.0244717418524 0
0.452945843341 0.0244717418524 0
0.468604740235 0.0244717418524 0
0.484294620461 0.0244717418524 0
0.5 0.0244717418524 0
0.515705379539 0.0244717418524 0
0.531395259765 0.0244717418524 0
0.547054156659 0.0244717418524 0
0.562666616782 0.0244717418524 0
0.57821723252 0.0244717418524 0
0.593690657293 0.0244717418524 0
0.609071620698 0.0244717418524 0
0.624344943582 0.0244717418524 0
0.63949555302 0.0244717418524 0
0.654508497187 0.0244717418524 0
0.669368960123 0.0244717418524 0
0.684062276342 0.0244717418524 0
0.698573945317 0.0244717418524 0
0.712889645783 0.0244717418524 0
0.72699524987 0.0244717418524 0
0.740876837051 0.0244717418524 0
0.754520707875 0.0244717418524 0
0.767913397489 0.0244717418524 0
0.781041688926 0.0244717418524 0
0.793892626146 0.0244717418524 0
0.806453526826 0.0244717418524 0
0.818711994874 0.0244717418524 0
0.830655932662 0.0244717418524 0
0.842273552964 0.0244717418524 0
0.853553390593 0.0244717418524 0
0.864484313711 0.0244717418524 0
0.875055534815 0.0244717418524 0
0.885256621388 0.0244717418524 0
0.895077506188 0.0244717418524 0
0.904508497187 0.0244717418524 0
0.913540287137 0.0244717418524 0
0.922163962751 0.0244717418524 0
0.930371013502 0.0244717418524 0
0.938153340022 0.0244717418524 0
0.945503262094 0.0244717418524 0
0.952413526233 0.0244717418524 0
0.958877312842 0.0244717418524 0
0.964888242944 0.0244717418524 0
0.970440384477 0.0244717418524 0
0.975528258148 0.0244717418524 0
0.980146842838 0.0244717418524 0
0.984291580564 0.0244717418524 0
0.987958380969 0.0244717418524 0
0.991143625364 0.0244717418524 0
0.993844170298 0.0244717418524 0
0.996057350657 0.0244717418524 0
0.997780982302 0.0244717418524 0
0.999013364214 0.0244717418524 0
0.999753280183 0.0244717418524 0
1 0.0244717418524 2
0 0.0309043320388 4
0.000246719817134 0.0309043320388 0
0.000986635785864 0.0309043320388 0
0.00221901769846 0.0309043320388 0
0.00394264934276 0.0309043320388 0
0.00615582970243 0.0309043320388 0
0.00885637463566 0.0309043320388 0
0.0120416190306 0.0309043320388 0
0.0157084194357 0.0309043320388 0
0.0198531571615 0.0309043320388 0
0.0244717418524 0.0309043320388 0
0.0295596155229 0.0309043320388 0
0.0351117570559 0.0309043320388 0
0.041122687158 0.0309043320388 0
0.047586473767 0.0309043320388 0
0.0544967379058 0.0309043320388 0
0.0618466599781 0.0309043320388 0
0.069628986498 0.0309043320388 0
0.077836037249 0.0309043320388 0
0.0864597128627 0.0309043320388 0
0.0954915028125 0.0309043320388 0
0.104922493812 0.0309043320388 0
0.114743378612 0.0309043320388 0
0.124944465185 0.0309043320388 0
0.135515686289 0.0309043320388 0
0.146446609407 0.0309043320388 0
0.157726447036 0.0309043320388 0
0.169344067338 0.0309043320388 0
0.181288005126 0.0309043320388 0
0.193546473174 0.0309043320388 0
0.206107373854 0.0309043320388 0
0.218958311074 0.0309043320388 0
0.232086602511 0.0309043320388 0
0.245479292125 0.0309043320388 0
0.259123162949 0.0309043320388 0
0.27300475013 0.0309043320388 0
0.287110354217 0.0309043320388 0
0.301426054683 0.0309043320388 0
0.315937723658 0.0309043320388 0
0.330631039877 0.0309043320388 0
0.345491502813 0.0309043320388 0
0.36050444698 0.0309043320388 0
0.375655056418 0.0309043320388 0
0.390928379302 0.0309043320388 0
0.406309342707 0.0309043320388 0
0.42178276748 0.0309043320388 0
0.437333383218 0.0309043320388 0
0.452945843341 0.0309043320388 0
0.468604740235 0.0309043320388 0
0.484294620461 0.0309043320388 0
0.5 0.0309043320388 0
0.515705379539 0.0309043320388 0
0.531395259765 0.0309043320388 0
0.547054156659 0.0309043320388 0
0.562666616782 0.0309043320388 0
0.57821723252 0.0309043320388 0
0.593690657293 0.0309043320388 0
0.609071620698 0.0309043320388 0
0.624344943582 0.0309043320388 0
0.63949555302 0.0309043320388 0
0.654508497187 0.0309043320388 0
0.669368960123 0.0309043320388 0
0.684062276342 0.0309043320388 0
0.698573945317 0.0309043320388 0
0.712889645783 0.0309043320388 0
0.72699524987 0.0309043320388 0
0.740876837051 0.0309043320388 0
0.754520707875 0.0309043320388 0
0.767913397489 0.0309043320388 0
0.781041688926 0.0309043320388 0
0.793892626146 0.0309043320388 0
0.806453526826 0.0309043320388 0
0.818711994874 0.0309043320388 0
0.830655932662 0.0309043320388 0
0.842273552964 0.0309043320388 0
0.853553390593 0.0309043320388 0
0.864484313711 0.0309043320388 0
0.875055534815 0.0309043320388 0
0.885256621388 0.0309043320388 0
0.895077506188 0.0309043320388 0
0.904508497187 0.0309043320388 0
0.913540287137 0.0309043320388 0
0.922163962751 0.0309043320388 0
0.930371013502 0.0309043320388 0
0.938153340022 0.0309043320388 0
0.945503262094 0.0309043320388 0
0.952413526233 0.0309043320388 0
0.958877312842 0.0309043320388 0
0.964888242944 0.0309043320388 0
0.970440384477 0.0309043320388 0
0.975528258148 0.0309043320388 0
0.980146842838 0.0309043320388 0
0.984291580564 0.0309043320388 0
0.987958380969 0.0309043320388 0
0.991143625364 0.0309043320388 0
0.993844170298 0.0309043320388 0
0.996057350657 0.0309043320388 0
0.997780982302 0.0309043320388 0
0.999013364214 0.0309043320388 0
0.999753280183 0.0309043320388 0
1 0.0309043320388 2
0 0.0380602337444 4
0.000246719817134 0.0380602337444 0
0.000986635785864 0.0380602337444 0
0.00221901769846 0.0380602337444 0
0.00394264934276 0.0380602337444 0
0.00615582970243 0.0380602337444 0
0.00885637463566 0.0380602337444 0
0.0120416190306 0.0380602337444 0
0.0157084194357 0.0380602337444 0
0.0198531571615 0.0380602337444 0
0.0244717418524 0.0380602337444 0
0.0295596155229 0.0380602337444 0
0.0351117570559 0.0380602337444 0
0.041122687158 0.0380602337444 0
0.047586473767 0.0380602337444 0
0.0544967379058 0.0380602337444 0
0.0618466599781 0.0380602337444 0
0.069628986498 0.0380602337444 0
0.077836037249 0.0380602337444 0
0.0864597128627 0.0380602337444 0
0.0954915028125 0.0380602337444 0
0.104922493812 0.0380602337444 0
0.114743378612 0.0380602337444 0
0.124944465185 0.0380602337444 0
0.135515686289 0.0380602337444 0
0.146446609407 0.0380602337444 0
0.157726447036 0.0380602337444 0
0.169344067338 0.0380602337444 0
0.181288005126 0.0380602337444 0
0.193546473174 0.0380602337444 0
0.206107373854 0.0380602337444 0
0.218958311074 0.0380602337444 0
0.232086602511 0.0380602337444 0
0.245479292125 0.0380602337444 0
0.259123162949 0.0380602337444 0
0.27300475013 0.0380602337444 0
0.287110354217 0.0380602337444 0
0.301426054683 0.0380602337444 0
0.315937723658 0.0380602337444 0
0.330631039877 0.0380602337444 0
0.345491502813 0.0380602337444 0
0.36050444698 0.0380602337444 0
0.375655056418 0.0380602337444 0
0.390928379302 0.0380602337444 0
0.406309342707 0.0380602337444 0
0.42178276748 0.0380602337444 0
0.437333383218 0.0380602337444 0
0.452945843341 0.0380602337444 0
0.468604740235 0.0380602337444 0
0.484294620461 0.0380602337444 0
0.5 0.0380602337444 0
0.515705379539 0.0380602337444 0
0.531395259765 0.0380602337444 0
0.547054156659 0.0380602337444 0
0.562666616782 0.0380602337444 0
0.57821723252 0.0380602337444 0
0.593690657293 0.0380602337444 0
0.609071620698 0.0380602337444 0
0.624344943582 0.0380602337444 0
0.63949555302 0.0380602337444 0
0.654508497187 0.0380602337444 0
0.669368960123 0.0380602337444 0
0.684062276342 0.0380602337444 0
0.698573945317 0.0380602337444 0
0.712889645783 0.0380602337444 0
0.72699524987 0.0380602337444 0
0.740876837051 0.0380602337444 0
0.754520707875 0.0380602337444 0
0.767913397489 0.0380602337444 0
0.781041688926 0.0380602337444 0
0.793892626146 0.0380602337444 0
0.806453526826 0.0380602337444 0
0.818711994874 0.0380602337444 0
0.830655932662 0.0380602337444 0
0.842273552964 0.0380602337444 0
0.853553390593 0.0380602337444 0
0.864484313711 0.0380602337444 0
0.875055534815 0.0380602337444 0
0.885256621388 0.0380602337444 0
0.895077506188 0.0380602337444 0
0.904508497187 0.0380602337444 0
0.913540287137 0.0380602337444 0
0.922163962751 0.0380602337444 0
0.930371013502 0.0380602337444 0
0.938153340022 0.0380602337444 0
0.945503262094 0.0380602337444 0
0.952413526233 0.0380602337444 0
0.958877312842 0.0380602337444 0
0.964888242944 0.0380602337444 0
0.970440384477 0.0380602337444 0
0.975528258148 0.0380602337444 0
0.980146842838 0.0380602337444 0
0.984291580564 0.0380602337444 0
0.987958380969 0.0380602337444 0
0.991143625364 0.0380602337444 0
0.993844170298 0.0380602337444 0
0.996057350657 0.0380602337444 0
0.997780982302 0.0380602337444 0
0.999013364214 0.0380602337444 0
0.999753280183 0.0380602337444 0
1 0.0380602337444 2
0 0.0459284130875 4
0.000246719817134 0.0459284130875 0
0.000986635785864 0.0459284130875 0
0.00221901769846 0.0459284130875 0
0.00394264934276 0.0459284130875 0
0.00615582970243 0.0459284130875 0
0.00885637463566 0.0459284130875 0
0.0120416190306 0.0459284130875 0
0.0157084194357 0.0459284130875 0
0.0198531571615 0.0459284130875 0
0.0244717418524 0.0459284130875 0
0.0295596155229 0.0459284130875 0
0.0351117570559 0.0459284130875 0
0.041122687158 0.0459284130875 0
0.047586473767 0.0459284130875 0
0.0544967379058 0.0459284130875 0
0.0618466599781 0.0459284130875 0
0.069628986498 0.0459284130875 0
0.077836037249 0.0459284130875 0
0.0864597128627 0.0459284130875 0
0.0954915028125 0.0459284130875 0
0.104922493812 0.0459284130875 0
0.114743378612 0.0459284130875 0
0.124944465185 0.0459284130875 0
0.135515686289 0.0459284130875 0
0.146446609407 0.0459284130875 0
0.157726447036 0.0459284130875 0
0.169344067338 0.0459284130875 0
0.181288005126 0.0459284130875 0
0.193546473174 0.0459284130875 0
0.206107373854 0.0459284130875 0
0.218958311074 0.0459284130875 0
0.232086602511 0.0459284130875 0
0.245479292125 0.0459284130875 0
0.259123162949 0.0459284130875 0
0.27300475013 0.0459284130875 0
0.287110354217 0.0459284130875 0
0.301426054683 0.0459284130875 0
0.315937723658 0.0459284130875 0
0.330631039877 0.0459284130875 0
0.345491502813 0.0459284130875 0
0.36050444698 0.0459284130875 0
0.375655056418 0.0459284130875 0
0.390928379302 0.0459284130875 0
0.406309342707 0.0459284130875 0
0.42178276748 0.0459284130875 0
0.437333383218 0.0459284130875 0
0.452945843341 0.0459284130875 0
0.468604740235 0.0459284130875 0
0.484294620461 0.0459284130875 0
0.5 0.0459284130875 0
0.515705379539 0.0459284130875 0
0.531395259765 0.0459284130875 0
0.547054156659 0.0459284130875 0
0.562666616782 0.0459284130875 0
0.57821723252 0.0459284130875 0
0.593690657293 0.0459284130875 0
0.609071620698 0.0459284130875 0
0.624344943582 0.0459284130875 0
0.63949555302 0.0459284130875 0
0.654508497187 0.0459284130875 0
0.669368960123 0.0459284130875 0
0.684062276342 0.0459284130875 0
0.698573945317 0.0459284130875 0
0.712889645783 0.0459284130875 0
0.72699524987 0.0459284130875 0
0.740876837051 0.0459284130875 0
0.754520707875 0.0459284130875 0
0.767913397489 0.0459284130875 0
0.781041688926 0.0459284130875 0
0.793892626146 0.0459284130875 0
0.806453526826 0.0459284130875 0
0.818711994874 0.0459284130875 0
0.830655932662 0.0459284130875 0
0.842273552964 0.0459284130875 0
0.853553390593 0.0459284130875 0
0.864484313711 0.0459284130875 0
0.875055534815 0.0459284130875 0
0.885256621388 0.0459284130875 0
0.895077506188 0.0459284130875 0
0.904508497187 0.0459284130875 0
0.913540287137 0.0459284130875 0
0.922163962751 0.0459284130875 0
0.930371013502 0.0459284130875 0
0.938153340022 0.0459284130875 0
0.945503262094 0.0459284130875 0
0.952413526233 0.0459284130875 0
0.958877312842 0.0459284130875 0
0.964888242944 0.0459284130875 0
0.970440384477 0.0459284130875 0
0.975528258148 0.0459284130875 0
0.980146842838 0.0459284130875 0
0.984291580564 0.0459284130875 0
0.987958380969 0.0459284130875 0
0.991143625364 0.0459284130875 0
0.993844170298 0.0459284130875 0
0.996057350657 0.0459284130875 0
0.997780982302 0.0459284130875 0
0.999013364214 0.0459284130875 0
0.999753280183 0.0459284130875 0
1 0.0459284130875 2
0 0.0544967379058 4
0.000246719817134 0.0544967379058 0
0.000986635785864 0.0544967379058 0
0.00221901769846 0.0544967379058 0
0.00394264934276 0.0544967379058 0
0.00615582970243 0.0544967379058 0
0.00885637463566 0.0544967379058 0
0.0120416190306 0.0544967379058 0
0.0157084194357 0.0544967379058 0
0.0198531571615 0.0544967379058 0
0.0244717418524 0.0544967379058 0
0.0295596155229 0.0544967379058 0
0.0351117570559 0.0544967379058 0
0.041122687158 0.0544967379058 0
0.047586473767 0.0544967379058 0
0.0544967379058 0.0544967379058 0
0.0618466599781 0.0544967379058 0
0.069628986498 0.0544967379058 0
0.077836037249 0.0544967379058 0
0.0864597128627 0.0544967379058 0
0.0954915028125 0.0544967379058 0
0.104922493812 0.0544967379058 0
0.114743378612 0.0544967379058 0
0.124944465185 0.0544967379058 0
0.135515686289 0.0544967379058 0
0.146446609407 0.0544967379058 0
0.157726447036 0.0544967379058 0
0.169344067338 0.0544967379058 0
0.181288005126 0.0544967379058 0
0.193546473174 0.0544967379058 0
0.206107373854 0.0544967379058 0
0.218958311074 0.0544967379058 0
0.232086602511 0.0544967379058 0
0.245479292125 0.0544967379058 0
0.259123162949 0.0544967379058 0
0.27300475013 0.0544967379058 0
0.287110354217 0.0544967379058 0
0.301426054683 0.0544967379058 0
0.315937723658 0.0544967379058 0
0.330631039877 0.0544967379058 0
0.345491502813 0.0544967379058 0
0.36050444698 0.0544967379058 0
0.375655056418 0.0544967379058 0
0.390928379302 0.0544967379058 0
0.406309342707 0.0544967379058 0
0.42178276748 0.0544967379058 0
0.437333383218 0.0544967379058 0
0.452945843341 0.0544967379058 0
0.468604740235 0.0544967379058 0
0.484294620461 0.0544967379058 0
0.5 0.0544967379058 0
0.515705379539 0.0544967379058 0
0.531395259765 0.0544967379058 0
0.547054156659 0.0544967379058 0
0.562666616782 0.0544967379058 0
0.57821723252 0.0544967379058 0
0.593690657293 0.0544967379058 0
0.609071620698 0.0544967379058 0
0.624344943582 0.0544967379058 0
0.63949555302 0.0544967379058 0
0.654508497187 0.0544967379058 0
0.669368960123 0.0544967379058 0
0.684062276342 0.0544967379058 0
0.698573945317 0.0544967379058 0
0.712889645783 0.0544967379058 0
0.72699524987 0.0544967379058 0
0.740876837051 0.0544967379058 0
0.754520707875 0.0544967379058 0
0.767913397489 0.0544967379058 0
0.781041688926 0.0544967379058 0
0.793892626146 0.0544967379058 0
0.806453526826 0.0544967379058 0
0.818711994874 0.0544967379058 0
0.830655932662 0.0544967379058 0
0.842273552964 0.0544967379058 0
0.853553390593 0.0544967379058 0
0.864484313711 0.0544967379058 0
0.875055534815 0.0544967379058 0
0.885256621388 0.0544967379058 0
0.895077506188 0.0544967379058 0
0.904508497187 0.0544967379058 0
0.913540287137 0.0544967379058 0
0.922163962751 0.0544967379058 0
0.930371013502 0.0544967379058 0
0.938153340022 0.0544967379058 0
0.945503262094 0.0544967379058 0
0.952413526233 0.0544967379058 0
0.958877312842 0.0544967379058 0
0.964888242944 0.0544967379058 0
0.970440384477 0.0544967379058 0
0.975528258148 0.0544967379058 0
0.980146842838 0.0544967379058 0
0.984291580564 0.0544967379058 0
0.987958380969 0.0544967379058 0
0.991143625364 0.0544967379058 0
0.993844170298 0.0544967379058 0
0.996057350657 0.0544967379058 0
0.997780982302 0.0544967379058 0
0.999013364214 0.0544967379058 0
0.999753280183 0.0544967379058 0
1 0.0544967379058 2
0 0.0637519964636 4
0.000246719817134 0.0637519964636 0
0.000986635785864 0.0637519964636 0
0.00221901769846 0.0637519964636 0
0.00394264934276 0.0637519964636 0
0.00615582970243 0.0637519964636 0
0.00885637463566 0.0637519964636 0
0.0120416190306 0.0637519964636 0
0.0157084194357 0.0637519964636 0
0.0198531571615 0.0637519964636 0
0.0244717418524 0.0637519964636 0
0.0295596155229 0.0637519964636 0
0.0351117570559 0.0637519964636 0
0.041122687158 0.0637519964636 0
0.047586473767 0.0637519964636 0
0.0544967379058 0.0637519964636 0
0.0618466599781 0.0637519964636 0
0.069628986498 0.0637519964636 0
0.077836037249 0.0637519964636 0
0.0864597128627 0.0637519964636 0
0.0954915028125 0.0637519964636 0
0.104922493812 0.0637519964636 0
0.114743378612 0.0637519964636 0
0.124944465185 0.0637519964636 0
0.135515686289 0.0637519964636 0
0.146446609407 0.0637519964636 0
0.157726447036 0.0637519964636 0
0.169344067338 0.0637519964636 0
0.181288005126 0.0637519964636 0
0.193546473174 0.0637519964636 0
0.206107373854 0.0637519964636 0
0.218958311074 0.0637519964636 0
0.232086602511 0.0637519964636 0
0.245479292125 0.0637519964636 0
0.259123162949 0.0637519964636 0
0.27300475013 0.0637519964636 0
0.287110354217 0.0637519964636 0
0.301426054683 0.0637519964636 0
0.315937723658 0.0637519964636 0
0.330631039877 0.0637519964636 0
0.345491502813 0.0637519964636 0
0.36050444698 0.0637519964636 0
0.375655056418 0.0637519964636 0
0.390928379302 0.0637519964636 0
0.406309342707 0.0637519964636 0
0.42178276748 0.0637519964636 0
0.437333383218 0.0637519964636 0
0.452945843341 0.0637519964636 0
0.468604740235 0.0637519964636 0
0.484294620461 0.0637519964636 0
0.5 0.0637519964636 0
0.515705379539 0.0637519964636 0
0.531395259765 0.0637519964636 0
0.547054156659 0.0637519964636 0
0.562666616782 0.0637519964636 0
0.57821723252 0.0637519964636 0
0.593690657293 0.0637519964636 0
0.609071620698 0.0637519964636 0
0.624344943582 0.0637519964636 0
0.63949555302 0.0637519964636 0
0.654508497187 0.0637519964636 0
0.669368960123 0.0637519964636 0
0.684062276342 0.0637519964636 0
0.698573945317 0.0637519964636 0
0.712889645783 0.0637519964636 0
0.72699524987 0.0637519964636 0
0.740876837051 0.0637519964636 0
0.754520707875 0.0637519964636 0
0.767913397489 0.0637519964636 0
0.781041688926 0.0637519964636 0
0.793892626146 0.0637519964636 0
0.806453526826 0.0637519964636 0
0.818711994874 0.0637519964636 0
0.830655932662 0.0637519964636 0
0.842273552964 0.0637519964636 0
0.853553390593 0.0637519964636 0
0.864484313711 0.0637519964636 0
0.875055534815 0.0637519964636 0
0.885256621388 0.0637519964636 0
0.895077506188 0.0637519964636 0
0.904508497187 0.0637519964636 0
0.913540287137 0.0637519964636 0
0.922163962751 0.0637519964636 0
0.930371013502 0.0637519964636 0
0.938153340022 0.0637519964636 0
0.945503262094 0.0637519964636 0
0.952413526233 0.0637519964636 0
0.958877312842 0.0637519964636 0
0.964888242944 0.0637519964636 0
0.970440384477 0.0637519964636 0
0.975528258148 0.0637519964636 0
0.980146842838 0.0637519964636 0
0.984291580564 0.0637519964636 0
0.987958380969 0.0637519964636 0
0.991143625364 0.0637519964636 0
0.993844170298 0.0637519964636 0
0.996057350657 0.0637519964636 0
0.997780982302 0.0637519964636 0
0.999013364214 0.0637519964636 0
0.999753280183 0.0637519964636 0
1 0.0637519964636 2
0 0.073679917823 4
0.000246719817134 0.073679917823 0
0.000986635785864 0.073679917823 0
0.00221901769846 0.073679917823 0
0.00394264934276 0.073679917823 0
0.00615582970243 0.073679917823 0
0.00885637463566 0.073679917823 0
0.0120416190306 0.073679917823 0
0.0157084194357 0.073679917823 0
0.0198531571615 0.073679917823 0
0.0244717418524 0.073679917823 0
0.0295596155229 0.073679917823 0
0.0351117570559 0.073679917823 0
0.041122687158 0.073679917823 0
0.047586473767 0.073679917823 0
0.0544967379058 0.073679917823 0
0.0618466599781 0.073679917823 0
0.069628986498 0.073679917823 0
0.077836037249 0.073679917823 0
0.0864597128627 0.073679917823 0
0.0954915028125 0.073679917823 0
0.104922493812 0.073679917823 0
0.114743378612 0.073679917823 0
0.124944465185 0.073679917823 0
0.135515686289 0.073679917823 0
0.146446609407 0.073679917823 0
0.157726447036 0.073679917823 0
0.169344067338 0.073679917823 0
0.181288005126 0.073679917823 0
0.193546473174 0.073679917823 0
0.206107373854 0.073679917823 0
0.218958311074 0.073679917823 0
0.232086602511 0.073679917823 0
0.245479292125 0.073679917823 0
0.259123162949 0.073679917823 0
0.27300475013 0.073679917823 0
0.287110354217 0.073679917823 0
0.301426054683 0.073679917823 0
0.315937723658 0.073679917823 0
0.330631039877 0.073679917823 0
0.345491502813 0.073679917823 0
0.36050444698 0.073679917823 0
0.375655056418 0.073679917823 0
0.390928379302 0.073679917823 0
0.406309342707 0.073679917823 0
0.42178276748 0.073679917823 0
0.437333383218 0.073679917823 0
0.452945843341 0.073679917823 0
0.468604740235 0.073679917823 0
0.484294620461 0.073679917823 0
0.5 0.073679917823 0
0.515705379539 0.073679917823 0
0.531395259765 0.073679917823 0
0.547054156659 0.073679917823 0
0.562666616782 0.073679917823 0
0.57821723252 0.073679917823 0
0.593690657293 0.073679917823 0
0.609071620698 0.073679917823 0
0.624344943582 0.073679917823 0
0.63949555302 0.073679917823 0
0.654508497187 0.073679917823 0
0.669368960123 0.073679917823 0
0.684062276342 0.073679917823 0
0.698573945317 0.073679917823 0
0.712889645783 0.073679917823 0
0.72699524987 0.073679917823 0
0.740876837051 0.073679917823 0
0.754520707875 0.073679917823 0
0.767913397489 0.073679917823 0
0.781041688926 0.073679917823 0
0.793892626146 0.073679917823 0
0.806453526826 0.073679917823 0
0.818711994874 0.073679917823 0
0.830655932662 0.073679917823 0
0.842273552964 0.073679917823 0
0.853553390593 0.073679917823 0
0.864484313711 0.073679917823 0
0.875055534815 0.073679917823 0
0.885256621388 0.073679917823 0
0.895077506188 0.073679917823 0
0.904508497187 0.073679917823 0
0.913540287137 0.073679917823 0
0.922163962751 0.073679917823 0
0.930371013502 0.073679917823 0
0.938153340022 0.073679917823 0
0.945503262094 0.073679917823 0
0.952413526233 0.073679917823 0
0.958877312842 0.073679917823 0
0.964888242944 0.073679917823 0
0.970440384477 0.073679917823 0
0.975528258148 0.073679917823 0
0.980146842838 0.073679917823 0
0.984291580564 0.073679917823 0
0.987958380969 0.073679917823 0
0.991143625364 0.073679917823 0
0.993844170298 0.073679917823 0
0.996057350657 0.073679917823 0
0.997780982302 0.073679917823 0
0.999013364214 0.073679917823 0
0.999753280183 0.073679917823 0
1 0.073679917823 2
0 0.0842651938487 4
0.000246719817134 0.0842651938487 0
0.000986635785864 0.0842651938487 0
0.00221901769846 0.0842651938487 0
0.00394264934276 0.0842651938487 0
0.00615582970243 0.0842651938487 0
0.00885637463566 0.0842651938487 0
0.0120416190306 0.0842651938487 0
0.0157084194357 0.0842651938487 0
0.0198531571615 0.0842651938487 0
0.0244717418524 0.0842651938487 0
0.0295596155229 0.0842651938487 0
0.0351117570559 0.0842651938487 0
0.041122687158 0.0842651938487 0
0.047586473767 0.0842651938487 0
0.0544967379058 0.0842651938487 0
0.0618466599781 0.0842651938487 0
0.069628986498 0.0842651938487 0
0.077836037249 0.0842651938487 0
0.0864597128627 0.0842651938487 0
0.0954915028125 0.0842651938487 0
0.104922493812 0.0842651938487 0
0.114743378612 0.0842651938487 0
0.124944465185 0.0842651938487 0
0.135515686289 0.0842651938487 0
0.146446609407 0.0842651938487 0
0.157726447036 0.0842651938487 0
0.169344067338 0.0842651938487 0
0.181288005126 0.0842651938487 0
0.193546473174 0.0842651938487 0
0.206107373854 0.0842651938487 0
0.218958311074 0.0842651938487 0
0.232086602511 0.0842651938487 0
0.245479292125 0.0842651938487 0
0.259123162949 0.0842651938487 0
0.27300475013 0.0842651938487 0
0.287110354217 0.0842651938487 0
0.301426054683 0.0842651938487 0
0.315937723658 0.0842651938487 0
0.330631039877 0.0842651938487 0
0.345491502813 0.0842651938487 0
0.36050444698 0.0842651938487 0
0.375655056418 0.0842651938487 0
0.390928379302 0.0842651938487 0
0.406309342707 0.0842651938487 0
0.42178276748 0.0842651938487 0
0.437333383218 0.0842651938487 0
0.452945843341 0.0842651938487 0
0.468604740235 0.0842651938487 0
0.484294620461 0.0842651938487 0
0.5 0.0842651938487 0
0.515705379539 0.0842651938487 0
0.531395259765 0.0842651938487 0
0.547054156659 0.0842651938487 0
0.562666616782 0.0842651938487 0
0.57821723252 0.0842651938487 0
0.593690657293 0.0842651938487 0
0.609071620698 0.0842651938487 0
0.624344943582 0.0842651938487 0
0.63949555302 0.0842651938487 0
0.654508497187 0.0842651938487 0
0.669368960123 0.0842651938487 0
0.684062276342 0.0842651938487 0
0.698573945317 0.0842651938487 0
0.712889645783 0.0842651938487 0
0.72699524987 0.0842651938487 0
0.740876837051 0.0842651938487 0
0.754520707875 0.0842651938487 0
0.767913397489 0.0842651938487 0
0.781041688926 0.0842651938487 0
0.793892626146 0.0842651938487 0
0.806453526826 0.0842651938487 0
0.818711994874 0.0842651938487 0
0.830655932662 0.0842651938487 0
0.842273552964 0.0842651938487 0
0.853553390593 0.0842651938487 0
0.864484313711 0.0842651938487 0
0.875055534815 0.0842651938487 0
0.885256621388 0.0842651938487 0
0.895077506188 0.0842651938487 0
0.904508497187 0.0842651938487 0
0.913540287137 0.0842651938487 0
0.922163962751 0.0842651938487 0
0.930371013502 0.0842651938487 0
0.938153340022 0.0842651938487 0
0.945503262094 0.0842651938487 0
0.952413526233 0.0842651938487 0
0.958877312842 0.0842651938487 0
0.964888242944 0.0842651938487 0
0.970440384477 0.0842651938487 0
0.975528258148 0.0842651938487 0
0.980146842838 0.0842651938487 0
0.984291580564 0.0842651938487 0
0.987958380969 0.0842651938487 0
0.991143625364 0.0842651938487 0
0.993844170298 0.0842651938487 0
0.996057350657 0.0842651938487 0
0.997780982302 0.0842651938487 0
0.999013364214 0.0842651938487 0
0.999753280183 0.0842651938487 0
1 0.0842651938487 2
0 0.0954915028125 4
0.000246719817134 0.0954915028125 0
0.000986635785864 0.0954915028125 0
0.00221901769846 0.0954915028125 0
0.00394264934276 0.0954915028125 0
0.00615582970243 0.0954915028125 0
0.00885637463566 0.0954915028125 0
0.0120416190306 0.0954915028125 0
0.0157084194357 0.0954915028125 0
0.0198531571615 0.0954915028125 0
0.0244717418524 0.0954915028125 0
0.0295596155229 0.0954915028125 0
0.0351117570559 0.0954915028125 0
0.041122687158 0.0954915028125 0
0.047586473767 0.0954915028125 0
0.0544967379058 0.0954915028125 0
0.0618466599781 0.0954915028125 0
0.069628986498 0.0954915028125 0
0.077836037249 0.0954915028125 0
0.0864597128627 0.0954915028125 0
0.0954915028125 0.0954915028125 0
0.104922493812 0.0954915028125 0
0.114743378612 0.0954915028125 0
0.124944465185 0.0954915028125 0
0.135515686289 0.0954915028125 0
0.146446609407 0.0954915028125 0
0.157726447036 0.0954915028125 0
0.169344067338 0.0954915028125 0
0.181288005126 0.0954915028125 0
0.193546473174 0.0954915028125 0
0.206107373854 0.0954915028125 0
0.218958311074 0.0954915028125 0
0.232086602511 0.0954915028125 0
0.245479292125 0.0954915028125 0
0.259123162949 0.0954915028125 0
0.27300475013 0.0954915028125 0
0.287110354217 0.0954915028125 0
0.301426054683 0.0954915028125 0
0.315937723658 0.0954915028125 0
0.330631039877 0.0954915028125 0
0.345491502813 0.0954915028125 0
0.36050444698 0.0954915028125 0
0.375655056418 0.0954915028125 0
0.390928379302 0.0954915028125 0
0.406309342707 0.0954915028125 0
0.42178276748 0.0954915028125 0
0.437333383218 0.0954915028125 0
0.452945843341 0.0954915028125 0
0.468604740235 0.0954915028125 0
0.484294620461 0.0954915028125 0
0.5 0.0954915028125 0
0.515705379539 0.0954915028125 0
0.531395259765 0.0954915028125 0
0.547054156659 0.0954915028125 0
0.562666616782 0.0954915028125 0
0.57821723252 0.0954915028125 0
0.593690657293 0.0954915028125 0
0.609071620698 0.0954915028125 0
0.624344943582 0.0954915028125 0
0.63949555302 0.0954915028125 0
0.654508497187 0.0954915028125 0
0.669368960123 0.0954915028125 0
0.684062276342 0.0954915028125 0
0.698573945317 0.0954915028125 0
0.712889645783 0.0954915028125 0
0.72699524987 0.0954915028125 0
0.740876837051 0.0954915028125 0
0.754520707875 0.0954915028125 0
0.767913397489 0.0954915028125 0
0.781041688926 0.0954915028125 0
0.793892626146 0.0954915028125 0
0.806453526826 0.0954915028125 0
0.818711994874 0.0954915028125 0
0.830655932662 0.0954915028125 0
0.842273552964 0.0954915028125 0
0.853553390593 0.0954915028125 0
0.864484313711 0.0954915028125 0
0.875055534815 0.0954915028125 0
0.885256621388 0.0954915028125 0
0.895077506188 0.0954915028125 0
0.904508497187 0.0954915028125 0
0.913540287137 0.0954915028125 0
0.922163962751 0.0954915028125 0
0.930371013502 0.0954915028125 0
0.938153340022 0.0954915028125 0
0.945503262094 0.0954915028125 0
0.952413526233 0.0954915028125 0
0.958877312842 0.0954915028125 0
0.964888242944 0.0954915028125 0
0.970440384477 0.0954915028125 0
0.975528258148 0.0954915028125 0
0.980146842838 0.0954915028125 0
0.984291580564 0.0954915028125 0
0.987958380969 0.0954915028125 0
0.991143625364 0.0954915028125 0
0.993844170298 0.0954915028125 0
0.996057350657 0.0954915028125 0
0.997780982302 0.0954915028125 0
0.999013364214 0.0954915028125 0
0.999753280183 0.0954915028125 0
1 0.0954915028125 2
0 0.10734153456 4
0.000246719817134 0.10734153456 0
0.000986635785864 0.10734153456 0
0.00221901769846 0.10734153456 0
0.00394264934276 0.10734153456 0
0.00615582970243 0.10734153456 0
0.00885637463566 0.10734153456 0
0.0120416190306 0.10734153456 0
0.0157084194357 0.10734153456 0
0.0198531571615 0.10734153456 0
0.0244717418524 0.10734153456 0
0.0295596155229 0.10734153456 0
0.0351117570559 0.10734153456 0
0.041122687158 0.10734153456 0
0.047586473767 0.10734153456 0
0.0544967379058 0.10734153456 0
0.0618466599781 0.10734153456 0
0.069628986498 0.10734153456 0
0.077836037249 0.10734153456 0
0.0864597128627 0.10734153456 0
0.0954915028125 0.10734153456 0
0.104922493812 0.10734153456 0
0.114743378612 0.10734153456 0
0.124944465185 0.10734153456 0
0.135515686289 0.10734153456 0
0.146446609407 0.10734153456 0
0.157726447036 0.10734153456 0
0.169344067338 0.10734153456 0
0.181288005126 0.10734153456 0
0.193546473174 0.10734153456 0
0.206107373854 0.10734153456 0
0.218958311074 0.10734153456 0
0.232086602511 0.10734153456 0
0.245479292125 0.10734153456 0
0.259123162949 0.10734153456 0
0.27300475013 0.10734153456 0
0.287110354217 0.10734153456 0
0.301426054683 0.10734153456 0
0.315937723658 0.10734153456 0
0.330631039877 0.10734153456 0
0.345491502813 0.10734153456 0
0.36050444698 0.10734153456 0
0.375655056418 0.10734153456 0
0.390928379302 0.10734153456 0
0.406309342707 0.10734153456 0
0.42178276748 0.10734153456 0
0.437333383218 0.10734153456 0
0.452945843341 0.10734153456 0
0.468604740235 0.10734153456 0
0.484294620461 0.10734153456 0
0.5 0.10734153456 0
0.515705379539 0.10734153456 0
0.531395259765 0.10734153456 0
0.547054156659 0.10734153456 0
0.562666616782 0.10734153456 0
0.57821723252 0.10734153456 0
0.593690657293 0.10734153456 0
0.609071620698 0.10734153456 0
0.624344943582 0.10734153456 0
0.63949555302 0.10734153456 0
0.654508497187 0.10734153456 0
0.669368960123 0.10734153456 0
0.684062276342 0.10734153456 0
0.698573945317 0.10734153456 0
0.712889645783 0.10734153456 0
0.72699524987 0.10734153456 0
0.740876837051 0.10734153456 0
0.754520707875 0.10734153456 0
0.767913397489 0.10734153456 0
0.781041688926 0.10734153456 0
0.793892626146 0.10734153456 0
0.806453526826 0.10734153456 0
0.818711994874 0.10734153456 0
0.830655932662 0.10734153456 0
0.842273552964 0.10734153456 0
0.853553390593 0.10734153456 0
0.864484313711 0.10734153456 0
0.875055534815 0.10734153456 0
0.885256621388 0.10734153456 0
0.895077506188 0.10734153456 0
0.904508497187 0.10734153456 0
0.913540287137 0.10734153456 0
0.922163962751 0.10734153456 0
0.930371013502 0.10734153456 0
0.938153340022 0.10734153456 0
0.945503262094 0.10734153456 0
0.952413526233 0.10734153456 0
0.958877312842 0.10734153456 0
0.964888242944 0.10734153456 0
0.970440384477 0.10734153456 0
0.975528258148 0.10734153456 0
0.980146842838 0.10734153456 0
0.984291580564 0.10734153456 0
0.987958380969 0.10734153456 0
0.991143625364 0.10734153456 0
0.993844170298 0.10734153456 0
0.996057350657 0.10734153456 0
0.997780982302 0.10734153456 0
0.999013364214 0.10734153456 0
0.999753280183 0.10734153456 0
1 0.10734153456 2
0 0.1197970172 4
0.000246719817134 0.1197970172 0
0.000986635785864 0.1197970172 0
0.00221901769846 0.1197970172 0
0.00394264934276 0.1197970172 0
0.00615582970243 0.1197970172 0
0.00885637463566 0.1197970172 0
0.0120416190306 0.1197970172 0
0.0157084194357 0.1197970172 0
0.0198531571615 0.1197970172 0
0.0244717418524 0.1197970172 0
0.0295596155229 0.1197970172 0
0.0351117570559 0.1197970172 0
0.041122687158 0.1197970172 0
0.047586473767 0.1197970172 0
0.0544967379058 0.1197970172 0
0.0618466599781 0.1197970172 0
0.069628986498 0.1197970172 0
0.077836037249 0.1197970172 0
0.0864597128627 0.1197970172 0
0.0954915028125 0.1197970172 0
0.104922493812 0.1197970172 0
0.114743378612 0.1197970172 0
0.124944465185 0.1197970172 0
0.135515686289 0.1197970172 0
0.146446609407 0.1197970172 0
0.157726447036 0.1197970172 0
0.169344067338 0.1197970172 0
0.181288005126 0.1197970172 0
0.193546473174 0.1197970172 0
0.206107373854 0.1197970172 0
0.218958311074 0.1197970172 0
0.232086602511 0.1197970172 0
0.245479292125 0.1197970172 0
0.259123162949 0.1197970172 0
0.27300475013 0.1197970172 0
0.287110354217 0.1197970172 0
0.301426054683 0.1197970172 0
0.315937723658 0.1197970172 0
0.330631039877 0.1197970172 0
0.345491502813 0.1197970172 0
0.36050444698 0.1197970172 0
0.375655056418 0.1197970172 0
0.390928379302 0.1197970172 0
0.406309342707 0.1197970172 0
0.42178276748 0.1197970172 0
0.437333383218 0.1197970172 0
0.452945843341 0.1197970172 0
0.468604740235 0.1197970172 0
0.484294620461 0.1197970172 0
0.5 0.1197970172 0
0.515705379539 0.1197970172 0
0.531395259765 0.1197970172 0
0.547054156659 0.1197970172 0
0.562666616782 0.1197970172 0
0.57821723252 0.1197970172 0
0.593690657293 0.1197970172 0
0.609071620698 0.1197970172 0
0.624344943582 0.1197970172 0
0.63949555302 0.1197970172 0
0.654508497187 0.1197970172 0
0.669368960123 0.1197970172 0
0.684062276342 0.1197970172 0
0.698573945317 0.1197970172 0
0.712889645783 0.1197970172 0
0.72699524987 0.1197970172 0
0.740876837051 0.1197970172 0
0.754520707875 0.1197970172 0
0.767913397489 0.1197970172 0
0.781041688926 0.1197970172 0
0.793892626146 0.1197970172 0
0.806453526826 0.1197970172 0
0.818711994874 0.1197970172 0
0.830655932662 0.1197970172 0
0.842273552964 0.1197970172 0
0.853553390593 0.1197970172 0
0.864484313711 0.1197970172 0
0.875055534815 0.1197970172 0
0.885256621388 0.1197970172 0
0.895077506188 0.1197970172 0
0.904508497187 0.1197970172 0
0.913540287137 0.1197970172 0
0.922163962751 0.1197970172 0
0.930371013502 0.1197970172 0
0.938153340022 0.1197970172 0
0.945503262094 0.1197970172 0
0.952413526233 0.1197970172 0
0.958877312842 0.1197970172 0
0.964888242944 0.1197970172 0
0.970440384477 0.1197970172 0
0.975528258148 0.1197970172 0
0.980146842838 0.1197970172 0
0.984291580564 0.1197970172 0
0.987958380969 0.1197970172 0
0.991143625364 0.1197970172 0
0.993844170298 0.1197970172 0
0.996057350657 0.1197970172 0
0.997780982302 0.1197970172 0
0.999013364214 0.1197970172 0
0.999753280183 0.1197970172 0
1 0.1197970172 2
0 0.132838745282 4
0.000246719817134 0.132838745282 0
0.000986635785864 0.132838745282 0
0.00221901769846 0.132838745282 0
0.00394264934276 0.132838745282 0
0.00615582970243 0.132838745282 0
0.00885637463566 0.132838745282 0
0.0120416190306 0.132838745282 0
0.0157084194357 0.132838745282 0
0.0198531571615 0.132838745282 0
0.0244717418524 0.132838745282 0
0.0295596155229 0.132838745282 0
0.0351117570559 0.132838745282 0
0.041122687158 0.132838745282 0
0.047586473767 0.132838745282 0
0.0544967379058 0.132838745282 0
0.0618466599781 0.132838745282 0
0.069628986498 0.132838745282 0
0.077836037249 0.132838745282 0
0.0864597128627 0.132838745282 0
0.0954915028125 0.132838745282 0
0.104922493812 0.132838745282 0
0.114743378612 0.132838745282 0
0.124944465185 0.132838745282 0
0.135515686289 0.132838745282 0
0.146446609407 0.132838745282 0
0.157726447036 0.132838745282 0
0.169344067338 0.132838745282 0
0.181288005126 0.132838745282 0
0.193546473174 0.132838745282 0
0.206107373854 0.132838745282 0
0.218958311074 0.132838745282 0
0.232086602511 0.132838745282 0
0.245479292125 0.132838745282 0
0.259123162949 0.132838745282 0
0.27300475013 0.132838745282 0
0.287110354217 0.132838745282 0
0.301426054683 0.132838745282 0
0.315937723658 0.132838745282 0
0.330631039877 0.132838745282 0
0.345491502813 0.132838745282 0
0.36050444698 0.132838745282 0
0.375655056418 0.132838745282 0
0.390928379302 0.132838745282 0
0.406309342707 0.132838745282 0
0.42178276748 0.132838745282 0
0.437333383218 0.132838745282 0
0.452945843341 0.132838745282 0
0.468604740235 0.132838745282 0
0.484294620461 0.132838745282 0
0.5 0.132838745282 0
0.515705379539 0.132838745282 0
0.531395259765 0.132838745282 0
0.547054156659 0.132838745282 0
0.562666616782 0.132838745282 0
0.57821723252 0.132838745282 0
0.593690657293 0.132838745282 0
0.609071620698 0.132838745282 0
0.624344943582 0.132838745282 0
0.63949555302 0.132838745282 0
0.654508497187 0.132838745282 0
0.669368960123 0.132838745282 0
0.684062276342 0.132838745282 0
0.698573945317 0.132838745282 0
0.712889645783 0.132838745282 0
0.72699524987 0.132838745282 0
0.740876837051 0.132838745282 0
0.754520707875 0.132838745282 0
0.767913397489 0.132838745282 0
0.781041688926 0.132838745282 0
0.793892626146 0.132838745282 0
0.806453526826 0.132838745282 0
0.818711994874 0.132838745282 0
0.830655932662 0.132838745282 0
0.842273552964 0.132838745282 0
0.853553390593 0.132838745282 0
0.864484313711 0.132838745282 0
0.875055534815 0.132838745282 0
0.885256621388 0.132838745282 0
0.895077506188 0.132838745282 0
0.904508497187 0.132838745282 0
0.913540287137 0.132838745282 0
0.922163962751 0.132838745282 0
0.930371013502 0.132838745282 0
0.938153340022 0.132838745282 0
0.945503262094 0.132838745282 0
0.952413526233 0.132838745282 0
0.958877312842 0.132838745282 0
0.964888242944 0.132838745282 0
0.970440384477 0.132838745282 0
0.975528258148 0.132838745282 0
0.980146842838 0.132838745282 0
0.984291580564 0.132838745282 0
0.987958380969 0.132838745282 0
0.991143625364 0.132838745282 0
0.993844170298 0.132838745282 0
0.996057350657 0.132838745282 0
0.997780982302 0.132838745282 0
0.999013364214 0.132838745282 0
0.999753280183 0.132838745282 0
1 0.132838745282 2
0 0.146446609407 4
0.000246719817134 0.146446609407 0
0.000986635785864 0.146446609407 0
0.00221901769846 0.146446609407 0
0.00394264934276 0.146446609407 0
0.00615582970243 0.146446609407 0
0.00885637463566 0.146446609407 0
0.0120416190306 0.146446609407 0
0.0157084194357 0.146446609407 0
0.0198531571615 0.146446609407 0
0.0244717418524 0.146446609407 0
0.0295596155229 0.146446609407 0
0.0351117570559 0.146446609407 0
0.041122687158 0.146446609407 0
0.047586473767 0.146446609407 0
0.0544967379058 0.146446609407 0
0.0618466599781 0.146446609407 0
0.069628986498 0.146446609407 0
0.077836037249 0.146446609407 0
0.0864597128627 0.146446609407 0
0.0954915028125 0.146446609407 0
0.104922493812 0.146446609407 0
0.114743378612 0.146446609407 0
0.124944465185 0.146446609407 0
0.135515686289 0.146446609407 0
0.146446609407 0.146446609407 0
0.157726447036 0.146446609407 0
0.169344067338 0.146446609407 0
0.181288005126 0.146446609407 0
0.193546473174 0.146446609407 0
0.206107373854 0.146446609407 0
0.218958311074 0.146446609407 0
0.232086602511 0.146446609407 0
0.245479292125 0.146446609407 0
0.259123162949 0.146446609407 0
0.27300475013 0.146446609407 0
0.287110354217 0.146446609407 0
0.301426054683 0.146446609407 0
0.315937723658 0.146446609407 0
0.330631039877 0.146446609407 0
0.345491502813 0.146446609407 0
0.36050444698 0.146446609407 0
0.375655056418 0.146446609407 0
0.390928379302 0.146446609407 0
0.406309342707 0.146446609407 0
0.42178276748 0.146446609407 0
0.437333383218 0.146446609407 0
0.452945843341 0.146446609407 0
0.468604740235 0.146446609407 0
0.484294620461 0.146446609407 0
0.5 0.146446609407 0
0.515705379539 0.146446609407 0
0.531395259765 0.146446609407 0
0.547054156659 0.146446609407 0
0.562666616782 0.146446609407 0
0.57821723252 0.146446609407 0
0.593690657293 0.146446609407 0
0.609071620698 0.146446609407 0
0.624344943582 0.146446609407 0
0.63949555302 0.146446609407 0
0.654508497187 0.146446609407 0
0.669368960123 0.146446609407 0
0.684062276342 0.146446609407 0
0.698573945317 0.146446609407 0
0.712889645783 0.146446609407 0
0.72699524987 0.146446609407 0
0.740876837051 0.146446609407 0
0.754520707875 0.146446609407 0
0.767913397489 0.146446609407 0
0.781041688926 0.146446609407 0
0.793892626146 0.146446609407 0
0.806453526826 0.146446609407 0
0.818711994874 0.146446609407 0
0.830655932662 0.146446609407 0
0.842273552964 0.146446609407 0
0.853553390593 0.146446609407 0
0.864484313711 0.146446609407 0
0.875055534815 0.146446609407 0
0.885256621388 0.146446609407 0
0.895077506188 0.146446609407 0
0.904508497187 0.146446609407 0
0.913540287137 0.146446609407 0
0.922163962751 0.146446609407 0
0.930371013502 0.146446609407 0
0.938153340022 0.146446609407 0
0.945503262094 0.146446609407 0
0.952413526233 0.146446609407 0
0.958877312842 0.146446609407 0
0.964888242944 0.146446609407 0
0.970440384477 0.146446609407 0
0.975528258148 0.146446609407 0
0.980146842838 0.146446609407 0
0.984291580564 0.146446609407 0
0.987958380969 0.146446609407 0
0.991143625364 0.146446609407 0
0.993844170298 0.146446609407 0
0.996057350657 0.146446609407 0
0.997780982302 0.146446609407 0
0.999013364214 0.146446609407 0
0.999753280183 0.146446609407 0
1 0.146446609407 2
0 0.160599627234 4
0.000246719817134 0.160599627234 0
0.000986635785864 0.160599627234 0
0.00221901769846 0.160599627234 0
0.00394264934276 0.160599627234 0
0.00615582970243 0.160599627234 0
0.00885637463566 0.160599627234 0
0.0120416190306 0.160599627234 0
0.0157084194357 0.160599627234 0
0.0198531571615 0.160599627234 0
0.0244717418524 0.160599627234 0
0.0295596155229 0.160599627234 0
0.0351117570559 0.160599627234 0
0.041122687158 0.160599627234 0
0.047586473767 0.160599627234 0
0.0544967379058 0.160599627234 0
0.0618466599781 0.160599627234 0
0.069628986498 0.160599627234 0
0.077836037249 0.160599627234 0
0.0864597128627 0.160599627234 0
0.0954915028125 0.160599627234 0
0.104922493812 0.160599627234 0
0.114743378612 0.160599627234 0
0.124944465185 0.160599627234 0
0.135515686289 0.160599627234 0
0.146446609407 0.160599627234 0
0.157726447036 0.160599627234 0
0.169344067338 0.160599627234 0
0.181288005126 0.160599627234 0
0.193546473174 0.160599627234 0
0.206107373854 0.160599627234 0
0.218958311074 0.160599627234 0
0.232086602511 0.160599627234 0
0.245479292125 0.160599627234 0
0.259123162949 0.160599627234 0
0.27300475013 0.160599627234 0
0.287110354217 0.160599627234 0
0.301426054683 0.160599627234 0
0.315937723658 0.160599627234 0
0.330631039877 0.160599627234 0
0.345491502813 0.160599627234 0
0.36050444698 0.160599627234 0
0.375655056418 0.160599627234 0
0.390928379302 0.160599627234 0
0.406309342707 0.160599627234 0
0.42178276748 0.160599627234 0
0.437333383218 0.160599627234 0
0.452945843341 0.160599627234 0
0.468604740235 0.160599627234 0
0.484294620461 0.160599627234 0
0.5 0.160599627234 0
0.515705379539 0.160599627234 0
0.531395259765 0.160599627234 0
0.547054156659 0.160599627234 0
0.562666616782 0.160599627234 0
0.57821723252 0.160599627234 0
0.593690657293 0.160599627234 0
0.609071620698 0.160599627234 0
0.624344943582 0.160599627234 0
0.63949555302 0.160599627234 0
0.654508497187 0.160599627234 0
0.669368960123 0.160599627234 0
0.684062276342 0.160599627234 0
0.698573945317 0.160599627234 0
0.712889645783 0.160599627234 0
0.72699524987 0.160599627234 0
0.740876837051 0.160599627234 0
0.754520707875 0.160599627234 0
0.767913397489 0.160599627234 0
0.781041688926 0.160599627234 0
0.793892626146 0.160599627234 0
0.806453526826 0.160599627234 0
0.818711994874 0.160599627234 0
0.830655932662 0.160599627234 0
0.842273552964 0.160599627234 0
0.853553390593 0.160599627234 0
0.864484313711 0.160599627234 0
0.875055534815 0.160599627234 0
0.885256621388 0.160599627234 0
0.895077506188 0.160599627234 0
0.904508497187 0.160599627234 0
0.913540287137 0.160599627234 0
0.922163962751 0.160599627234 0
0.930371013502 0.160599627234 0
0.938153340022 0.160599627234 0
0.945503262094 0.160599627234 0
0.952413526233 0.160599627234 0
0.958877312842 0.160599627234 0
0.964888242944 0.160599627234 0
0.970440384477 0.160599627234 0
0.975528258148 0.160599627234 0
0.980146842838 0.160599627234 0
0.984291580564 0.160599627234 0
0.987958380969 0.160599627234 0
0.991143625364 0.160599627234 0
0.993844170298 0.160599627234 0
0.996057350657 0.160599627234 0
0.997780982302 0.160599627234 0
0.999013364214 0.160599627234 0
0.999753280183 0.160599627234 0
1 0.160599627234 2
0 0.175275975835 4
0.000246719817134 0.175275975835 0
0.000986635785864 0.175275975835 0
0.00221901769846 0.175275975835 0
0.00394264934276 0.175275975835 0
0.00615582970243 0.175275975835 0
0.00885637463566 0.175275975835 0
0.0120416190306 0.175275975835 0
0.0157084194357 0.175275975835 0
0.0198531571615 0.175275975835 0
0.0244717418524 0.175275975835 0
0.0295596155229 0.175275975835 0
0.0351117570559 0.175275975835 0
0.041122687158 0.175275975835 0
0.047586473767 0.175275975835 0
0.0544967379058 0.175275975835 0
0.0618466599781 0.175275975835 0
0.069628986498 0.175275975835 0
0.077836037249 0.175275975835 0
0.0864597128627 0.175275975835 0
0.0954915028125 0.175275975835 0
0.104922493812 0.175275975835 0
0.114743378612 0.175275975835 0
0.124944465185 0.175275975835 0
0.135515686289 0.175275975835 0
0.146446609407 0.175275975835 0
0.157726447036 0.175275975835 0
0.169344067338 0.175275975835 0
0.181288005126 0.175275975835 0
0.193546473174 0.175275975835 0
0.206107373854 0.175275975835 0
0.218958311074 0.175275975835 0
0.232086602511 0.175275975835 0
0.245479292125 0.175275975835 0
0.259123162949 0.175275975835 0
0.27300475013 0.175275975835 0
0.287110354217 0.175275975835 0
0.301426054683 0.175275975835 0
0.315937723658 0.175275975835 0
0.330631039877 0.175275975835 0
0.345491502813 0.175275975835 0
0.36050444698 0.175275975835 0
0.375655056418 0.175275975835 0
0.390928379302 0.175275975835 0
0.406309342707 0.175275975835 0
0.42178276748 0.175275975835 0
0.437333383218 0.175275975835 0
0.452945843341 0.175275975835 0
0.468604740235 0.175275975835 0
0.484294620461 0.175275975835 0
0.5 0.175275975835 0
0.515705379539 0.175275975835 0
0.531395259765 0.175275975835 0
0.547054156659 0.175275975835 0
0.562666616782 0.175275975835 0
0.57821723252 0.175275975835 0
0.593690657293 0.175275975835 0
0.609071620698 0.175275975835 0
0.624344943582 0.175275975835 0
0.63949555302 0.175275975835 0
0.654508497187 0.175275975835 0
0.669368960123 0.175275975835 0
0.684062276342 0.175275975835 0
0.698573945317 0.175275975835 0
0.712889645783 0.175275975835 0
0.72699524987 0.175275975835 0
0.740876837051 0.175275975835 0
0.754520707875 0.175275975835 0
0.767913397489 0.175275975835 0
0.781041688926 0.175275975835 0
0.793892626146 0.175275975835 0
0.806453526826 0.175275975835 0
0.818711994874 0.175275975835 0
0.830655932662 0.175275975835 0
0.842273552964 0.175275975835 0
0.853553390593 0.175275975835 0
0.864484313711 0.175275975835 0
0.875055534815 0.175275975835 0
0.885256621388 0.175275975835 0
0.895077506188 0.175275975835 0
0.904508497187 0.175275975835 0
0.913540287137 0.175275975835 0
0.922163962751 0.175275975835 0
0.930371013502 0.175275975835 0
0.938153340022 0.175275975835 0
0.945503262094 0.175275975835 0
0.952413526233 0.175275975835 0
0.958877312842 0.175275975835 0
0.964888242944 0.175275975835 0
0.970440384477 0.175275975835 0
0.975528258148 0.175275975835 0
0.980146842838 0.175275975835 0
0.984291580564 0.175275975835 0
0.987958380969 0.175275975835 0
0.991143625364 0.175275975835 0
0.993844170298 0.175275975835 0
0.996057350657 0.175275975835 0
0.997780982302 0.175275975835 0
0.999013364214 0.175275975835 0
0.999753280183 0.175275975835 0
1 0.175275975835 2
0 0.190453025345 4
0.000246719817134 0.190453025345 0
0.000986635785864 0.190453025345 0
0.00221901769846 0.190453025345 0
0.00394264934276 0.190453025345 0
0.00615582970243 0.190453025345 0
0.00885637463566 0.190453025345 0
0.0120416190306 0.190453025345 0
0.0157084194357 0.190453025345 0
0.0198531571615 0.190453025345 0
0.0244717418524 0.190453025345 0
0.0295596155229 0.190453025345 0
0.0351117570559 0.190453025345 0
0.041122687158 0.190453025345 0
0.047586473767 0.190453025345 0
0.0544967379058 0.190453025345 0
0.0618466599781 0.190453025345 0
0.069628986498 0.190453025345 0
0.077836037249 0.190453025345 0
0.0864597128627 0.190453025345 0
0.0954915028125 0.190453025345 0
0.104922493812 0.190453025345 0
0.114743378612 0.190453025345 0
0.124944465185 0.190453025345 0
0.135515686289 0.190453025345 0
0.146446609407 0.190453025345 0
0.157726447036 0.190453025345 0
0.169344067338 0.190453025345 0
0.181288005126 0.190453025345 0
0.193546473174 0.190453025345 0
0.206107373854 0.190453025345 0
0.218958311074 0.190453025345 0
0.232086602511 0.190453025345 0
0.245479292125 0.190453025345 0
0.259123162949 0.190453025345 0
0.27300475013 0.190453025345 0
0.287110354217 0.190453025345 0
0.301426054683 0.190453025345 0
0.315937723658 0.190453025345 0
0.330631039877 0.190453025345 0
0.345491502813 0.190453025345 0
0.36050444698 0.190453025345 0
0.375655056418 0.190453025345 0
0.390928379302 0.190453025345 0
0.406309342707 0.190453025345 0
0.42178276748 0.190453025345 0
0.437333383218 0.190453025345 0
0.452945843341 0.190453025345 0
0.468604740235 0.190453025345 0
0.484294620461 0.190453025345 0
0.5 0.190453025345 0
0.515705379539 0.190453025345 0
0.531395259765 0.190453025345 0
0.547054156659 0.190453025345 0
0.562666616782 0.190453025345 0
0.57821723252 0.190453025345 0
0.593690657293 0.190453025345 0
0.609071620698 0.190453025345 0
0.624344943582 0.190453025345 0
0.63949555302 0.190453025345 0
0.654508497187 0.190453025345 0
0.669368960123 0.190453025345 0
0.684062276342 0.190453025345 0
0.698573945317 0.190453025345 0
0.712889645783 0.190453025345 0
0.72699524987 0.190453025345 0
0.740876837051 0.190453025345 0
0.754520707875 0.190453025345 0
0.767913397489 0.190453025345 0
0.781041688926 0.190453025345 0
0.793892626146 0.190453025345 0
0.806453526826 0.190453025345 0
0.818711994874 0.190453025345 0
0.830655932662 0.190453025345 0
0.842273552964 0.190453025345 0
0.853553390593 0.190453025345 0
0.864484313711 0.190453025345 0
0.875055534815 0.190453025345 0
0.885256621388 0.190453025345 0
0.895077506188 0.190453025345 0
0.904508497187 0.190453025345 0
0.913540287137 0.190453025345 0
0.922163962751 0.190453025345 0
0.930371013502 0.190453025345 0
0.938153340022 0.190453025345 0
0.945503262094 0.190453025345 0
0.952413526233 0.190453025345 0
0.958877312842 0.190453025345 0
0.964888242944 0.190453025345 0
0.970440384477 0.190453025345 0
0.975528258148 0.190453025345 0
0.980146842838 0.190453025345 0
0.984291580564 0.190453025345 0
0.987958380969 0.190453025345 0
0.991143625364 0.190453025345 0
0.993844170298 0.190453025345 0
0.996057350657 0.190453025345 0
0.997780982302 0.190453025345 0
0.999013364214 0.190453025345 0
0.999753280183 0.190453025345 0
1 0.190453025345 2
0 0.206107373854 4
0.000246719817134 0.206107373854 0
0.000986635785864 0.206107373854 0
0.00221901769846 0.206107373854 0
0.00394264934276 0.206107373854 0
0.00615582970243 0.206107373854 0
0.00885637463566 0.206107373854 0
0.0120416190306 0.206107373854 0
0.0157084194357 0.206107373854 0
0.0198531571615 0.206107373854 0
0.0244717418524 0.206107373854 0
0.0295596155229 0.206107373854 0
0.0351117570559 0.206107373854 0
0.041122687158 0.206107373854 0
0.047586473767 0.206107373854 0
0.0544967379058 0.206107373854 0
0.0618466599781 0.206107373854 0
0.069628986498 0.206107373854 0
0.077836037249 0.206107373854 0
0.0864597128627 0.206107373854 0
0.0954915028125 0.206107373854 0
0.104922493812 0.206107373854 0
0.114743378612 0.206107373854 0
0.124944465185 0.206107373854 0
0.135515686289 0.206107373854 0
0.146446609407 0.206107373854 0
0.157726447036 0.206107373854 0
0.169344067338 0.206107373854 0
0.181288005126 0.206107373854 0
0.193546473174 0.206107373854 0
0.206107373854 0.206107373854 0
0.218958311074 0.206107373854 0
0.232086602511 0.206107373854 0
0.245479292125 0.206107373854 0
0.259123162949 0.206107373854 0
0.27300475013 0.206107373854 0
0.287110354217 0.206107373854 0
0.301426054683 0.206107373854 0
0.315937723658 0.206107373854 0
0.330631039877 0.206107373854 0
0.345491502813 0.206107373854 0
0.36050444698 0.206107373854 0
0.375655056418 0.206107373854 0
0.390928379302 0.206107373854 0
0.406309342707 0.206107373854 0
0.42178276748 0.206107373854 0
0.437333383218 0.206107373854 0
0.452945843341 0.206107373854 0
0.468604740235 0.206107373854 0
0.484294620461 0.206107373854 0
0.5 0.206107373854 0
0.515705379539 0.206107373854 0
0.531395259765 0.206107373854 0
0.547054156659 0.206107373854 0
0.562666616782 0.206107373854 0
0.57821723252 0.206107373854 0
0.593690657293 0.206107373854 0
0.609071620698 0.206107373854 0
0.624344943582 0.206107373854 0
0.63949555302 0.206107373854 0
0.654508497187 0.206107373854 0
0.669368960123 0.206107373854 0
0.684062276342 0.206107373854 0
0.698573945317 0.206107373854 0
0.712889645783 0.206107373854 0
0.72699524987 0.206107373854 0
0.740876837051 0.206107373854 0
0.754520707875 0.206107373854 0
0.767913397489 0.206107373854 0
0.781041688926 0.206107373854 0
0.793892626146 0.206107373854 0
0.806453526826 0.206107373854 0
0.818711994874 0.206107373854 0
0.830655932662 0.206107373854 0
0.842273552964 0.206107373854 0
0.853553390593 0.206107373854 0
0.864484313711 0.206107373854 0
0.875055534815 0.206107373854 0
0.885256621388 0.206107373854 0
0.895077506188 0.206107373854 0
0.904508497187 0.206107373854 0
0.913540287137 0.206107373854 0
0.922163962751 0.206107373854 0
0.930371013502 0.206107373854 0
0.938153340022 0.206107373854 0
0.945503262094 0.206107373854 0
0.952413526233 0.206107373854 0
0.958877312842 0.206107373854 0
0.964888242944 0.206107373854 0
0.970440384477 0.206107373854 0
0.975528258148 0.206107373854 0
0.980146842838 0.206107373854 0
0.984291580564 0.206107373854 0
0.987958380969 0.206107373854 0
0.991143625364 0.206107373854 0
0.993844170298 0.206107373854 0
0.996057350657 0.206107373854 0
0.997780982302 0.206107373854 0
0.999013364214 0.206107373854 0
0.999753280183 0.206107373854 0
1 0.206107373854 2
0 0.22221488349 4
0.000246719817134 0.22221488349 0
0.000986635785864 0.22221488349 0
0.00221901769846 0.22221488349 0
0.00394264934276 0.22221488349 0
0.00615582970243 0.22221488349 0
0.00885637463566 0.22221488349 0
0.0120416190306 0.22221488349 0
0.0157084194357 0.22221488349 0
0.0198531571615 0.22221488349 0
0.0244717418524 0.22221488349 0
0.0295596155229 0.22221488349 0
0.0351117570559 0.22221488349 0
0.041122687158 0.22221488349 0
0.047586473767 0.22221488349 0
0.0544967379058 0.22221488349 0
0.0618466599781 0.22221488349 0
0.069628986498 0.22221488349 0
0.077836037249 0.22221488349 0
0.0864597128627 0.22221488349 0
0.0954915028125 0.22221488349 0
0.104922493812 0.22221488349 0
0.114743378612 0.22221488349 0
0.124944465185 0.22221488349 0
0.135515686289 0.22221488349 0
0.146446609407 0.22221488349 0
0.157726447036 0.22221488349 0
0.169344067338 0.22221488349 0
0.181288005126 0.22221488349 0
0.193546473174 0.22221488349 0
0.206107373854 0.22221488349 0
0.218958311074 0.22221488349 0
0.232086602511 0.22221488349 0
0.245479292125 0.22221488349 0
0.259123162949 0.22221488349 0
0.27300475013 0.22221488349 0
0.287110354217 0.22221488349 0
0.301426054683 0.22221488349 0
0.315937723658 0.22221488349 0
0.330631039877 0.22221488349 0
0.345491502813 0.22221488349 0
0.36050444698 0.22221488349 0
0.375655056418 0.22221488349 0
0.390928379302 0.22221488349 0
0.406309342707 0.22221488349 0
0.42178276748 0.22221488349 0
0.437333383218 0.22221488349 0
0.452945843341 0.22221488349 0
0.468604740235 0.22221488349 0
0.484294620461 0.22221488349 0
0.5 0.22221488349 0
0.515705379539 0.22221488349 0
0.531395259765 0.22221488349 0
0.547054156659 0.22221488349 0
0.562666616782 0.22221488349 0
0.57821723252 0.22221488349 0
0.593690657293 0.22221488349 0
0.609071620698 0.22221488349 0
0.624344943582 0.22221488349 0
0.63949555302 0.22221488349 0
0.654508497187 0.22221488349 0
0.669368960123 0.22221488349 0
0.684062276342 0.22221488349 0
0.698573945317 0.22221488349 0
0.712889645783 0.22221488349 0
0.72699524987 0.22221488349 0
0.740876837051 0.22221488349 0
0.754520707875 0.22221488349 0
0.767913397489 0.22221488349 0
0.781041688926 0.22221488349 0
0.793892626146 0.22221488349 0
0.806453526826 0.22221488349 0
0.818711994874 0.22221488349 0
0.830655932662 0.22221488349 0
0.842273552964 0.22221488349 0
0.853553390593 0.22221488349 0
0.864484313711 0.22221488349 0
0.875055534815 0.22221488349 0
0.885256621388 0.22221488349 0
0.895077506188 0.22221488349 0
0.904508497187 0.22221488349 0
0.913540287137 0.22221488349 0
0.922163962751 0.22221488349 0
0.930371013502 0.22221488349 0
0.938153340022 0.22221488349 0
0.945503262094 0.22221488349 0
0.952413526233 0.22221488349 0
0.958877312842 0.22221488349 0
0.964888242944 0.22221488349 0
0.970440384477 0.22221488349 0
0.975528258148 0.22221488349 0
0.980146842838 0.22221488349 0
0.984291580564 0.22221488349 0
0.987958380969 0.22221488349 0
0.991143625364 0.22221488349 0
0.993844170298 0.22221488349 0
0.996057350657 0.22221488349 0
0.997780982302 0.22221488349 0
0.999013364214 0.22221488349 0
0.999753280183 0.22221488349 0
1 0.22221488349 2
0 0.238750717642 4
0.000246719817134 0.238750717642 0
0.000986635785864 0.238750717642 0
0.00221901769846 0.238750717642 0
0.00394264934276 0.238750717642 0
0.00615582970243 0.238750717642 0
0.00885637463566 0.238750717642 0
0.0120416190306 0.238750717642 0
0.0157084194357 0.238750717642 0
0.0198531571615 0.238750717642 0
0.0244717418524 0.238750717642 0
0.0295596155229 0.238750717642 0
0.0351117570559 0.238750717642 0
0.041122687158 0.238750717642 0
0.047586473767 0.238750717642 0
0.0544967379058 0.238750717642 0
0.0618466599781 0.238750717642 0
0.069628986498 0.238750717642 0
0.077836037249 0.238750717642 0
0.0864597128627 0.238750717642 0
0.0954915028125 0.238750717642 0
0.104922493812 0.238750717642 0
0.114743378612 0.238750717642 0
0.124944465185 0.238750717642 0
0.135515686289 0.238750717642 0
0.146446609407 0.238750717642 0
0.157726447036 0.238750717642 0
0.169344067338 0.238750717642 0
0.181288005126 0.238750717642 0
0.193546473174 0.238750717642 0
0.206107373854 0.238750717642 0
0.218958311074 0.238750717642 0
0.232086602511 0.238750717642 0
0.245479292125 0.238750717642 0
0.259123162949 0.238750717642 0
0.27300475013 0.238750717642 0
0.287110354217 0.238750717642 0
0.301426054683 0.238750717642 0
0.315937723658 0.238750717642 0
0.330631039877 0.238750717642 0
0.345491502813 0.238750717642 0
0.36050444698 0.238750717642 0
0.375655056418 0.238750717642 0
0.390928379302 0.238750717642 0
0.406309342707 0.238750717642 0
0.42178276748 0.238750717642 0
0.437333383218 0.238750717642 0
0.452945843341 0.238750717642 0
0.468604740235 0.238750717642 0
0.484294620461 0.238750717642 0
0.5 0.238750717642 0
0.515705379539 0.238750717642 0
0.531395259765 0.238750717642 0
0.547054156659 0.238750717642 0
0.562666616782 0.238750717642 0
0.57821723252 0.238750717642 0
0.593690657293 0.238750717642 0
0.609071620698 0.238750717642 0
0.624344943582 0.238750717642 0
0.63949555302 0.238750717642 0
0.654508497187 0.238750717642 0
0.669368960123 0.238750717642 0
0.684062276342 0.238750717642 0
0.698573945317 0.238750717642 0
0.712889645783 0.238750717642 0
0.72699524987 0.238750717642 0
0.740876837051 0.238750717642 0
0.754520707875 0.238750717642 0
0.767913397489 0.238750717642 0
0.781041688926 0.238750717642 0
0.793892626146 0.238750717642 0
0.806453526826 0.238750717642 0
0.818711994874 0.238750717642 0
0.830655932662 0.238750717642 0
0.842273552964 0.238750717642 0
0.853553390593 0.238750717642 0
0.864484313711 0.238750717642 0
0.875055534815 0.238750717642 0
0.885256621388 0.238750717642 0
0.895077506188 0.238750717642 0
0.904508497187 0.238750717642 0
0.913540287137 0.238750717642 0
0.922163962751 0.238750717642 0
0.930371013502 0.238750717642 0
0.938153340022 0.238750717642 0
0.945503262094 0.238750717642 0
0.952413526233 0.238750717642 0
0.958877312842 0.238750717642 0
0.964888242944 0.238750717642 0
0.970440384477 0.238750717642 0
0.975528258148 0.238750717642 0
0.980146842838 0.238750717642 0
0.984291580564 0.238750717642 0
0.987958380969 0.238750717642 0
0.991143625364 0.238750717642 0
0.993844170298 0.238750717642 0
0.996057350657 0.238750717642 0
0.997780982302 0.238750717642 0
0.999013364214 0.238750717642 0
0.999753280183 0.238750717642 0
1 0.238750717642 2
0 0.255689379252 4
0.000246719817134 0.255689379252 0
0.000986635785864 0.255689379252 0
0.00221901769846 0.255689379252 0
0.00394264934276 0.255689379252 0
0.00615582970243 0.255689379252 0
0.00885637463566 0.255689379252 0
0.0120416190306 0.255689379252 0
0.0157084194357 0.255689379252 0
0.0198531571615 0.255689379252 0
0.0244717418524 0.255689379252 0
0.0295596155229 0.255689379252 0
0.0351117570559 0.255689379252 0
0.041122687158 0.255689379252 0
0.047586473767 0.255689379252 0
0.0544967379058 0.255689379252 0
0.0618466599781 0.255689379252 0
0.069628986498 0.255689379252 0
0.077836037249 0.255689379252 0
0.0864597128627 0.255689379252 0
0.0954915028125 0.255689379252 0
0.104922493812 0.255689379252 0
0.114743378612 0.255689379252 0
0.124944465185 0.255689379252 0
0.135515686289 0.255689379252 0
0.146446609407 0.255689379252 0
0.157726447036 0.255689379252 0
0.169344067338 0.255689379252 0
0.181288005126 0.255689379252 0
0.193546473174 0.255689379252 0
0.206107373854 0.255689379252 0
0.218958311074 0.255689379252 0
0.232086602511 0.255689379252 0
0.245479292125 0.255689379252 0
0.259123162949 0.255689379252 0
0.27300475013 0.255689379252 0
0.287110354217 0.255689379252 0
0.301426054683 0.255689379252 0
0.315937723658 0.255689379252 0
0.330631039877 0.255689379252 0
0.345491502813 0.255689379252 0
0.36050444698 0.255689379252 0
0.375655056418 0.255689379252 0
0.390928379302 0.255689379252 0
0.406309342707 0.255689379252 0
0.42178276748 0.255689379252 0
0.437333383218 0.255689379252 0
0.452945843341 0.255689379252 0
0.468604740235 0.255689379252 0
0.484294620461 0.255689379252 0
0.5 0.255689379252 0
0.515705379539 0.255689379252 0
0.531395259765 0.255689379252 0
0.547054156659 0.255689379252 0
0.562666616782 0.255689379252 0
0.57821723252 0.255689379252 0
0.593690657293 0.255689379252 0
0.609071620698 0.255689379252 0
0.624344943582 0.255689379252 0
0.63949555302 0.255689379252 0
0.654508497187 0.255689379252 0
0.669368960123 0.255689379252 0
0.684062276342 0.255689379252 0
0.698573945317 0.255689379252 0
0.712889645783 0.255689379252 0
0.72699524987 0.255689379252 0
0.740876837051 0.255689379252 0
0.754520707875 0.255689379252 0
0.767913397489 0.255689379252 0
0.781041688926 0.255689379252 0
0.793892626146 0.255689379252 0
0.806453526826 0.255689379252 0
0.818711994874 0.255689379252 0
0.830655932662 0.255689379252 0
0.842273552964 0.255689379252 0
0.853553390593 0.255689379252 0
0.864484313711 0.255689379252 0
0.875055534815 0.255689379252 0
0.885256621388 0.255689379252 0
0.895077506188 0.255689379252 0
0.904508497187 0.255689379252 0
0.913540287137 0.255689379252 0
0.922163962751 0.255689379252 0
0.930371013502 0.255689379252 0
0.938153340022 0.255689379252 0
0.945503262094 0.255689379252 0
0.952413526233 0.255689379252 0
0.958877312842 0.255689379252 0
0.964888242944 0.255689379252 0
0.970440384477 0.255689379252 0
0.975528258148 0.255689379252 0
0.980146842838 0.255689379252 0
0.984291580564 0.255689379252 0
0.987958380969 0.255689379252 0
0.991143625364 0.255689379252 0
0.993844170298 0.255689379252 0
0.996057350657 0.255689379252 0
0.997780982302 0.255689379252 0
0.999013364214 0.255689379252 0
0.999753280183 0.255689379252 0
1 0.255689379252 2
0 0.27300475013 4
0.000246719817134 0.27300475013 0
0.000986635785864 0.27300475013 0
0.00221901769846 0.27300475013 0
0.00394264934276 0.27300475013 0
0.00615582970243 0.27300475013 0
0.00885637463566 0.27300475013 0
0.0120416190306 0.27300475013 0
0.0157084194357 0.27300475013 0
0.0198531571615 0.27300475013 0
0.0244717418524 0.27300475013 0
0.0295596155229 0.27300475013 0
0.0351117570559 0.27300475013 0
0.041122687158 0.27300475013 0
0.047586473767 0.27300475013 0
0.0544967379058 0.27300475013 0
0.0618466599781 0.27300475013 0
0.069628986498 0.27300475013 0
0.077836037249 0.27300475013 0
0.0864597128627 0.27300475013 0
0.0954915028125 0.27300475013 0
0.104922493812 0.27300475013 0
0.114743378612 0.27300475013 0
0.124944465185 0.27300475013 0
0.135515686289 0.27300475013 0
0.146446609407 0.27300475013 0
0.157726447036 0.27300475013 0
0.169344067338 0.27300475013 0
0.181288005126 0.27300475013 0
0.193546473174 0.27300475013 0
0.206107373854 0.27300475013 0
0.218958311074 0.27300475013 0
0.232086602511 0.27300475013 0
0.245479292125 0.27300475013 0
0.259123162949 0.27300475013 0
0.27300475013 0.27300475013 0
0.287110354217 0.27300475013 0
0.301426054683 0.27300475013 0
0.315937723658 0.27300475013 0
0.330631039877 0.27300475013 0
0.345491502813 0.27300475013 0
0.36050444698 0.27300475013 0
0.375655056418 0.27300475013 0
0.390928379302 0.27300475013 0
0.406309342707 0.27300475013 0
0.42178276748 0.27300475013 0
0.437333383218 0.27300475013 0
0.452945843341 0.27300475013 0
0.468604740235 0.27300475013 0
0.484294620461 0.27300475013 0
0.5 0.27300475013 0
0.515705379539 0.27300475013 0
0.531395259765 0.27300475013 0
0.547054156659 0.27300475013 0
0.562666616782 0.27300475013 0
0.57821723252 0.27300475013 0
0.593690657293 0.27300475013 0
0.609071620698 0.27300475013 0
0.624344943582 0.27300475013 0
0.63949555302 0.27300475013 0
0.654508497187 0.27300475013 0
0.669368960123 0.27300475013 0
0.684062276342 0.27300475013 0
0.698573945317 0.27300475013 0
0.712889645783 0.27300475013 0
0.72699524987 0.27300475013 0
0.740876837051 0.27300475013 0
0.754520707875 0.27300475013 0
0.767913397489 0.27300475013 0
0.781041688926 0.27300475013 0
0.793892626146 0.27300475013 0
0.806453526826 0.27300475013 0
0.818711994874 0.27300475013 0
0.830655932662 0.27300475013 0
0.842273552964 0.27300475013 0
0.853553390593 0.27300475013 0
0.864484313711 0.27300475013 0
0.875055534815 0.27300475013 0
0.885256621388 0.27300475013 0
0.895077506188 0.27300475013 0
0.904508497187 0.27300475013 0
0.913540287137 0.27300475013 0
0.922163962751 0.27300475013 0
0.930371013502 0.27300475013 0
0.938153340022 0.27300475013 0
0.945503262094 0.27300475013 0
0.952413526233 0.27300475013 0
0.958877312842 0.27300475013 0
0.964888242944 0.27300475013 0
0.970440384477 0.27300475013 0
0.975528258148 0.27300475013 0
0.980146842838 0.27300475013 0
0.984291580564 0.27300475013 0
0.987958380969 0.27300475013 0
0.991143625364 0.27300475013 0
0.993844170298 0.27300475013 0
0.996057350657 0.27300475013 0
0.997780982302 0.27300475013 0
0.999013364214 0.27300475013 0
0.999753280183 0.27300475013 0
1 0.27300475013 2
0 0.290670131231 4
0.000246719817134 0.290670131231 0
0.000986635785864 0.290670131231 0
0.00221901769846 0.290670131231 0
0.00394264934276 0.290670131231 0
0.00615582970243 0.290670131231 0
0.00885637463566 0.290670131231 0
0.0120416190306 0.290670131231 0
0.0157084194357 0.290670131231 0
0.0198531571615 0.290670131231 0
0.0244717418524 0.290670131231 0
0.0295596155229 0.290670131231 0
0.0351117570559 0.290670131231 0
0.041122687158 0.290670131231 0
0.047586473767 0.290670131231 0
0.0544967379058 0.290670131231 0
0.0618466599781 0.290670131231 0
0.069628986498 0.290670131231 0
0.077836037249 0.290670131231 0
0.0864597128627 0.290670131231 0
0.0954915028125 0.290670131231 0
0.104922493812 0.290670131231 0
0.114743378612 0.290670131231 0
0.124944465185 0.290670131231 0
0.135515686289 0.290670131231 0
0.146446609407 0.290670131231 0
0.157726447036 0.290670131231 0
0.169344067338 0.290670131231 0
0.181288005126 0.290670131231 0
0.193546473174 0.290670131231 0
0.206107373854 0.290670131231 0
0.218958311074 0.290670131231 0
0.232086602511 0.290670131231 0
0.245479292125 0.290670131231 0
0.259123162949 0.290670131231 0
0.27300475013 0.290670131231 0
0.287110354217 0.290670131231 0
0.301426054683 0.290670131231 0
0.315937723658 0.290670131231 0
0.330631039877 0.290670131231 0
0.345491502813 0.290670131231 0
0.36050444698 0.290670131231 0
0.375655056418 0.290670131231 0
0.390928379302 0.290670131231 0
0.406309342707 0.290670131231 0
0.42178276748 0.290670131231 0
0.437333383218 0.290670131231 0
0.452945843341 0.290670131231 0
0.468604740235 0.290670131231 0
0.484294620461 0.290670131231 0
0.5 0.290670131231 0
0.515705379539 0.290670131231 0
0.531395259765 0.290670131231 0
0.547054156659 0.290670131231 0
0.562666616782 0.290670131231 0
0.57821723252 0.290670131231 0
0.593690657293 0.290670131231 0
0.609071620698 0.290670131231 0
0.624344943582 0.290670131231 0
0.63949555302 0.290670131231 0
0.654508497187 0.290670131231 0
0.669368960123 0.290670131231 0
0.684062276342 0.290670131231 0
0.698573945317 0.290670131231 0
0.712889645783 0.290670131231 0
0.72699524987 0.290670131231 0
0.740876837051 0.290670131231 0
0.754520707875 0.290670131231 0
0.767913397489 0.290670131231 0
0.781041688926 0.290670131231 0
0.793892626146 0.290670131231 0
0.806453526826 0.290670131231 0
0.818711994874 0.290670131231 0
0.830655932662 0.290670131231 0
0.842273552964 0.290670131231 0
0.853553390593 0.290670131231 0
0.864484313711 0.290670131231 0
0.875055534815 0.290670131231 0
0.885256621388 0.290670131231 0
0.895077506188 0.290670131231 0
0.904508497187 0.290670131231 0
0.913540287137 0.290670131231 0
0.922163962751 0.290670131231 0
0.930371013502 0.290670131231 0
0.938153340022 0.290670131231 0
0.945503262094 0.290670131231 0
0.952413526233 0.290670131231 0
0.958877312842 0.290670131231 0
0.964888242944 0.290670131231 0
0.970440384477 0.290670131231 0
0.975528258148 0.290670131231 0
0.980146842838 0.290670131231 0
0.984291580564 0.290670131231 0
0.987958380969 0.290670131231 0
0.991143625364 0.290670131231 0
0.993844170298 0.290670131231 0
0.996057350657 0.290670131231 0
0.997780982302 0.290670131231 0
0.999013364214 0.290670131231 0
0.999753280183 0.290670131231 0
1 0.290670131231 2
0 0.308658283817 4
0.000246719817134 0.308658283817 0
0.000986635785864 0.308658283817 0
0.00221901769846 0.308658283817 0
0.00394264934276 0.308658283817 0
0.00615582970243 0.308658283817 0
0.00885637463566 0.308658283817 0
0.0120416190306 0.308658283817 0
0.0157084194357 0.308658283817 0
0.0198531571615 0.308658283817 0
0.0244717418524 0.308658283817 0
0.0295596155229 0.308658283817 0
0.0351117570559 0.308658283817 0
0.041122687158 0.308658283817 0
0.047586473767 0.308658283817 0
0.0544967379058 0.308658283817 0
0.0618466599781 0.308658283817 0
0.069628986498 0.308658283817 0
0.077836037249 0.308658283817 0
0.0864597128627 0.308658283817 0
0.0954915028125 0.308658283817 0
0.104922493812 0.308658283817 0
0.114743378612 0.308658283817 0
0.124944465185 0.308658283817 0
0.135515686289 0.308658283817 0
0.146446609407 0.308658283817 0
0.157726447036 0.308658283817 0
0.169344067338 0.308658283817 0
0.181288005126 0.308658283817 0
0.193546473174 0.308658283817 0
0.206107373854 0.308658283817 0
0.218958311074 0.308658283817 0
0.232086602511 0.308658283817 0
0.245479292125 0.308658283817 0
0.259123162949 0.308658283817 0
0.27300475013 0.308658283817 0
0.287110354217 0.308658283817 0
0.301426054683 0.308658283817 0
0.315937723658 0.308658283817 0
0.330631039877 0.308658283817 0
0.345491502813 0.308658283817 0
0.36050444698 0.308658283817 0
0.375655056418 0.308658283817 0
0.390928379302 0.308658283817 0
0.406309342707 0.308658283817 0
0.42178276748 0.308658283817 0
0.437333383218 0.308658283817 0
0.452945843341 0.308658283817 0
0.468604740235 0.308658283817 0
0.484294620461 0.308658283817 0
0.5 0.308658283817 0
0.515705379539 0.308658283817 0
0.531395259765 0.308658283817 0
0.547054156659 0.308658283817 0
0.562666616782 0.308658283817 0
0.57821723252 0.308658283817 0
0.593690657293 0.308658283817 0
0.609071620698 0.308658283817 0
0.624344943582 0.308658283817 0
0.63949555302 0.308658283817 0
0.654508497187 0.308658283817 0
0.669368960123 0.308658283817 0
0.684062276342 0.308658283817 0
0.698573945317 0.308658283817 0
0.712889645783 0.308658283817 0
0.72699524987 0.308658283817 0
0.740876837051 0.308658283817 0
0.754520707875 0.308658283817 0
0.767913397489 0.308658283817 0
0.781041688926 0.308658283817 0
0.793892626146 0.308658283817 0
0.806453526826 0.308658283817 0
0.818711994874 0.308658283817 0
0.830655932662 0.308658283817 0
0.842273552964 0.308658283817 0
0.853553390593 0.308658283817 0
0.864484313711 0.308658283817 0
0.875055534815 0.308658283817 0
0.885256621388 0.308658283817 0
0.895077506188 0.308658283817 0
0.904508497187 0.308658283817 0
0.913540287137 0.308658283817 0
0.922163962751 0.308658283817 0
0.930371013502 0.308658283817 0
0.938153340022 0.308658283817 0
0.945503262094 0.308658283817 0
0.952413526233 0.308658283817 0
0.958877312842 0.308658283817 0
0.964888242944 0.308658283817 0
0.970440384477 0.308658283817 0
0.975528258148 0.308658283817 0
0.980146842838 0.308658283817 0
0.984291580564 0.308658283817 0
0.987958380969 0.308658283817 0
0.991143625364 0.308658283817 0
0.993844170298 0.308658283817 0
0.996057350657 0.308658283817 0
0.997780982302 0.308658283817 0
0.999013364214 0.308658283817 0
0.999753280183 0.308658283817 0
1 0.308658283817 2
0 0.326941471461 4
0.000246719817134 0.326941471461 0
0.000986635785864 0.326941471461 0
0.00221901769846 0.326941471461 0
0.00394264934276 0.326941471461 0
0.00615582970243 0.326941471461 0
0.00885637463566 0.326941471461 0
0.0120416190306 0.326941471461 0
0.0157084194357 0.326941471461 0
0.0198531571615 0.326941471461 0
0.0244717418524 0.326941471461 0
0.0295596155229 0.326941471461 0
0.0351117570559 0.326941471461 0
0.041122687158 0.326941471461 0
0.047586473767 0.326941471461 0
0.0544967379058 0.326941471461 0
0.0618466599781 0.326941471461 0
0.069628986498 0.326941471461 0
0.077836037249 0.326941471461 0
0.0864597128627 0.326941471461 0
0.0954915028125 0.326941471461 0
0.104922493812 0.326941471461 0
0.114743378612 0.326941471461 0
0.124944465185 0.326941471461 0
0.135515686289 0.326941471461 0
0.146446609407 0.326941471461 0
0.157726447036 0.326941471461 0
0.169344067338 0.326941471461 0
0.181288005126 0.326941471461 0
0.193546473174 0.326941471461 0
0.206107373854 0.326941471461 0
0.218958311074 0.326941471461 0
0.232086602511 0.326941471461 0
0.245479292125 0.326941471461 0
0.259123162949 0.326941471461 0
0.27300475013 0.326941471461 0
0.287110354217 0.326941471461 0
0.301426054683 0.326941471461 0
0.315937723658 0.326941471461 0
0.330631039877 0.326941471461 0
0.345491502813 0.326941471461 0
0.36050444698 0.326941471461 0
0.375655056418 0.326941471461 0
0.390928379302 0.326941471461 0
0.406309342707 0.326941471461 0
0.42178276748 0.326941471461 0
0.437333383218 0.326941471461 0
0.452945843341 0.326941471461 0
0.468604740235 0.326941471461 0
0.484294620461 0.326941471461 0
0.5 0.326941471461 0
0.515705379539 0.326941471461 0
0.531395259765 0.326941471461 0
0.547054156659 0.326941471461 0
0.562666616782 0.326941471461 0
0.57821723252 0.326941471461 0
0.593690657293 0.326941471461 0
0.609071620698 0.326941471461 0
0.624344943582 0.326941471461 0
0.63949555302 0.326941471461 0
0.654508497187 0.326941471461 0
0.669368960123 0.326941471461 0
0.684062276342 0.326941471461 0
0.698573945317 0.326941471461 0
0.712889645783 0.326941471461 0
0.72699524987 0.326941471461 0
0.740876837051 0.326941471461 0
0.754520707875 0.326941471461 0
0.767913397489 0.326941471461 0
0.781041688926 0.326941471461 0
0.793892626146 0.326941471461 0
0.806453526826 0.326941471461 0
0.818711994874 0.326941471461 0
0.830655932662 0.326941471461 0
0.842273552964 0.326941471461 0
0.853553390593 0.326941471461 0
0.864484313711 0.326941471461 0
0.875055534815 0.326941471461 0
0.885256621388 0.326941471461 0
0.895077506188 0.326941471461 0
0.904508497187 0.326941471461 0
0.913540287137 0.326941471461 0
0.922163962751 0.326941471461 0
0.930371013502 0.326941471461 0
0.938153340022 0.326941471461 0
0.945503262094 0.326941471461 0
0.952413526233 0.326941471461 0
0.958877312842 0.326941471461 0
0.964888242944 0.326941471461 0
0.970440384477 0.326941471461 0
0.975528258148 0.326941471461 0
0.980146842838 0.326941471461 0
0.984291580564 0.326941471461 0
0.987958380969 0.326941471461 0
0.991143625364 0.326941471461 0
0.993844170298 0.326941471461 0
0.996057350657 0.326941471461 0
0.997780982302 0.326941471461 0
0.999013364214 0.326941471461 0
0.999753280183 0.326941471461 0
1 0.326941471461 2
0 0.345491502813 4
0.000246719817134 0.345491502813 0
0.000986635785864 0.345491502813 0
0.00221901769846 0.345491502813 0
0.00394264934276 0.345491502813 0
0.00615582970243 0.345491502813 0
0.00885637463566 0.345491502813 0
0.0120416190306 0.345491502813 0
0.0157084194357 0.345491502813 0
0.0198531571615 0.345491502813 0
0.0244717418524 0.345491502813 0
0.0295596155229 0.345491502813 0
0.0351117570559 0.345491502813 0
0.041122687158 0.345491502813 0
0.047586473767 0.345491502813 0
0.0544967379058 0.345491502813 0
0.0618466599781 0.345491502813 0
0.069628986498 0.345491502813 0
0.077836037249 0.345491502813 0
0.0864597128627 0.345491502813 0
0.0954915028125 0.345491502813 0
0.104922493812 0.345491502813 0
0.114743378612 0.345491502813 0
0.124944465185 0.345491502813 0
0.135515686289 0.345491502813 0
0.146446609407 0.345491502813 0
0.157726447036 0.345491502813 0
0.169344067338 0.345491502813 0
0.181288005126 0.345491502813 0
0.193546473174 0.345491502813 0
0.206107373854 0.345491502813 0
0.218958311074 0.345491502813 0
0.232086602511 0.345491502813 0
0.245479292125 0.345491502813 0
0.259123162949 0.345491502813 0
0.27300475013 0.345491502813 0
0.287110354217 0.345491502813 0
0.301426054683 0.345491502813 0
0.315937723658 0.345491502813 0
0.330631039877 0.345491502813 0
0.345491502813 0.345491502813 0
0.36050444698 0.345491502813 0
0.375655056418 0.345491502813 0
0.390928379302 0.345491502813 0
0.406309342707 0.345491502813 0
0.42178276748 0.345491502813 0
0.437333383218 0.345491502813 0
0.452945843341 0.345491502813 0
0.468604740235 0.345491502813 0
0.484294620461 0.345491502813 0
0.5 0.345491502813 0
0.515705379539 0.345491502813 0
0.531395259765 0.345491502813 0
0.547054156659 0.345491502813 0
0.562666616782 0.345491502813 0
0.57821723252 0.345491502813 0
0.593690657293 0.345491502813 0
0.609071620698 0.345491502813 0
0.624344943582 0.345491502813 0
0.63949555302 0.345491502813 0
0.654508497187 0.345491502813 0
0.669368960123 0.345491502813 0
0.684062276342 0.345491502813 0
0.698573945317 0.345491502813 0
0.712889645783 0.345491502813 0
0.72699524987 0.345491502813 0
0.740876837051 0.345491502813 0
0.754520707875 0.345491502813 0
0.767913397489 0.345491502813 0
0.781041688926 0.345491502813 0
0.793892626146 0.345491502813 0
0.806453526826 0.345491502813 0
0.818711994874 0.345491502813 0
0.830655932662 0.345491502813 0
0.842273552964 0.345491502813 0
0.853553390593 0.345491502813 0
0.864484313711 0.345491502813 0
0.875055534815 0.345491502813 0
0.885256621388 0.345491502813 0
0.895077506188 0.345491502813 0
0.904508497187 0.345491502813 0
0.913540287137 0.345491502813 0
0.922163962751 0.345491502813 0
0.930371013502 0.345491502813 0
0.938153340022 0.345491502813 0
0.945503262094 0.345491502813 0
0.952413526233 0.345491502813 0
0.958877312842 0.345491502813 0
0.964888242944 0.345491502813 0
0.970440384477 0.345491502813 0
0.975528258148 0.345491502813 0
0.980146842838 0.345491502813 0
0.984291580564 0.345491502813 0
0.987958380969 0.345491502813 0
0.991143625364 0.345491502813 0
0.993844170298 0.345491502813 0
0.996057350657 0.345491502813 0
0.997780982302 0.345491502813 0
0.999013364214 0.345491502813 0
0.999753280183 0.345491502813 0
1 0.345491502813 2
0 0.364279775067 4
0.000246719817134 0.364279775067 0
0.000986635785864 0.364279775067 0
0.00221901769846 0.364279775067 0
0.00394264934276 0.364279775067 0
0.00615582970243 0.364279775067 0
0.00885637463566 0.364279775067 0
0.0120416190306 0.364279775067 0
0.0157084194357 0.364279775067 0
0.0198531571615 0.364279775067 0
0.0244717418524 0.364279775067 0
0.0295596155229 0.364279775067 0
0.0351117570559 0.364279775067 0
0.041122687158 0.364279775067 0
0.047586473767 0.364279775067 0
0.0544967379058 0.364279775067 0
0.0618466599781 0.364279775067 0
0.069628986498 0.364279775067 0
0.077836037249 0.364279775067 0
0.0864597128627 0.364279775067 0
0.0954915028125 0.364279775067 0
0.104922493812 0.364279775067 0
0.114743378612 0.364279775067 0
0.124944465185 0.364279775067 0
0.135515686289 0.364279775067 0
0.146446609407 0.364279775067 0
0.157726447036 0.364279775067 0
0.169344067338 0.364279775067 0
0.181288005126 0.364279775067 0
0.193546473174 0.364279775067 0
0.206107373854 0.364279775067 0
0.218958311074 0.364279775067 0
0.232086602511 0.364279775067 0
0.245479292125 0.364279775067 0
0.259123162949 0.364279775067 0
0.27300475013 0.364279775067 0
0.287110354217 0.364279775067 0
0.301426054683 0.364279775067 0
0.315937723658 0.364279775067 0
0.330631039877 0.364279775067 0
0.345491502813 0.364279775067 0
0.36050444698 0.364279775067 0
0.375655056418 0.364279775067 0
0.390928379302 0.364279775067 0
0.406309342707 0.364279775067 0
0.42178276748 0.364279775067 0
0.437333383218 0.364279775067 0
0.452945843341 0.364279775067 0
0.468604740235 0.364279775067 0
0.484294620461 0.364279775067 0
0.5 0.364279775067 0
0.515705379539 0.364279775067 0
0.531395259765 0.364279775067 0
0.547054156659 0.364279775067 0
0.562666616782 0.364279775067 0
0.57821723252 0.364279775067 0
0.593690657293 0.364279775067 0
0.609071620698 0.364279775067 0
0.624344943582 0.364279775067 0
0.63949555302 0.364279775067 0
0.654508497187 0.364279775067 0
0.669368960123 0.364279775067 0
0.684062276342 0.364279775067 0
0.698573945317 0.364279775067 0
0.712889645783 0.364279775067 0
0.72699524987 0.364279775067 0
0.740876837051 0.364279775067 0
0.754520707875 0.364279775067 0
0.767913397489 0.364279775067 0
0.781041688926 0.364279775067 0
0.793892626146 0.364279775067 0
0.806453526826 0.364279775067 0
0.818711994874 0.364279775067 0
0.830655932662 0.364279775067 0
0.842273552964 0.364279775067 0
0.853553390593 0.364279775067 0
0.864484313711 0.364279775067 0
0.875055534815 0.364279775067 0
0.885256621388 0.364279775067 0
0.895077506188 0.364279775067 0
0.904508497187 0.364279775067 0
0.913540287137 0.364279775067 0
0.922163962751 0.364279775067 0
0.930371013502 0.364279775067 0
0.938153340022 0.364279775067 0
0.945503262094 0.364279775067 0
0.952413526233 0.364279775067 0
0.958877312842 0.364279775067 0
0.964888242944 0.364279775067 0
0.970440384477 0.364279775067 0
0.975528258148 0.364279775067 0
0.980146842838 0.364279775067 0
0.984291580564 0.364279775067 0
0.987958380969 0.364279775067 0
0.991143625364 0.364279775067 0
0.993844170298 0.364279775067 0
0.996057350657 0.364279775067 0
0.997780982302 0.364279775067 0
0.999013364214 0.364279775067 0
0.999753280183 0.364279775067 0
1 0.364279775067 2
0 0.383277318072 4
0.000246719817134 0.383277318072 0
0.000986635785864 0.383277318072 0
0.00221901769846 0.383277318072 0
0.00394264934276 0.383277318072 0
0.00615582970243 0.383277318072 0
0.00885637463566 0.383277318072 0
0.0120416190306 0.383277318072 0
0.0157084194357 0.383277318072 0
0.0198531571615 0.383277318072 0
0.0244717418524 0.383277318072 0
0.0295596155229 0.383277318072 0
0.0351117570559 0.383277318072 0
0.041122687158 0.383277318072 0
0.047586473767 0.383277318072 0
0.0544967379058 0.383277318072 0
0.0618466599781 0.383277318072 0
0.069628986498 0.383277318072 0
0.077836037249 0.383277318072 0
0.0864597128627 0.383277318072 0
0.0954915028125 0.383277318072 0
0.104922493812 0.383277318072 0
0.114743378612 0.383277318072 0
0.124944465185 0.383277318072 0
0.135515686289 0.383277318072 0
0.146446609407 0.383277318072 0
0.157726447036 0.383277318072 0
0.169344067338 0.383277318072 0
0.181288005126 0.383277318072 0
0.193546473174 0.383277318072 0
0.206107373854 0.383277318072 0
0.218958311074 0.383277318072 0
0.232086602511 0.383277318072 0
0.245479292125 0.383277318072 0
0.259123162949 0.383277318072 0
0.27300475013 0.383277318072 0
0.287110354217 0.383277318072 0
0.301426054683 0.383277318072 0
0.315937723658 0.383277318072 0
0.330631039877 0.383277318072 0
0.345491502813 0.383277318072 0
0.36050444698 0.383277318072 0
0.375655056418 0.383277318072 0
0.390928379302 0.383277318072 0
0.406309342707 0.383277318072 0
0.42178276748 0.383277318072 0
0.437333383218 0.383277318072 0
0.452945843341 0.383277318072 0
0.468604740235 0.383277318072 0
0.484294620461 0.383277318072 0
0.5 0.383277318072 0
0.515705379539 0.383277318072 0
0.531395259765 0.383277318072 0
0.547054156659 0.383277318072 0
0.562666616782 0.383277318072 0
0.57821723252 0.383277318072 0
0.593690657293 0.383277318072 0
0.609071620698 0.383277318072 0
0.624344943582 0.383277318072 0
0.63949555302 0.383277318072 0
0.654508497187 0.383277318072 0
0.669368960123 0.383277318072 0
0.684062276342 0.383277318072 0
0.698573945317 0.383277318072 0
0.712889645783 0.383277318072 0
0.72699524987 0.383277318072 0
0.740876837051 0.383277318072 0
0.754520707875 0.383277318072 0
0.767913397489 0.383277318072 0
0.781041688926 0.383277318072 0
0.793892626146 0.383277318072 0
0.806453526826 0.383277318072 0
0.818711994874 0.383277318072 0
0.830655932662 0.383277318072 0
0.842273552964 0.383277318072 0
0.853553390593 0.383277318072 0
0.864484313711 0.383277318072 0
0.875055534815 0.383277318072 0
0.885256621388 0.383277318072 0
0.895077506188 0.383277318072 0
0.904508497187 0.383277318072 0
0.913540287137 0.383277318072 0
0.922163962751 0.383277318072 0
0.930371013502 0.383277318072 0
0.938153340022 0.383277318072 0
0.945503262094 0.383277318072 0
0.952413526233 0.383277318072 0
0.958877312842 0.383277318072 0
0.964888242944 0.383277318072 0
0.970440384477 0.383277318072 0
0.975528258148 0.383277318072 0
0.980146842838 0.383277318072 0
0.984291580564 0.383277318072 0
0.987958380969 0.383277318072 0
0.991143625364 0.383277318072 0
0.993844170298 0.383277318072 0
0.996057350657 0.383277318072 0
0.997780982302 0.383277318072 0
0.999013364214 0.383277318072 0
0.999753280183 0.383277318072 0
1 0.383277318072 2
0 0.402454838992 4
0.000246719817134 0.402454838992 0
0.000986635785864 0.402454838992 0
0.00221901769846 0.402454838992 0
0.00394264934276 0.402454838992 0
0.00615582970243 0.402454838992 0
0.00885637463566 0.402454838992 0
0.0120416190306 0.402454838992 0
0.0157084194357 0.402454838992 0
0.0198531571615 0.402454838992 0
0.0244717418524 0.402454838992 0
0.0295596155229 0.402454838992 0
0.0351117570559 0.402454838992 0
0.041122687158 0.402454838992 0
0.047586473767 0.402454838992 0
0.0544967379058 0.402454838992 0
0.0618466599781 0.402454838992 0
0.069628986498 0.402454838992 0
0.077836037249 0.402454838992 0
0.0864597128627 0.402454838992 0
0.0954915028125 0.402454838992 0
0.104922493812 0.402454838992 0
0.114743378612 0.402454838992 0
0.124944465185 0.402454838992 0
0.135515686289 0.402454838992 0
0.146446609407 0.402454838992 0
0.157726447036 0.402454838992 0
0.169344067338 0.402454838992 0
0.181288005126 0.402454838992 0
0.193546473174 0.402454838992 0
0.206107373854 0.402454838992 0
0.218958311074 0.402454838992 0
0.232086602511 0.402454838992 0
0.245479292125 0.402454838992 0
0.259123162949 0.402454838992 0
0.27300475013 0.402454838992 0
0.287110354217 0.402454838992 0
0.301426054683 0.402454838992 0
0.315937723658 0.402454838992 0
0.330631039877 0.402454838992 0
0.345491502813 0.402454838992 0
0.36050444698 0.402454838992 0
0.375655056418 0.402454838992 0
0.390928379302 0.402454838992 0
0.406309342707 0.402454838992 0
0.42178276748 0.402454838992 0
0.437333383218 0.402454838992 0
0.452945843341 0.402454838992 0
0.468604740235 0.402454838992 0
0.484294620461 0.402454838992 0
0.5 0.402454838992 0
0.515705379539 0.402454838992 0
0.531395259765 0.402454838992 0
0.547054156659 0.402454838992 0
0.562666616782 0.402454838992 0
0.57821723252 0.402454838992 0
0.593690657293 0.402454838992 0
0.609071620698 0.402454838992 0
0.624344943582 0.402454838992 0
0.63949555302 0.402454838992 0
0.654508497187 0.402454838992 0
0.669368960123 0.402454838992 0
0.684062276342 0.402454838992 0
0.698573945317 0.402454838992 0
0.712889645783 0.402454838992 0
0.72699524987 0.402454838992 0
0.740876837051 0.402454838992 0
0.754520707875 0.402454838992 0
0.767913397489 0.402454838992 0
0.781041688926 0.402454838992 0
0.793892626146 0.402454838992 0
0.806453526826 0.402454838992 0
0.818711994874 0.402454838992 0
0.830655932662 0.402454838992 0
0.842273552964 0.402454838992 0
0.853553390593 0.402454838992 0
0.864484313711 0.402454838992 0
0.875055534815 0.402454838992 0
0.885256621388 0.402454838992 0
0.895077506188 0.402454838992 0
0.904508497187 0.402454838992 0
0.913540287137 0.402454838992 0
0.922163962751 0.402454838992 0
0.930371013502 0.402454838992 0
0.938153340022 0.402454838992 0
0.945503262094 0.402454838992 0
0.952413526233 0.402454838992 0
0.958877312842 0.402454838992 0
0.964888242944 0.402454838992 0
0.970440384477 0.402454838992 0
0.975528258148 0.402454838992 0
0.980146842838 0.402454838992 0
0.984291580564 0.402454838992 0
0.987958380969 0.402454838992 0
0.991143625364 0.402454838992 0
0.993844170298 0.402454838992 0
0.996057350657 0.402454838992 0
0.997780982302 0.402454838992 0
0.999013364214 0.402454838992 0
0.999753280183 0.402454838992 0
1 0.402454838992 2
0 0.42178276748 4
0.000246719817134 0.42178276748 0
0.000986635785864 0.42178276748 0
0.00221901769846 0.42178276748 0
0.00394264934276 0.42178276748 0
0.00615582970243 0.42178276748 0
0.00885637463566 0.42178276748 0
0.0120416190306 0.42178276748 0
0.0157084194357 0.42178276748 0
0.0198531571615 0.42178276748 0
0.0244717418524 0.42178276748 0
0.0295596155229 0.42178276748 0
0.0351117570559 0.42178276748 0
0.041122687158 0.42178276748 0
0.047586473767 0.42178276748 0
0.0544967379058 0.42178276748 0
0.0618466599781 0.42178276748 0
0.069628986498 0.42178276748 0
0.077836037249 0.42178276748 0
0.0864597128627 0.42178276748 0
0.0954915028125 0.42178276748 0
0.104922493812 0.42178276748 0
0.114743378612 0.42178276748 0
0.124944465185 0.42178276748 0
0.135515686289 0.42178276748 0
0.146446609407 0.42178276748 0
0.157726447036 0.42178276748 0
0.169344067338 0.42178276748 0
0.181288005126 0.42178276748 0
0.193546473174 0.42178276748 0
0.206107373854 0.42178276748 0
0.218958311074 0.42178276748 0
0.232086602511 0.42178276748 0
0.245479292125 0.42178276748 0
0.259123162949 0.42178276748 0
0.27300475013 0.42178276748 0
0.287110354217 0.42178276748 0
0.301426054683 0.42178276748 0
0.315937723658 0.42178276748 0
0.330631039877 0.42178276748 0
0.345491502813 0.42178276748 0
0.36050444698 0.42178276748 0
0.375655056418 0.42178276748 0
0.390928379302 0.42178276748 0
0.406309342707 0.42178276748 0
0.42178276748 0.42178276748 0
0.437333383218 0.42178276748 0
0.452945843341 0.42178276748 0
0.468604740235 0.42178276748 0
0.484294620461 0.42178276748 0
0.5 0.42178276748 0
0.515705379539 0.42178276748 0
0.531395259765 0.42178276748 0
0.547054156659 0.42178276748 0
0.562666616782 0.42178276748 0
0.57821723252 0.42178276748 0
0.593690657293 0.42178276748 0
0.609071620698 0.42178276748 0
0.624344943582 0.42178276748 0
0.63949555302 0.42178276748 0
0.654508497187 0.42178276748 0
0.669368960123 0.42178276748 0
0.684062276342 0.42178276748 0
0.698573945317 0.42178276748 0
0.712889645783 0.42178276748 0
0.72699524987 0.42178276748 0
0.740876837051 0.42178276748 0
0.754520707875 0.42178276748 0
0.767913397489 0.42178276748 0
0.781041688926 0.42178276748 0
0.793892626146 0.42178276748 0
0.806453526826 0.42178276748 0
0.818711994874 0.42178276748 0
0.830655932662 0.42178276748 0
0.842273552964 0.42178276748 0
0.853553390593 0.42178276748 0
0.864484313711 0.42178276748 0
0.875055534815 0.42178276748 0
0.885256621388 0.42178276748 0
0.895077506188 0.42178276748 0
0.904508497187 0.42178276748 0
0.913540287137 0.42178276748 0
0.922163962751 0.42178276748 0
0.930371013502 0.42178276748 0
0.938153340022 0.42178276748 0
0.945503262094 0.42178276748 0
0.952413526233 0.42178276748 0
0.958877312842 0.42178276748 0
0.964888242944 0.42178276748 0
0.970440384477 0.42178276748 0
0.975528258148 0.42178276748 0
0.980146842838 0.42178276748 0
0.984291580564 0.42178276748 0
0.987958380969 0.42178276748 0
0.991143625364 0.42178276748 0
0.993844170298 0.42178276748 0
0.996057350657 0.42178276748 0
0.997780982302 0.42178276748 0
0.999013364214 0.42178276748 0
0.999753280183 0.42178276748 0
1 0.42178276748 2
0 0.441231301271 4
0.000246719817134 0.441231301271 0
0.000986635785864 0.441231301271 0
0.00221901769846 0.441231301271 0
0.00394264934276 0.441231301271 0
0.00615582970243 0.441231301271 0
0.00885637463566 0.441231301271 0
0.0120416190306 0.441231301271 0
0.0157084194357 0.441231301271 0
0.0198531571615 0.441231301271 0
0.0244717418524 0.441231301271 0
0.0295596155229 0.441231301271 0
0.0351117570559 0.441231301271 0
0.041122687158 0.441231301271 0
0.047586473767 0.441231301271 0
0.0544967379058 0.441231301271 0
0.0618466599781 0.441231301271 0
0.069628986498 0.441231301271 0
0.077836037249 0.441231301271 0
0.0864597128627 0.441231301271 0
0.0954915028125 0.441231301271 0
0.104922493812 0.441231301271 0
0.114743378612 0.441231301271 0
0.124944465185 0.441231301271 0
0.135515686289 0.441231301271 0
0.146446609407 0.441231301271 0
0.157726447036 0.441231301271 0
0.169344067338 0.441231301271 0
0.181288005126 0.441231301271 0
0.193546473174 0.441231301271 0
0.206107373854 0.441231301271 0
0.218958311074 0.441231301271 0
0.232086602511 0.441231301271 0
0.245479292125 0.441231301271 0
0.259123162949 0.441231301271 0
0.27300475013 0.441231301271 0
0.287110354217 0.441231301271 0
0.301426054683 0.441231301271 0
0.315937723658 0.441231301271 0
0.330631039877 0.441231301271 0
0.345491502813 0.441231301271 0
0.36050444698 0.441231301271 0
0.375655056418 0.441231301271 0
0.390928379302 0.441231301271 0
0.406309342707 0.441231301271 0
0.42178276748 0.441231301271 0
0.437333383218 0.441231301271 0
0.452945843341 0.441231301271 0
0.468604740235 0.441231301271 0
0.484294620461 0.441231301271 0
0.5 0.441231301271 0
0.515705379539 0.441231301271 0
0.531395259765 0.441231301271 0
0.547054156659 0.441231301271 0
0.562666616782 0.441231301271 0
0.57821723252 0.441231301271 0
0.593690657293 0.441231301271 0
0.609071620698 0.441231301271 0
0.624344943582 0.441231301271 0
0.63949555302 0.441231301271 0
0.654508497187 0.441231301271 0
0.669368960123 0.441231301271 0
0.684062276342 0.441231301271 0
0.698573945317 0.441231301271 0
0.712889645783 0.441231301271 0
0.72699524987 0.441231301271 0
0.740876837051 0.441231301271 0
0.754520707875 0.441231301271 0
0.767913397489 0.441231301271 0
0.781041688926 0.441231301271 0
0.793892626146 0.441231301271 0
0.806453526826 0.441231301271 0
0.818711994874 0.441231301271 0
0.830655932662 0.441231301271 0
0.842273552964 0.441231301271 0
0.853553390593 0.441231301271 0
0.864484313711 0.441231301271 0
0.875055534815 0.441231301271 0
0.885256621388 0.441231301271 0
0.895077506188 0.441231301271 0
0.904508497187 0.441231301271 0
0.913540287137 0.441231301271 0
0.922163962751 0.441231301271 0
0.930371013502 0.441231301271 0
0.938153340022 0.441231301271 0
0.945503262094 0.441231301271 0
0.952413526233 0.441231301271 0
0.958877312842 0.441231301271 0
0.964888242944 0.441231301271 0
0.970440384477 0.441231301271 0
0.975528258148 0.441231301271 0
0.980146842838 0.441231301271 0
0.984291580564 0.441231301271 0
0.987958380969 0.441231301271 0
0.991143625364 0.441231301271 0
0.993844170298 0.441231301271 0
0.996057350657 0.441231301271 0
0.997780982302 0.441231301271 0
0.999013364214 0.441231301271 0
0.999753280183 0.441231301271 0
1 0.441231301271 2
0 0.460770452136 4
0.000246719817134 0.460770452136 0
0.000986635785864 0.460770452136 0
0.00221901769846 0.460770452136 0
0.00394264934276 0.460770452136 0
0.00615582970243 0.460770452136 0
0.00885637463566 0.460770452136 0
0.0120416190306 0.460770452136 0
0.0157084194357 0.460770452136 0
0.0198531571615 0.460770452136 0
0.0244717418524 0.460770452136 0
0.0295596155229 0.460770452136 0
0.0351117570559 0.460770452136 0
0.041122687158 0.460770452136 0
0.047586473767 0.460770452136 0
0.0544967379058 0.460770452136 0
0.0618466599781 0.460770452136 0
0.069628986498 0.460770452136 0
0.077836037249 0.460770452136 0
0.0864597128627 0.460770452136 0
0.0954915028125 0.460770452136 0
0.104922493812 0.460770452136 0
0.114743378612 0.460770452136 0
0.124944465185 0.460770452136 0
0.135515686289 0.460770452136 0
0.146446609407 0.460770452136 0
0.157726447036 0.460770452136 0
0.169344067338 0.460770452136 0
0.181288005126 0.460770452136 0
0.193546473174 0.460770452136 0
0.206107373854 0.460770452136 0
0.218958311074 0.460770452136 0
0.232086602511 0.460770452136 0
0.245479292125 0.460770452136 0
0.259123162949 0.460770452136 0
0.27300475013 0.460770452136 0
0.287110354217 0.460770452136 0
0.301426054683 0.460770452136 0
0.315937723658 0.460770452136 0
0.330631039877 0.460770452136 0
0.345491502813 0.460770452136 0
0.36050444698 0.460770452136 0
0.375655056418 0.460770452136 0
0.390928379302 0.460770452136 0
0.406309342707 0.460770452136 0
0.42178276748 0.460770452136 0
0.437333383218 0.460770452136 0
0.452945843341 0.460770452136 0
0.468604740235 0.460770452136 0
0.484294620461 0.460770452136 0
0.5 0.460770452136 0
0.515705379539 0.460770452136 0
0.531395259765 0.460770452136 0
0.547054156659 0.460770452136 0
0.562666616782 0.460770452136 0
0.57821723252 0.460770452136 0
0.593690657293 0.460770452136 0
0.609071620698 0.460770452136 0
0.624344943582 0.460770452136 0
0.63949555302 0.460770452136 0
0.654508497187 0.460770452136 0
0.669368960123 0.460770452136 0
0.684062276342 0.460770452136 0
0.698573945317 0.460770452136 0
0.712889645783 0.460770452136 0
0.72699524987 0.460770452136 0
0.740876837051 0.460770452136 0
0.754520707875 0.460770452136 0
0.767913397489 0.460770452136 0
0.781041688926 0.460770452136 0
0.793892626146 0.460770452136 0
0.806453526826 0.460770452136 0
0.818711994874 0.460770452136 0
0.830655932662 0.460770452136 0
0.842273552964 0.460770452136 0
0.853553390593 0.460770452136 0
0.864484313711 0.460770452136 0
0.875055534815 0.460770452136 0
0.885256621388 0.460770452136 0
0.895077506188 0.460770452136 0
0.904508497187 0.460770452136 0
0.913540287137 0.460770452136 0
0.922163962751 0.460770452136 0
0.930371013502 0.460770452136 0
0.938153340022 0.460770452136 0
0.945503262094 0.460770452136 0
0.952413526233 0.460770452136 0
0.958877312842 0.460770452136 0
0.964888242944 0.460770452136 0
0.970440384477 0.460770452136 0
0.975528258148 0.460770452136 0
0.980146842838 0.460770452136 0
0.984291580564 0.460770452136 0
0.987958380969 0.460770452136 0
0.991143625364 0.460770452136 0
0.993844170298 0.460770452136 0
0.996057350657 0.460770452136 0
0.997780982302 0.460770452136 0
0.999013364214 0.460770452136 0
0.999753280183 0.460770452136 0
1 0.460770452136 2
0 0.48037009212 4
0.000246719817134 0.48037009212 0
0.000986635785864 0.48037009212 0
0.00221901769846 0.48037009212 0
0.00394264934276 0.48037009212 0
0.00615582970243 0.48037009212 0
0.00885637463566 0.48037009212 0
0.0120416190306 0.48037009212 0
0.0157084194357 0.48037009212 0
0.0198531571615 0.48037009212 0
0.0244717418524 0.48037009212 0
0.0295596155229 0.48037009212 0
0.0351117570559 0.48037009212 0
0.041122687158 0.48037009212 0
0.047586473767 0.48037009212 0
0.0544967379058 0.48037009212 0
0.0618466599781 0.48037009212 0
0.069628986498 0.48037009212 0
0.077836037249 0.48037009212 0
0.0864597128627 0.48037009212 0
0.0954915028125 0.48037009212 0
0.104922493812 0.48037009212 0
0.114743378612 0.48037009212 0
0.124944465185 0.48037009212 0
0.135515686289 0.48037009212 0
0.146446609407 0.48037009212 0
0.157726447036 0.48037009212 0
0.169344067338 0.48037009212 0
0.181288005126 0.48037009212 0
0.193546473174 0.48037009212 0
0.206107373854 0.48037009212 0
0.218958311074 0.48037009212 0
0.232086602511 0.48037009212 0
0.245479292125 0.48037009212 0
0.259123162949 0.48037009212 0
0.27300475013 0.48037009212 0
0.287110354217 0.48037009212 0
0.301426054683 0.48037009212 0
0.315937723658 0.48037009212 0
0.330631039877 0.48037009212 0
0.345491502813 0.48037009212 0
0.36050444698 0.48037009212 0
0.375655056418 0.48037009212 0
0.390928379302 0.48037009212 0
0.406309342707 0.48037009212 0
0.42178276748 0.48037009212 0
0.437333383218 0.48037009212 0
0.452945843341 0.48037009212 0
0.468604740235 0.48037009212 0
0.484294620461 0.48037009212 0
0.5 0.48037009212 0
0.515705379539 0.48037009212 0
0.531395259765 0.48037009212 0
0.547054156659 0.48037009212 0
0.562666616782 0.48037009212 0
0.57821723252 0.48037009212 0
0.593690657293 0.48037009212 0
0.609071620698 0.48037009212 0
0.624344943582 0.48037009212 0
0.63949555302 0.48037009212 0
0.654508497187 0.48037009212 0
0.669368960123 0.48037009212 0
0.684062276342 0.48037009212 0
0.698573945317 0.48037009212 0
0.712889645783 0.48037009212 0
0.72699524987 0.48037009212 0
0.740876837051 0.48037009212 0
0.754520707875 0.48037009212 0
0.767913397489 0.48037009212 0
0.781041688926 0.48037009212 0
0.793892626146 0.48037009212 0
0.806453526826 0.48037009212 0
0.818711994874 0.48037009212 0
0.830655932662 0.48037009212 0
0.842273552964 0.48037009212 0
0.853553390593 0.48037009212 0
0.864484313711 0.48037009212 0
0.875055534815 0.48037009212 0
0.885256621388 0.48037009212 0
0.895077506188 0.48037009212 0
0.904508497187 0.48037009212 0
0.913540287137 0.48037009212 0
0.922163962751 0.48037009212 0
0.930371013502 0.48037009212 0
0.938153340022 0.48037009212 0
0.945503262094 0.48037009212 0
0.952413526233 0.48037009212 0
0.958877312842 0.48037009212 0
0.964888242944 0.48037009212 0
0.970440384477 0.48037009212 0
0.975528258148 0.48037009212 0
0.980146842838 0.48037009212 0
0.984291580564 0.48037009212 0
0.987958380969 0.48037009212 0
0.991143625364 0.48037009212 0
0.993844170298 0.48037009212 0
0.996057350657 0.48037009212 0
0.997780982302 0.48037009212 0
0.999013364214 0.48037009212 0
0.999753280183 0.48037009212 0
1 0.48037009212 2
0 0.5 4
0.000246719817134 0.5 0
0.000986635785864 0.5 0
0.00221901769846 0.5 0
0.00394264934276 0.5 0
0.00615582970243 0.5 0
0.00885637463566 0.5 0
0.0120416190306 0.5 0
0.0157084194357 0.5 0
0.0198531571615 0.5 0
0.0244717418524 0.5 0
0.0295596155229 0.5 0
0.0351117570559 0.5 0
0.041122687158 0.5 0
0.047586473767 0.5 0
0.0544967379058 0.5 0
0.0618466599781 0.5 0
0.069628986498 0.5 0
0.077836037249 0.5 0
0.0864597128627 0.5 0
0.0954915028125 0.5 0
0.104922493812 0.5 0
0.114743378612 0.5 0
0.124944465185 0.5 0
0.135515686289 0.5 0
0.146446609407 0.5 0
0.157726447036 0.5 0
0.169344067338 0.5 0
0.181288005126 0.5 0
0.193546473174 0.5 0
0.206107373854 0.5 0
0.218958311074 0.5 0
0.232086602511 0.5 0
0.245479292125 0.5 0
0.259123162949 0.5 0
0.27300475013 0.5 0
0.287110354217 0.5 0
0.301426054683 0.5 0
0.315937723658 0.5 0
0.330631039877 0.5 0
0.345491502813 0.5 0
0.36050444698 0.5 0
0.375655056418 0.5 0
0.390928379302 0.5 0
0.406309342707 0.5 0
0.42178276748 0.5 0
0.437333383218 0.5 0
0.452945843341 0.5 0
0.468604740235 0.5 0
0.484294620461 0.5 0
0.5 0.5 0
0.515705379539 0.5 0
0.531395259765 0.5 0
0.547054156659 0.5 0
0.562666616782 0.5 0
0.57821723252 0.5 0
0.593690657293 0.5 0
0.609071620698 0.5 0
0.624344943582 0.5 0
0.63949555302 0.5 0
0.654508497187 0.5 0
0.669368960123 0.5 0
0.684062276342 0.5 0
0.698573945317 0.5 0
0.712889645783 0.5 0
0.72699524987 0.5 0
0.740876837051 0.5 0
0.754520707875 0.5 0
0.767913397489 0.5 0
0.781041688926 0.5 0
0.793892626146 0.5 0
0.806453526826 0.5 0
0.818711994874 0.5 0
0.830655932662 0.5 0
0.842273552964 0.5 0
0.853553390593 0.5 0
0.864484313711 0.5 0
0.875055534815 0.5 0
0.885256621388 0.5 0
0.895077506188 0.5 0
0.904508497187 0.5 0
0.913540287137 0.5 0
0.922163962751 0.5 0
0.930371013502 0.5 0
0.938153340022 0.5 0
0.945503262094 0.5 0
0.952413526233 0.5 0
0.958877312842 0.5 0
0.964888242944 0.5 0
0.970440384477 0.5 0
0.975528258148 0.5 0
0.980146842838 0.5 0
0.984291580564 0.5 0
0.987958380969 0.5 0
0.991143625364 0.5 0
0.993844170298 0.5 0
0.996057350657 0.5 0
0.997780982302 0.5 0
0.999013364214 0.5 0
0.999753280183 0.5 0
1 0.5 2
0 0.51962990788 4
0.000246719817134 0.51962990788 0
0.000986635785864 0.51962990788 0
0.00221901769846 0.51962990788 0
0.00394264934276 0.51962990788 0
0.00615582970243 0.51962990788 0
0.00885637463566 0.51962990788 0
0.0120416190306 0.51962990788 0
0.0157084194357 0.51962990788 0
0.0198531571615 0.51962990788 0
0.0244717418524 0.51962990788 0
0.0295596155229 0.51962990788 0
0.0351117570559 0.51962990788 0
0.041122687158 0.51962990788 0
0.047586473767 0.51962990788 0
0.0544967379058 0.51962990788 0
0.0618466599781 0.51962990788 0
0.069628986498 0.51962990788 0
0.077836037249 0.51962990788 0
0.0864597128627 0.51962990788 0
0.0954915028125 0.51962990788 0
0.104922493812 0.51962990788 0
0.114743378612 0.51962990788 0
0.124944465185 0.51962990788 0
0.135515686289 0.51962990788 0
0.146446609407 0.51962990788 0
0.157726447036 0.51962990788 0
0.169344067338 0.51962990788 0
0.181288005126 0.51962990788 0
0.193546473174 0.51962990788 0
0.206107373854 0.51962990788 0
0.218958311074 0.51962990788 0
0.232086602511 0.51962990788 0
0.245479292125 0.51962990788 0
0.259123162949 0.51962990788 0
0.27300475013 0.51962990788 0
0.287110354217 0.51962990788 0
0.301426054683 0.51962990788 0
0.315937723658 0.51962990788 0
0.330631039877 0.51962990788 0
0.345491502813 0.51962990788 0
0.36050444698 0.51962990788 0
0.375655056418 0.51962990788 0
0.390928379302 0.51962990788 0
0.406309342707 0.51962990788 0
0.42178276748 0.51962990788 0
0.437333383218 0.51962990788 0
0.452945843341 0.51962990788 0
0.468604740235 0.51962990788 0
0.484294620461 0.51962990788 0
0.5 0.51962990788 0
0.515705379539 0.51962990788 0
0.531395259765 0.51962990788 0
0.547054156659 0.51962990788 0
0.562666616782 0.51962990788 0
0.57821723252 0.51962990788 0
0.593690657293 0.51962990788 0
0.609071620698 0.51962990788 0
0.624344943582 0.51962990788 0
0.63949555302 0.51962990788 0
0.654508497187 0.51962990788 0
0.669368960123 0.51962990788 0
0.684062276342 0.51962990788 0
0.698573945317 0.51962990788 0
0.712889645783 0.51962990788 0
0.72699524987 0.51962990788 0
0.740876837051 0.51962990788 0
0.754520707875 0.51962990788 0
0.767913397489 0.51962990788 0
0.781041688926 0.51962990788 0
0.793892626146 0.51962990788 0
0.806453526826 0.51962990788 0
0.818711994874 0.51962990788 0
0.830655932662 0.51962990788 0
0.842273552964 0.51962990788 0
0.853553390593 0.51962990788 0
0.864484313711 0.51962990788 0
0.875055534815 0.51962990788 0
0.885256621388 0.51962990788 0
0.895077506188 0.51962990788 0
0.904508497187 0.51962990788 0
0.913540287137 0.51962990788 0
0.922163962751 0.51962990788 0
0.930371013502 0.51962990788 0
0.938153340022 0.51962990788 0
0.945503262094 0.51962990788 0
0.952413526233 0.51962990788 0
0.958877312842 0.51962990788 0
0.964888242944 0.51962990788 0
0.970440384477 0.51962990788 0
0.975528258148 0.51962990788 0
0.980146842838 0.51962990788 0
0.984291580564 0.51962990788 0
0.987958380969 0.51962990788 0
0.991143625364 0.51962990788 0
0.993844170298 0.51962990788 0
0.996057350657 0.51962990788 0
0.997780982302 0.51962990788 0
0.999013364214 0.51962990788 0
0.999753280183 0.51962990788 0
1 0.51962990788 2
0 0.539229547864 4
0.000246719817134 0.539229547864 0
0.000986635785864 0.539229547864 0
0.00221901769846 0.539229547864 0
0.00394264934276 0.539229547864 0
0.00615582970243 0.539229547864 0
0.00885637463566 0.539229547864 0
0.0120416190306 0.539229547864 0
0.0157084194357 0.539229547864 0
0.0198531571615 0.539229547864 0
0.0244717418524 0.539229547864 0
0.0295596155229 0.539229547864 0
0.0351117570559 0.539229547864 0
0.041122687158 0.539229547864 0
0.047586473767 0.539229547864 0
0.0544967379058 0.539229547864 0
0.0618466599781 0.539229547864 0
0.069628986498 0.539229547864 0
0.077836037249 0.539229547864 0
0.0864597128627 0.539229547864 0
0.0954915028125 0.539229547864 0
0.104922493812 0.539229547864 0
0.114743378612 0.539229547864 0
0.124944465185 0.539229547864 0
0.135515686289 0.539229547864 0
0.146446609407 0.539229547864 0
0.157726447036 0.539229547864 0
0.169344067338 0.539229547864 0
0.181288005126 0.539229547864 0
0.193546473174 0.539229547864 0
0.206107373854 0.539229547864 0
0.218958311074 0.539229547864 0
0.232086602511 0.539229547864 0
0.245479292125 0.539229547864 0
0.259123162949 0.539229547864 0
0.27300475013 0.539229547864 0
0.287110354217 0.539229547864 0
0.301426054683 0.539229547864 0
0.315937723658 0.539229547864 0
0.330631039877 0.539229547864 0
0.345491502813 0.539229547864 0
0.36050444698 0.539229547864 0
0.375655056418 0.539229547864 0
0.390928379302 0.539229547864 0
0.406309342707 0.539229547864 0
0.42178276748 0.539229547864 0
0.437333383218 0.539229547864 0
0.452945843341 0.539229547864 0
0.468604740235 0.539229547864 0
0.484294620461 0.539229547864 0
0.5 0.539229547864 0
0.515705379539 0.539229547864 0
0.531395259765 0.539229547864 0
0.547054156659 0.539229547864 0
0.562666616782 0.539229547864 0
0.57821723252 0.539229547864 0
0.593690657293 0.539229547864 0
0.609071620698 0.539229547864 0
0.624344943582 0.539229547864 0
0.63949555302 0.539229547864 0
0.654508497187 0.539229547864 0
0.669368960123 0.539229547864 0
0.684062276342 0.539229547864 0
0.698573945317 0.539229547864 0
0.712889645783 0.539229547864 0
0.72699524987 0.539229547864 0
0.740876837051 0.539229547864 0
0.754520707875 0.539229547864 0
0.767913397489 0.539229547864 0
0.781041688926 0.539229547864 0
0.793892626146 0.539229547864 0
0.806453526826 0.539229547864 0
0.818711994874 0.539229547864 0
0.830655932662 0.539229547864 0
0.842273552964 0.539229547864 0
0.853553390593 0.539229547864 0
0.864484313711 0.539229547864 0
0.875055534815 0.539229547864 0
0.885256621388 0.539229547864 0
0.895077506188 0.539229547864 0
0.904508497187 0.539229547864 0
0.913540287137 0.539229547864 0
0.922163962751 0.539229547864 0
0.930371013502 0.539229547864 0
0.938153340022 0.539229547864 0
0.945503262094 0.539229547864 0
0.952413526233 0.539229547864 0
0.958877312842 0.539229547864 0
0.964888242944 0.539229547864 0
0.970440384477 0.539229547864 0
0.975528258148 0.539229547864 0
0.980146842838 0.539229547864 0
0.984291580564 0.539229547864 0
0.987958380969 0.539229547864 0
0.991143625364 0.539229547864 0
0.993844170298 0.539229547864 0
0.996057350657 0.539229547864 0
0.997780982302 0.539229547864 0
0.999013364214 0.539229547864 0
0.999753280183 0.539229547864 0
1 0.539229547864 2
0 0.558768698729 4
0.000246719817134 0.558768698729 0
0.000986635785864 0.558768698729 0
0.00221901769846 0.558768698729 0
0.00394264934276 0.558768698729 0
0.00615582970243 0.558768698729 0
0.00885637463566 0.558768698729 0
0.0120416190306 0.558768698729 0
0.0157084194357 0.558768698729 0
0.0198531571615 0.558768698729 0
0.0244717418524 0.558768698729 0
0.0295596155229 0.558768698729 0
0.0351117570559 0.558768698729 0
0.041122687158 0.558768698729 0
0.047586473767 0.558768698729 0
0.0544967379058 0.558768698729 0
0.0618466599781 0.558768698729 0
0.069628986498 0.558768698729 0
0.077836037249 0.558768698729 0
0.0864597128627 0.558768698729 0
0.0954915028125 0.558768698729 0
0.104922493812 0.558768698729 0
0.114743378612 0.558768698729 0
0.124944465185 0.558768698729 0
0.135515686289 0.558768698729 0
0.146446609407 0.558768698729 0
0.157726447036 0.558768698729 0
0.169344067338 0.558768698729 0
0.181288005126 0.558768698729 0
0.193546473174 0.558768698729 0
0.206107373854 0.558768698729 0
0.218958311074 0.558768698729 0
0.232086602511 0.558768698729 0
0.245479292125 0.558768698729 0
0.259123162949 0.558768698729 0
0.27300475013 0.558768698729 0
0.287110354217 0.558768698729 0
0.301426054683 0.558768698729 0
0.315937723658 0.558768698729 0
0.330631039877 0.558768698729 0
0.345491502813 0.558768698729 0
0.36050444698 0.558768698729 0
0.375655056418 0.558768698729 0
0.390928379302 0.558768698729 0
0.406309342707 0.558768698729 0
0.42178276748 0.558768698729 0
0.437333383218 0.558768698729 0
0.452945843341 0.558768698729 0
0.468604740235 0.558768698729 0
0.484294620461 0.558768698729 0
0.5 0.558768698729 0
0.515705379539 0.558768698729 0
0.531395259765 0.558768698729 0
0.547054156659 0.558768698729 0
0.562666616782 0.558768698729 0
0.57821723252 0.558768698729 0
0.593690657293 0.558768698729 0
0.609071620698 0.558768698729 0
0.624344943582 0.558768698729 0
0.63949555302 0.558768698729 0
0.654508497187 0.558768698729 0
0.669368960123 0.558768698729 0
0.684062276342 0.558768698729 0
0.698573945317 0.558768698729 0
0.712889645783 0.558768698729 0
0.72699524987 0.558768698729 0
0.740876837051 0.558768698729 0
0.754520707875 0.558768698729 0
0.767913397489 0.558768698729 0
0.781041688926 0.558768698729 0
0.793892626146 0.558768698729 0
0.806453526826 0.558768698729 0
0.818711994874 0.558768698729 0
0.830655932662 0.558768698729 0
0.842273552964 0.558768698729 0
0.853553390593 0.558768698729 0
0.864484313711 0.558768698729 0
0.875055534815 0.558768698729 0
0.885256621388 0.558768698729 0
0.895077506188 0.558768698729 0
0.904508497187 0.558768698729 0
0.913540287137 0.558768698729 0
0.922163962751 0.558768698729 0
0.930371013502 0.558768698729 0
0.938153340022 0.558768698729 0
0.945503262094 0.558768698729 0
0.952413526233 0.558768698729 0
0.958877312842 0.558768698729 0
0.964888242944 0.558768698729 0
0.970440384477 0.558768698729 0
0.975528258148 0.558768698729 0
0.980146842838 0.558768698729 0
0.984291580564 0.558768698729 0
0.987958380969 0.558768698729 0
0.991143625364 0.558768698729 0
0.993844170298 0.558768698729 0
0.996057350657 0.558768698729 0
0.997780982302 0.558768698729 0
0.999013364214 0.558768698729 0
0.999753280183 0.558768698729 0
1 0.558768698729 2
0 0.57821723252 4
0.000246719817134 0.57821723252 0
0.000986635785864 0.57821723252 0
0.00221901769846 0.57821723252 0
0.00394264934276 0.57821723252 0
0.00615582970243 0.57821723252 0
0.00885637463566 0.57821723252 0
0.0120416190306 0.57821723252 0
0.0157084194357 0.57821723252 0
0.0198531571615 0.57821723252 0
0.0244717418524 0.57821723252 0
0.0295596155229 0.57821723252 0
0.0351117570559 0.57821723252 0
0.041122687158 0.57821723252 0
0.047586473767 0.57821723252 0
0.0544967379058 0.57821723252 0
0.0618466599781 0.57821723252 0
0.069628986498 0.57821723252 0
0.077836037249 0.57821723252 0
0.0864597128627 0.57821723252 0
0.0954915028125 0.57821723252 0
0.104922493812 0.57821723252 0
0.114743378612 0.57821723252 0
0.124944465185 0.57821723252 0
0.135515686289 0.57821723252 0
0.146446609407 0.57821723252 0
0.157726447036 0.57821723252 0
0.169344067338 0.57821723252 0
0.181288005126 0.57821723252 0
0.193546473174 0.57821723252 0
0.206107373854 0.57821723252 0
0.218958311074 0.57821723252 0
0.232086602511 0.57821723252 0
0.245479292125 0.57821723252 0
0.259123162949 0.57821723252 0
0.27300475013 0.57821723252 0
0.287110354217 0.57821723252 0
0.301426054683 0.57821723252 0
0.315937723658 0.57821723252 0
0.330631039877 0.57821723252 0
0.345491502813 0.57821723252 0
0.36050444698 0.57821723252 0
0.375655056418 0.57821723252 0
0.390928379302 0.57821723252 0
0.406309342707 0.57821723252 0
0.42178276748 0.57821723252 0
0.437333383218 0.57821723252 0
0.452945843341 0.57821723252 0
0.468604740235 0.57821723252 0
0.484294620461 0.57821723252 0
0.5 0.57821723252 0
0.515705379539 0.57821723252 0
0.531395259765 0.57821723252 0
0.547054156659 0.57821723252 0
0.562666616782 0.57821723252 0
0.57821723252 0.57821723252 0
0.593690657293 0.57821723252 0
0.609071620698 0.57821723252 0
0.624344943582 0.57821723252 0
0.63949555302 0.57821723252 0
0.654508497187 0.57821723252 0
0.669368960123 0.57821723252 0
0.684062276342 0.57821723252 0
0.698573945317 0.57821723252 0
0.712889645783 0.57821723252 0
0.72699524987 0.57821723252 0
0.740876837051 0.57821723252 0
0.754520707875 0.57821723252 0
0.767913397489 0.57821723252 0
0.781041688926 0.57821723252 0
0.793892626146 0.57821723252 0
0.806453526826 0.57821723252 0
0.818711994874 0.57821723252 0
0.830655932662 0.57821723252 0
0.842273552964 0.57821723252 0
0.853553390593 0.57821723252 0
0.864484313711 0.57821723252 0
0.875055534815 0.57821723252 0
0.885256621388 0.57821723252 0
0.895077506188 0.57821723252 0
0.904508497187 0.57821723252 0
0.913540287137 0.57821723252 0
0.922163962751 0.57821723252 0
0.930371013502 0.57821723252 0
0.938153340022 0.57821723252 0
0.945503262094 0.57821723252 0
0.952413526233 0.57821723252 0
0.958877312842 0.57821723252 0
0.964888242944 0.57821723252 0
0.970440384477 0.57821723252 0
0.975528258148 0.57821723252 0
0.980146842838 0.57821723252 0
0.984291580564 0.57821723252 0
0.987958380969 0.57821723252 0
0.991143625364 0.57821723252 0
0.993844170298 0.57821723252 0
0.996057350657 0.57821723252 0
0.997780982302 0.57821723252 0
0.999013364214 0.57821723252 0
0.999753280183 0.57821723252 0
1 0.57821723252 2
0 0.597545161008 4
0.000246719817134 0.597545161008 0
0.000986635785864 0.597545161008 0
0.00221901769846 0.597545161008 0
0.00394264934276 0.597545161008 0
0.00615582970243 0.597545161008 0
0.00885637463566 0.597545161008 0
0.0120416190306 0.597545161008 0
0.0157084194357 0.597545161008 0
0.0198531571615 0.597545161008 0
0.0244717418524 0.597545161008 0
0.0295596155229 0.597545161008 0
0.0351117570559 0.597545161008 0
0.041122687158 0.597545161008 0
0.047586473767 0.597545161008 0
0.0544967379058 0.597545161008 0
0.0618466599781 0.597545161008 0
0.069628986498 0.597545161008 0
0.077836037249 0.597545161008 0
0.0864597128627 0.597545161008 0
0.0954915028125 0.597545161008 0
0.104922493812 0.597545161008 0
0.114743378612 0.597545161008 0
0.124944465185 0.597545161008 0
0.135515686289 0.597545161008 0
0.146446609407 0.597545161008 0
0.157726447036 0.597545161008 0
0.169344067338 0.597545161008 0
0.181288005126 0.597545161008 0
0.193546473174 0.597545161008 0
0.206107373854 0.597545161008 0
0.218958311074 0.597545161008 0
0.232086602511 0.597545161008 0
0.245479292125 0.597545161008 0
0.259123162949 0.597545161008 0
0.27300475013 0.597545161008 0
0.287110354217 0.597545161008 0
0.301426054683 0.597545161008 0
0.315937723658 0.597545161008 0
0.330631039877 0.597545161008 0
0.345491502813 0.597545161008 0
0.36050444698 0.597545161008 0
0.375655056418 0.597545161008 0
0.390928379302 0.597545161008 0
0.406309342707 0.597545161008 0
0.42178276748 0.597545161008 0
0.437333383218 0.597545161008 0
0.452945843341 0.597545161008 0
0.468604740235 0.597545161008 0
0.484294620461 0.597545161008 0
0.5 0.597545161008 0
0.515705379539 0.597545161008 0
0.531395259765 0.597545161008 0
0.547054156659 0.597545161008 0
0.562666616782 0.597545161008 0
0.57821723252 0.597545161008 0
0.593690657293 0.597545161008 0
0.609071620698 0.597545161008 0
0.624344943582 0.597545161008 0
0.63949555302 0.597545161008 0
0.654508497187 0.597545161008 0
0.669368960123 0.597545161008 0
0.684062276342 0.597545161008 0
0.698573945317 0.597545161008 0
0.712889645783 0.597545161008 0
0.72699524987 0.597545161008 0
0.740876837051 0.597545161008 0
0.754520707875 0.597545161008 0
0.767913397489 0.597545161008 0
0.781041688926 0.597545161008 0
0.793892626146 0.597545161008 0
0.806453526826 0.597545161008 0
0.818711994874 0.597545161008 0
0.830655932662 0.597545161008 0
0.842273552964 0.597545161008 0
0.853553390593 0.597545161008 0
0.864484313711 0.597545161008 0
0.875055534815 0.597545161008 0
0.885256621388 0.597545161008 0
0.895077506188 0.597545161008 0
0.904508497187 0.597545161008 0
0.913540287137 0.597545161008 0
0.922163962751 0.597545161008 0
0.930371013502 0.597545161008 0
0.938153340022 0.597545161008 0
0.945503262094 0.597545161008 0
0.952413526233 0.597545161008 0
0.958877312842 0.597545161008 0
0.964888242944 0.597545161008 0
0.970440384477 0.597545161008 0
0.975528258148 0.597545161008 0
0.980146842838 0.597545161008 0
0.984291580564 0.597545161008 0
0.987958380969 0.597545161008 0
0.991143625364 0.597545161008 0
0.993844170298 0.597545161008 0
0.996057350657 0.597545161008 0
0.997780982302 0.597545161008 0
0.999013364214 0.597545161008 0
0.999753280183 0.597545161008 0
1 0.597545161008 2
0 0.616722681928 4
0.000246719817134 0.616722681928 0
0.000986635785864 0.616722681928 0
0.00221901769846 0.616722681928 0
0.00394264934276 0.616722681928 0
0.00615582970243 0.616722681928 0
0.00885637463566 0.616722681928 0
0.0120416190306 0.616722681928 0
0.0157084194357 0.616722681928 0
0.0198531571615 0.616722681928 0
0.0244717418524 0.616722681928 0
0.0295596155229 0.616722681928 0
0.0351117570559 0.616722681928 0
0.041122687158 0.616722681928 0
0.047586473767 0.616722681928 0
0.0544967379058 0.616722681928 0
0.0618466599781 0.616722681928 0
0.069628986498 0.616722681928 0
0.077836037249 0.616722681928 0
0.0864597128627 0.616722681928 0
0.0954915028125 0.616722681928 0
0.104922493812 0.616722681928 0
0.114743378612 0.616722681928 0
0.124944465185 0.616722681928 0
0.135515686289 0.616722681928 0
0.146446609407 0.616722681928 0
0.157726447036 0.616722681928 0
0.169344067338 0.616722681928 0
0.181288005126 0.616722681928 0
0.193546473174 0.616722681928 0
0.206107373854 0.616722681928 0
0.218958311074 0.616722681928 0
0.232086602511 0.616722681928 0
0.245479292125 0.616722681928 0
0.259123162949 0.616722681928 0
0.27300475013 0.616722681928 0
0.287110354217 0.616722681928 0
0.301426054683 0.616722681928 0
0.315937723658 0.616722681928 0
0.330631039877 0.616722681928 0
0.345491502813 0.616722681928 0
0.36050444698 0.616722681928 0
0.375655056418 0.616722681928 0
0.390928379302 0.616722681928 0
0.406309342707 0.616722681928 0
0.42178276748 0.616722681928 0
0.437333383218 0.616722681928 0
0.452945843341 0.616722681928 0
0.468604740235 0.616722681928 0
0.484294620461 0.616722681928 0
0.5 0.616722681928 0
0.515705379539 0.616722681928 0
0.531395259765 0.616722681928 0
0.547054156659 0.616722681928 0
0.562666616782 0.616722681928 0
0.57821723252 0.616722681928 0
0.593690657293 0.616722681928 0
0.609071620698 0.616722681928 0
0.624344943582 0.616722681928 0
0.63949555302 0.616722681928 0
0.654508497187 0.616722681928 0
0.669368960123 0.616722681928 0
0.684062276342 0.616722681928 0
0.698573945317 0.616722681928 0
0.712889645783 0.616722681928 0
0.72699524987 0.616722681928 0
0.740876837051 0.616722681928 0
0.754520707875 0.616722681928 0
0.767913397489 0.616722681928 0
0.781041688926 0.616722681928 0
0.793892626146 0.616722681928 0
0.806453526826 0.616722681928 0
0.818711994874 0.616722681928 0
0.830655932662 0.616722681928 0
0.842273552964 0.616722681928 0
0.853553390593 0.616722681928 0
0.864484313711 0.616722681928 0
0.875055534815 0.616722681928 0
0.885256621388 0.616722681928 0
0.895077506188 0.616722681928 0
0.904508497187 0.616722681928 0
0.913540287137 0.616722681928 0
0.922163962751 0.616722681928 0
0.930371013502 0.616722681928 0
0.938153340022 0.616722681928 0
0.945503262094 0.616722681928 0
0.952413526233 0.616722681928 0
0.958877312842 0.616722681928 0
0.964888242944 0.616722681928 0
0.970440384477 0.616722681928 0
0.975528258148 0.616722681928 0
0.980146842838 0.616722681928 0
0.984291580564 0.616722681928 0
0.987958380969 0.616722681928 0
0.991143625364 0.616722681928 0
0.993844170298 0.616722681928 0
0.996057350657 0.616722681928 0
0.997780982302 0.616722681928 0
0.999013364214 0.616722681928 0
0.999753280183 0.616722681928 0
1 0.616722681928 2
0 0.635720224933 4
0.000246719817134 0.635720224933 0
0.000986635785864 0.635720224933 0
0.00221901769846 0.635720224933 0
0.00394264934276 0.635720224933 0
0.00615582970243 0.635720224933 0
0.00885637463566 0.635720224933 0
0.0120416190306 0.635720224933 0
0.0157084194357 0.635720224933 0
0.0198531571615 0.635720224933 0
0.0244717418524 0.635720224933 0
0.0295596155229 0.635720224933 0
0.0351117570559 0.635720224933 0
0.041122687158 0.635720224933 0
0.047586473767 0.635720224933 0
0.0544967379058 0.635720224933 0
0.0618466599781 0.635720224933 0
0.069628986498 0.635720224933 0
0.077836037249 0.635720224933 0
0.0864597128627 0.635720224933 0
0.0954915028125 0.635720224933 0
0.104922493812 0.635720224933 0
0.114743378612 0.635720224933 0
0.124944465185 0.635720224933 0
0.135515686289 0.635720224933 0
0.146446609407 0.635720224933 0
0.157726447036 0.635720224933 0
0.169344067338 0.635720224933 0
0.181288005126 0.635720224933 0
0.193546473174 0.635720224933 0
0.206107373854 0.635720224933 0
0.218958311074 0.635720224933 0
0.232086602511 0.635720224933 0
0.245479292125 0.635720224933 0
0.259123162949 0.635720224933 0
0.27300475013 0.635720224933 0
0.287110354217 0.635720224933 0
0.301426054683 0.635720224933 0
0.315937723658 0.635720224933 0
0.330631039877 0.635720224933 0
0.345491502813 0.635720224933 0
0.36050444698 0.635720224933 0
0.375655056418 0.635720224933 0
0.390928379302 0.635720224933 0
0.406309342707 0.635720224933 0
0.42178276748 0.635720224933 0
0.437333383218 0.635720224933 0
0.452945843341 0.635720224933 0
0.468604740235 0.635720224933 0
0.484294620461 0.635720224933 0
0.5 0.635720224933 0
0.515705379539 0.635720224933 0
0.531395259765 0.635720224933 0
0.547054156659 0.635720224933 0
0.562666616782 0.635720224933 0
0.57821723252 0.635720224933 0
0.593690657293 0.635720224933 0
0.609071620698 0.635720224933 0
0.624344943582 0.635720224933 0
0.63949555302 0.635720224933 0
0.654508497187 0.635720224933 0
0.669368960123 0.635720224933 0
0.684062276342 0.635720224933 0
0.698573945317 0.635720224933 0
0.712889645783 0.635720224933 0
0.72699524987 0.635720224933 0
0.740876837051 0.635720224933 0
0.754520707875 0.635720224933 0
0.767913397489 0.635720224933 0
0.781041688926 0.635720224933 0
0.793892626146 0.635720224933 0
0.806453526826 0.635720224933 0
0.818711994874 0.635720224933 0
0.830655932662 0.635720224933 0
0.842273552964 0.635720224933 0
0.853553390593 0.635720224933 0
0.864484313711 0.635720224933 0
0.875055534815 0.635720224933 0
0.885256621388 0.635720224933 0
0.895077506188 0.635720224933 0
0.904508497187 0.635720224933 0
0.913540287137 0.635720224933 0
0.922163962751 0.635720224933 0
0.930371013502 0.635720224933 0
0.938153340022 0.635720224933 0
0.945503262094 0.635720224933 0
0.952413526233 0.635720224933 0
0.958877312842 0.635720224933 0
0.964888242944 0.635720224933 0
0.970440384477 0.635720224933 0
0.975528258148 0.635720224933 0
0.980146842838 0.635720224933 0
0.984291580564 0.635720224933 0
0.987958380969 0.635720224933 0
0.991143625364 0.635720224933 0
0.993844170298 0.635720224933 0
0.996057350657 0.635720224933 0
0.997780982302 0.635720224933 0
0.999013364214 0.635720224933 0
0.999753280183 0.635720224933 0
1 0.635720224933 2
0 0.654508497187 4
0.000246719817134 0.654508497187 0
0.000986635785864 0.654508497187 0
0.00221901769846 0.654508497187 0
0.00394264934276 0.654508497187 0
0.00615582970243 0.654508497187 0
0.00885637463566 0.654508497187 0
0.0120416190306 0.654508497187 0
0.0157084194357 0.654508497187 0
0.0198531571615 0.654508497187 0
0.0244717418524 0.654508497187 0
0.0295596155229 0.654508497187 0
0.0351117570559 0.654508497187 0
0.041122687158 0.654508497187 0
0.047586473767 0.654508497187 0
0.0544967379058 0.654508497187 0
0.0618466599781 0.654508497187 0
0.069628986498 0.654508497187 0
0.077836037249 0.654508497187 0
0.0864597128627 0.654508497187 0
0.0954915028125 0.654508497187 0
0.104922493812 0.654508497187 0
0.114743378612 0.654508497187 0
0.124944465185 0.654508497187 0
0.135515686289 0.654508497187 0
0.146446609407 0.654508497187 0
0.157726447036 0.654508497187 0
0.169344067338 0.654508497187 0
0.181288005126 0.654508497187 0
0.193546473174 0.654508497187 0
0.206107373854 0.654508497187 0
0.218958311074 0.654508497187 0
0.232086602511 0.654508497187 0
0.245479292125 0.654508497187 0
0.259123162949 0.654508497187 0
0.27300475013 0.654508497187 0
0.287110354217 0.654508497187 0
0.301426054683 0.654508497187 0
0.315937723658 0.654508497187 0
0.330631039877 0.654508497187 0
0.345491502813 0.654508497187 0
0.36050444698 0.654508497187 0
0.375655056418 0.654508497187 0
0.390928379302 0.654508497187 0
0.406309342707 0.654508497187 0
0.42178276748 0.654508497187 0
0.437333383218 0.654508497187 0
0.452945843341 0.654508497187 0
0.468604740235 0.654508497187 0
0.484294620461 0.654508497187 0
0.5 0.654508497187 0
0.515705379539 0.654508497187 0
0.531395259765 0.654508497187 0
0.547054156659 0.654508497187 0
0.562666616782 0.654508497187 0
0.57821723252 0.654508497187 0
0.593690657293 0.654508497187 0
0.609071620698 0.654508497187 0
0.624344943582 0.654508497187 0
0.63949555302 0.654508497187 0
0.654508497187 0.654508497187 0
0.669368960123 0.654508497187 0
0.684062276342 0.654508497187 0
0.698573945317 0.654508497187 0
0.712889645783 0.654508497187 0
0.72699524987 0.654508497187 0
0.740876837051 0.654508497187 0
0.754520707875 0.654508497187 0
0.767913397489 0.654508497187 0
0.781041688926 0.654508497187 0
0.793892626146 0.654508497187 0
0.806453526826 0.654508497187 0
0.818711994874 0.654508497187 0
0.830655932662 0.654508497187 0
0.842273552964 0.654508497187 0
0.853553390593 0.654508497187 0
0.864484313711 0.654508497187 0
0.875055534815 0.654508497187 0
0.885256621388 0.654508497187 0
0.895077506188 0.654508497187 0
0.904508497187 0.654508497187 0
0.913540287137 0.654508497187 0
0.922163962751 0.654508497187 0
0.930371013502 0.654508497187 0
0.938153340022 0.654508497187 0
0.945503262094 0.654508497187 0
0.952413526233 0.654508497187 0
0.958877312842 0.654508497187 0
0.964888242944 0.654508497187 0
0.970440384477 0.654508497187 0
0.975528258148 0.654508497187 0
0.980146842838 0.654508497187 0
0.984291580564 0.654508497187 0
0.987958380969 0.654508497187 0
0.991143625364 0.654508497187 0
0.993844170298 0.654508497187 0
0.996057350657 0.654508497187 0
0.997780982302 0.654508497187 0
0.999013364214 0.654508497187 0
0.999753280183 0.654508497187 0
1 0.654508497187 2
0 0.673058528539 4
0.000246719817134 0.673058528539 0
0.000986635785864 0.673058528539 0
0.00221901769846 0.673058528539 0
0.00394264934276 0.673058528539 0
0.00615582970243 0.673058528539 0
0.00885637463566 0.673058528539 0
0.0120416190306 0.673058528539 0
0.0157084194357 0.673058528539 0
0.0198531571615 0.673058528539 0
0.0244717418524 0.673058528539 0
0.0295596155229 0.673058528539 0
0.0351117570559 0.673058528539 0
0.041122687158 0.673058528539 0
0.047586473767 0.673058528539 0
0.0544967379058 0.673058528539 0
0.0618466599781 0.673058528539 0
0.069628986498 0.673058528539 0
0.077836037249 0.673058528539 0
0.0864597128627 0.673058528539 0
0.0954915028125 0.673058528539 0
0.104922493812 0.673058528539 0
0.114743378612 0.673058528539 0
0.124944465185 0.673058528539 0
0.135515686289 0.673058528539 0
0.146446609407 0.673058528539 0
0.157726447036 0.673058528539 0
0.169344067338 0.673058528539 0
0.181288005126 0.673058528539 0
0.193546473174 0.673058528539 0
0.206107373854 0.673058528539 0
0.218958311074 0.673058528539 0
0.232086602511 0.673058528539 0
0.245479292125 0.673058528539 0
0.259123162949 0.673058528539 0
0.27300475013 0.673058528539 0
0.287110354217 0.673058528539 0
0.301426054683 0.673058528539 0
0.315937723658 0.673058528539 0
0.330631039877 0.673058528539 0
0.345491502813 0.673058528539 0
0.36050444698 0.673058528539 0
0.375655056418 0.673058528539 0
0.390928379302 0.673058528539 0
0.406309342707 0.673058528539 0
0.42178276748 0.673058528539 0
0.437333383218 0.673058528539 0
0.452945843341 0.673058528539 0
0.468604740235 0.673058528539 0
0.484294620461 0.673058528539 0
0.5 0.673058528539 0
0.515705379539 0.673058528539 0
0.531395259765 0.673058528539 0
0.547054156659 0.673058528539 0
0.562666616782 0.673058528539 0
0.57821723252 0.673058528539 0
0.593690657293 0.673058528539 0
0.609071620698 0.673058528539 0
0.624344943582 0.673058528539 0
0.63949555302 0.673058528539 0
0.654508497187 0.673058528539 0
0.669368960123 0.673058528539 0
0.684062276342 0.673058528539 0
0.698573945317 0.673058528539 0
0.712889645783 0.673058528539 0
0.72699524987 0.673058528539 0
0.740876837051 0.673058528539 0
0.754520707875 0.673058528539 0
0.767913397489 0.673058528539 0
0.781041688926 0.673058528539 0
0.793892626146 0.673058528539 0
0.806453526826 0.673058528539 0
0.818711994874 0.673058528539 0
0.830655932662 0.673058528539 0
0.842273552964 0.673058528539 0
0.853553390593 0.673058528539 0
0.864484313711 0.673058528539 0
0.875055534815 0.673058528539 0
0.885256621388 0.673058528539 0
0.895077506188 0.673058528539 0
0.904508497187 0.673058528539 0
0.913540287137 0.673058528539 0
0.922163962751 0.673058528539 0
0.930371013502 0.673058528539 0
0.938153340022 0.673058528539 0
0.945503262094 0.673058528539 0
0.952413526233 0.673058528539 0
0.958877312842 0.673058528539 0
0.964888242944 0.673058528539 0
0.970440384477 0.673058528539 0
0.975528258148 0.673058528539 0
0.980146842838 0.673058528539 0
0.984291580564 0.673058528539 0
0.987958380969 0.673058528539 0
0.991143625364 0.673058528539 0
0.993844170298 0.673058528539 0
0.996057350657 0.673058528539 0
0.997780982302 0.673058528539 0
0.999013364214 0.673058528539 0
0.999753280183 0.673058528539 0
1 0.673058528539 2
0 0.691341716183 4
0.000246719817134 0.691341716183 0
0.000986635785864 0.691341716183 0
0.00221901769846 0.691341716183 0
0.00394264934276 0.691341716183 0
0.00615582970243 0.691341716183 0
0.00885637463566 0.691341716183 0
0.0120416190306 0.691341716183 0
0.0157084194357 0.691341716183 0
0.0198531571615 0.691341716183 0
0.0244717418524 0.691341716183 0
0.0295596155229 0.691341716183 0
0.0351117570559 0.691341716183 0
0.041122687158 0.691341716183 0
0.047586473767 0.691341716183 0
0.0544967379058 0.691341716183 0
0.0618466599781 0.691341716183 0
0.069628986498 0.691341716183 0
0.077836037249 0.691341716183 0
0.0864597128627 0.691341716183 0
0.0954915028125 0.691341716183 0
0.104922493812 0.691341716183 0
0.114743378612 0.691341716183 0
0.124944465185 0.691341716183 0
0.135515686289 0.691341716183 0
0.146446609407 0.691341716183 0
0.157726447036 0.691341716183 0
0.169344067338 0.691341716183 0
0.181288005126 0.691341716183 0
0.193546473174 0.691341716183 0
0.206107373854 0.691341716183 0
0.218958311074 0.691341716183 0
0.232086602511 0.691341716183 0
0.245479292125 0.691341716183 0
0.259123162949 0.691341716183 0
0.27300475013 0.691341716183 0
0.287110354217 0.691341716183 0
0.301426054683 0.691341716183 0
0.315937723658 0.691341716183 0
0.330631039877 0.691341716183 0
0.345491502813 0.691341716183 0
0.36050444698 0.691341716183 0
0.375655056418 0.691341716183 0
0.390928379302 0.691341716183 0
0.406309342707 0.691341716183 0
0.42178276748 0.691341716183 0
0.437333383218 0.691341716183 0
0.452945843341 0.691341716183 0
0.468604740235 0.691341716183 0
0.484294620461 0.691341716183 0
0.5 0.691341716183 0
0.515705379539 0.691341716183 0
0.531395259765 0.691341716183 0
0.547054156659 0.691341716183 0
0.562666616782 0.691341716183 0
0.57821723252 0.691341716183 0
0.593690657293 0.691341716183 0
0.609071620698 0.691341716183 0
0.624344943582 0.691341716183 0
0.63949555302 0.691341716183 0
0.654508497187 0.691341716183 0
0.669368960123 0.691341716183 0
0.684062276342 0.691341716183 0
0.698573945317 0.691341716183 0
0.712889645783 0.691341716183 0
0.72699524987 0.691341716183 0
0.740876837051 0.691341716183 0
0.754520707875 0.691341716183 0
0.767913397489 0.691341716183 0
0.781041688926 0.691341716183 0
0.793892626146 0.691341716183 0
0.806453526826 0.691341716183 0
0.818711994874 0.691341716183 0
0.830655932662 0.691341716183 0
0.842273552964 0.691341716183 0
0.853553390593 0.691341716183 0
0.864484313711 0.691341716183 0
0.875055534815 0.691341716183 0
0.885256621388 0.691341716183 0
0.895077506188 0.691341716183 0
0.904508497187 0.691341716183 0
0.913540287137 0.691341716183 0
0.922163962751 0.691341716183 0
0.930371013502 0.691341716183 0
0.938153340022 0.691341716183 0
0.945503262094 0.691341716183 0
0.952413526233 0.691341716183 0
0.958877312842 0.691341716183 0
0.964888242944 0.691341716183 0
0.970440384477 0.691341716183 0
0.975528258148 0.691341716183 0
0.980146842838 0.691341716183 0
0.984291580564 0.691341716183 0
0.987958380969 0.691341716183 0
0.991143625364 0.691341716183 0
0.993844170298 0.691341716183 0
0.996057350657 0.691341716183 0
0.997780982302 0.691341716183 0
0.999013364214 0.691341716183 0
0.999753280183 0.691341716183 0
1 0.691341716183 2
0 0.709329868769 4
0.000246719817134 0.709329868769 0
0.000986635785864 0.709329868769 0
0.00221901769846 0.709329868769 0
0.00394264934276 0.709329868769 0
0.00615582970243 0.709329868769 0
0.00885637463566 0.709329868769 0
0.0120416190306 0.709329868769 0
0.0157084194357 0.709329868769 0
0.0198531571615 0.709329868769 0
0.0244717418524 0.709329868769 0
0.0295596155229 0.709329868769 0
0.0351117570559 0.709329868769 0
0.041122687158 0.709329868769 0
0.047586473767 0.709329868769 0
0.0544967379058 0.709329868769 0
0.0618466599781 0.709329868769 0
0.069628986498 0.709329868769 0
0.077836037249 0.709329868769 0
0.0864597128627 0.709329868769 0
0.0954915028125 0.709329868769 0
0.104922493812 0.709329868769 0
0.114743378612 0.709329868769 0
0.124944465185 0.709329868769 0
0.135515686289 0.709329868769 0
0.146446609407 0.709329868769 0
0.157726447036 0.709329868769 0
0.169344067338 0.709329868769 0
0.181288005126 0.709329868769 0
0.193546473174 0.709329868769 0
0.206107373854 0.709329868769 0
0.218958311074 0.709329868769 0
0.232086602511 0.709329868769 0
0.245479292125 0.709329868769 0
0.259123162949 0.709329868769 0
0.27300475013 0.709329868769 0
0.287110354217 0.709329868769 0
0.301426054683 0.709329868769 0
0.315937723658 0.709329868769 0
0.330631039877 0.709329868769 0
0.345491502813 0.709329868769 0
0.36050444698 0.709329868769 0
0.375655056418 0.709329868769 0
0.390928379302 0.709329868769 0
0.406309342707 0.709329868769 0
0.42178276748 0.709329868769 0
0.437333383218 0.709329868769 0
0.452945843341 0.709329868769 0
0.468604740235 0.709329868769 0
0.484294620461 0.709329868769 0
0.5 0.709329868769 0
0.515705379539 0.709329868769 0
0.531395259765 0.709329868769 0
0.547054156659 0.709329868769 0
0.562666616782 0.709329868769 0
0.57821723252 0.709329868769 0
0.593690657293 0.709329868769 0
0.609071620698 0.709329868769 0
0.624344943582 0.709329868769 0
0.63949555302 0.709329868769 0
0.654508497187 0.709329868769 0
0.669368960123 0.709329868769 0
0.684062276342 0.709329868769 0
0.698573945317 0.709329868769 0
0.712889645783 0.709329868769 0
0.72699524987 0.709329868769 0
0.740876837051 0.709329868769 0
0.754520707875 0.709329868769 0
0.767913397489 0.709329868769 0
0.781041688926 0.709329868769 0
0.793892626146 0.709329868769 0
0.806453526826 0.709329868769 0
0.818711994874 0.709329868769 0
0.830655932662 0.709329868769 0
0.842273552964 0.709329868769 0
0.853553390593 0.709329868769 0
0.864484313711 0.709329868769 0
0.875055534815 0.709329868769 0
0.885256621388 0.709329868769 0
0.895077506188 0.709329868769 0
0.904508497187 0.709329868769 0
0.913540287137 0.709329868769 0
0.922163962751 0.709329868769 0
0.930371013502 0.709329868769 0
0.938153340022 0.709329868769 0
0.945503262094 0.709329868769 0
0.952413526233 0.709329868769 0
0.958877312842 0.709329868769 0
0.964888242944 0.709329868769 0
0.970440384477 0.709329868769 0
0.975528258148 0.709329868769 0
0.980146842838 0.709329868769 0
0.984291580564 0.709329868769 0
0.987958380969 0.709329868769 0
0.991143625364 0.709329868769 0
0.993844170298 0.709329868769 0
0.996057350657 0.709329868769 0
0.997780982302 0.709329868769 0
0.999013364214 0.709329868769 0
0.999753280183 0.709329868769 0
1 0.709329868769 2
0 0.72699524987 4
0.000246719817134 0.72699524987 0
0.000986635785864 0.72699524987 0
0.00221901769846 0.72699524987 0
0.00394264934276 0.72699524987 0
0.00615582970243 0.72699524987 0
0.00885637463566 0.72699524987 0
0.0120416190306 0.72699524987 0
0.0157084194357 0.72699524987 0
0.0198531571615 0.72699524987 0
0.0244717418524 0.72699524987 0
0.0295596155229 0.72699524987 0
0.0351117570559 0.72699524987 0
0.041122687158 0.72699524987 0
0.047586473767 0.72699524987 0
0.0544967379058 0.72699524987 0
0.0618466599781 0.72699524987 0
0.069628986498 0.72699524987 0
0.077836037249 0.72699524987 0
0.0864597128627 0.72699524987 0
0.0954915028125 0.72699524987 0
0.104922493812 0.72699524987 0
0.114743378612 0.72699524987 0
0.124944465185 0.72699524987 0
0.135515686289 0.72699524987 0
0.146446609407 0.72699524987 0
0.157726447036 0.72699524987 0
0.169344067338 0.72699524987 0
0.181288005126 0.72699524987 0
0.193546473174 0.72699524987 0
0.206107373854 0.72699524987 0
0.218958311074 0.72699524987 0
0.232086602511 0.72699524987 0
0.245479292125 0.72699524987 0
0.259123162949 0.72699524987 0
0.27300475013 0.72699524987 0
0.287110354217 0.72699524987 0
0.301426054683 0.72699524987 0
0.315937723658 0.72699524987 0
0.330631039877 0.72699524987 0
0.345491502813 0.72699524987 0
0.36050444698 0.72699524987 0
0.375655056418 0.72699524987 0
0.390928379302 0.72699524987 0
0.406309342707 0.72699524987 0
0.42178276748 0.72699524987 0
0.437333383218 0.72699524987 0
0.452945843341 0.72699524987 0
0.468604740235 0.72699524987 0
0.484294620461 0.72699524987 0
0.5 0.72699524987 0
0.515705379539 0.72699524987 0
0.531395259765 0.72699524987 0
0.547054156659 0.72699524987 0
0.562666616782 0.72699524987 0
0.57821723252 0.72699524987 0
0.593690657293 0.72699524987 0
0.609071620698 0.72699524987 0
0.624344943582 0.72699524987 0
0.63949555302 0.72699524987 0
0.654508497187 0.72699524987 0
0.669368960123 0.72699524987 0
0.684062276342 0.72699524987 0
0.698573945317 0.72699524987 0
0.712889645783 0.72699524987 0
0.72699524987 0.72699524987 0
0.740876837051 0.72699524987 0
0.754520707875 0.72699524987 0
0.767913397489 0.72699524987 0
0.781041688926 0.72699524987 0
0.793892626146 0.72699524987 0
0.806453526826 0.72699524987 0
0.818711994874 0.72699524987 0
0.830655932662 0.72699524987 0
0.842273552964 0.72699524987 0
0.853553390593 0.72699524987 0
0.864484313711 0.72699524987 0
0.875055534815 0.72699524987 0
0.885256621388 0.72699524987 0
0.895077506188 0.72699524987 0
0.904508497187 0.72699524987 0
0.913540287137 0.72699524987 0
0.922163962751 0.72699524987 0
0.930371013502 0.72699524987 0
0.938153340022 0.72699524987 0
0.945503262094 0.72699524987 0
0.952413526233 0.72699524987 0
0.958877312842 0.72699524987 0
0.964888242944 0.72699524987 0
0.970440384477 0.72699524987 0
0.975528258148 0.72699524987 0
0.980146842838 0.72699524987 0
0.984291580564 0.72699524987 0
0.987958380969 0.72699524987 0
0.991143625364 0.72699524987 0
0.993844170298 0.72699524987 0
0.996057350657 0.72699524987 0
0.997780982302 0.72699524987 0
0.999013364214 0.72699524987 0
0.999753280183 0.72699524987 0
1 0.72699524987 2
0 0.744310620748 4
0.000246719817134 0.744310620748 0
0.000986635785864 0.744310620748 0
0.00221901769846 0.744310620748 0
0.00394264934276 0.744310620748 0
0.00615582970243 0.744310620748 0
0.00885637463566 0.744310620748 0
0.0120416190306 0.744310620748 0
0.0157084194357 0.744310620748 0
0.0198531571615 0.744310620748 0
0.0244717418524 0.744310620748 0
0.0295596155229 0.744310620748 0
0.0351117570559 0.744310620748 0
0.041122687158 0.744310620748 0
0.047586473767 0.744310620748 0
0.0544967379058 0.744310620748 0
0.0618466599781 0.744310620748 0
0.069628986498 0.744310620748 0
0.077836037249 0.744310620748 0
0.0864597128627 0.744310620748 0
0.0954915028125 0.744310620748 0
0.104922493812 0.744310620748 0
0.114743378612 0.744310620748 0
0.124944465185 0.744310620748 0
0.135515686289 0.744310620748 0
0.146446609407 0.744310620748 0
0.157726447036 0.744310620748 0
0.169344067338 0.744310620748 0
0.181288005126 0.744310620748 0
0.193546473174 0.744310620748 0
0.206107373854 0.744310620748 0
0.218958311074 0.744310620748 0
0.232086602511 0.744310620748 0
0.245479292125 0.744310620748 0
0.259123162949 0.744310620748 0
0.27300475013 0.744310620748 0
0.287110354217 0.744310620748 0
0.301426054683 0.744310620748 0
0.315937723658 0.744310620748 0
0.330631039877 0.744310620748 0
0.345491502813 0.744310620748 0
0.36050444698 0.744310620748 0
0.375655056418 0.744310620748 0
0.390928379302 0.744310620748 0
0.406309342707 0.744310620748 0
0.42178276748 0.744310620748 0
0.437333383218 0.744310620748 0
0.452945843341 0.744310620748 0
0.468604740235 0.744310620748 0
0.484294620461 0.744310620748 0
0.5 0.744310620748 0
0.515705379539 0.744310620748 0
0.531395259765 0.744310620748 0
0.547054156659 0.744310620748 0
0.562666616782 0.744310620748 0
0.57821723252 0.744310620748 0
0.593690657293 0.744310620748 0
0.609071620698 0.744310620748 0
0.624344943582 0.744310620748 0
0.63949555302 0.744310620748 0
0.654508497187 0.744310620748 0
0.669368960123 0.744310620748 0
0.684062276342 0.744310620748 0
0.698573945317 0.744310620748 0
0.712889645783 0.744310620748 0
0.72699524987 0.744310620748 0
0.740876837051 0.744310620748 0
0.754520707875 0.744310620748 0
0.767913397489 0.744310620748 0
0.781041688926 0.744310620748 0
0.793892626146 0.744310620748 0
0.806453526826 0.744310620748 0
0.818711994874 0.744310620748 0
0.830655932662 0.744310620748 0
0.842273552964 0.744310620748 0
0.853553390593 0.744310620748 0
0.864484313711 0.744310620748 0
0.875055534815 0.744310620748 0
0.885256621388 0.744310620748 0
0.895077506188 0.744310620748 0
0.904508497187 0.744310620748 0
0.913540287137 0.744310620748 0
0.922163962751 0.744310620748 0
0.930371013502 0.744310620748 0
0.938153340022 0.744310620748 0
0.945503262094 0.744310620748 0
0.952413526233 0.744310620748 0
0.958877312842 0.744310620748 0
0.964888242944 0.744310620748 0
0.970440384477 0.744310620748 0
0.975528258148 0.744310620748 0
0.980146842838 0.744310620748 0
0.984291580564 0.744310620748 0
0.987958380969 0.744310620748 0
0.991143625364 0.744310620748 0
0.993844170298 0.744310620748 0
0.996057350657 0.744310620748 0
0.997780982302 0.744310620748 0
0.999013364214 0.744310620748 0
0.999753280183 0.744310620748 0
1 0.744310620748 2
0 0.761249282358 4
0.000246719817134 0.761249282358 0
0.000986635785864 0.761249282358 0
0.00221901769846 0.761249282358 0
0.00394264934276 0.761249282358 0
0.00615582970243 0.761249282358 0
0.00885637463566 0.761249282358 0
0.0120416190306 0.761249282358 0
0.0157084194357 0.761249282358 0
0.0198531571615 0.761249282358 0
0.0244717418524 0.761249282358 0
0.0295596155229 0.761249282358 0
0.0351117570559 0.761249282358 0
0.041122687158 0.761249282358 0
0.047586473767 0.761249282358 0
0.0544967379058 0.761249282358 0
0.0618466599781 0.761249282358 0
0.069628986498 0.761249282358 0
0.077836037249 0.761249282358 0
0.0864597128627 0.761249282358 0
0.0954915028125 0.761249282358 0
0.104922493812 0.761249282358 0
0.114743378612 0.761249282358 0
0.124944465185 0.761249282358 0
0.135515686289 0.761249282358 0
0.146446609407 0.761249282358 0
0.157726447036 0.761249282358 0
0.169344067338 0.761249282358 0
0.181288005126 0.761249282358 0
0.193546473174 0.761249282358 0
0.206107373854 0.761249282358 0
0.218958311074 0.761249282358 0
0.232086602511 0.761249282358 0
0.245479292125 0.761249282358 0
0.259123162949 0.761249282358 0
0.27300475013 0.761249282358 0
0.287110354217 0.761249282358 0
0.301426054683 0.761249282358 0
0.315937723658 0.761249282358 0
0.330631039877 0.761249282358 0
0.345491502813 0.761249282358 0
0.36050444698 0.761249282358 0
0.375655056418 0.761249282358 0
0.390928379302 0.761249282358 0
0.406309342707 0.761249282358 0
0.42178276748 0.761249282358 0
0.437333383218 0.761249282358 0
0.452945843341 0.761249282358 0
0.468604740235 0.761249282358 0
0.484294620461 0.761249282358 0
0.5 0.761249282358 0
0.515705379539 0.761249282358 0
0.531395259765 0.761249282358 0
0.547054156659 0.761249282358 0
0.562666616782 0.761249282358 0
0.57821723252 0.761249282358 0
0.593690657293 0.761249282358 0
0.609071620698 0.761249282358 0
0.624344943582 0.761249282358 0
0.63949555302 0.761249282358 0
0.654508497187 0.761249282358 0
0.669368960123 0.761249282358 0
0.684062276342 0.761249282358 0
0.698573945317 0.761249282358 0
0.712889645783 0.761249282358 0
0.72699524987 0.761249282358 0
0.740876837051 0.761249282358 0
0.754520707875 0.761249282358 0
0.767913397489 0.761249282358 0
0.781041688926 0.761249282358 0
0.793892626146 0.761249282358 0
0.806453526826 0.761249282358 0
0.818711994874 0.761249282358 0
0.830655932662 0.761249282358 0
0.842273552964 0.761249282358 0
0.853553390593 0.761249282358 0
0.864484313711 0.761249282358 0
0.875055534815 0.761249282358 0
0.885256621388 0.761249282358 0
0.895077506188 0.761249282358 0
0.904508497187 0.761249282358 0
0.913540287137 0.761249282358 0
0.922163962751 0.761249282358 0
0.930371013502 0.761249282358 0
0.938153340022 0.761249282358 0
0.945503262094 0.761249282358 0
0.952413526233 0.761249282358 0
0.958877312842 0.761249282358 0
0.964888242944 0.761249282358 0
0.970440384477 0.761249282358 0
0.975528258148 0.761249282358 0
0.980146842838 0.761249282358 0
0.984291580564 0.761249282358 0
0.987958380969 0.761249282358 0
0.991143625364 0.761249282358 0
0.993844170298 0.761249282358 0
0.996057350657 0.761249282358 0
0.997780982302 0.761249282358 0
0.999013364214 0.761249282358 0
0.999753280183 0.761249282358 0
1 0.761249282358 2
0 0.77778511651 4
0.000246719817134 0.77778511651 0
0.000986635785864 0.77778511651 0
0.00221901769846 0.77778511651 0
0.00394264934276 0.77778511651 0
0.00615582970243 0.77778511651 0
0.00885637463566 0.77778511651 0
0.0120416190306 0.77778511651 0
0.0157084194357 0.77778511651 0
0.0198531571615 0.77778511651 0
0.0244717418524 0.77778511651 0
0.0295596155229 0.77778511651 0
0.0351117570559 0.77778511651 0
0.041122687158 0.77778511651 0
0.047586473767 0.77778511651 0
0.0544967379058 0.77778511651 0
0.0618466599781 0.77778511651 0
0.069628986498 0.77778511651 0
0.077836037249 0.77778511651 0
0.0864597128627 0.77778511651 0
0.0954915028125 0.77778511651 0
0.104922493812 0.77778511651 0
0.114743378612 0.77778511651 0
0.124944465185 0.77778511651 0
0.135515686289 0.77778511651 0
0.146446609407 0.77778511651 0
0.157726447036 0.77778511651 0
0.169344067338 0.77778511651 0
0.181288005126 0.77778511651 0
0.193546473174 0.77778511651 0
0.206107373854 0.77778511651 0
0.218958311074 0.77778511651 0
0.232086602511 0.77778511651 0
0.245479292125 0.77778511651 0
0.259123162949 0.77778511651 0
0.27300475013 0.77778511651 0
0.287110354217 0.77778511651 0
0.301426054683 0.77778511651 0
0.315937723658 0.77778511651 0
0.330631039877 0.77778511651 0
0.345491502813 0.77778511651 0
0.36050444698 0.77778511651 0
0.375655056418 0.77778511651 0
0.390928379302 0.77778511651 0
0.406309342707 0.77778511651 0
0.42178276748 0.77778511651 0
0.437333383218 0.77778511651 0
0.452945843341 0.77778511651 0
0.468604740235 0.77778511651 0
0.484294620461 0.77778511651 0
0.5 0.77778511651 0
0.515705379539 0.77778511651 0
0.531395259765 0.77778511651 0
0.547054156659 0.77778511651 0
0.562666616782 0.77778511651 0
0.57821723252 0.77778511651 0
0.593690657293 0.77778511651 0
0.609071620698 0.77778511651 0
0.624344943582 0.77778511651 0
0.63949555302 0.77778511651 0
0.654508497187 0.77778511651 0
0.669368960123 0.77778511651 0
0.684062276342 0.77778511651 0
0.698573945317 0.77778511651 0
0.712889645783 0.77778511651 0
0.72699524987 0.77778511651 0
0.740876837051 0.77778511651 0
0.754520707875 0.77778511651 0
0.767913397489 0.77778511651 0
0.781041688926 0.77778511651 0
0.793892626146 0.77778511651 0
0.806453526826 0.77778511651 0
0.818711994874 0.77778511651 0
0.830655932662 0.77778511651 0
0.842273552964 0.77778511651 0
0.853553390593 0.77778511651 0
0.864484313711 0.77778511651 0
0.875055534815 0.77778511651 0
0.885256621388 0.77778511651 0
0.895077506188 0.77778511651 0
0.904508497187 0.77778511651 0
0.913540287137 0.77778511651 0
0.922163962751 0.77778511651 0
0.930371013502 0.77778511651 0
0.938153340022 0.77778511651 0
0.945503262094 0.77778511651 0
0.952413526233 0.77778511651 0
0.958877312842 0.77778511651 0
0.964888242944 0.77778511651 0
0.970440384477 0.77778511651 0
0.975528258148 0.77778511651 0
0.980146842838 0.77778511651 0
0.984291580564 0.77778511651 0
0.987958380969 0.77778511651 0
0.991143625364 0.77778511651 0
0.993844170298 0.77778511651 0
0.996057350657 0.77778511651 0
0.997780982302 0.77778511651 0
0.999013364214 0.77778511651 0
0.999753280183 0.77778511651 0
1 0.77778511651 2
0 0.793892626146 4
0.000246719817134 0.793892626146 0
0.000986635785864 0.793892626146 0
0.00221901769846 0.793892626146 0
0.00394264934276 0.793892626146 0
0.00615582970243 0.793892626146 0
0.00885637463566 0.793892626146 0
0.0120416190306 0.793892626146 0
0.0157084194357 0.793892626146 0
0.0198531571615 0.793892626146 0
0.0244717418524 0.793892626146 0
0.0295596155229 0.793892626146 0
0.0351117570559 0.793892626146 0
0.041122687158 0.793892626146 0
0.047586473767 0.793892626146 0
0.0544967379058 0.793892626146 0
0.0618466599781 0.793892626146 0
0.069628986498 0.793892626146 0
0.077836037249 0.793892626146 0
0.0864597128627 0.793892626146 0
0.0954915028125 0.793892626146 0
0.104922493812 0.793892626146 0
0.114743378612 0.793892626146 0
0.124944465185 0.793892626146 0
0.135515686289 0.793892626146 0
0.146446609407 0.793892626146 0
0.157726447036 0.793892626146 0
0.169344067338 0.793892626146 0
0.181288005126 0.793892626146 0
0.193546473174 0.793892626146 0
0.206107373854 0.793892626146 0
0.218958311074 0.793892626146 0
0.232086602511 0.793892626146 0
0.245479292125 0.793892626146 0
0.259123162949 0.793892626146 0
0.27300475013 0.793892626146 0
0.287110354217 0.793892626146 0
0.301426054683 0.793892626146 0
0.315937723658 0.793892626146 0
0.330631039877 0.793892626146 0
0.345491502813 0.793892626146 0
0.36050444698 0.793892626146 0
0.375655056418 0.793892626146 0
0.390928379302 0.793892626146 0
0.406309342707 0.793892626146 0
0.42178276748 0.793892626146 0
0.437333383218 0.793892626146 0
0.452945843341 0.793892626146 0
0.468604740235 0.793892626146 0
0.484294620461 0.793892626146 0
0.5 0.793892626146 0
0.515705379539 0.793892626146 0
0.531395259765 0.793892626146 0
0.547054156659 0.793892626146 0
0.562666616782 0.793892626146 0
0.57821723252 0.793892626146 0
0.593690657293 0.793892626146 0
0.609071620698 0.793892626146 0
0.624344943582 0.793892626146 0
0.63949555302 0.793892626146 0
0.654508497187 0.793892626146 0
0.669368960123 0.793892626146 0
0.684062276342 0.793892626146 0
0.698573945317 0.793892626146 0
0.712889645783 0.793892626146 0
0.72699524987 0.793892626146 0
0.740876837051 0.793892626146 0
0.754520707875 0.793892626146 0
0.767913397489 0.793892626146 0
0.781041688926 0.793892626146 0
0.793892626146 0.793892626146 0
0.806453526826 0.793892626146 0
0.818711994874 0.793892626146 0
0.830655932662 0.793892626146 0
0.842273552964 0.793892626146 0
0.853553390593 0.793892626146 0
0.864484313711 0.793892626146 0
0.875055534815 0.793892626146 0
0.885256621388 0.793892626146 0
0.895077506188 0.793892626146 0
0.904508497187 0.793892626146 0
0.913540287137 0.793892626146 0
0.922163962751 0.793892626146 0
0.930371013502 0.793892626146 0
0.938153340022 0.793892626146 0
0.945503262094 0.793892626146 0
0.952413526233 0.793892626146 0
0.958877312842 0.793892626146 0
0.964888242944 0.793892626146 0
0.970440384477 0.793892626146 0
0.975528258148 0.793892626146 0
0.980146842838 0.793892626146 0
0.984291580564 0.793892626146 0
0.987958380969 0.793892626146 0
0.991143625364 0.793892626146 0
0.993844170298 0.793892626146 0
0.996057350657 0.793892626146 0
0.997780982302 0.793892626146 0
0.999013364214 0.793892626146 0
0.999753280183 0.793892626146 0
1 0.793892626146 2
0 0.809546974655 4
0.000246719817134 0.809546974655 0
0.000986635785864 0.809546974655 0
0.00221901769846 0.809546974655 0
0.00394264934276 0.809546974655 0
0.00615582970243 0.809546974655 0
0.00885637463566 0.809546974655 0
0.0120416190306 0.809546974655 0
0.0157084194357 0.809546974655 0
0.0198531571615 0.809546974655 0
0.0244717418524 0.809546974655 0
0.0295596155229 0.809546974655 0
0.0351117570559 0.809546974655 0
0.041122687158 0.809546974655 0
0.047586473767 0.809546974655 0
0.0544967379058 0.809546974655 0
0.0618466599781 0.809546974655 0
0.069628986498 0.809546974655 0
0.077836037249 0.809546974655 0
0.0864597128627 0.809546974655 0
0.0954915028125 0.809546974655 0
0.104922493812 0.809546974655 0
0.114743378612 0.809546974655 0
0.124944465185 0.809546974655 0
0.135515686289 0.809546974655 0
0.146446609407 0.809546974655 0
0.157726447036 0.809546974655 0
0.169344067338 0.809546974655 0
0.181288005126 0.809546974655 0
0.193546473174 0.809546974655 0
0.206107373854 0.809546974655 0
0.218958311074 0.809546974655 0
0.232086602511 0.809546974655 0
0.245479292125 0.809546974655 0
0.259123162949 0.809546974655 0
0.27300475013 0.809546974655 0
0.287110354217 0.809546974655 0
0.301426054683 0.809546974655 0
0.315937723658 0.809546974655 0
0.330631039877 0.809546974655 0
0.345491502813 0.809546974655 0
0.36050444698 0.809546974655 0
0.375655056418 0.809546974655 0
0.390928379302 0.809546974655 0
0.406309342707 0.809546974655 0
0.42178276748 0.809546974655 0
0.437333383218 0.809546974655 0
0.452945843341 0.809546974655 0
0.468604740235 0.809546974655 0
0.484294620461 0.809546974655 0
0.5 0.809546974655 0
0.515705379539 0.809546974655 0
0.531395259765 0.809546974655 0
0.547054156659 0.809546974655 0
0.562666616782 0.809546974655 0
0.57821723252 0.809546974655 0
0.593690657293 0.809546974655 0
0.609071620698 0.809546974655 0
0.624344943582 0.809546974655 0
0.63949555302 0.809546974655 0
0.654508497187 0.809546974655 0
0.669368960123 0.809546974655 0
0.684062276342 0.809546974655 0
0.698573945317 0.809546974655 0
0.712889645783 0.809546974655 0
0.72699524987 0.809546974655 0
0.740876837051 0.809546974655 0
0.754520707875 0.809546974655 0
0.767913397489 0.809546974655 0
0.781041688926 0.809546974655 0
0.793892626146 0.809546974655 0
0.806453526826 0.809546974655 0
0.818711994874 0.809546974655 0
0.830655932662 0.809546974655 0
0.842273552964 0.809546974655 0
0.853553390593 0.809546974655 0
0.864484313711 0.809546974655 0
0.875055534815 0.809546974655 0
0.885256621388 0.809546974655 0
0.895077506188 0.809546974655 0
0.904508497187 0.809546974655 0
0.913540287137 0.809546974655 0
0.922163962751 0.809546974655 0
0.930371013502 0.809546974655 0
0.938153340022 0.809546974655 0
0.945503262094 0.809546974655 0
0.952413526233 0.809546974655 0
0.958877312842 0.809546974655 0
0.964888242944 0.809546974655 0
0.970440384477 0.809546974655 0
0.975528258148 0.809546974655 0
0.980146842838 0.809546974655 0
0.984291580564 0.809546974655 0
0.987958380969 0.809546974655 0
0.991143625364 0.809546974655 0
0.993844170298 0.809546974655 0
0.996057350657 0.809546974655 0
0.997780982302 0.809546974655 0
0.999013364214 0.809546974655 0
0.999753280183 0.809546974655 0
1 0.809546974655 2
0 0.824724024165 4
0.000246719817134 0.824724024165 0
0.000986635785864 0.824724024165 0
0.00221901769846 0.824724024165 0
0.00394264934276 0.824724024165 0
0.00615582970243 0.824724024165 0
0.00885637463566 0.824724024165 0
0.0120416190306 0.824724024165 0
0.0157084194357 0.824724024165 0
0.0198531571615 0.824724024165 0
0.0244717418524 0.824724024165 0
0.0295596155229 0.824724024165 0
0.0351117570559 0.824724024165 0
0.041122687158 0.824724024165 0
0.047586473767 0.824724024165 0
0.0544967379058 0.824724024165 0
0.0618466599781 0.824724024165 0
0.069628986498 0.824724024165 0
0.077836037249 0.824724024165 0
0.0864597128627 0.824724024165 0
0.0954915028125 0.824724024165 0
0.104922493812 0.824724024165 0
0.114743378612 0.824724024165 0
0.124944465185 0.824724024165 0
0.135515686289 0.824724024165 0
0.146446609407 0.824724024165 0
0.157726447036 0.824724024165 0
0.169344067338 0.824724024165 0
0.181288005126 0.824724024165 0
0.193546473174 0.824724024165 0
0.206107373854 0.824724024165 0
0.218958311074 0.824724024165 0
0.232086602511 0.824724024165 0
0.245479292125 0.824724024165 0
0.259123162949 0.824724024165 0
0.27300475013 0.824724024165 0
0.287110354217 0.824724024165 0
0.301426054683 0.824724024165 0
0.315937723658 0.824724024165 0
0.330631039877 0.824724024165 0
0.345491502813 0.824724024165 0
0.36050444698 0.824724024165 0
0.375655056418 0.824724024165 0
0.390928379302 0.824724024165 0
0.406309342707 0.824724024165 0
0.42178276748 0.824724024165 0
0.437333383218 0.824724024165 0
0.452945843341 0.824724024165 0
0.468604740235 0.824724024165 0
0.484294620461 0.824724024165 0
0.5 0.824724024165 0
0.515705379539 0.824724024165 0
0.531395259765 0.824724024165 0
0.547054156659 0.824724024165 0
0.562666616782 0.824724024165 0
0.57821723252 0.824724024165 0
0.593690657293 0.824724024165 0
0.609071620698 0.824724024165 0
0.624344943582 0.824724024165 0
0.63949555302 0.824724024165 0
0.654508497187 0.824724024165 0
0.669368960123 0.824724024165 0
0.684062276342 0.824724024165 0
0.698573945317 0.824724024165 0
0.712889645783 0.824724024165 0
0.72699524987 0.824724024165 0
0.740876837051 0.824724024165 0
0.754520707875 0.824724024165 0
0.767913397489 0.824724024165 0
0.781041688926 0.824724024165 0
0.793892626146 0.824724024165 0
0.806453526826 0.824724024165 0
0.818711994874 0.824724024165 0
0.830655932662 0.824724024165 0
0.842273552964 0.824724024165 0
0.853553390593 0.824724024165 0
0.864484313711 0.824724024165 0
0.875055534815 0.824724024165 0
0.885256621388 0.824724024165 0
0.895077506188 0.824724024165 0
0.904508497187 0.824724024165 0
0.913540287137 0.824724024165 0
0.922163962751 0.824724024165 0
0.930371013502 0.824724024165 0
0.938153340022 0.824724024165 0
0.945503262094 0.824724024165 0
0.952413526233 0.824724024165 0
0.958877312842 0.824724024165 0
0.964888242944 0.824724024165 0
0.970440384477 0.824724024165 0
0.975528258148 0.824724024165 0
0.980146842838 0.824724024165 0
0.984291580564 0.824724024165 0
0.987958380969 0.824724024165 0
0.991143625364 0.824724024165 0
0.993844170298 0.824724024165 0
0.996057350657 0.824724024165 0
0.997780982302 0.824724024165 0
0.999013364214 0.824724024165 0
0.999753280183 0.824724024165 0
1 0.824724024165 2
0 0.839400372766 4
0.000246719817134 0.839400372766 0
0.000986635785864 0.839400372766 0
0.00221901769846 0.839400372766 0
0.00394264934276 0.839400372766 0
0.00615582970243 0.839400372766 0
0.00885637463566 0.839400372766 0
0.0120416190306 0.839400372766 0
0.0157084194357 0.839400372766 0
0.0198531571615 0.839400372766 0
0.0244717418524 0.839400372766 0
0.0295596155229 0.839400372766 0
0.0351117570559 0.839400372766 0
0.041122687158 0.839400372766 0
0.047586473767 0.839400372766 0
0.0544967379058 0.839400372766 0
0.0618466599781 0.839400372766 0
0.069628986498 0.839400372766 0
0.077836037249 0.839400372766 0
0.0864597128627 0.839400372766 0
0.0954915028125 0.839400372766 0
0.104922493812 0.839400372766 0
0.114743378612 0.839400372766 0
0.124944465185 0.839400372766 0
0.135515686289 0.839400372766 0
0.146446609407 0.839400372766 0
0.157726447036 0.839400372766 0
0.169344067338 0.839400372766 0
0.181288005126 0.839400372766 0
0.193546473174 0.839400372766 0
0.206107373854 0.839400372766 0
0.218958311074 0.839400372766 0
0.232086602511 0.839400372766 0
0.245479292125 0.839400372766 0
0.259123162949 0.839400372766 0
0.27300475013 0.839400372766 0
0.287110354217 0.839400372766 0
0.301426054683 0.839400372766 0
0.315937723658 0.839400372766 0
0.330631039877 0.839400372766 0
0.345491502813 0.839400372766 0
0.36050444698 0.839400372766 0
0.375655056418 0.839400372766 0
0.390928379302 0.839400372766 0
0.406309342707 0.839400372766 0
0.42178276748 0.839400372766 0
0.437333383218 0.839400372766 0
0.452945843341 0.839400372766 0
0.468604740235 0.839400372766 0
0.484294620461 0.839400372766 0
0.5 0.839400372766 0
0.515705379539 0.839400372766 0
0.531395259765 0.839400372766 0
0.547054156659 0.839400372766 0
0.562666616782 0.839400372766 0
0.57821723252 0.839400372766 0
0.593690657293 0.839400372766 0
0.609071620698 0.839400372766 0
0.624344943582 0.839400372766 0
0.63949555302 0.839400372766 0
0.654508497187 0.839400372766 0
0.669368960123 0.839400372766 0
0.684062276342 0.839400372766 0
0.698573945317 0.839400372766 0
0.712889645783 0.839400372766 0
0.72699524987 0.839400372766 0
0.740876837051 0.839400372766 0
0.754520707875 0.839400372766 0
0.767913397489 0.839400372766 0
0.781041688926 0.839400372766 0
0.793892626146 0.839400372766 0
0.806453526826 0.839400372766 0
0.818711994874 0.839400372766 0
0.830655932662 0.839400372766 0
0.842273552964 0.839400372766 0
0.853553390593 0.839400372766 0
0.864484313711 0.839400372766 0
0.875055534815 0.839400372766 0
0.885256621388 0.839400372766 0
0.895077506188 0.839400372766 0
0.904508497187 0.839400372766 0
0.913540287137 0.839400372766 0
0.922163962751 0.839400372766 0
0.930371013502 0.839400372766 0
0.938153340022 0.839400372766 0
0.945503262094 0.839400372766 0
0.952413526233 0.839400372766 0
0.958877312842 0.839400372766 0
0.964888242944 0.839400372766 0
0.970440384477 0.839400372766 0
0.975528258148 0.839400372766 0
0.980146842838 0.839400372766 0
0.984291580564 0.839400372766 0
0.987958380969 0.839400372766 0
0.991143625364 0.839400372766 0
0.993844170298 0.839400372766 0
0.996057350657 0.839400372766 0
0.997780982302 0.839400372766 0
0.999013364214 0.839400372766 0
0.999753280183 0.839400372766 0
1 0.839400372766 2
0 0.853553390593 4
0.000246719817134 0.853553390593 0
0.000986635785864 0.853553390593 0
0.00221901769846 0.853553390593 0
0.00394264934276 0.853553390593 0
0.00615582970243 0.853553390593 0
0.00885637463566 0.853553390593 0
0.0120416190306 0.853553390593 0
0.0157084194357 0.853553390593 0
0.0198531571615 0.853553390593 0
0.0244717418524 0.853553390593 0
0.0295596155229 0.853553390593 0
0.0351117570559 0.853553390593 0
0.041122687158 0.853553390593 0
0.047586473767 0.853553390593 0
0.0544967379058 0.853553390593 0
0.0618466599781 0.853553390593 0
0.069628986498 0.853553390593 0
0.077836037249 0.853553390593 0
0.0864597128627 0.853553390593 0
0.0954915028125 0.853553390593 0
0.104922493812 0.853553390593 0
0.114743378612 0.853553390593 0
0.124944465185 0.853553390593 0
0.135515686289 0.853553390593 0
0.146446609407 0.853553390593 0
0.157726447036 0.853553390593 0
0.169344067338 0.853553390593 0
0.181288005126 0.853553390593 0
0.193546473174 0.853553390593 0
0.206107373854 0.853553390593 0
0.218958311074 0.853553390593 0
0.232086602511 0.853553390593 0
0.245479292125 0.853553390593 0
0.259123162949 0.853553390593 0
0.27300475013 0.853553390593 0
0.287110354217 0.853553390593 0
0.301426054683 0.853553390593 0
0.315937723658 0.853553390593 0
0.330631039877 0.853553390593 0
0.345491502813 0.853553390593 0
0.36050444698 0.853553390593 0
0.375655056418 0.853553390593 0
0.390928379302 0.853553390593 0
0.406309342707 0.853553390593 0
0.42178276748 0.853553390593 0
0.437333383218 0.853553390593 0
0.452945843341 0.853553390593 0
0.468604740235 0.853553390593 0
0.484294620461 0.853553390593 0
0.5 0.853553390593 0
0.515705379539 0.853553390593 0
0.531395259765 0.853553390593 0
0.547054156659 0.853553390593 0
0.562666616782 0.853553390593 0
0.57821723252 0.853553390593 0
0.593690657293 0.853553390593 0
0.609071620698 0.853553390593 0
0.624344943582 0.853553390593 0
0.63949555302 0.853553390593 0
0.654508497187 0.853553390593 0
0.669368960123 0.853553390593 0
0.684062276342 0.853553390593 0
0.698573945317 0.853553390593 0
0.712889645783 0.853553390593 0
0.72699524987 0.853553390593 0
0.740876837051 0.853553390593 0
0.754520707875 0.853553390593 0
0.767913397489 0.853553390593 0
0.781041688926 0.853553390593 0
0.793892626146 0.853553390593 0
0.806453526826 0.853553390593 0
0.818711994874 0.853553390593 0
0.830655932662 0.853553390593 0
0.842273552964 0.853553390593 0
0.853553390593 0.853553390593 0
0.864484313711 0.853553390593 0
0.875055534815 0.853553390593 0
0.885256621388 0.853553390593 0
0.895077506188 0.853553390593 0
0.904508497187 0.853553390593 0
0.913540287137 0.853553390593 0
0.922163962751 0.853553390593 0
0.930371013502 0.853553390593 0
0.938153340022 0.853553390593 0
0.945503262094 0.853553390593 0
0.952413526233 0.853553390593 0
0.958877312842 0.853553390593 0
0.964888242944 0.853553390593 0
0.970440384477 0.853553390593 0
0.975528258148 0.853553390593 0
0.980146842838 0.853553390593 0
0.984291580564 0.853553390593 0
0.987958380969 0.853553390593 0
0.991143625364 0.853553390593 0
0.993844170298 0.853553390593 0
0.996057350657 0.853553390593 0
0.997780982302 0.853553390593 0
0.999013364214 0.853553390593 0
0.999753280183 0.853553390593 0
1 0.853553390593 2
0 0.867161254718 4
0.000246719817134 0.867161254718 0
0.000986635785864 0.867161254718 0
0.00221901769846 0.867161254718 0
0.00394264934276 0.867161254718 0
0.00615582970243 0.867161254718 0
0.00885637463566 0.867161254718 0
0.0120416190306 0.867161254718 0
0.0157084194357 0.867161254718 0
0.0198531571615 0.867161254718 0
0.0244717418524 0.867161254718 0
0.0295596155229 0.867161254718 0
0.0351117570559 0.867161254718 0
0.041122687158 0.867161254718 0
0.047586473767 0.867161254718 0
0.0544967379058 0.867161254718 0
0.0618466599781 0.867161254718 0
0.069628986498 0.867161254718 0
0.077836037249 0.867161254718 0
0.0864597128627 0.867161254718 0
0.0954915028125 0.867161254718 0
0.104922493812 0.867161254718 0
0.114743378612 0.867161254718 0
0.124944465185 0.867161254718 0
0.135515686289 0.867161254718 0
0.146446609407 0.867161254718 0
0.157726447036 0.867161254718 0
0.169344067338 0.867161254718 0
0.181288005126 0.867161254718 0
0.193546473174 0.867161254718 0
0.206107373854 0.867161254718 0
0.218958311074 0.867161254718 0
0.232086602511 0.867161254718 0
0.245479292125 0.867161254718 0
0.259123162949 0.867161254718 0
0.27300475013 0.867161254718 0
0.287110354217 0.867161254718 0
0.301426054683 0.867161254718 0
0.315937723658 0.867161254718 0
0.330631039877 0.867161254718 0
0.345491502813 0.867161254718 0
0.36050444698 0.867161254718 0
0.375655056418 0.867161254718 0
0.390928379302 0.867161254718 0
0.406309342707 0.867161254718 0
0.42178276748 0.867161254718 0
0.437333383218 0.867161254718 0
0.452945843341 0.867161254718 0
0.468604740235 0.867161254718 0
0.484294620461 0.867161254718 0
0.5 0.867161254718 0
0.515705379539 0.867161254718 0
0.531395259765 0.867161254718 0
0.547054156659 0.867161254718 0
0.562666616782 0.867161254718 0
0.57821723252 0.867161254718 0
0.593690657293 0.867161254718 0
0.609071620698 0.867161254718 0
0.624344943582 0.867161254718 0
0.63949555302 0.867161254718 0
0.654508497187 0.867161254718 0
0.669368960123 0.867161254718 0
0.684062276342 0.867161254718 0
0.698573945317 0.867161254718 0
0.712889645783 0.867161254718 0
0.72699524987 0.867161254718 0
0.740876837051 0.867161254718 0
0.754520707875 0.867161254718 0
0.767913397489 0.867161254718 0
0.781041688926 0.867161254718 0
0.793892626146 0.867161254718 0
0.806453526826 0.867161254718 0
0.818711994874 0.867161254718 0
0.830655932662 0.867161254718 0
0.842273552964 0.867161254718 0
0.853553390593 0.867161254718 0
0.864484313711 0.867161254718 0
0.875055534815 0.867161254718 0
0.885256621388 0.867161254718 0
0.895077506188 0.867161254718 0
0.904508497187 0.867161254718 0
0.913540287137 0.867161254718 0
0.922163962751 0.867161254718 0
0.930371013502 0.867161254718 0
0.938153340022 0.867161254718 0
0.945503262094 0.867161254718 0
0.952413526233 0.867161254718 0
0.958877312842 0.867161254718 0
0.964888242944 0.867161254718 0
0.970440384477 0.867161254718 0
0.975528258148 0.867161254718 0
0.980146842838 0.867161254718 0
0.984291580564 0.867161254718 0
0.987958380969 0.867161254718 0
0.991143625364 0.867161254718 0
0.993844170298 0.867161254718 0
0.996057350657 0.867161254718 0
0.997780982302 0.867161254718 0
0.999013364214 0.867161254718 0
0.999753280183 0.867161254718 0
1 0.867161254718 2
0 0.8802029828 4
0.000246719817134 0.8802029828 0
0.000986635785864 0.8802029828 0
0.00221901769846 0.8802029828 0
0.00394264934276 0.8802029828 0
0.00615582970243 0.8802029828 0
0.00885637463566 0.8802029828 0
0.0120416190306 0.8802029828 0
0.0157084194357 0.8802029828 0
0.0198531571615 0.8802029828 0
0.0244717418524 0.8802029828 0
0.0295596155229 0.8802029828 0
0.0351117570559 0.8802029828 0
0.041122687158 0.8802029828 0
0.047586473767 0.8802029828 0
0.0544967379058 0.8802029828 0
0.0618466599781 0.8802029828 0
0.069628986498 0.8802029828 0
0.077836037249 0.8802029828 0
0.0864597128627 0.8802029828 0
0.0954915028125 0.8802029828 0
0.104922493812 0.8802029828 0
0.114743378612 0.8802029828 0
0.124944465185 0.8802029828 0
0.135515686289 0.8802029828 0
0.146446609407 0.8802029828 0
0.157726447036 0.8802029828 0
0.169344067338 0.8802029828 0
0.181288005126 0.8802029828 0
0.193546473174 0.8802029828 0
0.206107373854 0.8802029828 0
0.218958311074 0.8802029828 0
0.232086602511 0.8802029828 0
0.245479292125 0.8802029828 0
0.259123162949 0.8802029828 0
0.27300475013 0.8802029828 0
0.287110354217 0.8802029828 0
0.301426054683 0.8802029828 0
0.315937723658 0.8802029828 0
0.330631039877 0.8802029828 0
0.345491502813 0.8802029828 0
0.36050444698 0.8802029828 0
0.375655056418 0.8802029828 0
0.390928379302 0.8802029828 0
0.406309342707 0.8802029828 0
0.42178276748 0.8802029828 0
0.437333383218 0.8802029828 0
0.452945843341 0.8802029828 0
0.468604740235 0.8802029828 0
0.484294620461 0.8802029828 0
0.5 0.8802029828 0
0.515705379539 0.8802029828 0
0.531395259765 0.8802029828 0
0.547054156659 0.8802029828 0
0.562666616782 0.8802029828 0
0.57821723252 0.8802029828 0
0.593690657293 0.8802029828 0
0.609071620698 0.8802029828 0
0.624344943582 0.8802029828 0
0.63949555302 0.8802029828 0
0.654508497187 0.8802029828 0
0.669368960123 0.8802029828 0
0.684062276342 0.8802029828 0
0.698573945317 0.8802029828 0
0.712889645783 0.8802029828 0
0.72699524987 0.8802029828 0
0.740876837051 0.8802029828 0
0.754520707875 0.8802029828 0
0.767913397489 0.8802029828 0
0.781041688926 0.8802029828 0
0.793892626146 0.8802029828 0
0.806453526826 0.8802029828 0
0.818711994874 0.8802029828 0
0.830655932662 0.8802029828 0
0.842273552964 0.8802029828 0
0.853553390593 0.8802029828 0
0.864484313711 0.8802029828 0
0.875055534815 0.8802029828 0
0.885256621388 0.8802029828 0
0.895077506188 0.8802029828 0
0.904508497187 0.8802029828 0
0.913540287137 0.8802029828 0
0.922163962751 0.8802029828 0
0.930371013502 0.8802029828 0
0.938153340022 0.8802029828 0
0.945503262094 0.8802029828 0
0.952413526233 0.8802029828 0
0.958877312842 0.8802029828 0
0.964888242944 0.8802029828 0
0.970440384477 0.8802029828 0
0.975528258148 0.8802029828 0
0.980146842838 0.8802029828 0
0.984291580564 0.8802029828 0
0.987958380969 0.8802029828 0
0.991143625364 0.8802029828 0
0.993844170298 0.8802029828 0
0.996057350657 0.8802029828 0
0.997780982302 0.8802029828 0
0.999013364214 0.8802029828 0
0.999753280183 0.8802029828 0
1 0.8802029828 2
0 0.89265846544 4
0.000246719817134 0.89265846544 0
0.000986635785864 0.89265846544 0
0.00221901769846 0.89265846544 0
0.00394264934276 0.89265846544 0
0.00615582970243 0.89265846544 0
0.00885637463566 0.89265846544 0
0.0120416190306 0.89265846544 0
0.0157084194357 0.89265846544 0
0.0198531571615 0.89265846544 0
0.0244717418524 0.89265846544 0
0.0295596155229 0.89265846544 0
0.0351117570559 0.89265846544 0
0.041122687158 0.89265846544 0
0.047586473767 0.89265846544 0
0.0544967379058 0.89265846544 0
0.0618466599781 0.89265846544 0
0.069628986498 0.89265846544 0
0.077836037249 0.89265846544 0
0.0864597128627 0.89265846544 0
0.0954915028125 0.89265846544 0
0.104922493812 0.89265846544 0
0.114743378612 0.89265846544 0
0.124944465185 0.89265846544 0
0.135515686289 0.89265846544 0
0.146446609407 0.89265846544 0
0.157726447036 0.89265846544 0
0.169344067338 0.89265846544 0
0.181288005126 0.89265846544 0
0.193546473174 0.89265846544 0
0.206107373854 0.89265846544 0
0.218958311074 0.89265846544 0
0.232086602511 0.89265846544 0
0.245479292125 0.89265846544 0
0.259123162949 0.89265846544 0
0.27300475013 0.89265846544 0
0.287110354217 0.89265846544 0
0.301426054683 0.89265846544 0
0.315937723658 0.89265846544 0
0.330631039877 0.89265846544 0
0.345491502813 0.89265846544 0
0.36050444698 0.89265846544 0
0.375655056418 0.89265846544 0
0.390928379302 0.89265846544 0
0.406309342707 0.89265846544 0
0.42178276748 0.89265846544 0
0.437333383218 0.89265846544 0
0.452945843341 0.89265846544 0
0.468604740235 0.89265846544 0
0.484294620461 0.89265846544 0
0.5 0.89265846544 0
0.515705379539 0.89265846544 0
0.531395259765 0.89265846544 0
0.547054156659 0.89265846544 0
0.562666616782 0.89265846544 0
0.57821723252 0.89265846544 0
0.593690657293 0.89265846544 0
0.609071620698 0.89265846544 0
0.624344943582 0.89265846544 0
0.63949555302 0.89265846544 0
0.654508497187 0.89265846544 0
0.669368960123 0.89265846544 0
0.684062276342 0.89265846544 0
0.698573945317 0.89265846544 0
0.712889645783 0.89265846544 0
0.72699524987 0.89265846544 0
0.740876837051 0.89265846544 0
0.754520707875 0.89265846544 0
0.767913397489 0.89265846544 0
0.781041688926 0.89265846544 0
0.793892626146 0.89265846544 0
0.806453526826 0.89265846544 0
0.818711994874 0.89265846544 0
0.830655932662 0.89265846544 0
0.842273552964 0.89265846544 0
0.853553390593 0.89265846544 0
0.864484313711 0.89265846544 0
0.875055534815 0.89265846544 0
0.885256621388 0.89265846544 0
0.895077506188 0.89265846544 0
0.904508497187 0.89265846544 0
0.913540287137 0.89265846544 0
0.922163962751 0.89265846544 0
0.930371013502 0.89265846544 0
0.938153340022 0.89265846544 0
0.945503262094 0.89265846544 0
0.952413526233 0.89265846544 0
0.958877312842 0.89265846544 0
0.964888242944 0.89265846544 0
0.970440384477 0.89265846544 0
0.975528258148 0.89265846544 0
0.980146842838 0.89265846544 0
0.984291580564 0.89265846544 0
0.987958380969 0.89265846544 0
0.991143625364 0.89265846544 0
0.993844170298 0.89265846544 0
0.996057350657 0.89265846544 0
0.997780982302 0.89265846544 0
0.999013364214 0.89265846544 0
0.999753280183 0.89265846544 0
1 0.89265846544 2
0 0.904508497187 4
0.000246719817134 0.904508497187 0
0.000986635785864 0.904508497187 0
0.00221901769846 0.904508497187 0
0.00394264934276 0.904508497187 0
0.00615582970243 0.904508497187 0
0.00885637463566 0.904508497187 0
0.0120416190306 0.904508497187 0
0.0157084194357 0.904508497187 0
0.0198531571615 0.904508497187 0
0.0244717418524 0.904508497187 0
0.0295596155229 0.904508497187 0
0.0351117570559 0.904508497187 0
0.041122687158 0.904508497187 0
0.047586473767 0.904508497187 0
0.0544967379058 0.904508497187 0
0.0618466599781 0.904508497187 0
0.069628986498 0.904508497187 0
0.077836037249 0.904508497187 0
0.0864597128627 0.904508497187 0
0.0954915028125 0.904508497187 0
0.104922493812 0.904508497187 0
0.114743378612 0.904508497187 0
0.124944465185 0.904508497187 0
0.135515686289 0.904508497187 0
0.146446609407 0.904508497187 0
0.157726447036 0.904508497187 0
0.169344067338 0.904508497187 0
0.181288005126 0.904508497187 0
0.193546473174 0.904508497187 0
0.206107373854 0.904508497187 0
0.218958311074 0.904508497187 0
0.232086602511 0.904508497187 0
0.245479292125 0.904508497187 0
0.259123162949 0.904508497187 0
0.27300475013 0.904508497187 0
0.287110354217 0.904508497187 0
0.301426054683 0.904508497187 0
0.315937723658 0.904508497187 0
0.330631039877 0.904508497187 0
0.345491502813 0.904508497187 0
0.36050444698 0.904508497187 0
0.375655056418 0.904508497187 0
0.390928379302 0.904508497187 0
0.406309342707 0.904508497187 0
0.42178276748 0.904508497187 0
0.437333383218 0.904508497187 0
0.452945843341 0.904508497187 0
0.468604740235 0.904508497187 0
0.484294620461 0.904508497187 0
0.5 0.904508497187 0
0.515705379539 0.904508497187 0
0.531395259765 0.904508497187 0
0.547054156659 0.904508497187 0
0.562666616782 0.904508497187 0
0.57821723252 0.904508497187 0
0.593690657293 0.904508497187 0
0.609071620698 0.904508497187 0
0.624344943582 0.904508497187 0
0.63949555302 0.904508497187 0
0.654508497187 0.904508497187 0
0.669368960123 0.904508497187 0
0.684062276342 0.904508497187 0
0.698573945317 0.904508497187 0
0.712889645783 0.904508497187 0
0.72699524987 0.904508497187 0
0.740876837051 0.904508497187 0
0.754520707875 0.904508497187 0
0.767913397489 0.904508497187 0
0.781041688926 0.904508497187 0
0.793892626146 0.904508497187 0
0.806453526826 0.904508497187 0
0.818711994874 0.904508497187 0
0.830655932662 0.904508497187 0
0.842273552964 0.904508497187 0
0.853553390593 0.904508497187 0
0.864484313711 0.904508497187 0
0.875055534815 0.904508497187 0
0.885256621388 0.904508497187 0
0.895077506188 0.904508497187 0
0.904508497187 0.904508497187 0
0.913540287137 0.904508497187 0
0.922163962751 0.904508497187 0
0.930371013502 0.904508497187 0
0.938153340022 0.904508497187 0
0.945503262094 0.904508497187 0
0.952413526233 0.904508497187 0
0.958877312842 0.904508497187 0
0.964888242944 0.904508497187 0
0.970440384477 0.904508497187 0
0.975528258148 0.904508497187 0
0.980146842838 0.904508497187 0
0.984291580564 0.904508497187 0
0.987958380969 0.904508497187 0
0.991143625364 0.904508497187 0
0.993844170298 0.904508497187 0
0.996057350657 0.904508497187 0
0.997780982302 0.904508497187 0
0.999013364214 0.904508497187 0
0.999753280183 0.904508497187 0
1 0.904508497187 2
0 0.915734806151 4
0.000246719817134 0.915734806151 0
0.000986635785864 0.915734806151 0
0.00221901769846 0.915734806151 0
0.00394264934276 0.915734806151 0
0.00615582970243 0.915734806151 0
0.00885637463566 0.915734806151 0
0.0120416190306 0.915734806151 0
0.0157084194357 0.915734806151 0
0.0198531571615 0.915734806151 0
0.0244717418524 0.915734806151 0
0.0295596155229 0.915734806151 0
0.0351117570559 0.915734806151 0
0.041122687158 0.915734806151 0
0.047586473767 0.915734806151 0
0.0544967379058 0.915734806151 0
0.0618466599781 0.915734806151 0
0.069628986498 0.915734806151 0
0.077836037249 0.915734806151 0
0.0864597128627 0.915734806151 0
0.0954915028125 0.915734806151 0
0.104922493812 0.915734806151 0
0.114743378612 0.915734806151 0
0.124944465185 0.915734806151 0
0.135515686289 0.915734806151 0
0.146446609407 0.915734806151 0
0.157726447036 0.915734806151 0
0.169344067338 0.915734806151 0
0.181288005126 0.915734806151 0
0.193546473174 0.915734806151 0
0.206107373854 0.915734806151 0
0.218958311074 0.915734806151 0
0.232086602511 0.915734806151 0
0.245479292125 0.915734806151 0
0.259123162949 0.915734806151 0
0.27300475013 0.915734806151 0
0.287110354217 0.915734806151 0
0.301426054683 0.915734806151 0
0.315937723658 0.915734806151 0
0.330631039877 0.915734806151 0
0.345491502813 0.915734806151 0
0.36050444698 0.915734806151 0
0.375655056418 0.915734806151 0
0.390928379302 0.915734806151 0
0.406309342707 0.915734806151 0
0.42178276748 0.915734806151 0
0.437333383218 0.915734806151 0
0.452945843341 0.915734806151 0
0.468604740235 0.915734806151 0
0.484294620461 0.915734806151 0
0.5 0.915734806151 0
0.515705379539 0.915734806151 0
0.531395259765 0.915734806151 0
0.547054156659 0.915734806151 0
0.562666616782 0.915734806151 0
0.57821723252 0.915734806151 0
0.593690657293 0.915734806151 0
0.609071620698 0.915734806151 0
0.624344943582 0.915734806151 0
0.63949555302 0.915734806151 0
0.654508497187 0.915734806151 0
0.669368960123 0.915734806151 0
0.684062276342 0.915734806151 0
0.698573945317 0.915734806151 0
0.712889645783 0.915734806151 0
0.72699524987 0.915734806151 0
0.740876837051 0.915734806151 0
0.754520707875 0.915734806151 0
0.767913397489 0.915734806151 0
0.781041688926 0.915734806151 0
0.793892626146 0.915734806151 0
0.806453526826 0.915734806151 0
0.818711994874 0.915734806151 0
0.830655932662 0.915734806151 0
0.842273552964 0.915734806151 0
0.853553390593 0.915734806151 0
0.864484313711 0.915734806151 0
0.875055534815 0.915734806151 0
0.885256621388 0.915734806151 0
0.895077506188 0.915734806151 0
0.904508497187 0.915734806151 0
0.913540287137 0.915734806151 0
0.922163962751 0.915734806151 0
0.930371013502 0.915734806151 0
0.938153340022 0.915734806151 0
0.945503262094 0.915734806151 0
0.952413526233 0.915734806151 0
0.958877312842 0.915734806151 0
0.964888242944 0.915734806151 0
0.970440384477 0.915734806151 0
0.975528258148 0.915734806151 0
0.980146842838 0.915734806151 0
0.984291580564 0.915734806151 0
0.987958380969 0.915734806151 0
0.991143625364 0.915734806151 0
0.993844170298 0.915734806151 0
0.996057350657 0.915734806151 0
0.997780982302 0.915734806151 0
0.999013364214 0.915734806151 0
0.999753280183 0.915734806151 0
1 0.915734806151 2
0 0.926320082177 4
0.000246719817134 0.926320082177 0
0.000986635785864 0.926320082177 0
0.00221901769846 0.926320082177 0
0.00394264934276 0.926320082177 0
0.00615582970243 0.926320082177 0
0.00885637463566 0.926320082177 0
0.0120416190306 0.926320082177 0
0.0157084194357 0.926320082177 0
0.0198531571615 0.926320082177 0
0.0244717418524 0.926320082177 0
0.0295596155229 0.926320082177 0
0.0351117570559 0.926320082177 0
0.041122687158 0.926320082177 0
0.047586473767 0.926320082177 0
0.0544967379058 0.926320082177 0
0.0618466599781 0.926320082177 0
0.069628986498 0.926320082177 0
0.077836037249 0.926320082177 0
0.0864597128627 0.926320082177 0
0.0954915028125 0.926320082177 0
0.104922493812 0.926320082177 0
0.114743378612 0.926320082177 0
0.124944465185 0.926320082177 0
0.135515686289 0.926320082177 0
0.146446609407 0.926320082177 0
0.157726447036 0.926320082177 0
0.169344067338 0.926320082177 0
0.181288005126 0.926320082177 0
0.193546473174 0.926320082177 0
0.206107373854 0.926320082177 0
0.218958311074 0.926320082177 0
0.232086602511 0.926320082177 0
0.245479292125 0.926320082177 0
0.259123162949 0.926320082177 0
0.27300475013 0.926320082177 0
0.287110354217 0.926320082177 0
0.301426054683 0.926320082177 0
0.315937723658 0.926320082177 0
0.330631039877 0.926320082177 0
0.345491502813 0.926320082177 0
0.36050444698 0.926320082177 0
0.375655056418 0.926320082177 0
0.390928379302 0.926320082177 0
0.406309342707 0.926320082177 0
0.42178276748 0.926320082177 0
0.437333383218 0.926320082177 0
0.452945843341 0.926320082177 0
0.468604740235 0.926320082177 0
0.484294620461 0.926320082177 0
0.5 0.926320082177 0
0.515705379539 0.926320082177 0
0.531395259765 0.926320082177 0
0.547054156659 0.926320082177 0
0.562666616782 0.926320082177 0
0.57821723252 0.926320082177 0
0.593690657293 0.926320082177 0
0.609071620698 0.926320082177 0
0.624344943582 0.926320082177 0
0.63949555302 0.926320082177 0
0.654508497187 0.926320082177 0
0.669368960123 0.926320082177 0
0.684062276342 0.926320082177 0
0.698573945317 0.926320082177 0
0.712889645783 0.926320082177 0
0.72699524987 0.926320082177 0
0.740876837051 0.926320082177 0
0.754520707875 0.926320082177 0
0.767913397489 0.926320082177 0
0.781041688926 0.926320082177 0
0.793892626146 0.926320082177 0
0.806453526826 0.926320082177 0
0.818711994874 0.926320082177 0
0.830655932662 0.926320082177 0
0.842273552964 0.926320082177 0
0.853553390593 0.926320082177 0
0.864484313711 0.926320082177 0
0.875055534815 0.926320082177 0
0.885256621388 0.926320082177 0
0.895077506188 0.926320082177 0
0.904508497187 0.926320082177 0
0.913540287137 0.926320082177 0
0.922163962751 0.926320082177 0
0.930371013502 0.926320082177 0
0.938153340022 0.926320082177 0
0.945503262094 0.926320082177 0
0.952413526233 0.926320082177 0
0.958877312842 0.926320082177 0
0.964888242944 0.926320082177 0
0.970440384477 0.926320082177 0
0.975528258148 0.926320082177 0
0.980146842838 0.926320082177 0
0.984291580564 0.926320082177 0
0.987958380969 0.926320082177 0
0.991143625364 0.926320082177 0
0.993844170298 0.926320082177 0
0.996057350657 0.926320082177 0
0.997780982302 0.926320082177 0
0.999013364214 0.926320082177 0
0.999753280183 0.926320082177 0
1 0.926320082177 2
0 0.936248003536 4
0.000246719817134 0.936248003536 0
0.000986635785864 0.936248003536 0
0.00221901769846 0.936248003536 0
0.00394264934276 0.936248003536 0
0.00615582970243 0.936248003536 0
0.00885637463566 0.936248003536 0
0.0120416190306 0.936248003536 0
0.0157084194357 0.936248003536 0
0.0198531571615 0.936248003536 0
0.0244717418524 0.936248003536 0
0.0295596155229 0.936248003536 0
0.0351117570559 0.936248003536 0
0.041122687158 0.936248003536 0
0.047586473767 0.936248003536 0
0.0544967379058 0.936248003536 0
0.0618466599781 0.936248003536 0
0.069628986498 0.936248003536 0
0.077836037249 0.936248003536 0
0.0864597128627 0.936248003536 0
0.0954915028125 0.936248003536 0
0.104922493812 0.936248003536 0
0.114743378612 0.936248003536 0
0.124944465185 0.936248003536 0
0.135515686289 0.936248003536 0
0.146446609407 0.936248003536 0
0.157726447036 0.936248003536 0
0.169344067338 0.936248003536 0
0.181288005126 0.936248003536 0
0.193546473174 0.936248003536 0
0.206107373854 0.936248003536 0
0.218958311074 0.936248003536 0
0.232086602511 0.936248003536 0
0.245479292125 0.936248003536 0
0.259123162949 0.936248003536 0
0.27300475013 0.936248003536 0
0.287110354217 0.936248003536 0
0.301426054683 0.936248003536 0
0.315937723658 0.936248003536 0
0.330631039877 0.936248003536 0
0.345491502813 0.936248003536 0
0.36050444698 0.936248003536 0
0.375655056418 0.936248003536 0
0.390928379302 0.936248003536 0
0.406309342707 0.936248003536 0
0.42178276748 0.936248003536 0
0.437333383218 0.936248003536 0
0.452945843341 0.936248003536 0
0.468604740235 0.936248003536 0
0.484294620461 0.936248003536 0
0.5 0.936248003536 0
0.515705379539 0.936248003536 0
0.531395259765 0.936248003536 0
0.547054156659 0.936248003536 0
0.562666616782 0.936248003536 0
0.57821723252 0.936248003536 0
0.593690657293 0.936248003536 0
0.609071620698 0.936248003536 0
0.624344943582 0.936248003536 0
0.63949555302 0.936248003536 0
0.654508497187 0.936248003536 0
0.669368960123 0.936248003536 0
0.684062276342 0.936248003536 0
0.698573945317 0.936248003536 0
0.712889645783 0.936248003536 0
0.72699524987 0.936248003536 0
0.740876837051 0.936248003536 0
0.754520707875 0.936248003536 0
0.767913397489 0.936248003536 0
0.781041688926 0.936248003536 0
0.793892626146 0.936248003536 0
0.806453526826 0.936248003536 0
0.818711994874 0.936248003536 0
0.830655932662 0.936248003536 0
0.842273552964 0.936248003536 0
0.853553390593 0.936248003536 0
0.864484313711 0.936248003536 0
0.875055534815 0.936248003536 0
0.885256621388 0.936248003536 0
0.895077506188 0.936248003536 0
0.904508497187 0.936248003536 0
0.913540287137 0.936248003536 0
0.922163962751 0.936248003536 0
0.930371013502 0.936248003536 0
0.938153340022 0.936248003536 0
0.945503262094 0.936248003536 0
0.952413526233 0.936248003536 0
0.958877312842 0.936248003536 0
0.964888242944 0.936248003536 0
0.970440384477 0.936248003536 0
0.975528258148 0.936248003536 0
0.980146842838 0.936248003536 0
0.984291580564 0.936248003536 0
0.987958380969 0.936248003536 0
0.991143625364 0.936248003536 0
0.993844170298 0.936248003536 0
0.996057350657 0.936248003536 0
0.997780982302 0.936248003536 0
0.999013364214 0.936248003536 0
0.999753280183 0.936248003536 0
1 0.936248003536 2
0 0.945503262094 4
0.000246719817134 0.945503262094 0
0.000986635785864 0.945503262094 0
0.00221901769846 0.945503262094 0
0.00394264934276 0.945503262094 0
0.00615582970243 0.945503262094 0
0.00885637463566 0.945503262094 0
0.0120416190306 0.945503262094 0
0.0157084194357 0.945503262094 0
0.0198531571615 0.945503262094 0
0.0244717418524 0.945503262094 0
0.0295596155229 0.945503262094 0
0.0351117570559 0.945503262094 0
0.041122687158 0.945503262094 0
0.047586473767 0.945503262094 0
0.0544967379058 0.945503262094 0
0.0618466599781 0.945503262094 0
0.069628986498 0.945503262094 0
0.077836037249 0.945503262094 0
0.0864597128627 0.945503262094 0
0.0954915028125 0.945503262094 0
0.104922493812 0.945503262094 0
0.114743378612 0.945503262094 0
0.124944465185 0.945503262094 0
0.135515686289 0.945503262094 0
0.146446609407 0.945503262094 0
0.157726447036 0.945503262094 0
0.169344067338 0.945503262094 0
0.181288005126 0.945503262094 0
0.193546473174 0.945503262094 0
0.206107373854 0.945503262094 0
0.218958311074 0.945503262094 0
0.232086602511 0.945503262094 0
0.245479292125 0.945503262094 0
0.259123162949 0.945503262094 0
0.27300475013 0.945503262094 0
0.287110354217 0.945503262094 0
0.301426054683 0.945503262094 0
0.315937723658 0.945503262094 0
0.330631039877 0.945503262094 0
0.345491502813 0.945503262094 0
0.36050444698 0.945503262094 0
0.375655056418 0.945503262094 0
0.390928379302 0.945503262094 0
0.406309342707 0.945503262094 0
0.42178276748 0.945503262094 0
0.437333383218 0.945503262094 0
0.452945843341 0.945503262094 0
0.468604740235 0.945503262094 0
0.484294620461 0.945503262094 0
0.5 0.945503262094 0
0.515705379539 0.945503262094 0
0.531395259765 0.945503262094 0
0.547054156659 0.945503262094 0
0.562666616782 0.945503262094 0
0.57821723252 0.945503262094 0
0.593690657293 0.945503262094 0
0.609071620698 0.945503262094 0
0.624344943582 0.945503262094 0
0.63949555302 0.945503262094 0
0.654508497187 0.945503262094 0
0.669368960123 0.945503262094 0
0.684062276342 0.945503262094 0
0.698573945317 0.945503262094 0
0.712889645783 0.945503262094 0
0.72699524987 0.945503262094 0
0.740876837051 0.945503262094 0
0.754520707875 0.945503262094 0
0.767913397489 0.945503262094 0
0.781041688926 0.945503262094 0
0.793892626146 0.945503262094 0
0.806453526826 0.945503262094 0
0.818711994874 0.945503262094 0
0.830655932662 0.945503262094 0
0.842273552964 0.945503262094 0
0.853553390593 0.945503262094 0
0.864484313711 0.945503262094 0
0.875055534815 0.945503262094 0
0.885256621388 0.945503262094 0
0.895077506188 0.945503262094 0
0.904508497187 0.945503262094 0
0.913540287137 0.945503262094 0
0.922163962751 0.945503262094 0
0.930371013502 0.945503262094 0
0.938153340022 0.945503262094 0
0.945503262094 0.945503262094 0
0.952413526233 0.945503262094 0
0.958877312842 0.945503262094 0
0.964888242944 0.945503262094 0
0.970440384477 0.945503262094 0
0.975528258148 0.945503262094 0
0.980146842838 0.945503262094 0
0.984291580564 0.945503262094 0
0.987958380969 0.945503262094 0
0.991143625364 0.945503262094 0
0.993844170298 0.945503262094 0
0.996057350657 0.945503262094 0
0.997780982302 0.945503262094 0
0.999013364214 0.945503262094 0
0.999753280183 0.945503262094 0
1 0.945503262094 2
0 0.954071586913 4
0.000246719817134 0.954071586913 0
0.000986635785864 0.954071586913 0
0.00221901769846 0.954071586913 0
0.00394264934276 0.954071586913 0
0.00615582970243 0.954071586913 0
0.00885637463566 0.954071586913 0
0.0120416190306 0.954071586913 0
0.0157084194357 0.954071586913 0
0.0198531571615 0.954071586913 0
0.0244717418524 0.954071586913 0
0.0295596155229 0.954071586913 0
0.0351117570559 0.954071586913 0
0.041122687158 0.954071586913 0
0.047586473767 0.954071586913 0
0.0544967379058 0.954071586913 0
0.0618466599781 0.954071586913 0
0.069628986498 0.954071586913 0
0.077836037249 0.954071586913 0
0.0864597128627 0.954071586913 0
0.0954915028125 0.954071586913 0
0.104922493812 0.954071586913 0
0.114743378612 0.954071586913 0
0.124944465185 0.954071586913 0
0.135515686289 0.954071586913 0
0.146446609407 0.954071586913 0
0.157726447036 0.954071586913 0
0.169344067338 0.954071586913 0
0.181288005126 0.954071586913 0
0.193546473174 0.954071586913 0
0.206107373854 0.954071586913 0
0.218958311074 0.954071586913 0
0.232086602511 0.954071586913 0
0.245479292125 0.954071586913 0
0.259123162949 0.954071586913 0
0.27300475013 0.954071586913 0
0.287110354217 0.954071586913 0
0.301426054683 0.954071586913 0
0.315937723658 0.954071586913 0
0.330631039877 0.954071586913 0
0.345491502813 0.954071586913 0
0.36050444698 0.954071586913 0
0.375655056418 0.954071586913 0
0.390928379302 0.954071586913 0
0.406309342707 0.954071586913 0
0.42178276748 0.954071586913 0
0.437333383218 0.954071586913 0
0.452945843341 0.954071586913 0
0.468604740235 0.954071586913 0
0.484294620461 0.954071586913 0
0.5 0.954071586913 0
0.515705379539 0.954071586913 0
0.531395259765 0.954071586913 0
0.547054156659 0.954071586913 0
0.562666616782 0.954071586913 0
0.57821723252 0.954071586913 0
0.593690657293 0.954071586913 0
0.609071620698 0.954071586913 0
0.624344943582 0.954071586913 0
0.63949555302 0.954071586913 0
0.654508497187 0.954071586913 0
0.669368960123 0.954071586913 0
0.684062276342 0.954071586913 0
0.698573945317 0.954071586913 0
0.712889645783 0.954071586913 0
0.72699524987 0.954071586913 0
0.740876837051 0.954071586913 0
0.754520707875 0.954071586913 0
0.767913397489 0.954071586913 0
0.781041688926 0.954071586913 0
0.793892626146 0.954071586913 0
0.806453526826 0.954071586913 0
0.818711994874 0.954071586913 0
0.830655932662 0.954071586913 0
0.842273552964 0.954071586913 0
0.853553390593 0.954071586913 0
0.864484313711 0.954071586913 0
0.875055534815 0.954071586913 0
0.885256621388 0.954071586913 0
0.895077506188 0.954071586913 0
0.904508497187 0.954071586913 0
0.913540287137 0.954071586913 0
0.922163962751 0.954071586913 0
0.930371013502 0.954071586913 0
0.938153340022 0.954071586913 0
0.945503262094 0.954071586913 0
0.952413526233 0.954071586913 0
0.958877312842 0.954071586913 0
0.964888242944 0.954071586913 0
0.970440384477 0.954071586913 0
0.975528258148 0.954071586913 0
0.980146842838 0.954071586913 0
0.984291580564 0.954071586913 0
0.987958380969 0.954071586913 0
0.991143625364 0.954071586913 0
0.993844170298 0.954071586913 0
0.996057350657 0.954071586913 0
0.997780982302 0.954071586913 0
0.999013364214 0.954071586913 0
0.999753280183 0.954071586913 0
1 0.954071586913 2
0 0.961939766256 4
0.000246719817134 0.961939766256 0
0.000986635785864 0.961939766256 0
0.00221901769846 0.961939766256 0
0.00394264934276 0.961939766256 0
0.00615582970243 0.961939766256 0
0.00885637463566 0.961939766256 0
0.0120416190306 0.961939766256 0
0.0157084194357 0.961939766256 0
0.0198531571615 0.961939766256 0
0.0244717418524 0.961939766256 0
0.0295596155229 0.961939766256 0
0.0351117570559 0.961939766256 0
0.041122687158 0.961939766256 0
0.047586473767 0.961939766256 0
0.0544967379058 0.961939766256 0
0.0618466599781 0.961939766256 0
0.069628986498 0.961939766256 0
0.077836037249 0.961939766256 0
0.0864597128627 0.961939766256 0
0.0954915028125 0.961939766256 0
0.104922493812 0.961939766256 0
0.114743378612 0.961939766256 0
0.124944465185 0.961939766256 0
0.135515686289 0.961939766256 0
0.146446609407 0.961939766256 0
0.157726447036 0.961939766256 0
0.169344067338 0.961939766256 0
0.181288005126 0.961939766256 0
0.193546473174 0.961939766256 0
0.206107373854 0.961939766256 0
0.218958311074 0.961939766256 0
0.232086602511 0.961939766256 0
0.245479292125 0.961939766256 0
0.259123162949 0.961939766256 0
0.27300475013 0.961939766256 0
0.287110354217 0.961939766256 0
0.301426054683 0.961939766256 0
0.315937723658 0.961939766256 0
0.330631039877 0.961939766256 0
0.345491502813 0.961939766256 0
0.36050444698 0.961939766256 0
0.375655056418 0.961939766256 0
0.390928379302 0.961939766256 0
0.406309342707 0.961939766256 0
0.42178276748 0.961939766256 0
0.437333383218 0.961939766256 0
0.452945843341 0.961939766256 0
0.468604740235 0.961939766256 0
0.484294620461 0.961939766256 0
0.5 0.961939766256 0
0.515705379539 0.961939766256 0
0.531395259765 0.961939766256 0
0.547054156659 0.961939766256 0
0.562666616782 0.961939766256 0
0.57821723252 0.961939766256 0
0.593690657293 0.961939766256 0
0.609071620698 0.961939766256 0
0.624344943582 0.961939766256 0
0.63949555302 0.961939766256 0
0.654508497187 0.961939766256 0
0.669368960123 0.961939766256 0
0.684062276342 0.961939766256 0
0.698573945317 0.961939766256 0
0.712889645783 0.961939766256 0
0.72699524987 0.961939766256 0
0.740876837051 0.961939766256 0
0.754520707875 0.961939766256 0
0.767913397489 0.961939766256 0
0.781041688926 0.961939766256 0
0.793892626146 0.961939766256 0
0.806453526826 0.961939766256 0
0.818711994874 0.961939766256 0
0.830655932662 0.961939766256 0
0.842273552964 0.961939766256 0
0.853553390593 0.961939766256 0
0.864484313711 0.961939766256 0
0.875055534815 0.961939766256 0
0.885256621388 0.961939766256 0
0.895077506188 0.961939766256 0
0.904508497187 0.961939766256 0
0.913540287137 0.961939766256 0
0.922163962751 0.961939766256 0
0.930371013502 0.961939766256 0
0.938153340022 0.961939766256 0
0.945503262094 0.961939766256 0
0.952413526233 0.961939766256 0
0.958877312842 0.961939766256 0
0.964888242944 0.961939766256 0
0.970440384477 0.961939766256 0
0.975528258148 0.961939766256 0
0.980146842838 0.961939766256 0
0.984291580564 0.961939766256 0
0.987958380969 0.961939766256 0
0.991143625364 0.961939766256 0
0.993844170298 0.961939766256 0
0.996057350657 0.961939766256 0
0.997780982302 0.961939766256 0
0.999013364214 0.961939766256 0
0.999753280183 0.961939766256 0
1 0.961939766256 2
0 0.969095667961 4
0.000246719817134 0.969095667961 0
0.000986635785864 0.969095667961 0
0.00221901769846 0.969095667961 0
0.00394264934276 0.969095667961 0
0.00615582970243 0.969095667961 0
0.00885637463566 0.969095667961 0
0.0120416190306 0.969095667961 0
0.0157084194357 0.969095667961 0
0.0198531571615 0.969095667961 0
0.0244717418524 0.969095667961 0
0.0295596155229 0.969095667961 0
0.0351117570559 0.969095667961 0
0.041122687158 0.969095667961 0
0.047586473767 0.969095667961 0
0.0544967379058 0.969095667961 0
0.0618466599781 0.969095667961 0
0.069628986498 0.969095667961 0
0.077836037249 0.969095667961 0
0.0864597128627 0.969095667961 0
0.0954915028125 0.969095667961 0
0.104922493812 0.969095667961 0
0.114743378612 0.969095667961 0
0.124944465185 0.969095667961 0
0.135515686289 0.969095667961 0
0.146446609407 0.969095667961 0
0.157726447036 0.969095667961 0
0.169344067338 0.969095667961 0
0.181288005126 0.969095667961 0
0.193546473174 0.969095667961 0
0.206107373854 0.969095667961 0
0.218958311074 0.969095667961 0
0.232086602511 0.969095667961 0
0.245479292125 0.969095667961 0
0.259123162949 0.969095667961 0
0.27300475013 0.969095667961 0
0.287110354217 0.969095667961 0
0.301426054683 0.969095667961 0
0.315937723658 0.969095667961 0
0.330631039877 0.969095667961 0
0.345491502813 0.969095667961 0
0.36050444698 0.969095667961 0
0.375655056418 0.969095667961 0
0.390928379302 0.969095667961 0
0.406309342707 0.969095667961 0
0.42178276748 0.969095667961 0
0.437333383218 0.969095667961 0
0.452945843341 0.969095667961 0
0.468604740235 0.969095667961 0
0.484294620461 0.969095667961 0
0.5 0.969095667961 0
0.515705379539 0.969095667961 0
0.531395259765 0.969095667961 0
0.547054156659 0.969095667961 0
0.562666616782 0.969095667961 0
0.57821723252 0.969095667961 0
0.593690657293 0.969095667961 0
0.609071620698 0.969095667961 0
0.624344943582 0.969095667961 0
0.63949555302 0.969095667961 0
0.654508497187 0.969095667961 0
0.669368960123 0.969095667961 0
0.684062276342 0.969095667961 0
0.698573945317 0.969095667961 0
0.712889645783 0.969095667961 0
0.72699524987 0.969095667961 0
0.740876837051 0.969095667961 0
0.754520707875 0.969095667961 0
0.767913397489 0.969095667961 0
0.781041688926 0.969095667961 0
0.793892626146 0.969095667961 0
0.806453526826 0.969095667961 0
0.818711994874 0.969095667961 0
0.830655932662 0.969095667961 0
0.842273552964 0.969095667961 0
0.853553390593 0.969095667961 0
0.864484313711 0.969095667961 0
0.875055534815 0.969095667961 0
0.885256621388 0.969095667961 0
0.895077506188 0.969095667961 0
0.904508497187 0.969095667961 0
0.913540287137 0.969095667961 0
0.922163962751 0.969095667961 0
0.930371013502 0.969095667961 0
0.938153340022 0.969095667961 0
0.945503262094 0.969095667961 0
0.952413526233 0.969095667961 0
0.958877312842 0.969095667961 0
0.964888242944 0.969095667961 0
0.970440384477 0.969095667961 0
0.975528258148 0.969095667961 0
0.980146842838 0.969095667961 0
0.984291580564 0.969095667961 0
0.987958380969 0.969095667961 0
0.991143625364 0.969095667961 0
0.993844170298 0.969095667961 0
0.996057350657 0.969095667961 0
0.997780982302 0.969095667961 0
0.999013364214 0.969095667961 0
0.999753280183 0.969095667961 0
1 0.969095667961 2
0 0.975528258148 4
0.000246719817134 0.975528258148 0
0.000986635785864 0.975528258148 0
0.00221901769846 0.975528258148 0
0.00394264934276 0.975528258148 0
0.00615582970243 0.975528258148 0
0.00885637463566 0.975528258148 0
0.0120416190306 0.975528258148 0
0.0157084194357 0.975528258148 0
0.0198531571615 0.975528258148 0
0.0244717418524 0.975528258148 0
0.0295596155229 0.975528258148 0
0.0351117570559 0.975528258148 0
0.041122687158 0.975528258148 0
0.047586473767 0.975528258148 0
0.0544967379058 0.975528258148 0
0.0618466599781 0.975528258148 0
0.069628986498 0.975528258148 0
0.077836037249 0.975528258148 0
0.0864597128627 0.975528258148 0
0.0954915028125 0.975528258148 0
0.104922493812 0.975528258148 0
0.114743378612 0.975528258148 0
0.124944465185 0.975528258148 0
0.135515686289 0.975528258148 0
0.146446609407 0.975528258148 0
0.157726447036 0.975528258148 0
0.169344067338 0.975528258148 0
0.181288005126 0.975528258148 0
0.193546473174 0.975528258148 0
0.206107373854 0.975528258148 0
0.218958311074 0.975528258148 0
0.232086602511 0.975528258148 0
0.245479292125 0.975528258148 0
0.259123162949 0.975528258148 0
0.27300475013 0.975528258148 0
0.287110354217 0.975528258148 0
0.301426054683 0.975528258148 0
0.315937723658 0.975528258148 0
0.330631039877 0.975528258148 0
0.345491502813 0.975528258148 0
0.36050444698 0.975528258148 0
0.375655056418 0.975528258148 0
0.390928379302 0.975528258148 0
0.406309342707 0.975528258148 0
0.42178276748 0.975528258148 0
0.437333383218 0.975528258148 0
0.452945843341 0.975528258148 0
0.468604740235 0.975528258148 0
0.484294620461 0.975528258148 0
0.5 0.975528258148 0
0.515705379539 0.975528258148 0
0.531395259765 0.975528258148 0
0.547054156659 0.975528258148 0
0.562666616782 0.975528258148 0
0.57821723252 0.975528258148 0
0.593690657293 0.975528258148 0
0.609071620698 0.975528258148 0
0.624344943582 0.975528258148 0
0.63949555302 0.975528258148 0
0.654508497187 0.975528258148 0
0.669368960123 0.975528258148 0
0.684062276342 0.975528258148 0
0.698573945317 0.975528258148 0
0.712889645783 0.975528258148 0
0.72699524987 0.975528258148 0
0.740876837051 0.975528258148 0
0.754520707875 0.975528258148 0
0.767913397489 0.975528258148 0
0.781041688926 0.975528258148 0
0.793892626146 0.975528258148 0
0.806453526826 0.975528258148 0
0.818711994874 0.975528258148 0
0.830655932662 0.975528258148 0
0.842273552964 0.975528258148 0
0.853553390593 0.975528258148 0
0.864484313711 0.975528258148 0
0.875055534815 0.975528258148 0
0.885256621388 0.975528258148 0
0.895077506188 0.975528258148 0
0.904508497187 0.975528258148 0
0.913540287137 0.975528258148 0
0.922163962751 0.975528258148 0
0.930371013502 0.975528258148 0
0.938153340022 0.975528258148 0
0.945503262094 0.975528258148 0
0.952413526233 0.975528258148 0
0.958877312842 0.975528258148 0
0.964888242944 0.975528258148 0
0.970440384477 0.975528258148 0
0.975528258148 0.975528258148 0
0.980146842838 0.975528258148 0
0.984291580564 0.975528258148 0
0.987958380969 0.975528258148 0
0.991143625364 0.975528258148 0
0.993844170298 0.975528258148 0
0.996057350657 0.975528258148 0
0.997780982302 0.975528258148 0
0.999013364214 0.975528258148 0
0.999753280183 0.975528258148 0
1 0.975528258148 2
0 0.981227618227 4
0.000246719817134 0.981227618227 0
0.000986635785864 0.981227618227 0
0.00221901769846 0.981227618227 0
0.00394264934276 0.981227618227 0
0.00615582970243 0.981227618227 0
0.00885637463566 0.981227618227 0
0.0120416190306 0.981227618227 0
0.0157084194357 0.981227618227 0
0.0198531571615 0.981227618227 0
0.0244717418524 0.981227618227 0
0.0295596155229 0.981227618227 0
0.0351117570559 0.981227618227 0
0.041122687158 0.981227618227 0
0.047586473767 0.981227618227 0
0.0544967379058 0.981227618227 0
0.0618466599781 0.981227618227 0
0.069628986498 0.981227618227 0
0.077836037249 0.981227618227 0
0.0864597128627 0.981227618227 0
0.0954915028125 0.981227618227 0
0.104922493812 0.981227618227 0
0.114743378612 0.981227618227 0
0.124944465185 0.981227618227 0
0.135515686289 0.981227618227 0
0.146446609407 0.981227618227 0
0.157726447036 0.981227618227 0
0.169344067338 0.981227618227 0
0.181288005126 0.981227618227 0
0.193546473174 0.981227618227 0
0.206107373854 0.981227618227 0
0.218958311074 0.981227618227 0
0.232086602511 0.981227618227 0
0.245479292125 0.981227618227 0
0.259123162949 0.981227618227 0
0.27300475013 0.981227618227 0
0.287110354217 0.981227618227 0
0.301426054683 0.981227618227 0
0.315937723658 0.981227618227 0
0.330631039877 0.981227618227 0
0.345491502813 0.981227618227 0
0.36050444698 0.981227618227 0
0.375655056418 0.981227618227 0
0.390928379302 0.981227618227 0
0.406309342707 0.981227618227 0
0.42178276748 0.981227618227 0
0.437333383218 0.981227618227 0
0.452945843341 0.981227618227 0
0.468604740235 0.981227618227 0
0.484294620461 0.981227618227 0
0.5 0.981227618227 0
0.515705379539 0.981227618227 0
0.531395259765 0.981227618227 0
0.547054156659 0.981227618227 0
0.562666616782 0.981227618227 0
0.57821723252 0.981227618227 0
0.593690657293 0.981227618227 0
0.609071620698 0.981227618227 0
0.624344943582 0.981227618227 0
0.63949555302 0.981227618227 0
0.654508497187 0.981227618227 0
0.669368960123 0.981227618227 0
0.684062276342 0.981227618227 0
0.698573945317 0.981227618227 0
0.712889645783 0.981227618227 0
0.72699524987 0.981227618227 0
0.740876837051 0.981227618227 0
0.754520707875 0.981227618227 0
0.767913397489 0.981227618227 0
0.781041688926 0.981227618227 0
0.793892626146 0.981227618227 0
0.806453526826 0.981227618227 0
0.818711994874 0.981227618227 0
0.830655932662 0.981227618227 0
0.842273552964 0.981227618227 0
0.853553390593 0.981227618227 0
0.864484313711 0.981227618227 0
0.875055534815 0.981227618227 0
0.885256621388 0.981227618227 0
0.895077506188 0.981227618227 0
0.904508497187 0.981227618227 0
0.913540287137 0.981227618227 0
0.922163962751 0.981227618227 0
0.930371013502 0.981227618227 0
0.938153340022 0.981227618227 0
0.945503262094 0.981227618227 0
0.952413526233 0.981227618227 0
0.958877312842 0.981227618227 0
0.964888242944 0.981227618227 0
0.970440384477 0.981227618227 0
0.975528258148 0.981227618227 0
0.980146842838 0.981227618227 0
0.984291580564 0.981227618227 0
0.987958380969 0.981227618227 0
0.991143625364 0.981227618227 0
0.993844170298 0.981227618227 0
0.996057350657 0.981227618227 0
0.997780982302 0.981227618227 0
0.999013364214 0.981227618227 0
0.999753280183 0.981227618227 0
1 0.981227618227 2
0 0.986184960199 4
0.000246719817134 0.986184960199 0
0.000986635785864 0.986184960199 0
0.00221901769846 0.986184960199 0
0.00394264934276 0.986184960199 0
0.00615582970243 0.986184960199 0
0.00885637463566 0.986184960199 0
0.0120416190306 0.986184960199 0
0.0157084194357 0.986184960199 0
0.0198531571615 0.986184960199 0
0.0244717418524 0.986184960199 0
0.0295596155229 0.986184960199 0
0.0351117570559 0.986184960199 0
0.041122687158 0.986184960199 0
0.047586473767 0.986184960199 0
0.0544967379058 0.986184960199 0
0.0618466599781 0.986184960199 0
0.069628986498 0.986184960199 0
0.077836037249 0.986184960199 0
0.0864597128627 0.986184960199 0
0.0954915028125 0.986184960199 0
0.104922493812 0.986184960199 0
0.114743378612 0.986184960199 0
0.124944465185 0.986184960199 0
0.135515686289 0.986184960199 0
0.146446609407 0.986184960199 0
0.157726447036 0.986184960199 0
0.169344067338 0.986184960199 0
0.181288005126 0.986184960199 0
0.193546473174 0.986184960199 0
0.206107373854 0.986184960199 0
0.218958311074 0.986184960199 0
0.232086602511 0.986184960199 0
0.245479292125 0.986184960199 0
0.259123162949 0.986184960199 0
0.27300475013 0.986184960199 0
0.287110354217 0.986184960199 0
0.301426054683 0.986184960199 0
0.315937723658 0.986184960199 0
0.330631039877 0.986184960199 0
0.345491502813 0.986184960199 0
0.36050444698 0.986184960199 0
0.375655056418 0.986184960199 0
0.390928379302 0.986184960199 0
0.406309342707 0.986184960199 0
0.42178276748 0.986184960199 0
0.437333383218 0.986184960199 0
0.452945843341 0.986184960199 0
0.468604740235 0.986184960199 0
0.484294620461 0.986184960199 0
0.5 0.986184960199 0
0.515705379539 0.986184960199 0
0.531395259765 0.986184960199 0
0.547054156659 0.986184960199 0
0.562666616782 0.986184960199 0
0.57821723252 0.986184960199 0
0.593690657293 0.986184960199 0
0.609071620698 0.986184960199 0
0.624344943582 0.986184960199 0
0.63949555302 0.986184960199 0
0.654508497187 0.986184960199 0
0.669368960123 0.986184960199 0
0.684062276342 0.986184960199 0
0.698573945317 0.986184960199 0
0.712889645783 0.986184960199 0
0.72699524987 0.986184960199 0
0.740876837051 0.986184960199 0
0.754520707875 0.986184960199 0
0.767913397489 0.986184960199 0
0.781041688926 0.986184960199 0
0.793892626146 0.986184960199 0
0.806453526826 0.986184960199 0
0.818711994874 0.986184960199 0
0.830655932662 0.986184960199 0
0.842273552964 0.986184960199 0
0.853553390593 0.986184960199 0
0.864484313711 0.986184960199 0
0.875055534815 0.986184960199 0
0.885256621388 0.986184960199 0
0.895077506188 0.986184960199 0
0.904508497187 0.986184960199 0
0.913540287137 0.986184960199 0
0.922163962751 0.986184960199 0
0.930371013502 0.986184960199 0
0.938153340022 0.986184960199 0
0.945503262094 0.986184960199 0
0.952413526233 0.986184960199 0
0.958877312842 0.986184960199 0
0.964888242944 0.986184960199 0
0.970440384477 0.986184960199 0
0.975528258148 0.986184960199 0
0.980146842838 0.986184960199 0
0.984291580564 0.986184960199 0
0.987958380969 0.986184960199 0
0.991143625364 0.986184960199 0
0.993844170298 0.986184960199 0
0.996057350657 0.986184960199 0
0.997780982302 0.986184960199 0
0.999013364214 0.986184960199 0
0.999753280183 0.986184960199 0
1 0.986184960199 2
0 0.990392640202 4
0.000246719817134 0.990392640202 0
0.000986635785864 0.990392640202 0
0.00221901769846 0.990392640202 0
0.00394264934276 0.990392640202 0
0.00615582970243 0.990392640202 0
0.00885637463566 0.990392640202 0
0.0120416190306 0.990392640202 0
0.0157084194357 0.990392640202 0
0.0198531571615 0.990392640202 0
0.0244717418524 0.990392640202 0
0.0295596155229 0.990392640202 0
0.0351117570559 0.990392640202 0
0.041122687158 0.990392640202 0
0.047586473767 0.990392640202 0
0.0544967379058 0.990392640202 0
0.0618466599781 0.990392640202 0
0.069628986498 0.990392640202 0
0.077836037249 0.990392640202 0
0.0864597128627 0.990392640202 0
0.0954915028125 0.990392640202 0
0.104922493812 0.990392640202 0
0.114743378612 0.990392640202 0
0.124944465185 0.990392640202 0
0.135515686289 0.990392640202 0
0.146446609407 0.990392640202 0
0.157726447036 0.990392640202 0
0.169344067338 0.990392640202 0
0.181288005126 0.990392640202 0
0.193546473174 0.990392640202 0
0.206107373854 0.990392640202 0
0.218958311074 0.990392640202 0
0.232086602511 0.990392640202 0
0.245479292125 0.990392640202 0
0.259123162949 0.990392640202 0
0.27300475013 0.990392640202 0
0.287110354217 0.990392640202 0
0.301426054683 0.990392640202 0
0.315937723658 0.990392640202 0
0.330631039877 0.990392640202 0
0.345491502813 0.990392640202 0
0.36050444698 0.990392640202 0
0.375655056418 0.990392640202 0
0.390928379302 0.990392640202 0
0.406309342707 0.990392640202 0
0.42178276748 0.990392640202 0
0.437333383218 0.990392640202 0
0.452945843341 0.990392640202 0
0.468604740235 0.990392640202 0
0.484294620461 0.990392640202 0
0.5 0.990392640202 0
0.515705379539 0.990392640202 0
0.531395259765 0.990392640202 0
0.547054156659 0.990392640202 0
0.562666616782 0.990392640202 0
0.57821723252 0.990392640202 0
0.593690657293 0.990392640202 0
0.609071620698 0.990392640202 0
0.624344943582 0.990392640202 0
0.63949555302 0.990392640202 0
0.654508497187 0.990392640202 0
0.669368960123 0.990392640202 0
0.684062276342 0.990392640202 0
0.698573945317 0.990392640202 0
0.712889645783 0.990392640202 0
0.72699524987 0.990392640202 0
0.740876837051 0.990392640202 0
0.754520707875 0.990392640202 0
0.767913397489 0.990392640202 0
0.781041688926 0.990392640202 0
0.793892626146 0.990392640202 0
0.806453526826 0.990392640202 0
0.818711994874 0.990392640202 0
0.830655932662 0.990392640202 0
0.842273552964 0.990392640202 0
0.853553390593 0.990392640202 0
0.864484313711 0.990392640202 0
0.875055534815 0.990392640202 0
0.885256621388 0.990392640202 0
0.895077506188 0.990392640202 0
0.904508497187 0.990392640202 0
0.913540287137 0.990392640202 0
0.922163962751 0.990392640202 0
0.930371013502 0.990392640202 0
0.938153340022 0.990392640202 0
0.945503262094 0.990392640202 0
0.952413526233 0.990392640202 0
0.958877312842 0.990392640202 0
0.964888242944 0.990392640202 0
0.970440384477 0.990392640202 0
0.975528258148 0.990392640202 0
0.980146842838 0.990392640202 0
0.984291580564 0.990392640202 0
0.987958380969 0.990392640202 0
0.991143625364 0.990392640202 0
0.993844170298 0.990392640202 0
0.996057350657 0.990392640202 0
0.997780982302 0.990392640202 0
0.999013364214 0.990392640202 0
0.999753280183 0.990392640202 0
1 0.990392640202 2
0 0.993844170298 4
0.000246719817134 0.993844170298 0
0.000986635785864 0.993844170298 0
0.00221901769846 0.993844170298 0
0.00394264934276 0.993844170298 0
0.00615582970243 0.993844170298 0
0.00885637463566 0.993844170298 0
0.0120416190306 0.993844170298 0
0.0157084194357 0.993844170298 0
0.0198531571615 0.993844170298 0
0.0244717418524 0.993844170298 0
0.0295596155229 0.993844170298 0
0.0351117570559 0.993844170298 0
0.041122687158 0.993844170298 0
0.047586473767 0.993844170298 0
0.0544967379058 0.993844170298 0
0.0618466599781 0.993844170298 0
0.069628986498 0.993844170298 0
0.077836037249 0.993844170298 0
0.0864597128627 0.993844170298 0
0.0954915028125 0.993844170298 0
0.104922493812 0.993844170298 0
0.114743378612 0.993844170298 0
0.124944465185 0.993844170298 0
0.135515686289 0.993844170298 0
0.146446609407 0.993844170298 0
0.157726447036 0.993844170298 0
0.169344067338 0.993844170298 0
0.181288005126 0.993844170298 0
0.193546473174 0.993844170298 0
0.206107373854 0.993844170298 0
0.218958311074 0.993844170298 0
0.232086602511 0.993844170298 0
0.245479292125 0.993844170298 0
0.259123162949 0.993844170298 0
0.27300475013 0.993844170298 0
0.287110354217 0.993844170298 0
0.301426054683 0.993844170298 0
0.315937723658 0.993844170298 0
0.330631039877 0.993844170298 0
0.345491502813 0.993844170298 0
0.36050444698 0.993844170298 0
0.375655056418 0.993844170298 0
0.390928379302 0.993844170298 0
0.406309342707 0.993844170298 0
0.42178276748 0.993844170298 0
0.437333383218 0.993844170298 0
0.452945843341 0.993844170298 0
0.468604740235 0.993844170298 0
0.484294620461 0.993844170298 0
0.5 0.993844170298 0
0.515705379539 0.993844170298 0
0.531395259765 0.993844170298 0
0.547054156659 0.993844170298 0
0.562666616782 0.993844170298 0
0.57821723252 0.993844170298 0
0.593690657293 0.993844170298 0
0.609071620698 0.993844170298 0
0.624344943582 0.993844170298 0
0.63949555302 0.993844170298 0
0.654508497187 0.993844170298 0
0.669368960123 0.993844170298 0
0.684062276342 0.993844170298 0
0.698573945317 0.993844170298 0
0.712889645783 0.993844170298 0
0.72699524987 0.993844170298 0
0.740876837051 0.993844170298 0
0.754520707875 0.993844170298 0
0.767913397489 0.993844170298 0
0.781041688926 0.993844170298 0
0.793892626146 0.993844170298 0
0.806453526826 0.993844170298 0
0.818711994874 0.993844170298 0
0.830655932662 0.993844170298 0
0.842273552964 0.993844170298 0
0.853553390593 0.993844170298 0
0.864484313711 0.993844170298 0
0.875055534815 0.993844170298 0
0.885256621388 0.993844170298 0
0.895077506188 0.993844170298 0
0.904508497187 0.993844170298 0
0.913540287137 0.993844170298 0
0.922163962751 0.993844170298 0
0.930371013502 0.993844170298 0
0.938153340022 0.993844170298 0
0.945503262094 0.993844170298 0
0.952413526233 0.993844170298 0
0.958877312842 0.993844170298 0
0.964888242944 0.993844170298 0
0.970440384477 0.993844170298 0
0.975528258148 0.993844170298 0
0.980146842838 0.993844170298 0
0.984291580564 0.993844170298 0
0.987958380969 0.993844170298 0
0.991143625364 0.993844170298 0
0.993844170298 0.993844170298 0
0.996057350657 0.993844170298 0
0.997780982302 0.993844170298 0
0.999013364214 0.993844170298 0
0.999753280183 0.993844170298 0
1 0.993844170298 2
0 0.996534228477 4
0.000246719817134 0.996534228477 0
0.000986635785864 0.996534228477 0
0.00221901769846 0.996534228477 0
0.00394264934276 0.996534228477 0
0.00615582970243 0.996534228477 0
0.00885637463566 0.996534228477 0
0.0120416190306 0.996534228477 0
0.0157084194357 0.996534228477 0
0.0198531571615 0.996534228477 0
0.0244717418524 0.996534228477 0
0.0295596155229 0.996534228477 0
0.0351117570559 0.996534228477 0
0.041122687158 0.996534228477 0
0.047586473767 0.996534228477 0
0.0544967379058 0.996534228477 0
0.0618466599781 0.996534228477 0
0.069628986498 0.996534228477 0
0.077836037249 0.996534228477 0
0.0864597128627 0.996534228477 0
0.0954915028125 0.996534228477 0
0.104922493812 0.996534228477 0
0.114743378612 0.996534228477 0
0.124944465185 0.996534228477 0
0.135515686289 0.996534228477 0
0.146446609407 0.996534228477 0
0.157726447036 0.996534228477 0
0.169344067338 0.996534228477 0
0.181288005126 0.996534228477 0
0.193546473174 0.996534228477 0
0.206107373854 0.996534228477 0
0.218958311074 0.996534228477 0
0.232086602511 0.996534228477 0
0.245479292125 0.996534228477 0
0.259123162949 0.996534228477 0
0.27300475013 0.996534228477 0
0.287110354217 0.996534228477 0
0.301426054683 0.996534228477 0
0.315937723658 0.996534228477 0
0.330631039877 0.996534228477 0
0.345491502813 0.996534228477 0
0.36050444698 0.996534228477 0
0.375655056418 0.996534228477 0
0.390928379302 0.996534228477 0
0.406309342707 0.996534228477 0
0.42178276748 0.996534228477 0
0.437333383218 0.996534228477 0
0.452945843341 0.996534228477 0
0.468604740235 0.996534228477 0
0.484294620461 0.996534228477 0
0.5 0.996534228477 0
0.515705379539 0.996534228477 0
0.531395259765 0.996534228477 0
0.547054156659 0.996534228477 0
0.562666616782 0.996534228477 0
0.57821723252 0.996534228477 0
0.593690657293 0.996534228477 0
0.609071620698 0.996534228477 0
0.624344943582 0.996534228477 0
0.63949555302 0.996534228477 0
0.654508497187 0.996534228477 0
0.669368960123 0.996534228477 0
0.684062276342 0.996534228477 0
0.698573945317 0.996534228477 0
0.712889645783 0.996534228477 0
0.72699524987 0.996534228477 0
0.740876837051 0.996534228477 0
0.754520707875 0.996534228477 0
0.767913397489 0.996534228477 0
0.781041688926 0.996534228477 0
0.793892626146 0.996534228477 0
0.806453526826 0.996534228477 0
0.818711994874 0.996534228477 0
0.830655932662 0.996534228477 0
0.842273552964 0.996534228477 0
0.853553390593 0.996534228477 0
0.864484313711 0.996534228477 0
0.875055534815 0.996534228477 0
0.885256621388 0.996534228477 0
0.895077506188 0.996534228477 0
0.904508497187 0.996534228477 0
0.913540287137 0.996534228477 0
0.922163962751 0.996534228477 0
0.930371013502 0.996534228477 0
0.938153340022 0.996534228477 0
0.945503262094 0.996534228477 0
0.952413526233 0.996534228477 0
0.958877312842 0.996534228477 0
0.964888242944 0.996534228477 0
0.970440384477 0.996534228477 0
0.975528258148 0.996534228477 0
0.980146842838 0.996534228477 0
0.984291580564 0.996534228477 0
0.987958380969 0.996534228477 0
0.991143625364 0.996534228477 0
0.993844170298 0.996534228477 0
0.996057350657 0.996534228477 0
0.997780982302 0.996534228477 0
0.999013364214 0.996534228477 0
0.999753280183 0.996534228477 0
1 0.996534228477 2
0 0.998458666867 4
0.000246719817134 0.998458666867 0
0.000986635785864 0.998458666867 0
0.00221901769846 0.998458666867 0
0.00394264934276 0.998458666867 0
0.00615582970243 0.998458666867 0
0.00885637463566 0.998458666867 0
0.0120416190306 0.998458666867 0
0.0157084194357 0.998458666867 0
0.0198531571615 0.998458666867 0
0.0244717418524 0.998458666867 0
0.0295596155229 0.998458666867 0
0.0351117570559 0.998458666867 0
0.041122687158 0.998458666867 0
0.047586473767 0.998458666867 0
0.0544967379058 0.998458666867 0
0.0618466599781 0.998458666867 0
0.069628986498 0.998458666867 0
0.077836037249 0.998458666867 0
0.0864597128627 0.998458666867 0
0.0954915028125 0.998458666867 0
0.104922493812 0.998458666867 0
0.114743378612 0.998458666867 0
0.124944465185 0.998458666867 0
0.135515686289 0.998458666867 0
0.146446609407 0.998458666867 0
0.157726447036 0.998458666867 0
0.169344067338 0.998458666867 0
0.181288005126 0.998458666867 0
0.193546473174 0.998458666867 0
0.206107373854 0.998458666867 0
0.218958311074 0.998458666867 0
0.232086602511 0.998458666867 0
0.245479292125 0.998458666867 0
0.259123162949 0.998458666867 0
0.27300475013 0.998458666867 0
0.287110354217 0.998458666867 0
0.301426054683 0.998458666867 0
0.315937723658 0.998458666867 0
0.330631039877 0.998458666867 0
0.345491502813 0.998458666867 0
0.36050444698 0.998458666867 0
0.375655056418 0.998458666867 0
0.390928379302 0.998458666867 0
0.406309342707 0.998458666867 0
0.42178276748 0.998458666867 0
0.437333383218 0.998458666867 0
0.452945843341 0.998458666867 0
0.468604740235 0.998458666867 0
0.484294620461 0.998458666867 0
0.5 0.998458666867 0
0.515705379539 0.998458666867 0
0.531395259765 0.998458666867 0
0.547054156659 0.998458666867 0
0.562666616782 0.998458666867 0
0.57821723252 0.998458666867 0
0.593690657293 0.998458666867 0
0.609071620698 0.998458666867 0
0.624344943582 0.998458666867 0
0.63949555302 0.998458666867 0
0.654508497187 0.998458666867 0
0.669368960123 0.998458666867 0
0.684062276342 0.998458666867 0
0.698573945317 0.998458666867 0
0.712889645783 0.998458666867 0
0.72699524987 0.998458666867 0
0.740876837051 0.998458666867 0
0.754520707875 0.998458666867 0
0.767913397489 0.998458666867 0
0.781041688926 0.998458666867 0
0.793892626146 0.998458666867 0
0.806453526826 0.998458666867 0
0.818711994874 0.998458666867 0
0.830655932662 0.998458666867 0
0.842273552964 0.998458666867 0
0.853553390593 0.998458666867 0
0.864484313711 0.998458666867 0
0.875055534815 0.998458666867 0
0.885256621388 0.998458666867 0
0.895077506188 0.998458666867 0
0.904508497187 0.998458666867 0
0.913540287137 0.998458666867 0
0.922163962751 0.998458666867 0
0.930371013502 0.998458666867 0
0.938153340022 0.998458666867 0
0.945503262094 0.998458666867 0
0.952413526233 0.998458666867 0
0.958877312842 0.998458666867 0
0.964888242944 0.998458666867 0
0.970440384477 0.998458666867 0
0.975528258148 0.998458666867 0
0.980146842838 0.998458666867 0
0.984291580564 0.998458666867 0
0.987958380969 0.998458666867 0
0.991143625364 0.998458666867 0
0.993844170298 0.998458666867 0
0.996057350657 0.998458666867 0
0.997780982302 0.998458666867 0
0.999013364214 0.998458666867 0
0.999753280183 0.998458666867 0
1 0.998458666867 2
0 0.99961451812 4
0.000246719817134 0.99961451812 0
0.000986635785864 0.99961451812 0
0.00221901769846 0.99961451812 0
0.00394264934276 0.99961451812 0
0.00615582970243 0.99961451812 0
0.00885637463566 0.99961451812 0
0.0120416190306 0.99961451812 0
0.0157084194357 0.99961451812 0
0.0198531571615 0.99961451812 0
0.0244717418524 0.99961451812 0
0.0295596155229 0.99961451812 0
0.0351117570559 0.99961451812 0
0.041122687158 0.99961451812 0
0.047586473767 0.99961451812 0
0.0544967379058 0.99961451812 0
0.0618466599781 0.99961451812 0
0.069628986498 0.99961451812 0
0.077836037249 0.99961451812 0
0.0864597128627 0.99961451812 0
0.0954915028125 0.99961451812 0
0.104922493812 0.99961451812 0
0.114743378612 0.99961451812 0
0.124944465185 0.99961451812 0
0.135515686289 0.99961451812 0
0.146446609407 0.99961451812 0
0.157726447036 0.99961451812 0
0.169344067338 0.99961451812 0
0.181288005126 0.99961451812 0
0.193546473174 0.99961451812 0
0.206107373854 0.99961451812 0
0.218958311074 0.99961451812 0
0.232086602511 0.99961451812 0
0.245479292125 0.99961451812 0
0.259123162949 0.99961451812 0
0.27300475013 0.99961451812 0
0.287110354217 0.99961451812 0
0.301426054683 0.99961451812 0
0.315937723658 0.99961451812 0
0.330631039877 0.99961451812 0
0.345491502813 0.99961451812 0
0.36050444698 0.99961451812 0
0.375655056418 0.99961451812 0
0.390928379302 0.99961451812 0
0.406309342707 0.99961451812 0
0.42178276748 0.99961451812 0
0.437333383218 0.99961451812 0
0.452945843341 0.99961451812 0
0.468604740235 0.99961451812 0
0.484294620461 0.99961451812 0
0.5 0.99961451812 0
0.515705379539 0.99961451812 0
0.531395259765 0.99961451812 0
0.547054156659 0.99961451812 0
0.562666616782 0.99961451812 0
0.57821723252 0.99961451812 0
0.593690657293 0.99961451812 0
0.609071620698 0.99961451812 0
0.624344943582 0.99961451812 0
0.63949555302 0.99961451812 0
0.654508497187 0.99961451812 0
0.669368960123 0.99961451812 0
0.684062276342 0.99961451812 0
0.698573945317 0.99961451812 0
0.712889645783 0.99961451812 0
0.72699524987 0.99961451812 0
0.740876837051 0.99961451812 0
0.754520707875 0.99961451812 0
0.767913397489 0.99961451812 0
0.781041688926 0.99961451812 0
0.793892626146 0.99961451812 0
0.806453526826 0.99961451812 0
0.818711994874 0.99961451812 0
0.830655932662 0.99961451812 0
0.842273552964 0.99961451812 0
0.853553390593 0.99961451812 0
0.864484313711 0.99961451812 0
0.875055534815 0.99961451812 0
0.885256621388 0.99961451812 0
0.895077506188 0.99961451812 0
0.904508497187 0.99961451812 0
0.913540287137 0.99961451812 0
0.922163962751 0.99961451812 0
0.930371013502 0.99961451812 0
0.938153340022 0.99961451812 0
0.945503262094 0.99961451812 0
0.952413526233 0.99961451812 0
0.958877312842 0.99961451812 0
0.964888242944 0.99961451812 0
0.970440384477 0.99961451812 0
0.975528258148 0.99961451812 0
0.980146842838 0.99961451812 0
0.984291580564 0.99961451812 0
0.987958380969 0.99961451812 0
0.991143625364 0.99961451812 0
0.993844170298 0.99961451812 0
0.996057350657 0.99961451812 0
0.997780982302 0.99961451812 0
0.999013364214 0.99961451812 0
0.999753280183 0.99961451812 0
1 0.99961451812 2
0 1 4
0.000246719817134 1 3
0.000986635785864 1 3
0.00221901769846 1 3
0.00394264934276 1 3
0.00615582970243 1 3
0.00885637463566 1 3
0.0120416190306 1 3
0.0157084194357 1 3
0.0198531571615 1 3
0.0244717418524 1 3
0.0295596155229 1 3
0.0351117570559 1 3
0.041122687158 1 3
0.047586473767 1 3
0.0544967379058 1 3
0.0618466599781 1 3
0.069628986498 1 3
0.077836037249 1 3
0.0864597128627 1 3
0.0954915028125 1 3
0.104922493812 1 3
0.114743378612 1 3
0.124944465185 1 3
0.135515686289 1 3
0.146446609407 1 3
0.157726447036 1 3
0.169344067338 1 3
0.181288005126 1 3
0.193546473174 1 3
0.206107373854 1 3
0.218958311074 1 3
0.232086602511 1 3
0.245479292125 1 3
0.259123162949 1 3
0.27300475013 1 3
0.287110354217 1 3
0.301426054683 1 3
0.315937723658 1 3
0.330631039877 1 3
0.345491502813 1 3
0.36050444698 1 3
0.375655056418 1 3
0.390928379302 1 3
0.406309342707 1 3
0.42178276748 1 3
0.437333383218 1 3
0.452945843341 1 3
0.468604740235 1 3
0.484294620461 1 3
0.5 1 3
0.515705379539 1 3
0.531395259765 1 3
0.547054156659 1 3
0.562666616782 1 3
0.57821723252 1 3
0.593690657293 1 3
0.609071620698 1 3
0.624344943582 1 3
0.63949555302 1 3
0.654508497187 1 3
0.669368960123 1 3
0.684062276342 1 3
0.698573945317 1 3
0.712889645783 1 3
0.72699524987 1 3
0.740876837051 1 3
0.754520707875 1 3
0.767913397489 1 3
0.781041688926 1 3
0.793892626146 1 3
0.806453526826 1 3
0.818711994874 1 3
0.830655932662 1 3
0.842273552964 1 3
0.853553390593 1 3
0.864484313711 1 3
0.875055534815 1 3
0.885256621388 1 3
0.895077506188 1 3
0.904508497187 1 3
0.913540287137 1 3
0.922163962751 1 3
0.930371013502 1 3
0.938153340022 1 3
0.945503262094 1 3
0.952413526233 1 3
0.958877312842 1 3
0.964888242944 1 3
0.970440384477 1 3
0.975528258148 1 3
0.980146842838 1 3
0.984291580564 1 3
0.987958380969 1 3
0.991143625364 1 3
0.993844170298 1 3
0.996057350657 1 3
0.997780982302 1 3
0.999013364214 1 3
0.999753280183 1 3
1 1 3
1 2 102 0
102 2 103 0
2 3 103 0
103 3 104 0
3 4 104 0
104 4 105 0
4 5 105 0
105 5 106 0
5 6 106 0
106 6 107 0
6 7 107 0
107 7 108 0
7 8 108 0
108 8 109 0
8 9 109 0
109 9 110 0
9 10 110 0
110 10 111 0
10 11 111 0
111 11 112 0
11 12 112 0
112 12 113 0
12 13 113 0
113 13 114 0
13 14 114 0
114 14 115 0
14 15 115 0
115 15 116 0
15 16 116 0
116 16 117 0
16 17 117 0
117 17 118 0
17 18 118 0
118 18 119 0
18 19 119 0
119 19 120 0
19 20 120 0
120 20 121 0
20 21 121 0
121 21 122 0
21 22 122 0
122 22 123 0
22 23 123 0
123 23 124 0
23 24 124 0
124 24 125 0
24 25 125 0
125 25 126 0
25 26 126 0
126 26 127 0
26 27 127 0
127 27 128 0
27 28 128 0
128 28 129 0
28 29 129 0
129 29 130 0
29 30 130 0
130 30 131 0
30 31 131 0
131 31 132 0
31 32 132 0
132 32 133 0
32 33 133 0
133 33 134 0
33 34 134 0
134 34 135 0
34 35 135 0
135 35 136 0
35 36 136 0
136 36 137 0
36 37 137 0
137 37 138 0
37 38 138 0
138 38 139 0
38 39 139 0
139 39 140 0
39 40 140 0
140 40 141 0
40 41 141 0
141 41 142 0
41 42 142 0
142 42 143 0
42 43 143 0
143 43 144 0
43 44 144 0
144 44 145 0
44 45 145 0
145 45 146 0
45 46 146 0
146 46 147 0
46 47 147 0
147 47 148 0
47 48 148 0
148 48 149 0
48 49 149 0
149 49 150 0
49 50 150 0
150 50 151 0
50 51 151 0
151 51 152 0
51 52 152 0
152 52 153 0
52 53 153 0
153 53 154 0
53 54 154 0
154 54 155 0
54 55 155 0
155 55 156 0
55 56 156 0
156 56 157 0
56 57 157 0
157 57 158 0
57 58 158 0
158 58 159 0
58 59 159 0
159 59 160 0
59 60 160 0
160 60 161 0
60 61 161 0
161 61 162 0
61 62 162 0
162 62 163 0
62 63 163 0
163 63 164 0
63 64 164 0
164 64 165 0
64 65 165 0
165 65 166 0
65 66 166 0
166 66 167 0
66 67 167 0
167 67 168 0
67 68 168 0
168 68 169 0
68 69 169 0
169 69 170 0
69 70 170 0
170 70 171 0
70 71 171 0
171 71 172 0
71 72 172 0
172 72 173 0
72 73 173 0
173 73 174 0
73 74 174 0
174 74 175 0
74 75 175 0
175 75 176 0
75 76 176 0
176 76 177 0
76 77 177 0
177 77 178 0
77 78 178 0
178 78 179 0
78 79 179 0
179 79 180 0
79 80 180 0
180 80 181 0
80 81 181 0
181 81 182 0
81 82 182 0
182 82 183 0
82 83 183 0
183 83 184 0
83 84 184 0
184 84 185 0
84 85 185 0
185 85 186 0
85 86 186 0
186 86 187 0
86 87 187 0
187 87 188 0
87 88 188 0
188 88 189 0
88 89 189 0
189 89 190 0
89 90 190 0
190 90 191 0
90 91 191 0
191 91 192 0
91 92 192 0
192 92 193 0
92 93 193 0
193 93 194 0
93 94 194 0
194 94 195 0
94 95 195 0
195 95 196 0
95 96 196 0
196 96 197 0
96 97 197 0
197 97 198 0
97 98 198 0
198 98 199 0
98 99 199 0
199 99 200 0
99 100 200 0
200 100 201 0
100 101 201 0
201 101 202 0
102 103 203 0
203 103 204 0
103 104 204 0
204 104 205 0
104 105 205 0
205 105 206 0
105 106 206 0
206 106 207 0
106 107 207 0
207 107 208 0
107 108 208 0
208 108 209 0
108 109 209 0
209 109 210 0
109 110 210 0
210 110 211 0
110 111 211 0
211 111 212 0
111 112 212 0
212 112 213 0
112 113 213 0
213 113 214 0
113 114 214 0
214 114 215 0
114 115 215 0
215 115 216 0
115 116 216 0
216 116 217 0
116 117 217 0
217 117 218 0
117 118 218 0
218 118 219 0
118 119 219 0
219 119 220 0
119 120 220 0
220 120 221 0
120 121 221 0
221 121 222 0
121 122 222 0
222 122 223 0
122 123 223 0
223 123 224 0
123 124 224 0
224 124 225 0
124 125 225 0
225 125 226 0
125 126 226 0
226 126 227 0
126 127 227 0
227 127 228 0
127 128 228 0
228 128 229 0
128 129 229 0
229 129 230 0
129 130 230 0
230 130 231 0
130 131 231 0
231 131 232 0
131 132 232 0
232 132 233 0
132 133 233 0
233 133 234 0
133 134 234 0
234 134 235 0
134 135 235 0
235 135 236 0
135 136 236 0
236 136 237 0
136 137 237 0
237 137 238 0
137 138 238 0
238 138 239 0
138 139 239 0
239 139 240 0
139 140 240 0
240 140 241 0
140 141 241 0
241 141 242 0
141 142 242 0
242 142 243 0
142 143 243 0
243 143 244 0
143 144 244 0
244 144 245 0
144 145 245 0
245 145 246 0
145 146 246 0
246 146 247 0
146 147 247 0
247 147 248 0
147 148 248 0
248 148 249 0
148 149 249 0
249 149 250 0
149 150 250 0
250 150 251 0
150 151 251 0
251 151 252 0
151 152 252 0
252 152 253 0
152 153 253 0
253 153 254 0
153 154 254 0
254 154 255 0
154 155 255 0
255 155 256 0
155 156 256 0
256 156 257 0
156 157 257 0
257 157 258 0
157 158 258 0
258 158 259 0
158 159 259 0
259 159 260 0
159 160 260 0
260 160 261 0
160 161 261 0
261 161 262 0
161 162 262 0
262 162 263 0
162 163 263 0
263 163 264 0
163 164 264 0
264 164 265 0
164 165 265 0
265 165 266 0
165 166 266 0
266 166 267 0
166 167 267 0
267 167 268 0
167 168 268 0
268 168 269 0
168 169 269 0
269 169 270 0
169 170 270 0
270 170 271 0
170 171 271 0
271 171 272 0
171 172 272 0
272 172 273 0
172 173 273 0
273 173 274 0
173 174 274 0
274 174 275 0
174 175 275 0
275 175 276 0
175 176 276 0
276 176 277 0
176 177 277 0
277 177 278 0
177 178 278 0
278 178 279 0
178 179 279 0
279 179 280 0
179 180 280 0
280 180 281 0
180 181 281 0
281 181 282 0
181 182 282 0
282 182 283 0
182 183 283 0
283 183 284 0
183 184 284 0
284 184 285 0
184 185 285 0
285 185 286 0
185 186 286 0
286 186 287 0
186 187 287 0
287 187 288 0
187 188 288 0
288 188 289 0
188 189 289 0
289 189 290 0
189 190 290 0
290 190 291 0
190 191 291 0
291 191 292 0
191 192 292 0
292 192 293 0
192 193 293 0
293 193 294 0
193 194 294 0
294 194 295 0
194 195 295 0
295 195 296 0
195 196 296 0
296 196 297 0
196 197 297 0
297 197 298 0
197 198 298 0
298 198 299 0
198 199 299 0
299 199 300 0
199 200 300 0
300 200 301 0
200 201 301 0
301 201 302 0
201 202 302 0
302 202 303 0
203 204 304 0
304 204 305 0
204 205 305 0
305 205 306 0
205 206 306 0
306 206 307 0
206 207 307 0
307 207 308 0
207 208 308 0
308 208 309 0
208 209 309 0
309 209 310 0
209 210 310 0
310 210 311 0
210 211 311 0
311 211 312 0
211 212 312 0
312 212 313 0
212 213 313 0
313 213 314 0
213 214 314 0
314 214 315 0
214 215 315 0
315 215 316 0
215 216 316 0
316 216 317 0
216 217 317 0
317 217 318 0
217 218 318 0
318 218 319 0
218 219 319 0
319 219 320 0
219 220 320 0
320 220 321 0
220 221 321 0
321 221 322 0
221 222 322 0
322 222 323 0
222 223 323 0
323 223 324 0
223 224 324 0
324 224 325 0
224 225 325 0
325 225 326 0
225 226 326 0
326 226 327 0
226 227 327 0
327 227 328 0
227 228 328 0
328 228 329 0
228 229 329 0
329 229 330 0
229 230 330 0
330 230 331 0
230 231 331 0
331 231 332 0
231 232 332 0
332 232 333 0
232 233 333 0
333 233 334 0
233 234 334 0
334 234 335 0
234 235 335 0
335 235 336 0
235 236 336 0
336 236 337 0
236 237 337 0
337 237 338 0
237 238 338 0
338 238 339 0
238 239 339 0
339 239 340 0
239 240 340 0
340 240 341 0
240 241 341 0
341 241 342 0
241 242 342 0
342 242 343 0
242 243 343 0
343 243 344 0
243 244 344 0
344 244 345 0
244 245 345 0
345 245 346 0
245 246 346 0
346 246 347 0
246 247 347 0
347 247 348 0
247 248 348 0
348 248 349 0
248 249 349 0
349 249 350 0
249 250 350 0
350 250 351 0
250 251 351 0
351 251 352 0
251 252 352 0
352 252 353 0
252 253 353 0
353 253 354 0
253 254 354 0
354 254 355 0
254 255 355 0
355 255 356 0
255 256 356 0
356 256 357 0
256 257 357 0
357 257 358 0
257 258 358 0
358 258 359 0
258 259 359 0
359 259 360 0
259 260 360 0
360 260 361 0
260 261 361 0
361 261 362 0
261 262 362 0
362 262 363 0
262 263 363 0
363 263 364 0
263 264 364 0
364 264 365 0
264 265 365 0
365 265 366 0
265 266 366 0
366 266 367 0
266 267 367 0
367 267 368 0
267 268 368 0
368 268 369 0
268 269 369 0
369 269 370 0
269 270 370 0
370 270 371 0
270 271 371 0
371 271 372 0
271 272 372 0
372 272 373 0
272 273 373 0
373 273 374 0
273 274 374 0
374 274 375 0
274 275 375 0
375 275 376 0
275 276 376 0
376 276 377 0
276 277 377 0
377 277 378 0
277 278 378 0
378 278 379 0
278 279 379 0
379 279 380 0
279 280 380 0
380 280 381 0
280 281 381 0
381 281 382 0
281 282 382 0
382 282 383 0
282 283 383 0
383 283 384 0
283 284 384 0
384 284 385 0
284 285 385 0
385 285 386 0
285 286 386 0
386 286 387 0
286 287 387 0
387 287 388 0
287 288 388 0
388 288 389 0
288 289 389 0
389 289 390 0
289 290 390 0
390 290 391 0
290 291 391 0
391 291 392 0
291 292 392 0
392 292 393 0
292 293 393 0
393 293 394 0
293 294 394 0
394 294 395 0
294 295 395 0
395 295 396 0
295 296 396 0
396 296 397 0
296 297 397 0
397 297 398 0
297 298 398 0
398 298 399 0
298 299 399 0
399 299 400 0
299 300 400 0
400 300 401 0
300 301 401 0
401 301 402 0
301 302 402 0
402 302 403 0
302 303 403 0
403 303 404 0
304 305 405 0
405 305 406 0
305 306 406 0
406 306 407 0
306 307 407 0
407 307 408 0
307 308 408 0
408 308 409 0
308 309 409 0
409 309 410 0
309 310 410 0
410 310 411 0
310 311 411 0
411 311 412 0
311 312 412 0
412 312 413 0
312 313 413 0
413 313 414 0
313 314 414 0
414 314 415 0
314 315 415 0
415 315 416 0
315 316 416 0
416 316 417 0
316 317 417 0
417 317 418 0
317 318 418 0
418 318 419 0
318 319 419 0
419 319 420 0
319 320 420 0
420 320 421 0
320 321 421 0
421 321 422 0
321 322 422 0
422 322 423 0
322 323 423 0
423 323 424 0
323 324 424 0
424 324 425 0
324 325 425 0
425 325 426 0
325 326 426 0
426 326 427 0
326 327 427 0
427 327 428 0
327 328 428 0
428 328 429 0
328 329 429 0
429 329 430 0
329 330 430 0
430 330 431 0
330 331 431 0
431 331 432 0
331 332 432 0
432 332 433 0
332 333 433 0
433 333 434 0
333 334 434 0
434 334 435 0
334 335 435 0
435 335 436 0
335 336 436 0
436 336 437 0
336 337 437 0
437 337 438 0
337 338 438 0
438 338 439 0
338 339 439 0
439 339 440 0
339 340 440 0
440 340 441 0
340 341 441 0
441 341 442 0
341 342 442 0
442 342 443 0
342 343 443 0
443 343 444 0
343 344 444 0
444 344 445 0
344 345 445 0
445 345 446 0
345 346 446 0
446 346 447 0
346 347 447 0
447 347 448 0
347 348 448 0
448 348 449 0
348 349 449 0
449 349 450 0
349 350 450 0
450 350 451 0
350 351 451 0
451 351 452 0
351 352 452 0
452 352 453 0
352 353 453 0
453 353 454 0
353 354 454 0
454 354 455 0
354 355 455 0
455 355 456 0
355 356 456 0
456 356 457 0
356 357 457 0
457 357 458 0
357 358 458 0
458 358 459 0
358 359 459 0
459 359 460 0
359 360 460 0
460 360 461 0
360 361 461 0
461 361 462 0
361 362 462 0
462 362 463 0
362 363 463 0
463 363 464 0
363 364 464 0
464 364 465 0
364 365 465 0
465 365 466 0
365 366 466 0
466 366 467 0
366 367 467 0
467 367 468 0
367 368 468 0
468 368 469 0
368 369 469 0
469 369 470 0
369 370 470 0
470 370 471 0
370 371 471 0
471 371 472 0
371 372 472 0
472 372 473 0
372 373 473 0
473 373 474 0
373 374 474 0
474 374 475 0
374 375 475 0
475 375 476 0
375 376 476 0
476 376 477 0
376 377 477 0
477 377 478 0
377 378 478 0
478 378 479 0
378 379 479 0
479 379 480 0
379 380 480 0
480 380 481 0
380 381 481 0
481 381 482 0
381 382 482 0
482 382 483 0
382 383 483 0
483 383 484 0
383 384 484 0
484 384 485 0
384 385 485 0
485 385 486 0
385 386 486 0
486 386 487 0
386 387 487 0
487 387 488 0
387 388 488 0
488 388 489 0
388 389 489 0
489 389 490 0
389 390 490 0
490 390 491 0
390 391 491 0
491 391 492 0
391 392 492 0
492 392 493 0
392 393 493 0
493 393 494 0
393 394 494 0
494 394 495 0
394 395 495 0
495 395 496 0
395 396 496 0
496 396 497 0
396 397 497 0
497 397 498 0
397 398 498 0
498 398 499 0
398 399 499 0
499 399 500 0
399 400 500 0
500 400 501 0
400 401 501 0
501 401 502 0
401 402 502 0
502 402 503 0
402 403 503 0
503 403 504 0
403 404 504 0
504 404 505 0
405 406 506 0
506 406 507 0
406 407 507 0
507 407 508 0
407 408 508 0
508 408 509 0
408 409 509 0
509 409 510 0
409 410 510 0
510 410 511 0
410 411 511 0
511 411 512 0
411 412 512 0
512 412 513 0
412 413 513 0
513 413 514 0
413 414 514 0
514 414 515 0
414 415 515 0
515 415 516 0
415 416 516 0
516 416 517 0
416 417 517 0
517 417 518 0
417 418 518 0
518 418 519 0
418 419 519 0
519 419 520 0
419 420 520 0
520 420 521 0
420 421 521 0
521 421 522 0
421 422 522 0
522 422 523 0
422 423 523 0
523 423 524 0
423 424 524 0
524 424 525 0
424 425 525 0
525 425 526 0
425 426 526 0
526 426 527 0
426 427 527 0
527 427 528 0
427 428 528 0
528 428 529 0
428 429 529 0
529 429 530 0
429 430 530 0
530 430 531 0
430 431 531 0
531 431 532 0
431 432 532 0
532 432 533 0
432 433 533 0
533 433 534 0
433 434 534 0
534 434 535 0
434 435 535 0
535 435 536 0
435 436 536 0
536 436 537 0
436 437 537 0
537 437 538 0
437 438 538 0
538 438 539 0
438 439 539 0
539 439 540 0
439 440 540 0
540 440 541 0
440 441 541 0
541 441 542 0
441 442 542 0
542 442 543 0
442 443 543 0
543 443 544 0
443 444 544 0
544 444 545 0
444 445 545 0
545 445 546 0
445 446 546 0
546 446 547 0
446 447 547 0
547 447 548 0
447 448 548 0
548 448 549 0
448 449 549 0
549 449 550 0
449 450 550 0
550 450 551 0
450 451 551 0
551 451 552 0
451 452 552 0
552 452 553 0
452 453 553 0
553 453 554 0
453 454 554 0
554 454 555 0
454 455 555 0
555 455 556 0
455 456 556 0
556 456 557 0
456 457 557 0
557 457 558 0
457 458 558 0
558 458 559 0
458 459 559 0
559 459 560 0
459 460 560 0
560 460 561 0
460 461 561 0
561 461 562 0
461 462 562 0
562 462 563 0
462 463 563 0
563 463 564 0
463 464 564 0
564 464 565 0
464 465 565 0
565 465 566 0
465 466 566 0
566 466 567 0
466 467 567 0
567 467 568 0
467 468 568 0
568 468 569 0
468 469 569 0
569 469 570 0
469 470 570 0
570 470 571 0
470 471 571 0
571 471 572 0
471 472 572 0
572 472 573 0
472 473 573 0
573 473 574 0
473 474 574 0
574 474 575 0
474 475 575 0
575 475 576 0
475 476 576 0
576 476 577 0
476 477 577 0
577 477 578 0
477 478 578 0
578 478 579 0
478 479 579 0
579 479 580 0
479 480 580 0
580 480 581 0
480 481 581 0
581 481 582 0
481 482 582 0
582 482 583 0
482 483 583 0
583 483 584 0
483 484 584 0
584 484 585 0
484 485 585 0
585 485 586 0
485 486 586 0
586 486 587 0
486 487 587 0
587 487 588 0
487 488 588 0
588 488 589 0
488 489 589 0
589 489 590 0
489 490 590 0
590 490 591 0
490 491 591 0
591 491 592 0
491 492 592 0
592 492 593 0
492 493 593 0
593 493 594 0
493 494 594 0
594 494 595 0
494 495 595 0
595 495 596 0
495 496 596 0
596 496 597 0
496 497 597 0
597 497 598 0
497 498 598 0
598 498 599 0
498 499 599 0
599 499 600 0
499 500 600 0
600 500 601 0
500 501 601 0
601 501 602 0
501 502 602 0
602 502 603 0
502 503 603 0
603 503 604 0
503 504 604 0
604 504 605 0
504 505 605 0
605 505 606 0
506 507 607 0
607 507 608 0
507 508 608 0
608 508 609 0
508 509 609 0
609 509 610 0
509 510 610 0
610 510 611 0
510 511 611 0
611 511 612 0
511 512 612 0
612 512 613 0
512 513 613 0
613 513 614 0
513 514 614 0
614 514 615 0
514 515 615 0
615 515 616 0
515 516 616 0
616 516 617 0
516 517 617 0
617 517 618 0
517 518 618 0
618 518 619 0
518 519 619 0
619 519 620 0
519 520 620 0
620 520 621 0
520 521 621 0
621 521 622 0
521 522 622 0
622 522 623 0
522 523 623 0
623 523 624 0
523 524 624 0
624 524 625 0
524 525 625 0
625 525 626 0
525 526 626 0
626 526 627 0
526 527 627 0
627 527 628 0
527 528 628 0
628 528 629 0
528 529 629 0
629 529 630 0
529 530 630 0
630 530 631 0
530 531 631 0
631 531 632 0
531 532 632 0
632 532 633 0
532 533 633 0
633 533 634 0
533 534 634 0
634 534 635 0
534 535 635 0
635 535 636 0
535 536 636 0
636 536 637 0
536 537 637 0
637 537 638 0
537 538 638 0
638 538 639 0
538 539 639 0
639 539 640 0
539 540 640 0
640 540 641 0
540 541 641 0
641 541 642 0
541 542 642 0
642 542 643 0
542 543 643 0
643 543 644 0
543 544 644 0
644 544 645 0
544 545 645 0
645 545 646 0
545 546 646 0
646 546 647 0
546 547 647 0
647 547 648 0
547 548 648 0
648 548 649 0
548 549 649 0
649 549 650 0
549 550 650 0
650 550 651 0
550 551 651 0
651 551 652 0
551 552 652 0
652 552 653 0
552 553 653 0
653 553 654 0
553 554 654 0
654 554 655 0
554 555 655 0
655 555 656 0
555 556 656 0
656 556 657 0
556 557 657 0
657 557 658 0
557 558 658 0
658 558 659 0
558 559 659 0
659 559 660 0
559 560 660 0
660 560 661 0
560 561 661 0
661 561 662 0
561 562 662 0
662 562 663 0
562 563 663 0
663 563 664 0
563 564 664 0
664 564 665 0
564 565 665 0
665 565 666 0
565 566 666 0
666 566 667 0
566 567 667 0
667 567 668 0
567 568 668 0
668 568 669 0
568 569 669 0
669 569 670 0
569 570 670 0
670 570 671 0
570 571 671 0
671 571 672 0
571 572 672 0
672 572 673 0
572 573 673 0
673 573 674 0
573 574 674 0
674 574 675 0
574 575 675 0
675 575 676 0
575 576 676 0
676 576 677 0
576 577 677 0
677 577 678 0
577 578 678 0
678 578 679 0
578 579 679 0
679 579 680 0
579 580 680 0
680 580 681 0
580 581 681 0
681 581 682 0
581 582 682 0
682 582 683 0
582 583 683 0
683 583 684 0
583 584 684 0
684 584 685 0
584 585 685 0
685 585 686 0
585 586 686 0
686 586 687 0
586 587 687 0
687 587 688 0
587 588 688 0
688 588 689 0
588 589 689 0
689 589 690 0
589 590 690 0
690 590 691 0
590 591 691 0
691 591 692 0
591 592 692 0
692 592 693 0
592 593 693 0
693 593 694 0
593 594 694 0
694 594 695 0
594 595 695 0
695 595 696 0
595 596 696 0
696 596 697 0
596 597 697 0
697 597 698 0
597 598 698 0
698 598 699 0
598 599 699 0
699 599 700 0
599 600 700 0
700 600 701 0
600 601 701 0
701 601 702 0
601 602 702 0
702 602 703 0
602 603 703 0
703 603 704 0
603 604 704 0
704 604 705 0
604 605 705 0
705 605 706 0
605 606 706 0
706 606 707 0
607 608 708 0
708 608 709 0
608 609 709 0
709 609 710 0
609 610 710 0
710 610 711 0
610 611 711 0
711 611 712 0
611 612 712 0
712 612 713 0
612 613 713 0
713 613 714 0
613 614 714 0
714 614 715 0
614 615 715 0
715 615 716 0
615 616 716 0
716 616 717 0
616 617 717 0
717 617 718 0
617 618 718 0
718 618 719 0
618 619 719 0
719 619 720 0
619 620 720 0
720 620 721 0
620 621 721 0
721 621 722 0
621 622 722 0
722 622 723 0
622 623 723 0
723 623 724 0
623 624 724 0
724 624 725 0
624 625 725 0
725 625 726 0
625 626 726 0
726 626 727 0
626 627 727 0
727 627 728 0
627 628 728 0
728 628 729 0
628 629 729 0
729 629 730 0
629 630 730 0
730 630 731 0
630 631 731 0
731 631 732 0
631 632 732 0
732 632 733 0
632 633 733 0
733 633 734 0
633 634 734 0
734 634 735 0
634 635 735 0
735 635 736 0
635 636 736 0
736 636 737 0
636 637 737 0
737 637 738 0
637 638 738 0
738 638 739 0
638 639 739 0
739 639 740 0
639 640 740 0
740 640 741 0
640 641 741 0
741 641 742 0
641 642 742 0
742 642 743 0
642 643 743 0
743 643 744 0
643 644 744 0
744 644 745 0
644 645 745 0
745 645 746 0
645 646 746 0
746 646 747 0
646 647 747 0
747 647 748 0
647 648 748 0
748 648 749 0
648 649 749 0
749 649 750 0
649 650 750 0
750 650 751 0
650 651 751 0
751 651 752 0
651 652 752 0
752 652 753 0
652 653 753 0
753 653 754 0
653 654 754 0
754 654 755 0
654 655 755 0
755 655 756 0
655 656 756 0
756 656 757 0
656 657 757 0
757 657 758 0
657 658 758 0
758 658 759 0
658 659 759 0
759 659 760 0
659 660 760 0
760 660 761 0
660 661 761 0
761 661 762 0
661 662 762 0
762 662 763 0
662 663 763 0
763 663 764 0
663 664 764 0
764 664 765 0
664 665 765 0
765 665 766 0
665 666 766 0
766 666 767 0
666 667 767 0
767 667 768 0
667 668 768 0
768 668 769 0
668 669 769 0
769 669 770 0
669 670 770 0
770 670 771 0
670 671 771 0
771 671 772 0
671 672 772 0
772 672 773 0
672 673 773 0
773 673 774 0
673 674 774 0
774 674 775 0
674 675 775 0
775 675 776 0
675 676 776 0
776 676 777 0
676 677 777 0
777 677 778 0
677 678 778 0
778 678 779 0
678 679 779 0
779 679 780 0
679 680 780 0
780 680 781 0
680 681 781 0
781 681 782 0
681 682 782 0
782 682 783 0
682 683 783 0
783 683 784 0
683 684 784 0
784 684 785 0
684 685 785 0
785 685 786 0
685 686 786 0
786 686 787 0
686 687 787 0
787 687 788 0
687 688 788 0
788 688 789 0
688 689 789 0
789 689 790 0
689 690 790 0
790 690 791 0
690 691 791 0
791 691 792 0
691 692 792 0
792 692 793 0
692 693 793 0
793 693 794 0
693 694 794 0
794 694 795 0
694 695 795 0
795 695 796 0
695 696 796 0
796 696 797 0
696 697 797 0
797 697 798 0
697 698 798 0
798 698 799 0
698 699 799 0
799 699 800 0
699 700 800 0
800 700 801 0
700 701 801 0
801 701 802 0
701 702 802 0
802 702 803 0
702 703 803 0
803 703 804 0
703 704 804 0
804 704 805 0
704 705 805 0
805 705 806 0
705 706 806 0
806 706 807 0
706 707 807 0
807 707 808 0
708 709 809 0
809 709 810 0
709 710 810 0
810 710 811 0
710 711 811 0
811 711 812 0
711 712 812 0
812 712 813 0
712 713 813 0
813 713 814 0
713 714 814 0
814 714 815 0
714 715 815 0
815 715 816 0
715 716 816 0
816 716 817 0
716 717 817 0
817 717 818 0
717 718 818 0
818 718 819 0
718 719 819 0
819 719 820 0
719 720 820 0
820 720 821 0
720 721 821 0
821 721 822 0
721 722 822 0
822 722 823 0
722 723 823 0
823 723 824 0
723 724 824 0
824 724 825 0
724 725 825 0
825 725 826 0
725 726 826 0
826 726 827 0
726 727 827 0
827 727 828 0
727 728 828 0
828 728 829 0
728 729 829 0
829 729 830 0
729 730 830 0
830 730 831 0
730 731 831 0
831 731 832 0
731 732 832 0
832 732 833 0
732 733 833 0
833 733 834 0
733 734 834 0
834 734 835 0
734 735 835 0
835 735 836 0
735 736 836 0
836 736 837 0
736 737 837 0
837 737 838 0
737 738 838 0
838 738 839 0
738 739 839 0
839 739 840 0
739 740 840 0
840 740 841 0
740 741 841 0
841 741 842 0
741 742 842 0
842 742 843 0
742 743 843 0
843 743 844 0
743 744 844 0
844 744 845 0
744 745 845 0
845 745 846 0
745 746 846 0
846 746 847 0
746 747 847 0
847 747 848 0
747 748 848 0
848 748 849 0
748 749 849 0
849 749 850 0
749 750 850 0
850 750 851 0
750 751 851 0
851 751 852 0
751 752 852 0
852 752 853 0
752 753 853 0
853 753 854 0
753 754 854 0
854 754 855 0
754 755 855 0
855 755 856 0
755 756 856 0
856 756 857 0
756 757 857 0
857 757 858 0
757 758 858 0
858 758 859 0
758 759 859 0
859 759 860 0
759 760 860 0
860 760 861 0
760 761 861 0
861 761 862 0
761 762 862 0
862 762 863 0
762 763 863 0
863 763 864 0
763 764 864 0
864 764 865 0
764 765 865 0
865 765 866 0
765 766 866 0
866 766 867 0
766 767 867 0
867 767 868 0
767 768 868 0
868 768 869 0
768 769 869 0
869 769 870 0
769 770 870 0
870 770 871 0
770 771 871 0
871 771 872 0
771 772 872 0
872 772 873 0
772 773 873 0
873 773 874 0
773 774 874 0
874 774 875 0
774 775 875 0
875 775 876 0
775 776 876 0
876 776 877 0
776 777 877 0
877 777 878 0
777 778 878 0
878 778 879 0
778 779 879 0
879 779 880 0
779 780 880 0
880 780 881 0
780 781 881 0
881 781 882 0
781 782 882 0
882 782 883 0
782 783 883 0
883 783 884 0
783 784 884 0
884 784 885 0
784 785 885 0
885 785 886 0
785 786 886 0
886 786 887 0
786 787 887 0
887 787 888 0
787 788 888 0
888 788 889 0
788 789 889 0
889 789 890 0
789 790 890 0
890 790 891 0
790 791 891 0
891 791 892 0
791 792 892 0
892 792 893 0
792 793 893 0
893 793 894 0
793 794 894 0
894 794 895 0
794 795 895 0
895 795 896 0
795 796 896 0
896 796 897 0
796 797 897 0
897 797 898 0
797 798 898 0
898 798 899 0
798 799 899 0
899 799 900 0
799 800 900 0
900 800 901 0
800 801 901 0
901 801 902 0
801 802 902 0
902 802 903 0
802 803 903 0
903 803 904 0
803 804 904 0
904 804 905 0
804 805 905 0
905 805 906 0
805 806 906 0
906 806 907 0
806 807 907 0
907 807 908 0
807 808 908 0
908 808 909 0
809 810 910 0
910 810 911 0
810 811 911 0
911 811 912 0
811 812 912 0
912 812 913 0
812 813 913 0
913 813 914 0
813 814 914 0
914 814 915 0
814 815 915 0
915 815 916 0
815 816 916 0
916 816 917 0
816 817 917 0
917 817 918 0
817 818 918 0
918 818 919 0
818 819 919 0
919 819 920 0
819 820 920 0
920 820 921 0
820 821 921 0
921 821 922 0
821 822 922 0
922 822 923 0
822 823 923 0
923 823 924 0
823 824 924 0
924 824 925 0
824 825 925 0
925 825 926 0
825 826 926 0
926 826 927 0
826 827 927 0
927 827 928 0
827 828 928 0
928 828 929 0
828 829 929 0
929 829 930 0
829 830 930 0
930 830 931 0
830 831 931 0
931 831 932 0
831 832 932 0
932 832 933 0
832 833 933 0
933 833 934 0
833 834 934 0
934 834 935 0
834 835 935 0
935 835 936 0
835 836 936 0
936 836 937 0
836 837 937 0
937 837 938 0
837 838 938 0
938 838 939 0
838 839 939 0
939 839 940 0
839 840 940 0
940 840 941 0
840 841 941 0
941 841 942 0
841 842 942 0
942 842 943 0
842 843 943 0
943 843 944 0
843 844 944 0
944 844 945 0
844 845 945 0
945 845 946 0
845 846 946 0
946 846 947 0
846 847 947 0
947 847 948 0
847 848 948 0
948 848 949 0
848 849 949 0
949 849 950 0
849 850 950 0
950 850 951 0
850 851 951 0
951 851 952 0
851 852 952 0
952 852 953 0
852 853 953 0
953 853 954 0
853 854 954 0
954 854 955 0
854 855 955 0
955 855 956 0
855 856 956 0
956 856 957 0
856 857 957 0
957 857 958 0
857 858 958 0
958 858 959 0
858 859 959 0
959 859 960 0
859 860 960 0
960 860 961 0
860 861 961 0
961 861 962 0
861 862 962 0
962 862 963 0
862 863 963 0
963 863 964 0
863 864 964 0
964 864 965 0
864 865 965 0
965 865 966 0
865 866 966 0
966 866 967 0
866 867 967 0
967 867 968 0
867 868 968 0
968 868 969 0
868 869 969 0
969 869 970 0
869 870 970 0
970 870 971 0
870 871 971 0
971 871 972 0
871 872 972 0
972 872 973 0
872 873 973 0
973 873 974 0
873 874 974 0
974 874 975 0
874 875 975 0
975 875 976 0
875 876 976 0
976 876 977 0
876 877 977 0
977 877 978 0
877 878 978 0
978 878 979 0
878 879 979 0
979 879 980 0
879 880 980 0
980 880 981 0
880 881 981 0
981 881 982 0
881 882 982 0
982 882 983 0
882 883 983 0
983 883 984 0
883 884 984 0
984 884 985 0
884 885 985 0
985 885 986 0
885 886 986 0
986 886 987 0
886 887 987 0
987 887 988 0
887 888 988 0
988 888 989 0
888 889 989 0
989 889 990 0
889 890 990 0
990 890 991 0
890 891 991 0
991 891 992 0
891 892 992 0
992 892 993 0
892 893 993 0
993 893 994 0
893 894 994 0
994 894 995 0
894 895 995 0
995 895 996 0
895 896 996 0
996 896 997 0
896 897 997 0
997 897 998 0
897 898 998 0
998 898 999 0
898 899 999 0
999 899 1000 0
899 900 1000 0
1000 900 1001 0
900 901 1001 0
1001 901 1002 0
901 902 1002 0
1002 902 1003 0
902 903 1003 0
1003 903 1004 0
903 904 1004 0
1004 904 1005 0
904 905 1005 0
1005 905 1006 0
905 906 1006 0
1006 906 1007 0
906 907 1007 0
1007 907 1008 0
907 908 1008 0
1008 908 1009 0
908 909 1009 0
1009 909 1010 0
910 911 1011 0
1011 911 1012 0
911 912 1012 0
1012 912 1013 0
912 913 1013 0
1013 913 1014 0
913 914 1014 0
1014 914 1015 0
914 915 1015 0
1015 915 1016 0
915 916 1016 0
1016 916 1017 0
916 917 1017 0
1017 917 1018 0
917 918 1018 0
1018 918 1019 0
918 919 1019 0
1019 919 1020 0
919 920 1020 0
1020 920 1021 0
920 921 1021 0
1021 921 1022 0
921 922 1022 0
1022 922 1023 0
922 923 1023 0
1023 923 1024 0
923 924 1024 0
1024 924 1025 0
924 925 1025 0
1025 925 1026 0
925 926 1026 0
1026 926 1027 0
926 927 1027 0
1027 927 1028 0
927 928 1028 0
1028 928 1029 0
928 929 1029 0
1029 929 1030 0
929 930 1030 0
1030 930 1031 0
930 931 1031 0
1031 931 1032 0
931 932 1032 0
1032 932 1033 0
932 933 1033 0
1033 933 1034 0
933 934 1034 0
1034 934 1035 0
934 935 1035 0
1035 935 1036 0
935 936 1036 0
1036 936 1037 0
936 937 1037 0
1037 937 1038 0
937 938 1038 0
1038 938 1039 0
938 939 1039 0
1039 939 1040 0
939 940 1040 0
1040 940 1041 0
940 941 1041 0
1041 941 1042 0
941 942 1042 0
1042 942 1043 0
942 943 1043 0
1043 943 1044 0
943 944 1044 0
1044 944 1045 0
944 945 1045 0
1045 945 1046 0
945 946 1046 0
1046 946 1047 0
946 947 1047 0
1047 947 1048 0
947 948 1048 0
1048 948 1049 0
948 949 1049 0
1049 949 1050 0
949 950 1050 0
1050 950 1051 0
950 951 1051 0
1051 951 1052 0
951 952 1052 0
1052 952 1053 0
952 953 1053 0
1053 953 1054 0
953 954 1054 0
1054 954 1055 0
954 955 1055 0
1055 955 1056 0
955 956 1056 0
1056 956 1057 0
956 957 1057 0
1057 957 1058 0
957 958 1058 0
1058 958 1059 0
958 959 1059 0
1059 959 1060 0
959 960 1060 0
1060 960 1061 0
960 961 1061 0
1061 961 1062 0
961 962 1062 0
1062 962 1063 0
962 963 1063 0
1063 963 1064 0
963 964 1064 0
1064 964 1065 0
964 965 1065 0
1065 965 1066 0
965 966 1066 0
1066 966 1067 0
966 967 1067 0
1067 967 1068 0
967 968 1068 0
1068 968 1069 0
968 969 1069 0
1069 969 1070 0
969 970 1070 0
1070 970 1071 0
970 971 1071 0
1071 971 1072 0
971 972 1072 0
1072 972 1073 0
972 973 1073 0
1073 973 1074 0
973 974 1074 0
1074 974 1075 0
974 975 1075 0
1075 975 1076 0
975 976 1076 0
1076 976 1077 0
976 977 1077 0
1077 977 1078 0
977 978 1078 0
1078 978 1079 0
978 979 1079 0
1079 979 1080 0
979 980 1080 0
1080 980 1081 0
980 981 1081 0
1081 981 1082 0
981 982 1082 0
1082 982 1083 0
982 983 1083 0
1083 983 1084 0
983 984 1084 0
1084 984 1085 0
984 985 1085 0
1085 985 1086 0
985 986 1086 0
1086 986 1087 0
986 987 1087 0
1087 987 1088 0
987 988 1088 0
1088 988 1089 0
988 989 1089 0
1089 989 1090 0
989 990 1090 0
1090 990 1091 0
990 991 1091 0
1091 991 1092 0
991 992 1092 0
1092 992 1093 0
992 993 1093 0
1093 993 1094 0
993 994 1094 0
1094 994 1095 0
994 995 1095 0
1095 995 1096 0
995 996 1096 0
1096 996 1097 0
996 997 1097 0
1097 997 1098 0
997 998 1098 0
1098 998 1099 0
998 999 1099 0
1099 999 1100 0
999 1000 1100 0
1100 1000 1101 0
1000 1001 1101 0
1101 1001 1102 0
1001 1002 1102 0
1102 1002 1103 0
1002 1003 1103 0
1103 1003 1104 0
1003 1004 1104 0
1104 1004 1105 0
1004 1005 1105 0
1105 1005 1106 0
1005 1006 1106 0
1106 1006 1107 0
1006 1007 1107 0
1107 1007 1108 0
1007 1008 1108 0
1108 1008 1109 0
1008 1009 1109 0
1109 1009 1110 0
1009 1010 1110 0
1110 1010 1111 0
1011 1012 1112 0
1112 1012 1113 0
1012 1013 1113 0
1113 1013 1114 0
1013 1014 1114 0
1114 1014 1115 0
1014 1015 1115 0
1115 1015 1116 0
1015 1016 1116 0
1116 1016 1117 0
1016 1017 1117 0
1117 1017 1118 0
1017 1018 1118 0
1118 1018 1119 0
1018 1019 1119 0
1119 1019 1120 0
1019 1020 1120 0
1120 1020 1121 0
1020 1021 1121 0
1121 1021 1122 0
1021 1022 1122 0
1122 1022 1123 0
1022 1023 1123 0
1123 1023 1124 0
1023 1024 1124 0
1124 1024 1125 0
1024 1025 1125 0
1125 1025 1126 0
1025 1026 1126 0
1126 1026 1127 0
1026 1027 1127 0
1127 1027 1128 0
1027 1028 1128 0
1128 1028 1129 0
1028 1029 1129 0
1129 1029 1130 0
1029 1030 1130 0
1130 1030 1131 0
1030 1031 1131 0
1131 1031 1132 0
1031 1032 1132 0
1132 1032 1133 0
1032 1033 1133 0
1133 1033 1134 0
1033 1034 1134 0
1134 1034 1135 0
1034 1035 1135 0
1135 1035 1136 0
1035 1036 1136 0
1136 1036 1137 0
1036 1037 1137 0
1137 1037 1138 0
1037 1038 1138 0
1138 1038 1139 0
1038 1039 1139 0
1139 1039 1140 0
1039 1040 1140 0
1140 1040 1141 0
1040 1041 1141 0
1141 1041 1142 0
1041 1042 1142 0
1142 1042 1143 0
1042 1043 1143 0
1143 1043 1144 0
1043 1044 1144 0
1144 1044 1145 0
1044 1045 1145 0
1145 1045 1146 0
1045 1046 1146 0
1146 1046 1147 0
1046 1047 1147 0
1147 1047 1148 0
1047 1048 1148 0
1148 1048 1149 0
1048 1049 1149 0
1149 1049 1150 0
1049 1050 1150 0
1150 1050 1151 0
1050 1051 1151 0
1151 1051 1152 0
1051 1052 1152 0
1152 1052 1153 0
1052 1053 1153 0
1153 1053 1154 0
1053 1054 1154 0
1154 1054 1155 0
1054 1055 1155 0
1155 1055 1156 0
1055 1056 1156 0
1156 1056 1157 0
1056 1057 1157 0
1157 1057 1158 0
1057 1058 1158 0
1158 1058 1159 0
1058 1059 1159 0
1159 1059 1160 0
1059 1060 1160 0
1160 1060 1161 0
1060 1061 1161 0
1161 1061 1162 0
1061 1062 1162 0
1162 1062 1163 0
1062 1063 1163 0
1163 1063 1164 0
1063 1064 1164 0
1164 1064 1165 0
1064 1065 1165 0
1165 1065 1166 0
1065 1066 1166 0
1166 1066 1167 0
1066 1067 1167 0
1167 1067 1168 0
1067 1068 1168 0
1168 1068 1169 0
1068 1069 1169 0
1169 1069 1170 0
1069 1070 1170 0
1170 1070 1171 0
1070 1071 1171 0
1171 1071 1172 0
1071 1072 1172 0
1172 1072 1173 0
1072 1073 1173 0
1173 1073 1174 0
1073 1074 1174 0
1174 1074 1175 0
1074 1075 1175 0
1175 1075 1176 0
1075 1076 1176 0
1176 1076 1177 0
1076 1077 1177 0
1177 1077 1178 0
1077 1078 1178 0
1178 1078 1179 0
1078 1079 1179 0
1179 1079 1180 0
1079 1080 1180 0
1180 1080 1181 0
1080 1081 1181 0
1181 1081 1182 0
1081 1082 1182 0
1182 1082 1183 0
1082 1083 1183 0
1183 1083 1184 0
1083 1084 1184 0
1184 1084 1185 0
1084 1085 1185 0
1185 1085 1186 0
1085 1086 1186 0
1186 1086 1187 0
1086 1087 1187 0
1187 1087 1188 0
1087 1088 1188 0
1188 1088 1189 0
1088 1089 1189 0
1189 1089 1190 0
1089 1090 1190 0
1190 1090 1191 0
1090 1091 1191 0
1191 1091 1192 0
1091 1092 1192 0
1192 1092 1193 0
1092 1093 1193 0
1193 1093 1194 0
1093 1094 1194 0
1194 1094 1195 0
1094 1095 1195 0
1195 1095 1196 0
1095 1096 1196 0
1196 1096 1197 0
1096 1097 1197 0
1197 1097 1198 0
1097 1098 1198 0
1198 1098 1199 0
1098 1099 1199 0
1199 1099 1200 0
1099 1100 1200 0
1200 1100 1201 0
1100 1101 1201 0
1201 1101 1202 0
1101 1102 1202 0
1202 1102 1203 0
1102 1103 1203 0
1203 1103 1204 0
1103 1104 1204 0
1204 1104 1205 0
1104 1105 1205 0
1205 1105 1206 0
1105 1106 1206 0
1206 1106 1207 0
1106 1107 1207 0
1207 1107 1208 0
1107 1108 1208 0
1208 1108 1209 0
1108 1109 1209 0
1209 1109 1210 0
1109 1110 1210 0
1210 1110 1211 0
1110 1111 1211 0
1211 1111 1212 0
1112 1113 1213 0
1213 1113 1214 0
1113 1114 1214 0
1214 1114 1215 0
1114 1115 1215 0
1215 1115 1216 0
1115 1116 1216 0
1216 1116 1217 0
1116 1117 1217 0
1217 1117 1218 0
1117 1118 1218 0
1218 1118 1219 0
1118 1119 1219 0
1219 1119 1220 0
1119 1120 1220 0
1220 1120 1221 0
1120 1121 1221 0
1221 1121 1222 0
1121 1122 1222 0
1222 1122 1223 0
1122 1123 1223 0
1223 1123 1224 0
1123 1124 1224 0
1224 1124 1225 0
1124 1125 1225 0
1225 1125 1226 0
1125 1126 1226 0
1226 1126 1227 0
1126 1127 1227 0
1227 1127 1228 0
1127 1128 1228 0
1228 1128 1229 0
1128 1129 1229 0
1229 1129 1230 0
1129 1130 1230 0
1230 1130 1231 0
1130 1131 1231 0
1231 1131 1232 0
1131 1132 1232 0
1232 1132 1233 0
1132 1133 1233 0
1233 1133 1234 0
1133 1134 1234 0
1234 1134 1235 0
1134 1135 1235 0
1235 1135 1236 0
1135 1136 1236 0
1236 1136 1237 0
1136 1137 1237 0
1237 1137 1238 0
1137 1138 1238 0
1238 1138 1239 0
1138 1139 1239 0
1239 1139 1240 0
1139 1140 1240 0
1240 1140 1241 0
1140 1141 1241 0
1241 1141 1242 0
1141 1142 1242 0
1242 1142 1243 0
1142 1143 1243 0
1243 1143 1244 0
1143 1144 1244 0
1244 1144 1245 0
1144 1145 1245 0
1245 1145 1246 0
1145 1146 1246 0
1246 1146 1247 0
1146 1147 1247 0
1247 1147 1248 0
1147 1148 1248 0
1248 1148 1249 0
1148 1149 1249 0
1249 1149 1250 0
1149 1150 1250 0
1250 1150 1251 0
1150 1151 1251 0
1251 1151 1252 0
1151 1152 1252 0
1252 1152 1253 0
1152 1153 1253 0
1253 1153 1254 0
1153 1154 1254 0
1254 1154 1255 0
1154 1155 1255 0
1255 1155 1256 0
1155 1156 1256 0
1256 1156 1257 0
1156 1157 1257 0
1257 1157 1258 0
1157 1158 1258 0
1258 1158 1259 0
1158 1159 1259 0
1259 1159 1260 0
1159 1160 1260 0
1260 1160 1261 0
1160 1161 1261 0
1261 1161 1262 0
1161 1162 1262 0
1262 1162 1263 0
1162 1163 1263 0
1263 1163 1264 0
1163 1164 1264 0
1264 1164 1265 0
1164 1165 1265 0
1265 1165 1266 0
1165 1166 1266 0
1266 1166 1267 0
1166 1167 1267 0
1267 1167 1268 0
1167 1168 1268 0
1268 1168 1269 0
1168 1169 1269 0
1269 1169 1270 0
1169 1170 1270 0
1270 1170 1271 0
1170 1171 1271 0
1271 1171 1272 0
1171 1172 1272 0
1272 1172 1273 0
1172 1173 1273 0
1273 1173 1274 0
1173 1174 1274 0
1274 1174 1275 0
1174 1175 1275 0
1275 1175 1276 0
1175 1176 1276 0
1276 1176 1277 0
1176 1177 1277 0
1277 1177 1278 0
1177 1178 1278 0
1278 1178 1279 0
1178 1179 1279 0
1279 1179 1280 0
1179 1180 1280 0
1280 1180 1281 0
1180 1181 1281 0
1281 1181 1282 0
1181 1182 1282 0
1282 1182 1283 0
1182 1183 1283 0
1283 1183 1284 0
1183 1184 1284 0
1284 1184 1285 0
1184 1185 1285 0
1285 1185 1286 0
1185 1186 1286 0
1286 1186 1287 0
1186 1187 1287 0
1287 1187 1288 0
1187 1188 1288 0
1288 1188 1289 0
1188 1189 1289 0
1289 1189 1290 0
1189 1190 1290 0
1290 1190 1291 0
1190 1191 1291 0
1291 1191 1292 0
1191 1192 1292 0
1292 1192 1293 0
1192 1193 1293 0
1293 1193 1294 0
1193 1194 1294 0
1294 1194 1295 0
1194 1195 1295 0
1295 1195 1296 0
1195 1196 1296 0
1296 1196 1297 0
1196 1197 1297 0
1297 1197 1298 0
1197 1198 1298 0
1298 1198 1299 0
1198 1199 1299 0
1299 1199 1300 0
1199 1200 1300 0
1300 1200 1301 0
1200 1201 1301 0
1301 1201 1302 0
1201 1202 1302 0
1302 1202 1303 0
1202 1203 1303 0
1303 1203 1304 0
1203 1204 1304 0
1304 1204 1305 0
1204 1205 1305 0
1305 1205 1306 0
1205 1206 1306 0
1306 1206 1307 0
1206 1207 1307 0
1307 1207 1308 0
1207 1208 1308 0
1308 1208 1309 0
1208 1209 1309 0
1309 1209 1310 0
1209 1210 1310 0
1310 1210 1311 0
1210 1211 1311 0
1311 1211 1312 0
1211 1212 1312 0
1312 1212 1313 0
1213 1214 1314 0
1314 1214 1315 0
1214 1215 1315 0
1315 1215 1316 0
1215 1216 1316 0
1316 1216 1317 0
1216 1217 1317 0
1317 1217 1318 0
1217 1218 1318 0
1318 1218 1319 0
1218 1219 1319 0
1319 1219 1320 0
1219 1220 1320 0
1320 1220 1321 0
1220 1221 1321 0
1321 1221 1322 0
1221 1222 1322 0
1322 1222 1323 0
1222 1223 1323 0
1323 1223 1324 0
1223 1224 1324 0
1324 1224 1325 0
1224 1225 1325 0
1325 1225 1326 0
1225 1226 1326 0
1326 1226 1327 0
1226 1227 1327 0
1327 1227 1328 0
1227 1228 1328 0
1328 1228 1329 0
1228 1229 1329 0
1329 1229 1330 0
1229 1230 1330 0
1330 1230 1331 0
1230 1231 1331 0
1331 1231 1332 0
1231 1232 1332 0
1332 1232 1333 0
1232 1233 1333 0
1333 1233 1334 0
1233 1234 1334 0
1334 1234 1335 0
1234 1235 1335 0
1335 1235 1336 0
1235 1236 1336 0
1336 1236 1337 0
1236 1237 1337 0
1337 1237 1338 0
1237 1238 1338 0
1338 1238 1339 0
1238 1239 1339 0
1339 1239 1340 0
1239 1240 1340 0
1340 1240 1341 0
1240 1241 1341 0
1341 1241 1342 0
1241 1242 1342 0
1342 1242 1343 0
1242 1243 1343 0
1343 1243 1344 0
1243 1244 1344 0
1344 1244 1345 0
1244 1245 1345 0
1345 1245 1346 0
1245 1246 1346 0
1346 1246 1347 0
1246 1247 1347 0
1347 1247 1348 0
1247 1248 1348 0
1348 1248 1349 0
1248 1249 1349 0
1349 1249 1350 0
1249 1250 1350 0
1350 1250 1351 0
1250 1251 1351 0
1351 1251 1352 0
1251 1252 1352 0
1352 1252 1353 0
1252 1253 1353 0
1353 1253 1354 0
1253 1254 1354 0
1354 1254 1355 0
1254 1255 1355 0
1355 1255 1356 0
1255 1256 1356 0
1356 1256 1357 0
1256 1257 1357 0
1357 1257 1358 0
1257 1258 1358 0
1358 1258 1359 0
1258 1259 1359 0
1359 1259 1360 0
1259 1260 1360 0
1360 1260 1361 0
1260 1261 1361 0
1361 1261 1362 0
1261 1262 1362 0
1362 1262 1363 0
1262 1263 1363 0
1363 1263 1364 0
1263 1264 1364 0
1364 1264 1365 0
1264 1265 1365 0
1365 1265 1366 0
1265 1266 1366 0
1366 1266 1367 0
1266 1267 1367 0
1367 1267 1368 0
1267 1268 1368 0
1368 1268 1369 0
1268 1269 1369 0
1369 1269 1370 0
1269 1270 1370 0
1370 1270 1371 0
1270 1271 1371 0
1371 1271 1372 0
1271 1272 1372 0
1372 1272 1373 0
1272 1273 1373 0
1373 1273 1374 0
1273 1274 1374 0
1374 1274 1375 0
1274 1275 1375 0
1375 1275 1376 0
1275 1276 1376 0
1376 1276 1377 0
1276 1277 1377 0
1377 1277 1378 0
1277 1278 1378 0
1378 1278 1379 0
1278 1279 1379 0
1379 1279 1380 0
1279 1280 1380 0
1380 1280 1381 0
1280 1281 1381 0
1381 1281 1382 0
1281 1282 1382 0
1382 1282 1383 0
1282 1283 1383 0
1383 1283 1384 0
1283 1284 1384 0
1384 1284 1385 0
1284 1285 1385 0
1385 1285 1386 0
1285 1286 1386 0
1386 1286 1387 0
1286 1287 1387 0
1387 1287 1388 0
1287 1288 1388 0
1388 1288 1389 0
1288 1289 1389 0
1389 1289 1390 0
1289 1290 1390 0
1390 1290 1391 0
1290 1291 1391 0
1391 1291 1392 0
1291 1292 1392 0
1392 1292 1393 0
1292 1293 1393 0
1393 1293 1394 0
1293 1294 1394 0
1394 1294 1395 0
1294 1295 1395 0
1395 1295 1396 0
1295 1296 1396 0
1396 1296 1397 0
1296 1297 1397 0
1397 1297 1398 0
1297 1298 1398 0
1398 1298 1399 0
1298 1299 1399 0
1399 1299 1400 0
1299 1300 1400 0
1400 1300 1401 0
1300 1301 1401 0
1401 1301 1402 0
1301 1302 1402 0
1402 1302 1403 0
1302 1303 1403 0
1403 1303 1404 0
1303 1304 1404 0
1404 1304 1405 0
1304 1305 1405 0
1405 1305 1406 0
1305 1306 1406 0
1406 1306 1407 0
1306 1307 1407 0
1407 1307 1408 0
1307 1308 1408 0
1408 1308 1409 0
1308 1309 1409 0
1409 1309 1410 0
1309 1310 1410 0
1410 1310 1411 0
1310 1311 1411 0
1411 1311 1412 0
1311 1312 1412 0
1412 1312 1413 0
1312 1313 1413 0
1413 1313 1414 0
1314 1315 1415 0
1415 1315 1416 0
1315 1316 1416 0
1416 1316 1417 0
1316 1317 1417 0
1417 1317 1418 0
1317 1318 1418 0
1418 1318 1419 0
1318 1319 1419 0
1419 1319 1420 0
1319 1320 1420 0
1420 1320 1421 0
1320 1321 1421 0
1421 1321 1422 0
1321 1322 1422 0
1422 1322 1423 0
1322 1323 1423 0
1423 1323 1424 0
1323 1324 1424 0
1424 1324 1425 0
1324 1325 1425 0
1425 1325 1426 0
1325 1326 1426 0
1426 1326 1427 0
1326 1327 1427 0
1427 1327 1428 0
1327 1328 1428 0
1428 1328 1429 0
1328 1329 1429 0
1429 1329 1430 0
1329 1330 1430 0
1430 1330 1431 0
1330 1331 1431 0
1431 1331 1432 0
1331 1332 1432 0
1432 1332 1433 0
1332 1333 1433 0
1433 1333 1434 0
1333 1334 1434 0
1434 1334 1435 0
1334 1335 1435 0
1435 1335 1436 0
1335 1336 1436 0
1436 1336 1437 0
1336 1337 1437 0
1437 1337 1438 0
1337 1338 1438 0
1438 1338 1439 0
1338 1339 1439 0
1439 1339 1440 0
1339 1340 1440 0
1440 1340 1441 0
1340 1341 1441 0
1441 1341 1442 0
1341 1342 1442 0
1442 1342 1443 0
1342 1343 1443 0
1443 1343 1444 0
1343 1344 1444 0
1444 1344 1445 0
1344 1345 1445 0
1445 1345 1446 0
1345 1346 1446 0
1446 1346 1447 0
1346 1347 1447 0
1447 1347 1448 0
1347 1348 1448 0
1448 1348 1449 0
1348 1349 1449 0
1449 1349 1450 0
1349 1350 1450 0
1450 1350 1451 0
1350 1351 1451 0
1451 1351 1452 0
1351 1352 1452 0
1452 1352 1453 0
1352 1353 1453 0
1453 1353 1454 0
1353 1354 1454 0
1454 1354 1455 0
1354 1355 1455 0
1455 1355 1456 0
1355 1356 1456 0
1456 1356 1457 0
1356 1357 1457 0
1457 1357 1458 0
1357 1358 1458 0
1458 1358 1459 0
1358 1359 1459 0
1459 1359 1460 0
1359 1360 1460 0
1460 1360 1461 0
1360 1361 1461 0
1461 1361 1462 0
1361 1362 1462 0
1462 1362 1463 0
1362 1363 1463 0
1463 1363 1464 0
1363 1364 1464 0
1464 1364 1465 0
1364 1365 1465 0
1465 1365 1466 0
1365 1366 1466 0
1466 1366 1467 0
1366 1367 1467 0
1467 1367 1468 0
1367 1368 1468 0
1468 1368 1469 0
1368 1369 1469 0
1469 1369 1470 0
1369 1370 1470 0
1470 1370 1471 0
1370 1371 1471 0
1471 1371 1472 0
1371 1372 1472 0
1472 1372 1473 0
1372 1373 1473 0
1473 1373 1474 0
1373 1374 1474 0
1474 1374 1475 0
1374 1375 1475 0
1475 1375 1476 0
1375 1376 1476 0
1476 1376 1477 0
1376 1377 1477 0
1477 1377 1478 0
1377 1378 1478 0
1478 1378 1479 0
1378 1379 1479 0
1479 1379 1480 0
1379 1380 1480 0
1480 1380 1481 0
1380 1381 1481 0
1481 1381 1482 0
1381 1382 1482 0
1482 1382 1483 0
1382 1383 1483 0
1483 1383 1484 0
1383 1384 1484 0
1484 1384 1485 0
1384 1385 1485 0
1485 1385 1486 0
1385 1386 1486 0
1486 1386 1487 0
1386 1387 1487 0
1487 1387 1488 0
1387 1388 1488 0
1488 1388 1489 0
1388 1389 1489 0
1489 1389 1490 0
1389 1390 1490 0
1490 1390 1491 0
1390 1391 1491 0
1491 1391 1492 0
1391 1392 1492 0
1492 1392 1493 0
1392 1393 1493 0
1493 1393 1494 0
1393 1394 1494 0
1494 1394 1495 0
1394 1395 1495 0
1495 1395 1496 0
1395 1396 1496 0
1496 1396 1497 0
1396 1397 1497 0
1497 1397 1498 0
1397 1398 1498 0
1498 1398 1499 0
1398 1399 1499 0
1499 1399 1500 0
1399 1400 1500 0
1500 1400 1501 0
1400 1401 1501 0
1501 1401 1502 0
1401 1402 1502 0
1502 1402 1503 0
1402 1403 1503 0
1503 1403 1504 0
1403 1404 1504 0
1504 1404 1505 0
1404 1405 1505 0
1505 1405 1506 0
1405 1406 1506 0
1506 1406 1507 0
1406 1407 1507 0
1507 1407 1508 0
1407 1408 1508 0
1508 1408 1509 0
1408 1409 1509 0
1509 1409 1510 0
1409 1410 1510 0
1510 1410 1511 0
1410 1411 1511 0
1511 1411 1512 0
1411 1412 1512 0
1512 1412 1513 0
1412 1413 1513 0
1513 1413 1514 0
1413 1414 1514 0
1514 1414 1515 0
1415 1416 1516 0
1516 1416 1517 0
1416 1417 1517 0
1517 1417 1518 0
1417 1418 1518 0
1518 1418 1519 0
1418 1419 1519 0
1519 1419 1520 0
1419 1420 1520 0
1520 1420 1521 0
1420 1421 1521 0
1521 1421 1522 0
1421 1422 1522 0
1522 1422 1523 0
1422 1423 1523 0
1523 1423 1524 0
1423 1424 1524 0
1524 1424 1525 0
1424 1425 1525 0
1525 1425 1526 0
1425 1426 1526 0
1526 1426 1527 0
1426 1427 1527 0
1527 1427 1528 0
1427 1428 1528 0
1528 1428 1529 0
1428 1429 1529 0
1529 1429 1530 0
1429 1430 1530 0
1530 1430 1531 0
1430 1431 1531 0
1531 1431 1532 0
1431 1432 1532 0
1532 1432 1533 0
1432 1433 1533 0
1533 1433 1534 0
1433 1434 1534 0
1534 1434 1535 0
1434 1435 1535 0
1535 1435 1536 0
1435 1436 1536 0
1536 1436 1537 0
1436 1437 1537 0
1537 1437 1538 0
1437 1438 1538 0
1538 1438 1539 0
1438 1439 1539 0
1539 1439 1540 0
1439 1440 1540 0
1540 1440 1541 0
1440 1441 1541 0
1541 1441 1542 0
1441 1442 1542 0
1542 1442 1543 0
1442 1443 1543 0
1543 1443 1544 0
1443 1444 1544 0
1544 1444 1545 0
1444 1445 1545 0
1545 1445 1546 0
1445 1446 1546 0
1546 1446 1547 0
1446 1447 1547 0
1547 1447 1548 0
1447 1448 1548 0
1548 1448 1549 0
1448 1449 1549 0
1549 1449 1550 0
1449 1450 1550 0
1550 1450 1551 0
1450 1451 1551 0
1551 1451 1552 0
1451 1452 1552 0
1552 1452 1553 0
1452 1453 1553 0
1553 1453 1554 0
1453 1454 1554 0
1554 1454 1555 0
1454 1455 1555 0
1555 1455 1556 0
1455 1456 1556 0
1556 1456 1557 0
1456 1457 1557 0
1557 1457 1558 0
1457 1458 1558 0
1558 1458 1559 0
1458 1459 1559 0
1559 1459 1560 0
1459 1460 1560 0
1560 1460 1561 0
1460 1461 1561 0
1561 1461 1562 0
1461 1462 1562 0
1562 1462 1563 0
1462 1463 1563 0
1563 1463 1564 0
1463 1464 1564 0
1564 1464 1565 0
1464 1465 1565 0
1565 1465 1566 0
1465 1466 1566 0
1566 1466 1567 0
1466 1467 1567 0
1567 1467 1568 0
1467 1468 1568 0
1568 1468 1569 0
1468 1469 1569 0
1569 1469 1570 0
1469 1470 1570 0
1570 1470 1571 0
1470 1471 1571 0
1571 1471 1572 0
1471 1472 1572 0
1572 1472 1573 0
1472 1473 1573 0
1573 1473 1574 0
1473 1474 1574 0
1574 1474 1575 0
1474 1475 1575 0
1575 1475 1576 0
1475 1476 1576 0
1576 1476 1577 0
1476 1477 1577 0
1577 1477 1578 0
1477 1478 1578 0
1578 1478 1579 0
1478 1479 1579 0
1579 1479 1580 0
1479 1480 1580 0
1580 1480 1581 0
1480 1481 1581 0
1581 1481 1582 0
1481 1482 1582 0
1582 1482 1583 0
1482 1483 1583 0
1583 1483 1584 0
1483 1484 1584 0
1584 1484 1585 0
1484 1485 1585 0
1585 1485 1586 0
1485 1486 1586 0
1586 1486 1587 0
1486 1487 1587 0
1587 1487 1588 0
1487 1488 1588 0
1588 1488 1589 0
1488 1489 1589 0
1589 1489 1590 0
1489 1490 1590 0
1590 1490 1591 0
1490 1491 1591 0
1591 1491 1592 0
1491 1492 1592 0
1592 1492 1593 0
1492 1493 1593 0
1593 1493 1594 0
1493 1494 1594 0
1594 1494 1595 0
1494 1495 1595 0
1595 1495 1596 0
1495 1496 1596 0
1596 1496 1597 0
1496 1497 1597 0
1597 1497 1598 0
1497 1498 1598 0
1598 1498 1599 0
1498 1499 1599 0
1599 1499 1600 0
1499 1500 1600 0
1600 1500 1601 0
1500 1501 1601 0
1601 1501 1602 0
1501 1502 1602 0
1602 1502 1603 0
1502 1503 1603 0
1603 1503 1604 0
1503 1504 1604 0
1604 1504 1605 0
1504 1505 1605 0
1605 1505 1606 0
1505 1506 1606 0
1606 1506 1607 0
1506 1507 1607 0
1607 1507 1608 0
1507 1508 1608 0
1608 1508 1609 0
1508 1509 1609 0
1609 1509 1610 0
1509 1510 1610 0
1610 1510 1611 0
1510 1511 1611 0
1611 1511 1612 0
1511 1512 1612 0
1612 1512 1613 0
1512 1513 1613 0
1613 1513 1614 0
1513 1514 1614 0
1614 1514 1615 0
1514 1515 1615 0
1615 1515 1616 0
1516 1517 1617 0
1617 1517 1618 0
1517 1518 1618 0
1618 1518 1619 0
1518 1519 1619 0
1619 1519 1620 0
1519 1520 1620 0
1620 1520 1621 0
1520 1521 1621 0
1621 1521 1622 0
1521 1522 1622 0
1622 1522 1623 0
1522 1523 1623 0
1623 1523 1624 0
1523 1524 1624 0
1624 1524 1625 0
1524 1525 1625 0
1625 1525 1626 0
1525 1526 1626 0
1626 1526 1627 0
1526 1527 1627 0
1627 1527 1628 0
1527 1528 1628 0
1628 1528 1629 0
1528 1529 1629 0
1629 1529 1630 0
1529 1530 1630 0
1630 1530 1631 0
1530 1531 1631 0
1631 1531 1632 0
1531 1532 1632 0
1632 1532 1633 0
1532 1533 1633 0
1633 1533 1634 0
1533 1534 1634 0
1634 1534 1635 0
1534 1535 1635 0
1635 1535 1636 0
1535 1536 1636 0
1636 1536 1637 0
1536 1537 1637 0
1637 1537 1638 0
1537 1538 1638 0
1638 1538 1639 0
1538 1539 1639 0
1639 1539 1640 0
1539 1540 1640 0
1640 1540 1641 0
1540 1541 1641 0
1641 1541 1642 0
1541 1542 1642 0
1642 1542 1643 0
1542 1543 1643 0
1643 1543 1644 0
1543 1544 1644 0
1644 1544 1645 0
1544 1545 1645 0
1645 1545 1646 0
1545 1546 1646 0
1646 1546 1647 0
1546 1547 1647 0
1647 1547 1648 0
1547 1548 1648 0
1648 1548 1649 0
1548 1549 1649 0
1649 1549 1650 0
1549 1550 1650 0
1650 1550 1651 0
1550 1551 1651 0
1651 1551 1652 0
1551 1552 1652 0
1652 1552 1653 0
1552 1553 1653 0
1653 1553 1654 0
1553 1554 1654 0
1654 1554 1655 0
1554 1555 1655 0
1655 1555 1656 0
1555 1556 1656 0
1656 1556 1657 0
1556 1557 1657 0
1657 1557 1658 0
1557 1558 1658 0
1658 1558 1659 0
1558 1559 1659 0
1659 1559 1660 0
1559 1560 1660 0
1660 1560 1661 0
1560 1561 1661 0
1661 1561 1662 0
1561 1562 1662 0
1662 1562 1663 0
1562 1563 1663 0
1663 1563 1664 0
1563 1564 1664 0
1664 1564 1665 0
1564 1565 1665 0
1665 1565 1666 0
1565 1566 1666 0
1666 1566 1667 0
1566 1567 1667 0
1667 1567 1668 0
1567 1568 1668 0
1668 1568 1669 0
1568 1569 1669 0
1669 1569 1670 0
1569 1570 1670 0
1670 1570 1671 0
1570 1571 1671 0
1671 1571 1672 0
1571 1572 1672 0
1672 1572 1673 0
1572 1573 1673 0
1673 1573 1674 0
1573 1574 1674 0
1674 1574 1675 0
1574 1575 1675 0
1675 1575 1676 0
1575 1576 1676 0
1676 1576 1677 0
1576 1577 1677 0
1677 1577 1678 0
1577 1578 1678 0
1678 1578 1679 0
1578 1579 1679 0
1679 1579 1680 0
1579 1580 1680 0
1680 1580 1681 0
1580 1581 1681 0
1681 1581 1682 0
1581 1582 1682 0
1682 1582 1683 0
1582 1583 1683 0
1683 1583 1684 0
1583 1584 1684 0
1684 1584 1685 0
1584 1585 1685 0
1685 1585 1686 0
1585 1586 1686 0
1686 1586 1687 0
1586 1587 1687 0
1687 1587 1688 0
1587 1588 1688 0
1688 1588 1689 0
1588 1589 1689 0
1689 1589 1690 0
1589 1590 1690 0
1690 1590 1691 0
1590 1591 1691 0
1691 1591 1692 0
1591 1592 1692 0
1692 1592 1693 0
1592 1593 1693 0
1693 1593 1694 0
1593 1594 1694 0
1694 1594 1695 0
1594 1595 1695 0
1695 1595 1696 0
1595 1596 1696 0
1696 1596 1697 0
1596 1597 1697 0
1697 1597 1698 0
1597 1598 1698 0
1698 1598 1699 0
1598 1599 1699 0
1699 1599 1700 0
1599 1600 1700 0
1700 1600 1701 0
1600 1601 1701 0
1701 1601 1702 0
1601 1602 1702 0
1702 1602 1703 0
1602 1603 1703 0
1703 1603 1704 0
1603 1604 1704 0
1704 1604 1705 0
1604 1605 1705 0
1705 1605 1706 0
1605 1606 1706 0
1706 1606 1707 0
1606 1607 1707 0
1707 1607 1708 0
1607 1608 1708 0
1708 1608 1709 0
1608 1609 1709 0
1709 1609 1710 0
1609 1610 1710 0
1710 1610 1711 0
1610 1611 1711 0
1711 1611 1712 0
1611 1612 1712 0
1712 1612 1713 0
1612 1613 1713 0
1713 1613 1714 0
1613 1614 1714 0
1714 1614 1715 0
1614 1615 1715 0
1715 1615 1716 0
1615 1616 1716 0
1716 1616 1717 0
1617 1618 1718 0
1718 1618 1719 0
1618 1619 1719 0
1719 1619 1720 0
1619 1620 1720 0
1720 1620 1721 0
1620 1621 1721 0
1721 1621 1722 0
1621 1622 1722 0
1722 1622 1723 0
1622 1623 1723 0
1723 1623 1724 0
1623 1624 1724 0
1724 1624 1725 0
1624 1625 1725 0
1725 1625 1726 0
1625 1626 1726 0
1726 1626 1727 0
1626 1627 1727 0
1727 1627 1728 0
1627 1628 1728 0
1728 1628 1729 0
1628 1629 1729 0
1729 1629 1730 0
1629 1630 1730 0
1730 1630 1731 0
1630 1631 1731 0
1731 1631 1732 0
1631 1632 1732 0
1732 1632 1733 0
1632 1633 1733 0
1733 1633 1734 0
1633 1634 1734 0
1734 1634 1735 0
1634 1635 1735 0
1735 1635 1736 0
1635 1636 1736 0
1736 1636 1737 0
1636 1637 1737 0
1737 1637 1738 0
1637 1638 1738 0
1738 1638 1739 0
1638 1639 1739 0
1739 1639 1740 0
1639 1640 1740 0
1740 1640 1741 0
1640 1641 1741 0
1741 1641 1742 0
1641 1642 1742 0
1742 1642 1743 0
1642 1643 1743 0
1743 1643 1744 0
1643 1644 1744 0
1744 1644 1745 0
1644 1645 1745 0
1745 1645 1746 0
1645 1646 1746 0
1746 1646 1747 0
1646 1647 1747 0
1747 1647 1748 0
1647 1648 1748 0
1748 1648 1749 0
1648 1649 1749 0
1749 1649 1750 0
1649 1650 1750 0
1750 1650 1751 0
1650 1651 1751 0
1751 1651 1752 0
1651 1652 1752 0
1752 1652 1753 0
1652 1653 1753 0
1753 1653 1754 0
1653 1654 1754 0
1754 1654 1755 0
1654 1655 1755 0
1755 1655 1756 0
1655 1656 1756 0
1756 1656 1757 0
1656 1657 1757 0
1757 1657 1758 0
1657 1658 1758 0
1758 1658 1759 0
1658 1659 1759 0
1759 1659 1760 0
1659 1660 1760 0
1760 1660 1761 0
1660 1661 1761 0
1761 1661 1762 0
1661 1662 1762 0
1762 1662 1763 0
1662 1663 1763 0
1763 1663 1764 0
1663 1664 1764 0
1764 1664 1765 0
1664 1665 1765 0
1765 1665 1766 0
1665 1666 1766 0
1766 1666 1767 0
1666 1667 1767 0
1767 1667 1768 0
1667 1668 1768 0
1768 1668 1769 0
1668 1669 1769 0
1769 1669 1770 0
1669 1670 1770 0
1770 1670 1771 0
1670 1671 1771 0
1771 1671 1772 0
1671 1672 1772 0
1772 1672 1773 0
1672 1673 1773 0
1773 1673 1774 0
1673 1674 1774 0
1774 1674 1775 0
1674 1675 1775 0
1775 1675 1776 0
1675 1676 1776 0
1776 1676 1777 0
1676 1677 1777 0
1777 1677 1778 0
1677 1678 1778 0
1778 1678 1779 0
1678 1679 1779 0
1779 1679 1780 0
1679 1680 1780 0
1780 1680 1781 0
1680 1681 1781 0
1781 1681 1782 0
1681 1682 1782 0
1782 1682 1783 0
1682 1683 1783 0
1783 1683 1784 0
1683 1684 1784 0
1784 1684 1785 0
1684 1685 1785 0
1785 1685 1786 0
1685 1686 1786 0
1786 1686 1787 0
1686 1687 1787 0
1787 1687 1788 0
1687 1688 1788 0
1788 1688 1789 0
1688 1689 1789 0
1789 1689 1790 0
1689 1690 1790 0
1790 1690 1791 0
1690 1691 1791 0
1791 1691 1792 0
1691 1692 1792 0
1792 1692 1793 0
1692 1693 1793 0
1793 1693 1794 0
1693 1694 1794 0
1794 1694 1795 0
1694 1695 1795 0
1795 1695 1796 0
1695 1696 1796 0
1796 1696 1797 0
1696 1697 1797 0
1797 1697 1798 0
1697 1698 1798 0
1798 1698 1799 0
1698 1699 1799 0
1799 1699 1800 0
1699 1700 1800 0
1800 1700 1801 0
1700 1701 1801 0
1801 1701 1802 0
1701 1702 1802 0
1802 1702 1803 0
1702 1703 1803 0
1803 1703 1804 0
1703 1704 1804 0
1804 1704 1805 0
1704 1705 1805 0
1805 1705 1806 0
1705 1706 1806 0
1806 1706 1807 0
1706 1707 1807 0
1807 1707 1808 0
1707 1708 1808 0
1808 1708 1809 0
1708 1709 1809 0
1809 1709 1810 0
1709 1710 1810 0
1810 1710 1811 0
1710 1711 1811 0
1811 1711 1812 0
1711 1712 1812 0
1812 1712 1813 0
1712 1713 1813 0
1813 1713 1814 0
1713 1714 1814 0
1814 1714 1815 0
1714 1715 1815 0
1815 1715 1816 0
1715 1716 1816 0
1816 1716 1817 0
1716 1717 1817 0
1817 1717 1818 0
1718 1719 1819 0
1819 1719 1820 0
1719 1720 1820 0
1820 1720 1821 0
1720 1721 1821 0
1821 1721 1822 0
1721 1722 1822 0
1822 1722 1823 0
1722 1723 1823 0
1823 1723 1824 0
1723 1724 1824 0
1824 1724 1825 0
1724 1725 1825 0
1825 1725 1826 0
1725 1726 1826 0
1826 1726 1827 0
1726 1727 1827 0
1827 1727 1828 0
1727 1728 1828 0
1828 1728 1829 0
1728 1729 1829 0
1829 1729 1830 0
1729 1730 1830 0
1830 1730 1831 0
1730 1731 1831 0
1831 1731 1832 0
1731 1732 1832 0
1832 1732 1833 0
1732 1733 1833 0
1833 1733 1834 0
1733 1734 1834 0
1834 1734 1835 0
1734 1735 1835 0
1835 1735 1836 0
1735 1736 1836 0
1836 1736 1837 0
1736 1737 1837 0
1837 1737 1838 0
1737 1738 1838 0
1838 1738 1839 0
1738 1739 1839 0
1839 1739 1840 0
1739 1740 1840 0
1840 1740 1841 0
1740 1741 1841 0
1841 1741 1842 0
1741 1742 1842 0
1842 1742 1843 0
1742 1743 1843 0
1843 1743 1844 0
1743 1744 1844 0
1844 1744 1845 0
1744 1745 1845 0
1845 1745 1846 0
1745 1746 1846 0
1846 1746 1847 0
1746 1747 1847 0
1847 1747 1848 0
1747 1748 1848 0
1848 1748 1849 0
1748 1749 1849 0
1849 1749 1850 0
1749 1750 1850 0
1850 1750 1851 0
1750 1751 1851 0
1851 1751 1852 0
1751 1752 1852 0
1852 1752 1853 0
1752 1753 1853 0
1853 1753 1854 0
1753 1754 1854 0
1854 1754 1855 0
1754 1755 1855 0
1855 1755 1856 0
1755 1756 1856 0
1856 1756 1857 0
1756 1757 1857 0
1857 1757 1858 0
1757 1758 1858 0
1858 1758 1859 0
1758 1759 1859 0
1859 1759 1860 0
1759 1760 1860 0
1860 1760 1861 0
1760 1761 1861 0
1861 1761 1862 0
1761 1762 1862 0
1862 1762 1863 0
1762 1763 1863 0
1863 1763 1864 0
1763 1764 1864 0
1864 1764 1865 0
1764 1765 1865 0
1865 1765 1866 0
1765 1766 1866 0
1866 1766 1867 0
1766 1767 1867 0
1867 1767 1868 0
1767 1768 1868 0
1868 1768 1869 0
1768 1769 1869 0
1869 1769 1870 0
1769 1770 1870 0
1870 1770 1871 0
1770 1771 1871 0
1871 1771 1872 0
1771 1772 1872 0
1872 1772 1873 0
1772 1773 1873 0
1873 1773 1874 0
1773 1774 1874 0
1874 1774 1875 0
1774 1775 1875 0
1875 1775 1876 0
1775 1776 1876 0
1876 1776 1877 0
1776 1777 1877 0
1877 1777 1878 0
1777 1778 1878 0
1878 1778 1879 0
1778 1779 1879 0
1879 1779 1880 0
1779 1780 1880 0
1880 1780 1881 0
1780 1781 1881 0
1881 1781 1882 0
1781 1782 1882 0
1882 1782 1883 0
1782 1783 1883 0
1883 1783 1884 0
1783 1784 1884 0
1884 1784 1885 0
1784 1785 1885 0
1885 1785 1886 0
1785 1786 1886 0
1886 1786 1887 0
1786 1787 1887 0
1887 1787 1888 0
1787 1788 1888 0
1888 1788 1889 0
1788 1789 1889 0
1889 1789 1890 0
1789 1790 1890 0
1890 1790 1891 0
1790 1791 1891 0
1891 1791 1892 0
1791 1792 1892 0
1892 1792 1893 0
1792 1793 1893 0
1893 1793 1894 0
1793 1794 1894 0
1894 1794 1895 0
1794 1795 1895 0
1895 1795 1896 0
1795 1796 1896 0
1896 1796 1897 0
1796 1797 1897 0
1897 1797 1898 0
1797 1798 1898 0
1898 1798 1899 0
1798 1799 1899 0
1899 1799 1900 0
1799 1800 1900 0
1900 1800 1901 0
1800 1801 1901 0
1901 1801 1902 0
1801 1802 1902 0
1902 1802 1903 0
1802 1803 1903 0
1903 1803 1904 0
1803 1804 1904 0
1904 1804 1905 0
1804 1805 1905 0
1905 1805 1906 0
1805 1806 1906 0
1906 1806 1907 0
1806 1807 1907 0
1907 1807 1908 0
1807 1808 1908 0
1908 1808 1909 0
1808 1809 1909 0
1909 1809 1910 0
1809 1810 1910 0
1910 1810 1911 0
1810 1811 1911 0
1911 1811 1912 0
1811 1812 1912 0
1912 1812 1913 0
1812 1813 1913 0
1913 1813 1914 0
1813 1814 1914 0
1914 1814 1915 0
1814 1815 1915 0
1915 1815 1916 0
1815 1816 1916 0
1916 1816 1917 0
1816 1817 1917 0
1917 1817 1918 0
1817 1818 1918 0
1918 1818 1919 0
1819 1820 1920 0
1920 1820 1921 0
1820 1821 1921 0
1921 1821 1922 0
1821 1822 1922 0
1922 1822 1923 0
1822 1823 1923 0
1923 1823 1924 0
1823 1824 1924 0
1924 1824 1925 0
1824 1825 1925 0
1925 1825 1926 0
1825 1826 1926 0
1926 1826 1927 0
1826 1827 1927 0
1927 1827 1928 0
1827 1828 1928 0
1928 1828 1929 0
1828 1829 1929 0
1929 1829 1930 0
1829 1830 1930 0
1930 1830 1931 0
1830 1831 1931 0
1931 1831 1932 0
1831 1832 1932 0
1932 1832 1933 0
1832 1833 1933 0
1933 1833 1934 0
1833 1834 1934 0
1934 1834 1935 0
1834 1835 1935 0
1935 1835 1936 0
1835 1836 1936 0
1936 1836 1937 0
1836 1837 1937 0
1937 1837 1938 0
1837 1838 1938 0
1938 1838 1939 0
1838 1839 1939 0
1939 1839 1940 0
1839 1840 1940 0
1940 1840 1941 0
1840 1841 1941 0
1941 1841 1942 0
1841 1842 1942 0
1942 1842 1943 0
1842 1843 1943 0
1943 1843 1944 0
1843 1844 1944 0
1944 1844 1945 0
1844 1845 1945 0
1945 1845 1946 0
1845 1846 1946 0
1946 1846 1947 0
1846 1847 1947 0
1947 1847 1948 0
1847 1848 1948 0
1948 1848 1949 0
1848 1849 1949 0
1949 1849 1950 0
1849 1850 1950 0
1950 1850 1951 0
1850 1851 1951 0
1951 1851 1952 0
1851 1852 1952 0
1952 1852 1953 0
1852 1853 1953 0
1953 1853 1954 0
1853 1854 1954 0
1954 1854 1955 0
1854 1855 1955 0
1955 1855 1956 0
1855 1856 1956 0
1956 1856 1957 0
1856 1857 1957 0
1957 1857 1958 0
1857 1858 1958 0
1958 1858 1959 0
1858 1859 1959 0
1959 1859 1960 0
1859 1860 1960 0
1960 1860 1961 0
1860 1861 1961 0
1961 1861 1962 0
1861 1862 1962 0
1962 1862 1963 0
1862 1863 1963 0
1963 1863 1964 0
1863 1864 1964 0
1964 1864 1965 0
1864 1865 1965 0
1965 1865 1966 0
1865 1866 1966 0
1966 1866 1967 0
1866 1867 1967 0
1967 1867 1968 0
1867 1868 1968 0
1968 1868 1969 0
1868 1869 1969 0
1969 1869 1970 0
1869 1870 1970 0
1970 1870 1971 0
1870 1871 1971 0
1971 1871 1972 0
1871 1872 1972 0
1972 1872 1973 0
1872 1873 1973 0
1973 1873 1974 0
1873 1874 1974 0
1974 1874 1975 0
1874 1875 1975 0
1975 1875 1976 0
1875 1876 1976 0
1976 1876 1977 0
1876 1877 1977 0
1977 1877 1978 0
1877 1878 1978 0
1978 1878 1979 0
1878 1879 1979 0
1979 1879 1980 0
1879 1880 1980 0
1980 1880 1981 0
1880 1881 1981 0
1981 1881 1982 0
1881 1882 1982 0
1982 1882 1983 0
1882 1883 1983 0
1983 1883 1984 0
1883 1884 1984 0
1984 1884 1985 0
1884 1885 1985 0
1985 1885 1986 0
1885 1886 1986 0
1986 1886 1987 0
1886 1887 1987 0
1987 1887 1988 0
1887 1888 1988 0
1988 1888 1989 0
1888 1889 1989 0
1989 1889 1990 0
1889 1890 1990 0
1990 1890 1991 0
1890 1891 1991 0
1991 1891 1992 0
1891 1892 1992 0
1992 1892 1993 0
1892 1893 1993 0
1993 1893 1994 0
1893 1894 1994 0
1994 1894 1995 0
1894 1895 1995 0
1995 1895 1996 0
1895 1896 1996 0
1996 1896 1997 0
1896 1897 1997 0
1997 1897 1998 0
1897 1898 1998 0
1998 1898 1999 0
1898 1899 1999 0
1999 1899 2000 0
1899 1900 2000 0
2000 1900 2001 0
1900 1901 2001 0
2001 1901 2002 0
1901 1902 2002 0
2002 1902 2003 0
1902 1903 2003 0
2003 1903 2004 0
1903 1904 2004 0
2004 1904 2005 0
1904 1905 2005 0
2005 1905 2006 0
1905 1906 2006 0
2006 1906 2007 0
1906 1907 2007 0
2007 1907 2008 0
1907 1908 2008 0
2008 1908 2009 0
1908 1909 2009 0
2009 1909 2010 0
1909 1910 2010 0
2010 1910 2011 0
1910 1911 2011 0
2011 1911 2012 0
1911 1912 2012 0
2012 1912 2013 0
1912 1913 2013 0
2013 1913 2014 0
1913 1914 2014 0
2014 1914 2015 0
1914 1915 2015 0
2015 1915 2016 0
1915 1916 2016 0
2016 1916 2017 0
1916 1917 2017 0
2017 1917 2018 0
1917 1918 2018 0
2018 1918 2019 0
1918 1919 2019 0
2019 1919 2020 0
1920 1921 2021 0
2021 1921 2022 0
1921 1922 2022 0
2022 1922 2023 0
1922 1923 2023 0
2023 1923 2024 0
1923 1924 2024 0
2024 1924 2025 0
1924 1925 2025 0
2025 1925 2026 0
1925 1926 2026 0
2026 1926 2027 0
1926 1927 2027 0
2027 1927 2028 0
1927 1928 2028 0
2028 1928 2029 0
1928 1929 2029 0
2029 1929 2030 0
1929 1930 2030 0
2030 1930 2031 0
1930 1931 2031 0
2031 1931 2032 0
1931 1932 2032 0
2032 1932 2033 0
1932 1933 2033 0
2033 1933 2034 0
1933 1934 2034 0
2034 1934 2035 0
1934 1935 2035 0
2035 1935 2036 0
1935 1936 2036 0
2036 1936 2037 0
1936 1937 2037 0
2037 1937 2038 0
1937 1938 2038 0
2038 1938 2039 0
1938 1939 2039 0
2039 1939 2040 0
1939 1940 2040 0
2040 1940 2041 0
1940 1941 2041 0
2041 1941 2042 0
1941 1942 2042 0
2042 1942 2043 0
1942 1943 2043 0
2043 1943 2044 0
1943 1944 2044 0
2044 1944 2045 0
1944 1945 2045 0
2045 1945 2046 0
1945 1946 2046 0
2046 1946 2047 0
1946 1947 2047 0
2047 1947 2048 0
1947 1948 2048 0
2048 1948 2049 0
1948 1949 2049 0
2049 1949 2050 0
1949 1950 2050 0
2050 1950 2051 0
1950 1951 2051 0
2051 1951 2052 0
1951 1952 2052 0
2052 1952 2053 0
1952 1953 2053 0
2053 1953 2054 0
1953 1954 2054 0
2054 1954 2055 0
1954 1955 2055 0
2055 1955 2056 0
1955 1956 2056 0
2056 1956 2057 0
1956 1957 2057 0
2057 1957 2058 0
1957 1958 2058 0
2058 1958 2059 0
1958 1959 2059 0
2059 1959 2060 0
1959 1960 2060 0
2060 1960 2061 0
1960 1961 2061 0
2061 1961 2062 0
1961 1962 2062 0
2062 1962 2063 0
1962 1963 2063 0
2063 1963 2064 0
1963 1964 2064 0
2064 1964 2065 0
1964 1965 2065 0
2065 1965 2066 0
1965 1966 2066 0
2066 1966 2067 0
1966 1967 2067 0
2067 1967 2068 0
1967 1968 2068 0
2068 1968 2069 0
1968 1969 2069 0
2069 1969 2070 0
1969 1970 2070 0
2070 1970 2071 0
1970 1971 2071 0
2071 1971 2072 0
1971 1972 2072 0
2072 1972 2073 0
1972 1973 2073 0
2073 1973 2074 0
1973 1974 2074 0
2074 1974 2075 0
1974 1975 2075 0
2075 1975 2076 0
1975 1976 2076 0
2076 1976 2077 0
1976 1977 2077 0
2077 1977 2078 0
1977 1978 2078 0
2078 1978 2079 0
1978 1979 2079 0
2079 1979 2080 0
1979 1980 2080 0
2080 1980 2081 0
1980 1981 2081 0
2081 1981 2082 0
1981 1982 2082 0
2082 1982 2083 0
1982 1983 2083 0
2083 1983 2084 0
1983 1984 2084 0
2084 1984 2085 0
1984 1985 2085 0
2085 1985 2086 0
1985 1986 2086 0
2086 1986 2087 0
1986 1987 2087 0
2087 1987 2088 0
1987 1988 2088 0
2088 1988 2089 0
1988 1989 2089 0
2089 1989 2090 0
1989 1990 2090 0
2090 1990 2091 0
1990 1991 2091 0
2091 1991 2092 0
1991 1992 2092 0
2092 1992 2093 0
1992 1993 2093 0
2093 1993 2094 0
1993 1994 2094 0
2094 1994 2095 0
1994 1995 2095 0
2095 1995 2096 0
1995 1996 2096 0
2096 1996 2097 0
1996 1997 2097 0
2097 1997 2098 0
1997 1998 2098 0
2098 1998 2099 0
1998 1999 2099 0
2099 1999 2100 0
1999 2000 2100 0
2100 2000 2101 0
2000 2001 2101 0
2101 2001 2102 0
2001 2002 2102 0
2102 2002 2103 0
2002 2003 2103 0
2103 2003 2104 0
2003 2004 2104 0
2104 2004 2105 0
2004 2005 2105 0
2105 2005 2106 0
2005 2006 2106 0
2106 2006 2107 0
2006 2007 2107 0
2107 2007 2108 0
2007 2008 2108 0
2108 2008 2109 0
2008 2009 2109 0
2109 2009 2110 0
2009 2010 2110 0
2110 2010 2111 0
2010 2011 2111 0
2111 2011 2112 0
2011 2012 2112 0
2112 2012 2113 0
2012 2013 2113 0
2113 2013 2114 0
2013 2014 2114 0
2114 2014 2115 0
2014 2015 2115 0
2115 2015 2116 0
2015 2016 2116 0
2116 2016 2117 0
2016 2017 2117 0
2117 2017 2118 0
2017 2018 2118 0
2118 2018 2119 0
2018 2019 2119 0
2119 2019 2120 0
2019 2020 2120 0
2120 2020 2121 0
2021 2022 2122 0
2122 2022 2123 0
2022 2023 2123 0
2123 2023 2124 0
2023 2024 2124 0
2124 2024 2125 0
2024 2025 2125 0
2125 2025 2126 0
2025 2026 2126 0
2126 2026 2127 0
2026 2027 2127 0
2127 2027 2128 0
2027 2028 2128 0
2128 2028 2129 0
2028 2029 2129 0
2129 2029 2130 0
2029 2030 2130 0
2130 2030 2131 0
2030 2031 2131 0
2131 2031 2132 0
2031 2032 2132 0
2132 2032 2133 0
2032 2033 2133 0
2133 2033 2134 0
2033 2034 2134 0
2134 2034 2135 0
2034 2035 2135 0
2135 2035 2136 0
2035 2036 2136 0
2136 2036 2137 0
2036 2037 2137 0
2137 2037 2138 0
2037 2038 2138 0
2138 2038 2139 0
2038 2039 2139 0
2139 2039 2140 0
2039 2040 2140 0
2140 2040 2141 0
2040 2041 2141 0
2141 2041 2142 0
2041 2042 2142 0
2142 2042 2143 0
2042 2043 2143 0
2143 2043 2144 0
2043 2044 2144 0
2144 2044 2145 0
2044 2045 2145 0
2145 2045 2146 0
2045 2046 2146 0
2146 2046 2147 0
2046 2047 2147 0
2147 2047 2148 0
2047 2048 2148 0
2148 2048 2149 0
2048 2049 2149 0
2149 2049 2150 0
2049 2050 2150 0
2150 2050 2151 0
2050 2051 2151 0
2151 2051 2152 0
2051 2052 2152 0
2152 2052 2153 0
2052 2053 2153 0
2153 2053 2154 0
2053 2054 2154 0
2154 2054 2155 0
2054 2055 2155 0
2155 2055 2156 0
2055 2056 2156 0
2156 2056 2157 0
2056 2057 2157 0
2157 2057 2158 0
2057 2058 2158 0
2158 2058 2159 0
2058 2059 2159 0
2159 2059 2160 0
2059 2060 2160 0
2160 2060 2161 0
2060 2061 2161 0
2161 2061 2162 0
2061 2062 2162 0
2162 2062 2163 0
2062 2063 2163 0
2163 2063 2164 0
2063 2064 2164 0
2164 2064 2165 0
2064 2065 2165 0
2165 2065 2166 0
2065 2066 2166 0
2166 2066 2167 0
2066 2067 2167 0
2167 2067 2168 0
2067 2068 2168 0
2168 2068 2169 0
2068 2069 2169 0
2169 2069 2170 0
2069 2070 2170 0
2170 2070 2171 0
2070 2071 2171 0
2171 2071 2172 0
2071 2072 2172 0
2172 2072 2173 0
2072 2073 2173 0
2173 2073 2174 0
2073 2074 2174 0
2174 2074 2175 0
2074 2075 2175 0
2175 2075 2176 0
2075 2076 2176 0
2176 2076 2177 0
2076 2077 2177 0
2177 2077 2178 0
2077 2078 2178 0
2178 2078 2179 0
2078 2079 2179 0
2179 2079 2180 0
2079 2080 2180 0
2180 2080 2181 0
2080 2081 2181 0
2181 2081 2182 0
2081 2082 2182 0
2182 2082 2183 0
2082 2083 2183 0
2183 2083 2184 0
2083 2084 2184 0
2184 2084 2185 0
2084 2085 2185 0
2185 2085 2186 0
2085 2086 2186 0
2186 2086 2187 0
2086 2087 2187 0
2187 2087 2188 0
2087 2088 2188 0
2188 2088 2189 0
2088 2089 2189 0
2189 2089 2190 0
2089 2090 2190 0
2190 2090 2191 0
2090 2091 2191 0
2191 2091 2192 0
2091 2092 2192 0
2192 2092 2193 0
2092 2093 2193 0
2193 2093 2194 0
2093 2094 2194 0
2194 2094 2195 0
2094 2095 2195 0
2195 2095 2196 0
2095 2096 2196 0
2196 2096 2197 0
2096 2097 2197 0
2197 2097 2198 0
2097 2098 2198 0
2198 2098 2199 0
2098 2099 2199 0
2199 2099 2200 0
2099 2100 2200 0
2200 2100 2201 0
2100 2101 2201 0
2201 2101 2202 0
2101 2102 2202 0
2202 2102 2203 0
2102 2103 2203 0
2203 2103 2204 0
2103 2104 2204 0
2204 2104 2205 0
2104 2105 2205 0
2205 2105 2206 0
2105 2106 2206 0
2206 2106 2207 0
2106 2107 2207 0
2207 2107 2208 0
2107 2108 2208 0
2208 2108 2209 0
2108 2109 2209 0
2209 2109 2210 0
2109 2110 2210 0
2210 2110 2211 0
2110 2111 2211 0
2211 2111 2212 0
2111 2112 2212 0
2212 2112 2213 0
2112 2113 2213 0
2213 2113 2214 0
2113 2114 2214 0
2214 2114 2215 0
2114 2115 2215 0
2215 2115 2216 0
2115 2116 2216 0
2216 2116 2217 0
2116 2117 2217 0
2217 2117 2218 0
2117 2118 2218 0
2218 2118 2219 0
2118 2119 2219 0
2219 2119 2220 0
2119 2120 2220 0
2220 2120 2221 0
2120 2121 2221 0
2221 2121 2222 0
2122 2123 2223 0
2223 2123 2224 0
2123 2124 2224 0
2224 2124 2225 0
2124 2125 2225 0
2225 2125 2226 0
2125 2126 2226 0
2226 2126 2227 0
2126 2127 2227 0
2227 2127 2228 0
2127 2128 2228 0
2228 2128 2229 0
2128 2129 2229 0
2229 2129 2230 0
2129 2130 2230 0
2230 2130 2231 0
2130 2131 2231 0
2231 2131 2232 0
2131 2132 2232 0
2232 2132 2233 0
2132 2133 2233 0
2233 2133 2234 0
2133 2134 2234 0
2234 2134 2235 0
2134 2135 2235 0
2235 2135 2236 0
2135 2136 2236 0
2236 2136 2237 0
2136 2137 2237 0
2237 2137 2238 0
2137 2138 2238 0
2238 2138 2239 0
2138 2139 2239 0
2239 2139 2240 0
2139 2140 2240 0
2240 2140 2241 0
2140 2141 2241 0
2241 2141 2242 0
2141 2142 2242 0
2242 2142 2243 0
2142 2143 2243 0
2243 2143 2244 0
2143 2144 2244 0
2244 2144 2245 0
2144 2145 2245 0
2245 2145 2246 0
2145 2146 2246 0
2246 2146 2247 0
2146 2147 2247 0
2247 2147 2248 0
2147 2148 2248 0
2248 2148 2249 0
2148 2149 2249 0
2249 2149 2250 0
2149 2150 2250 0
2250 2150 2251 0
2150 2151 2251 0
2251 2151 2252 0
2151 2152 2252 0
2252 2152 2253 0
2152 2153 2253 0
2253 2153 2254 0
2153 2154 2254 0
2254 2154 2255 0
2154 2155 2255 0
2255 2155 2256 0
2155 2156 2256 0
2256 2156 2257 0
2156 2157 2257 0
2257 2157 2258 0
2157 2158 2258 0
2258 2158 2259 0
2158 2159 2259 0
2259 2159 2260 0
2159 2160 2260 0
2260 2160 2261 0
2160 2161 2261 0
2261 2161 2262 0
2161 2162 2262 0
2262 2162 2263 0
2162 2163 2263 0
2263 2163 2264 0
2163 2164 2264 0
2264 2164 2265 0
2164 2165 2265 0
2265 2165 2266 0
2165 2166 2266 0
2266 2166 2267 0
2166 2167 2267 0
2267 2167 2268 0
2167 2168 2268 0
2268 2168 2269 0
2168 2169 2269 0
2269 2169 2270 0
2169 2170 2270 0
2270 2170 2271 0
2170 2171 2271 0
2271 2171 2272 0
2171 2172 2272 0
2272 2172 2273 0
2172 2173 2273 0
2273 2173 2274 0
2173 2174 2274 0
2274 2174 2275 0
2174 2175 2275 0
2275 2175 2276 0
2175 2176 2276 0
2276 2176 2277 0
2176 2177 2277 0
2277 2177 2278 0
2177 2178 2278 0
2278 2178 2279 0
2178 2179 2279 0
2279 2179 2280 0
2179 2180 2280 0
2280 2180 2281 0
2180 2181 2281 0
2281 2181 2282 0
2181 2182 2282 0
2282 2182 2283 0
2182 2183 2283 0
2283 2183 2284 0
2183 2184 2284 0
2284 2184 2285 0
2184 2185 2285 0
2285 2185 2286 0
2185 2186 2286 0
2286 2186 2287 0
2186 2187 2287 0
2287 2187 2288 0
2187 2188 2288 0
2288 2188 2289 0
2188 2189 2289 0
2289 2189 2290 0
2189 2190 2290 0
2290 2190 2291 0
2190 2191 2291 0
2291 2191 2292 0
2191 2192 2292 0
2292 2192 2293 0
2192 2193 2293 0
2293 2193 2294 0
2193 2194 2294 0
2294 2194 2295 0
2194 2195 2295 0
2295 2195 2296 0
2195 2196 2296 0
2296 2196 2297 0
2196 2197 2297 0
2297 2197 2298 0
2197 2198 2298 0
2298 2198 2299 0
2198 2199 2299 0
2299 2199 2300 0
2199 2200 2300 0
2300 2200 2301 0
2200 2201 2301 0
2301 2201 2302 0
2201 2202 2302 0
2302 2202 2303 0
2202 2203 2303 0
2303 2203 2304 0
2203 2204 2304 0
2304 2204 2305 0
2204 2205 2305 0
2305 2205 2306 0
2205 2206 2306 0
2306 2206 2307 0
2206 2207 2307 0
2307 2207 2308 0
2207 2208 2308 0
2308 2208 2309 0
2208 2209 2309 0
2309 2209 2310 0
2209 2210 2310 0
2310 2210 2311 0
2210 2211 2311 0
2311 2211 2312 0
2211 2212 2312 0
2312 2212 2313 0
2212 2213 2313 0
2313 2213 2314 0
2213 2214 2314 0
2314 2214 2315 0
2214 2215 2315 0
2315 2215 2316 0
2215 2216 2316 0
2316 2216 2317 0
2216 2217 2317 0
2317 2217 2318 0
2217 2218 2318 0
2318 2218 2319 0
2218 2219 2319 0
2319 2219 2320 0
2219 2220 2320 0
2320 2220 2321 0
2220 2221 2321 0
2321 2221 2322 0
2221 2222 2322 0
2322 2222 2323 0
2223 2224 2324 0
2324 2224 2325 0
2224 2225 2325 0
2325 2225 2326 0
2225 2226 2326 0
2326 2226 2327 0
2226 2227 2327 0
2327 2227 2328 0
2227 2228 2328 0
2328 2228 2329 0
2228 2229 2329 0
2329 2229 2330 0
2229 2230 2330 0
2330 2230 2331 0
2230 2231 2331 0
2331 2231 2332 0
2231 2232 2332 0
2332 2232 2333 0
2232 2233 2333 0
2333 2233 2334 0
2233 2234 2334 0
2334 2234 2335 0
2234 2235 2335 0
2335 2235 2336 0
2235 2236 2336 0
2336 2236 2337 0
2236 2237 2337 0
2337 2237 2338 0
2237 2238 2338 0
2338 2238 2339 0
2238 2239 2339 0
2339 2239 2340 0
2239 2240 2340 0
2340 2240 2341 0
2240 2241 2341 0
2341 2241 2342 0
2241 2242 2342 0
2342 2242 2343 0
2242 2243 2343 0
2343 2243 2344 0
2243 2244 2344 0
2344 2244 2345 0
2244 2245 2345 0
2345 2245 2346 0
2245 2246 2346 0
2346 2246 2347 0
2246 2247 2347 0
2347 2247 2348 0
2247 2248 2348 0
2348 2248 2349 0
2248 2249 2349 0
2349 2249 2350 0
2249 2250 2350 0
2350 2250 2351 0
2250 2251 2351 0
2351 2251 2352 0
2251 2252 2352 0
2352 2252 2353 0
2252 2253 2353 0
2353 2253 2354 0
2253 2254 2354 0
2354 2254 2355 0
2254 2255 2355 0
2355 2255 2356 0
2255 2256 2356 0
2356 2256 2357 0
2256 2257 2357 0
2357 2257 2358 0
2257 2258 2358 0
2358 2258 2359 0
2258 2259 2359 0
2359 2259 2360 0
2259 2260 2360 0
2360 2260 2361 0
2260 2261 2361 0
2361 2261 2362 0
2261 2262 2362 0
2362 2262 2363 0
2262 2263 2363 0
2363 2263 2364 0
2263 2264 2364 0
2364 2264 2365 0
2264 2265 2365 0
2365 2265 2366 0
2265 2266 2366 0
2366 2266 2367 0
2266 2267 2367 0
2367 2267 2368 0
2267 2268 2368 0
2368 2268 2369 0
2268 2269 2369 0
2369 2269 2370 0
2269 2270 2370 0
2370 2270 2371 0
2270 2271 2371 0
2371 2271 2372 0
2271 2272 2372 0
2372 2272 2373 0
2272 2273 2373 0
2373 2273 2374 0
2273 2274 2374 0
2374 2274 2375 0
2274 2275 2375 0
2375 2275 2376 0
2275 2276 2376 0
2376 2276 2377 0
2276 2277 2377 0
2377 2277 2378 0
2277 2278 2378 0
2378 2278 2379 0
2278 2279 2379 0
2379 2279 2380 0
2279 2280 2380 0
2380 2280 2381 0
2280 2281 2381 0
2381 2281 2382 0
2281 2282 2382 0
2382 2282 2383 0
2282 2283 2383 0
2383 2283 2384 0
2283 2284 2384 0
2384 2284 2385 0
2284 2285 2385 0
2385 2285 2386 0
2285 2286 2386 0
2386 2286 2387 0
2286 2287 2387 0
2387 2287 2388 0
2287 2288 2388 0
2388 2288 2389 0
2288 2289 2389 0
2389 2289 2390 0
2289 2290 2390 0
2390 2290 2391 0
2290 2291 2391 0
2391 2291 2392 0
2291 2292 2392 0
2392 2292 2393 0
2292 2293 2393 0
2393 2293 2394 0
2293 2294 2394 0
2394 2294 2395 0
2294 2295 2395 0
2395 2295 2396 0
2295 2296 2396 0
2396 2296 2397 0
2296 2297 2397 0
2397 2297 2398 0
2297 2298 2398 0
2398 2298 2399 0
2298 2299 2399 0
2399 2299 2400 0
2299 2300 2400 0
2400 2300 2401 0
2300 2301 2401 0
2401 2301 2402 0
2301 2302 2402 0
2402 2302 2403 0
2302 2303 2403 0
2403 2303 2404 0
2303 2304 2404 0
2404 2304 2405 0
2304 2305 2405 0
2405 2305 2406 0
2305 2306 2406 0
2406 2306 2407 0
2306 2307 2407 0
2407 2307 2408 0
2307 2308 2408 0
2408 2308 2409 0
2308 2309 2409 0
2409 2309 2410 0
2309 2310 2410 0
2410 2310 2411 0
2310 2311 2411 0
2411 2311 2412 0
2311 2312 2412 0
2412 2312 2413 0
2312 2313 2413 0
2413 2313 2414 0
2313 2314 2414 0
2414 2314 2415 0
2314 2315 2415 0
2415 2315 2416 0
2315 2316 2416 0
2416 2316 2417 0
2316 2317 2417 0
2417 2317 2418 0
2317 2318 2418 0
2418 2318 2419 0
2318 2319 2419 0
2419 2319 2420 0
2319 2320 2420 0
2420 2320 2421 0
2320 2321 2421 0
2421 2321 2422 0
2321 2322 2422 0
2422 2322 2423 0
2322 2323 2423 0
2423 2323 2424 0
2324 2325 2425 0
2425 2325 2426 0
2325 2326 2426 0
2426 2326 2427 0
2326 2327 2427 0
2427 2327 2428 0
2327 2328 2428 0
2428 2328 2429 0
2328 2329 2429 0
2429 2329 2430 0
2329 2330 2430 0
2430 2330 2431 0
2330 2331 2431 0
2431 2331 2432 0
2331 2332 2432 0
2432 2332 2433 0
2332 2333 2433 0
2433 2333 2434 0
2333 2334 2434 0
2434 2334 2435 0
2334 2335 2435 0
2435 2335 2436 0
2335 2336 2436 0
2436 2336 2437 0
2336 2337 2437 0
2437 2337 2438 0
2337 2338 2438 0
2438 2338 2439 0
2338 2339 2439 0
2439 2339 2440 0
2339 2340 2440 0
2440 2340 2441 0
2340 2341 2441 0
2441 2341 2442 0
2341 2342 2442 0
2442 2342 2443 0
2342 2343 2443 0
2443 2343 2444 0
2343 2344 2444 0
2444 2344 2445 0
2344 2345 2445 0
2445 2345 2446 0
2345 2346 2446 0
2446 2346 2447 0
2346 2347 2447 0
2447 2347 2448 0
2347 2348 2448 0
2448 2348 2449 0
2348 2349 2449 0
2449 2349 2450 0
2349 2350 2450 0
2450 2350 2451 0
2350 2351 2451 0
2451 2351 2452 0
2351 2352 2452 0
2452 2352 2453 0
2352 2353 2453 0
2453 2353 2454 0
2353 2354 2454 0
2454 2354 2455 0
2354 2355 2455 0
2455 2355 2456 0
2355 2356 2456 0
2456 2356 2457 0
2356 2357 2457 0
2457 2357 2458 0
2357 2358 2458 0
2458 2358 2459 0
2358 2359 2459 0
2459 2359 2460 0
2359 2360 2460 0
2460 2360 2461 0
2360 2361 2461 0
2461 2361 2462 0
2361 2362 2462 0
2462 2362 2463 0
2362 2363 2463 0
2463 2363 2464 0
2363 2364 2464 0
2464 2364 2465 0
2364 2365 2465 0
2465 2365 2466 0
2365 2366 2466 0
2466 2366 2467 0
2366 2367 2467 0
2467 2367 2468 0
2367 2368 2468 0
2468 2368 2469 0
2368 2369 2469 0
2469 2369 2470 0
2369 2370 2470 0
2470 2370 2471 0
2370 2371 2471 0
2471 2371 2472 0
2371 2372 2472 0
2472 2372 2473 0
2372 2373 2473 0
2473 2373 2474 0
2373 2374 2474 0
2474 2374 2475 0
2374 2375 2475 0
2475 2375 2476 0
2375 2376 2476 0
2476 2376 2477 0
2376 2377 2477 0
2477 2377 2478 0
2377 2378 2478 0
2478 2378 2479 0
2378 2379 2479 0
2479 2379 2480 0
2379 2380 2480 0
2480 2380 2481 0
2380 2381 2481 0
2481 2381 2482 0
2381 2382 2482 0
2482 2382 2483 0
2382 2383 2483 0
2483 2383 2484 0
2383 2384 2484 0
2484 2384 2485 0
2384 2385 2485 0
2485 2385 2486 0
2385 2386 2486 0
2486 2386 2487 0
2386 2387 2487 0
2487 2387 2488 0
2387 2388 2488 0
2488 2388 2489 0
2388 2389 2489 0
2489 2389 2490 0
2389 2390 2490 0
2490 2390 2491 0
2390 2391 2491 0
2491 2391 2492 0
2391 2392 2492 0
2492 2392 2493 0
2392 2393 2493 0
2493 2393 2494 0
2393 2394 2494 0
2494 2394 2495 0
2394 2395 2495 0
2495 2395 2496 0
2395 2396 2496 0
2496 2396 2497 0
2396 2397 2497 0
2497 2397 2498 0
2397 2398 2498 0
2498 2398 2499 0
2398 2399 2499 0
2499 2399 2500 0
2399 2400 2500 0
2500 2400 2501 0
2400 2401 2501 0
2501 2401 2502 0
2401 2402 2502 0
2502 2402 2503 0
2402 2403 2503 0
2503 2403 2504 0
2403 2404 2504 0
2504 2404 2505 0
2404 2405 2505 0
2505 2405 2506 0
2405 2406 2506 0
2506 2406 2507 0
2406 2407 2507 0
2507 2407 2508 0
2407 2408 2508 0
2508 2408 2509 0
2408 2409 2509 0
2509 2409 2510 0
2409 2410 2510 0
2510 2410 2511 0
2410 2411 2511 0
2511 2411 2512 0
2411 2412 2512 0
2512 2412 2513 0
2412 2413 2513 0
2513 2413 2514 0
2413 2414 2514 0
2514 2414 2515 0
2414 2415 2515 0
2515 2415 2516 0
2415 2416 2516 0
2516 2416 2517 0
2416 2417 2517 0
2517 2417 2518 0
2417 2418 2518 0
2518 2418 2519 0
2418 2419 2519 0
2519 2419 2520 0
2419 2420 2520 0
2520 2420 2521 0
2420 2421 2521 0
2521 2421 2522 0
2421 2422 2522 0
2522 2422 2523 0
2422 2423 2523 0
2523 2423 2524 0
2423 2424 2524 0
2524 2424 2525 0
2425 2426 2526 0
2526 2426 2527 0
2426 2427 2527 0
2527 2427 2528 0
2427 2428 2528 0
2528 2428 2529 0
2428 2429 2529 0
2529 2429 2530 0
2429 2430 2530 0
2530 2430 2531 0
2430 2431 2531 0
2531 2431 2532 0
2431 2432 2532 0
2532 2432 2533 0
2432 2433 2533 0
2533 2433 2534 0
2433 2434 2534 0
2534 2434 2535 0
2434 2435 2535 0
2535 2435 2536 0
2435 2436 2536 0
2536 2436 2537 0
2436 2437 2537 0
2537 2437 2538 0
2437 2438 2538 0
2538 2438 2539 0
2438 2439 2539 0
2539 2439 2540 0
2439 2440 2540 0
2540 2440 2541 0
2440 2441 2541 0
2541 2441 2542 0
2441 2442 2542 0
2542 2442 2543 0
2442 2443 2543 0
2543 2443 2544 0
2443 2444 2544 0
2544 2444 2545 0
2444 2445 2545 0
2545 2445 2546 0
2445 2446 2546 0
2546 2446 2547 0
2446 2447 2547 0
2547 2447 2548 0
2447 2448 2548 0
2548 2448 2549 0
2448 2449 2549 0
2549 2449 2550 0
2449 2450 2550 0
2550 2450 2551 0
2450 2451 2551 0
2551 2451 2552 0
2451 2452 2552 0
2552 2452 2553 0
2452 2453 2553 0
2553 2453 2554 0
2453 2454 2554 0
2554 2454 2555 0
2454 2455 2555 0
2555 2455 2556 0
2455 2456 2556 0
2556 2456 2557 0
2456 2457 2557 0
2557 2457 2558 0
2457 2458 2558 0
2558 2458 2559 0
2458 2459 2559 0
2559 2459 2560 0
2459 2460 2560 0
2560 2460 2561 0
2460 2461 2561 0
2561 2461 2562 0
2461 2462 2562 0
2562 2462 2563 0
2462 2463 2563 0
2563 2463 2564 0
2463 2464 2564 0
2564 2464 2565 0
2464 2465 2565 0
2565 2465 2566 0
2465 2466 2566 0
2566 2466 2567 0
2466 2467 2567 0
2567 2467 2568 0
2467 2468 2568 0
2568 2468 2569 0
2468 2469 2569 0
2569 2469 2570 0
2469 2470 2570 0
2570 2470 2571 0
2470 2471 2571 0
2571 2471 2572 0
2471 2472 2572 0
2572 2472 2573 0
2472 2473 2573 0
2573 2473 2574 0
2473 2474 2574 0
2574 2474 2575 0
2474 2475 2575 0
2575 2475 2576 0
2475 2476 2576 0
2576 2476 2577 0
2476 2477 2577 0
2577 2477 2578 0
2477 2478 2578 0
2578 2478 2579 0
2478 2479 2579 0
2579 2479 2580 0
2479 2480 2580 0
2580 2480 2581 0
2480 2481 2581 0
2581 2481 2582 0
2481 2482 2582 0
2582 2482 2583 0
2482 2483 2583 0
2583 2483 2584 0
2483 2484 2584 0
2584 2484 2585 0
2484 2485 2585 0
2585 2485 2586 0
2485 2486 2586 0
2586 2486 2587 0
2486 2487 2587 0
2587 2487 2588 0
2487 2488 2588 0
2588 2488 2589 0
2488 2489 2589 0
2589 2489 2590 0
2489 2490 2590 0
2590 2490 2591 0
2490 2491 2591 0
2591 2491 2592 0
2491 2492 2592 0
2592 2492 2593 0
2492 2493 2593 0
2593 2493 2594 0
2493 2494 2594 0
2594 2494 2595 0
2494 2495 2595 0
2595 2495 2596 0
2495 2496 2596 0
2596 2496 2597 0
2496 2497 2597 0
2597 2497 2598 0
2497 2498 2598 0
2598 2498 2599 0
2498 2499 2599 0
2599 2499 2600 0
2499 2500 2600 0
2600 2500 2601 0
2500 2501 2601 0
2601 2501 2602 0
2501 2502 2602 0
2602 2502 2603 0
2502 2503 2603 0
2603 2503 2604 0
2503 2504 2604 0
2604 2504 2605 0
2504 2505 2605 0
2605 2505 2606 0
2505 2506 2606 0
2606 2506 2607 0
2506 2507 2607 0
2607 2507 2608 0
2507 2508 2608 0
2608 2508 2609 0
2508 2509 2609 0
2609 2509 2610 0
2509 2510 2610 0
2610 2510 2611 0
2510 2511 2611 0
2611 2511 2612 0
2511 2512 2612 0
2612 2512 2613 0
2512 2513 2613 0
2613 2513 2614 0
2513 2514 2614 0
2614 2514 2615 0
2514 2515 2615 0
2615 2515 2616 0
2515 2516 2616 0
2616 2516 2617 0
2516 2517 2617 0
2617 2517 2618 0
2517 2518 2618 0
2618 2518 2619 0
2518 2519 2619 0
2619 2519 2620 0
2519 2520 2620 0
2620 2520 2621 0
2520 2521 2621 0
2621 2521 2622 0
2521 2522 2622 0
2622 2522 2623 0
2522 2523 2623 0
2623 2523 2624 0
2523 2524 2624 0
2624 2524 2625 0
2524 2525 2625 0
2625 2525 2626 0
2526 2527 2627 0
2627 2527 2628 0
2527 2528 2628 0
2628 2528 2629 0
2528 2529 2629 0
2629 2529 2630 0
2529 2530 2630 0
2630 2530 2631 0
2530 2531 2631 0
2631 2531 2632 0
2531 2532 2632 0
2632 2532 2633 0
2532 2533 2633 0
2633 2533 2634 0
2533 2534 2634 0
2634 2534 2635 0
2534 2535 2635 0
2635 2535 2636 0
2535 2536 2636 0
2636 2536 2637 0
2536 2537 2637 0
2637 2537 2638 0
2537 2538 2638 0
2638 2538 2639 0
2538 2539 2639 0
2639 2539 2640 0
2539 2540 2640 0
2640 2540 2641 0
2540 2541 2641 0
2641 2541 2642 0
2541 2542 2642 0
2642 2542 2643 0
2542 2543 2643 0
2643 2543 2644 0
2543 2544 2644 0
2644 2544 2645 0
2544 2545 2645 0
2645 2545 2646 0
2545 2546 2646 0
2646 2546 2647 0
2546 2547 2647 0
2647 2547 2648 0
2547 2548 2648 0
2648 2548 2649 0
2548 2549 2649 0
2649 2549 2650 0
2549 2550 2650 0
2650 2550 2651 0
2550 2551 2651 0
2651 2551 2652 0
2551 2552 2652 0
2652 2552 2653 0
2552 2553 2653 0
2653 2553 2654 0
2553 2554 2654 0
2654 2554 2655 0
2554 2555 2655 0
2655 2555 2656 0
2555 2556 2656 0
2656 2556 2657 0
2556 2557 2657 0
2657 2557 2658 0
2557 2558 2658 0
2658 2558 2659 0
2558 2559 2659 0
2659 2559 2660 0
2559 2560 2660 0
2660 2560 2661 0
2560 2561 2661 0
2661 2561 2662 0
2561 2562 2662 0
2662 2562 2663 0
2562 2563 2663 0
2663 2563 2664 0
2563 2564 2664 0
2664 2564 2665 0
2564 2565 2665 0
2665 2565 2666 0
2565 2566 2666 0
2666 2566 2667 0
2566 2567 2667 0
2667 2567 2668 0
2567 2568 2668 0
2668 2568 2669 0
2568 2569 2669 0
2669 2569 2670 0
2569 2570 2670 0
2670 2570 2671 0
2570 2571 2671 0
2671 2571 2672 0
2571 2572 2672 0
2672 2572 2673 0
2572 2573 2673 0
2673 2573 2674 0
2573 2574 2674 0
2674 2574 2675 0
2574 2575 2675 0
2675 2575 2676 0
2575 2576 2676 0
2676 2576 2677 0
2576 2577 2677 0
2677 2577 2678 0
2577 2578 2678 0
2678 2578 2679 0
2578 2579 2679 0
2679 2579 2680 0
2579 2580 2680 0
2680 2580 2681 0
2580 2581 2681 0
2681 2581 2682 0
2581 2582 2682 0
2682 2582 2683 0
2582 2583 2683 0
2683 2583 2684 0
2583 2584 2684 0
2684 2584 2685 0
2584 2585 2685 0
2685 2585 2686 0
2585 2586 2686 0
2686 2586 2687 0
2586 2587 2687 0
2687 2587 2688 0
2587 2588 2688 0
2688 2588 2689 0
2588 2589 2689 0
2689 2589 2690 0
2589 2590 2690 0
2690 2590 2691 0
2590 2591 2691 0
2691 2591 2692 0
2591 2592 2692 0
2692 2592 2693 0
2592 2593 2693 0
2693 2593 2694 0
2593 2594 2694 0
2694 2594 2695 0
2594 2595 2695 0
2695 2595 2696 0
2595 2596 2696 0
2696 2596 2697 0
2596 2597 2697 0
2697 2597 2698 0
2597 2598 2698 0
2698 2598 2699 0
2598 2599 2699 0
2699 2599 2700 0
2599 2600 2700 0
2700 2600 2701 0
2600 2601 2701 0
2701 2601 2702 0
2601 2602 2702 0
2702 2602 2703 0
2602 2603 2703 0
2703 2603 2704 0
2603 2604 2704 0
2704 2604 2705 0
2604 2605 2705 0
2705 2605 2706 0
2605 2606 2706 0
2706 2606 2707 0
2606 2607 2707 0
2707 2607 2708 0
2607 2608 2708 0
2708 2608 2709 0
2608 2609 2709 0
2709 2609 2710 0
2609 2610 2710 0
2710 2610 2711 0
2610 2611 2711 0
2711 2611 2712 0
2611 2612 2712 0
2712 2612 2713 0
2612 2613 2713 0
2713 2613 2714 0
2613 2614 2714 0
2714 2614 2715 0
2614 2615 2715 0
2715 2615 2716 0
2615 2616 2716 0
2716 2616 2717 0
2616 2617 2717 0
2717 2617 2718 0
2617 2618 2718 0
2718 2618 2719 0
2618 2619 2719 0
2719 2619 2720 0
2619 2620 2720 0
2720 2620 2721 0
2620 2621 2721 0
2721 2621 2722 0
2621 2622 2722 0
2722 2622 2723 0
2622 2623 2723 0
2723 2623 2724 0
2623 2624 2724 0
2724 2624 2725 0
2624 2625 2725 0
2725 2625 2726 0
2625 2626 2726 0
2726 2626 2727 0
2627 2628 2728 0
2728 2628 2729 0
2628 2629 2729 0
2729 2629 2730 0
2629 2630 2730 0
2730 2630 2731 0
2630 2631 2731 0
2731 2631 2732 0
2631 2632 2732 0
2732 2632 2733 0
2632 2633 2733 0
2733 2633 2734 0
2633 2634 2734 0
2734 2634 2735 0
2634 2635 2735 0
2735 2635 2736 0
2635 2636 2736 0
2736 2636 2737 0
2636 2637 2737 0
2737 2637 2738 0
2637 2638 2738 0
2738 2638 2739 0
2638 2639 2739 0
2739 2639 2740 0
2639 2640 2740 0
2740 2640 2741 0
2640 2641 2741 0
2741 2641 2742 0
2641 2642 2742 0
2742 2642 2743 0
2642 2643 2743 0
2743 2643 2744 0
2643 2644 2744 0
2744 2644 2745 0
2644 2645 2745 0
2745 2645 2746 0
2645 2646 2746 0
2746 2646 2747 0
2646 2647 2747 0
2747 2647 2748 0
2647 2648 2748 0
2748 2648 2749 0
2648 2649 2749 0
2749 2649 2750 0
2649 2650 2750 0
2750 2650 2751 0
2650 2651 2751 0
2751 2651 2752 0
2651 2652 2752 0
2752 2652 2753 0
2652 2653 2753 0
2753 2653 2754 0
2653 2654 2754 0
2754 2654 2755 0
2654 2655 2755 0
2755 2655 2756 0
2655 2656 2756 0
2756 2656 2757 0
2656 2657 2757 0
2757 2657 2758 0
2657 2658 2758 0
2758 2658 2759 0
2658 2659 2759 0
2759 2659 2760 0
2659 2660 2760 0
2760 2660 2761 0
2660 2661 2761 0
2761 2661 2762 0
2661 2662 2762 0
2762 2662 2763 0
2662 2663 2763 0
2763 2663 2764 0
2663 2664 2764 0
2764 2664 2765 0
2664 2665 2765 0
2765 2665 2766 0
2665 2666 2766 0
2766 2666 2767 0
2666 2667 2767 0
2767 2667 2768 0
2667 2668 2768 0
2768 2668 2769 0
2668 2669 2769 0
2769 2669 2770 0
2669 2670 2770 0
2770 2670 2771 0
2670 2671 2771 0
2771 2671 2772 0
2671 2672 2772 0
2772 2672 2773 0
2672 2673 2773 0
2773 2673 2774 0
2673 2674 2774 0
2774 2674 2775 0
2674 2675 2775 0
2775 2675 2776 0
2675 2676 2776 0
2776 2676 2777 0
2676 2677 2777 0
2777 2677 2778 0
2677 2678 2778 0
2778 2678 2779 0
2678 2679 2779 0
2779 2679 2780 0
2679 2680 2780 0
2780 2680 2781 0
2680 2681 2781 0
2781 2681 2782 0
2681 2682 2782 0
2782 2682 2783 0
2682 2683 2783 0
2783 2683 2784 0
2683 2684 2784 0
2784 2684 2785 0
2684 2685 2785 0
2785 2685 2786 0
2685 2686 2786 0
2786 2686 2787 0
2686 2687 2787 0
2787 2687 2788 0
2687 2688 2788 0
2788 2688 2789 0
2688 2689 2789 0
2789 2689 2790 0
2689 2690 2790 0
2790 2690 2791 0
2690 2691 2791 0
2791 2691 2792 0
2691 2692 2792 0
2792 2692 2793 0
2692 2693 2793 0
2793 2693 2794 0
2693 2694 2794 0
2794 2694 2795 0
2694 2695 2795 0
2795 2695 2796 0
2695 2696 2796 0
2796 2696 2797 0
2696 2697 2797 0
2797 2697 2798 0
2697 2698 2798 0
2798 2698 2799 0
2698 2699 2799 0
2799 2699 2800 0
2699 2700 2800 0
2800 2700 2801 0
2700 2701 2801 0
2801 2701 2802 0
2701 2702 2802 0
2802 2702 2803 0
2702 2703 2803 0
2803 2703 2804 0
2703 2704 2804 0
2804 2704 2805 0
2704 2705 2805 0
2805 2705 2806 0
2705 2706 2806 0
2806 2706 2807 0
2706 2707 2807 0
2807 2707 2808 0
2707 2708 2808 0
2808 2708 2809 0
2708 2709 2809 0
2809 2709 2810 0
2709 2710 2810 0
2810 2710 2811 0
2710 2711 2811 0
2811 2711 2812 0
2711 2712 2812 0
2812 2712 2813 0
2712 2713 2813 0
2813 2713 2814 0
2713 2714 2814 0
2814 2714 2815 0
2714 2715 2815 0
2815 2715 2816 0
2715 2716 2816 0
2816 2716 2817 0
2716 2717 2817 0
2817 2717 2818 0
2717 2718 2818 0
2818 2718 2819 0
2718 2719 2819 0
2819 2719 2820 0
2719 2720 2820 0
2820 2720 2821 0
2720 2721 2821 0
2821 2721 2822 0
2721 2722 2822 0
2822 2722 2823 0
2722 2723 2823 0
2823 2723 2824 0
2723 2724 2824 0
2824 2724 2825 0
2724 2725 2825 0
2825 2725 2826 0
2725 2726 2826 0
2826 2726 2827 0
2726 2727 2827 0
2827 2727 2828 0
2728 2729 2829 0
2829 2729 2830 0
2729 2730 2830 0
2830 2730 2831 0
2730 2731 2831 0
2831 2731 2832 0
2731 2732 2832 0
2832 2732 2833 0
2732 2733 2833 0
2833 2733 2834 0
2733 2734 2834 0
2834 2734 2835 0
2734 2735 2835 0
2835 2735 2836 0
2735 2736 2836 0
2836 2736 2837 0
2736 2737 2837 0
2837 2737 2838 0
2737 2738 2838 0
2838 2738 2839 0
2738 2739 2839 0
2839 2739 2840 0
2739 2740 2840 0
2840 2740 2841 0
2740 2741 2841 0
2841 2741 2842 0
2741 2742 2842 0
2842 2742 2843 0
2742 2743 2843 0
2843 2743 2844 0
2743 2744 2844 0
2844 2744 2845 0
2744 2745 2845 0
2845 2745 2846 0
2745 2746 2846 0
2846 2746 2847 0
2746 2747 2847 0
2847 2747 2848 0
2747 2748 2848 0
2848 2748 2849 0
2748 2749 2849 0
2849 2749 2850 0
2749 2750 2850 0
2850 2750 2851 0
2750 2751 2851 0
2851 2751 2852 0
2751 2752 2852 0
2852 2752 2853 0
2752 2753 2853 0
2853 2753 2854 0
2753 2754 2854 0
2854 2754 2855 0
2754 2755 2855 0
2855 2755 2856 0
2755 2756 2856 0
2856 2756 2857 0
2756 2757 2857 0
2857 2757 2858 0
2757 2758 2858 0
2858 2758 2859 0
2758 2759 2859 0
2859 2759 2860 0
2759 2760 2860 0
2860 2760 2861 0
2760 2761 2861 0
2861 2761 2862 0
2761 2762 2862 0
2862 2762 2863 0
2762 2763 2863 0
2863 2763 2864 0
2763 2764 2864 0
2864 2764 2865 0
2764 2765 2865 0
2865 2765 2866 0
2765 2766 2866 0
2866 2766 2867 0
2766 2767 2867 0
2867 2767 2868 0
2767 2768 2868 0
2868 2768 2869 0
2768 2769 2869 0
2869 2769 2870 0
2769 2770 2870 0
2870 2770 2871 0
2770 2771 2871 0
2871 2771 2872 0
2771 2772 2872 0
2872 2772 2873 0
2772 2773 2873 0
2873 2773 2874 0
2773 2774 2874 0
2874 2774 2875 0
2774 2775 2875 0
2875 2775 2876 0
2775 2776 2876 0
2876 2776 2877 0
2776 2777 2877 0
2877 2777 2878 0
2777 2778 2878 0
2878 2778 2879 0
2778 2779 2879 0
2879 2779 2880 0
2779 2780 2880 0
2880 2780 2881 0
2780 2781 2881 0
2881 2781 2882 0
2781 2782 2882 0
2882 2782 2883 0
2782 2783 2883 0
2883 2783 2884 0
2783 2784 2884 0
2884 2784 2885 0
2784 2785 2885 0
2885 2785 2886 0
2785 2786 2886 0
2886 2786 2887 0
2786 2787 2887 0
2887 2787 2888 0
2787 2788 2888 0
2888 2788 2889 0
2788 2789 2889 0
2889 2789 2890 0
2789 2790 2890 0
2890 2790 2891 0
2790 2791 2891 0
2891 2791 2892 0
2791 2792 2892 0
2892 2792 2893 0
2792 2793 2893 0
2893 2793 2894 0
2793 2794 2894 0
2894 2794 2895 0
2794 2795 2895 0
2895 2795 2896 0
2795 2796 2896 0
2896 2796 2897 0
2796 2797 2897 0
2897 2797 2898 0
2797 2798 2898 0
2898 2798 2899 0
2798 2799 2899 0
2899 2799 2900 0
2799 2800 2900 0
2900 2800 2901 0
2800 2801 2901 0
2901 2801 2902 0
2801 2802 2902 0
2902 2802 2903 0
2802 2803 2903 0
2903 2803 2904 0
2803 2804 2904 0
2904 2804 2905 0
2804 2805 2905 0
2905 2805 2906 0
2805 2806 2906 0
2906 2806 2907 0
2806 2807 2907 0
2907 2807 2908 0
2807 2808 2908 0
2908 2808 2909 0
2808 2809 2909 0
2909 2809 2910 0
2809 2810 2910 0
2910 2810 2911 0
2810 2811 2911 0
2911 2811 2912 0
2811 2812 2912 0
2912 2812 2913 0
2812 2813 2913 0
2913 2813 2914 0
2813 2814 2914 0
2914 2814 2915 0
2814 2815 2915 0
2915 2815 2916 0
2815 2816 2916 0
2916 2816 2917 0
2816 2817 2917 0
2917 2817 2918 0
2817 2818 2918 0
2918 2818 2919 0
2818 2819 2919 0
2919 2819 2920 0
2819 2820 2920 0
2920 2820 2921 0
2820 2821 2921 0
2921 2821 2922 0
2821 2822 2922 0
2922 2822 2923 0
2822 2823 2923 0
2923 2823 2924 0
2823 2824 2924 0
2924 2824 2925 0
2824 2825 2925 0
2925 2825 2926 0
2825 2826 2926 0
2926 2826 2927 0
2826 2827 2927 0
2927 2827 2928 0
2827 2828 2928 0
2928 2828 2929 0
2829 2830 2930 0
2930 2830 2931 0
2830 2831 2931 0
2931 2831 2932 0
2831 2832 2932 0
2932 2832 2933 0
2832 2833 2933 0
2933 2833 2934 0
2833 2834 2934 0
2934 2834 2935 0
2834 2835 2935 0
2935 2835 2936 0
2835 2836 2936 0
2936 2836 2937 0
2836 2837 2937 0
2937 2837 2938 0
2837 2838 2938 0
2938 2838 2939 0
2838 2839 2939 0
2939 2839 2940 0
2839 2840 2940 0
2940 2840 2941 0
2840 2841 2941 0
2941 2841 2942 0
2841 2842 2942 0
2942 2842 2943 0
2842 2843 2943 0
2943 2843 2944 0
2843 2844 2944 0
2944 2844 2945 0
2844 2845 2945 0
2945 2845 2946 0
2845 2846 2946 0
2946 2846 2947 0
2846 2847 2947 0
2947 2847 2948 0
2847 2848 2948 0
2948 2848 2949 0
2848 2849 2949 0
2949 2849 2950 0
2849 2850 2950 0
2950 2850 2951 0
2850 2851 2951 0
2951 2851 2952 0
2851 2852 2952 0
2952 2852 2953 0
2852 2853 2953 0
2953 2853 2954 0
2853 2854 2954 0
2954 2854 2955 0
2854 2855 2955 0
2955 2855 2956 0
2855 2856 2956 0
2956 2856 2957 0
2856 2857 2957 0
2957 2857 2958 0
2857 2858 2958 0
2958 2858 2959 0
2858 2859 2959 0
2959 2859 2960 0
2859 2860 2960 0
2960 2860 2961 0
2860 2861 2961 0
2961 2861 2962 0
2861 2862 2962 0
2962 2862 2963 0
2862 2863 2963 0
2963 2863 2964 0
2863 2864 2964 0
2964 2864 2965 0
2864 2865 2965 0
2965 2865 2966 0
2865 2866 2966 0
2966 2866 2967 0
2866 2867 2967 0
2967 2867 2968 0
2867 2868 2968 0
2968 2868 2969 0
2868 2869 2969 0
2969 2869 2970 0
2869 2870 2970 0
2970 2870 2971 0
2870 2871 2971 0
2971 2871 2972 0
2871 2872 2972 0
2972 2872 2973 0
2872 2873 2973 0
2973 2873 2974 0
2873 2874 2974 0
2974 2874 2975 0
2874 2875 2975 0
2975 2875 2976 0
2875 2876 2976 0
2976 2876 2977 0
2876 2877 2977 0
2977 2877 2978 0
2877 2878 2978 0
2978 2878 2979 0
2878 2879 2979 0
2979 2879 2980 0
2879 2880 2980 0
2980 2880 2981 0
2880 2881 2981 0
2981 2881 2982 0
2881 2882 2982 0
2982 2882 2983 0
2882 2883 2983 0
2983 2883 2984 0
2883 2884 2984 0
2984 2884 2985 0
2884 2885 2985 0
2985 2885 2986 0
2885 2886 2986 0
2986 2886 2987 0
2886 2887 2987 0
2987 2887 2988 0
2887 2888 2988 0
2988 2888 2989 0
2888 2889 2989 0
2989 2889 2990 0
2889 2890 2990 0
2990 2890 2991 0
2890 2891 2991 0
2991 2891 2992 0
2891 2892 2992 0
2992 2892 2993 0
2892 2893 2993 0
2993 2893 2994 0
2893 2894 2994 0
2994 2894 2995 0
2894 2895 2995 0
2995 2895 2996 0
2895 2896 2996 0
2996 2896 2997 0
2896 2897 2997 0
2997 2897 2998 0
2897 2898 2998 0
2998 2898 2999 0
2898 2899 2999 0
2999 2899 3000 0
2899 2900 3000 0
3000 2900 3001 0
2900 2901 3001 0
3001 2901 3002 0
2901 2902 3002 0
3002 2902 3003 0
2902 2903 3003 0
3003 2903 3004 0
2903 2904 3004 0
3004 2904 3005 0
2904 2905 3005 0
3005 2905 3006 0
2905 2906 3006 0
3006 2906 3007 0
2906 2907 3007 0
3007 2907 3008 0
2907 2908 3008 0
3008 2908 3009 0
2908 2909 3009 0
3009 2909 3010 0
2909 2910 3010 0
3010 2910 3011 0
2910 2911 3011 0
3011 2911 3012 0
2911 2912 3012 0
3012 2912 3013 0
2912 2913 3013 0
3013 2913 3014 0
2913 2914 3014 0
3014 2914 3015 0
2914 2915 3015 0
3015 2915 3016 0
2915 2916 3016 0
3016 2916 3017 0
2916 2917 3017 0
3017 2917 3018 0
2917 2918 3018 0
3018 2918 3019 0
2918 2919 3019 0
3019 2919 3020 0
2919 2920 3020 0
3020 2920 3021 0
2920 2921 3021 0
3021 2921 3022 0
2921 2922 3022 0
3022 2922 3023 0
2922 2923 3023 0
3023 2923 3024 0
2923 2924 3024 0
3024 2924 3025 0
2924 2925 3025 0
3025 2925 3026 0
2925 2926 3026 0
3026 2926 3027 0
2926 2927 3027 0
3027 2927 3028 0
2927 2928 3028 0
3028 2928 3029 0
2928 2929 3029 0
3029 2929 3030 0
2930 2931 3031 0
3031 2931 3032 0
2931 2932 3032 0
3032 2932 3033 0
2932 2933 3033 0
3033 2933 3034 0
2933 2934 3034 0
3034 2934 3035 0
2934 2935 3035 0
3035 2935 3036 0
2935 2936 3036 0
3036 2936 3037 0
2936 2937 3037 0
3037 2937 3038 0
2937 2938 3038 0
3038 2938 3039 0
2938 2939 3039 0
3039 2939 3040 0
2939 2940 3040 0
3040 2940 3041 0
2940 2941 3041 0
3041 2941 3042 0
2941 2942 3042 0
3042 2942 3043 0
2942 2943 3043 0
3043 2943 3044 0
2943 2944 3044 0
3044 2944 3045 0
2944 2945 3045 0
3045 2945 3046 0
2945 2946 3046 0
3046 2946 3047 0
2946 2947 3047 0
3047 2947 3048 0
2947 2948 3048 0
3048 2948 3049 0
2948 2949 3049 0
3049 2949 3050 0
2949 2950 3050 0
3050 2950 3051 0
2950 2951 3051 0
3051 2951 3052 0
2951 2952 3052 0
3052 2952 3053 0
2952 2953 3053 0
3053 2953 3054 0
2953 2954 3054 0
3054 2954 3055 0
2954 2955 3055 0
3055 2955 3056 0
2955 2956 3056 0
3056 2956 3057 0
2956 2957 3057 0
3057 2957 3058 0
2957 2958 3058 0
3058 2958 3059 0
2958 2959 3059 0
3059 2959 3060 0
2959 2960 3060 0
3060 2960 3061 0
2960 2961 3061 0
3061 2961 3062 0
2961 2962 3062 0
3062 2962 3063 0
2962 2963 3063 0
3063 2963 3064 0
2963 2964 3064 0
3064 2964 3065 0
2964 2965 3065 0
3065 2965 3066 0
2965 2966 3066 0
3066 2966 3067 0
2966 2967 3067 0
3067 2967 3068 0
2967 2968 3068 0
3068 2968 3069 0
2968 2969 3069 0
3069 2969 3070 0
2969 2970 3070 0
3070 2970 3071 0
2970 2971 3071 0
3071 2971 3072 0
2971 2972 3072 0
3072 2972 3073 0
2972 2973 3073 0
3073 2973 3074 0
2973 2974 3074 0
3074 2974 3075 0
2974 2975 3075 0
3075 2975 3076 0
2975 2976 3076 0
3076 2976 3077 0
2976 2977 3077 0
3077 2977 3078 0
2977 2978 3078 0
3078 2978 3079 0
2978 2979 3079 0
3079 2979 3080 0
2979 2980 3080 0
3080 2980 3081 0
2980 2981 3081 0
3081 2981 3082 0
2981 2982 3082 0
3082 2982 3083 0
2982 2983 3083 0
3083 2983 3084 0
2983 2984 3084 0
3084 2984 3085 0
2984 2985 3085 0
3085 2985 3086 0
2985 2986 3086 0
3086 2986 3087 0
2986 2987 3087 0
3087 2987 3088 0
2987 2988 3088 0
3088 2988 3089 0
2988 2989 3089 0
3089 2989 3090 0
2989 2990 3090 0
3090 2990 3091 0
2990 2991 3091 0
3091 2991 3092 0
2991 2992 3092 0
3092 2992 3093 0
2992 2993 3093 0
3093 2993 3094 0
2993 2994 3094 0
3094 2994 3095 0
2994 2995 3095 0
3095 2995 3096 0
2995 2996 3096 0
3096 2996 3097 0
2996 2997 3097 0
3097 2997 3098 0
2997 2998 3098 0
3098 2998 3099 0
2998 2999 3099 0
3099 2999 3100 0
2999 3000 3100 0
3100 3000 3101 0
3000 3001 3101 0
3101 3001 3102 0
3001 3002 3102 0
3102 3002 3103 0
3002 3003 3103 0
3103 3003 3104 0
3003 3004 3104 0
3104 3004 3105 0
3004 3005 3105 0
3105 3005 3106 0
3005 3006 3106 0
3106 3006 3107 0
3006 3007 3107 0
3107 3007 3108 0
3007 3008 3108 0
3108 3008 3109 0
3008 3009 3109 0
3109 3009 3110 0
3009 3010 3110 0
3110 3010 3111 0
3010 3011 3111 0
3111 3011 3112 0
3011 3012 3112 0
3112 3012 3113 0
3012 3013 3113 0
3113 3013 3114 0
3013 3014 3114 0
3114 3014 3115 0
3014 3015 3115 0
3115 3015 3116 0
3015 3016 3116 0
3116 3016 3117 0
3016 3017 3117 0
3117 3017 3118 0
3017 3018 3118 0
3118 3018 3119 0
3018 3019 3119 0
3119 3019 3120 0
3019 3020 3120 0
3120 3020 3121 0
3020 3021 3121 0
3121 3021 3122 0
3021 3022 3122 0
3122 3022 3123 0
3022 3023 3123 0
3123 3023 3124 0
3023 3024 3124 0
3124 3024 3125 0
3024 3025 3125 0
3125 3025 3126 0
3025 3026 3126 0
3126 3026 3127 0
3026 3027 3127 0
3127 3027 3128 0
3027 3028 3128 0
3128 3028 3129 0
3028 3029 3129 0
3129 3029 3130 0
3029 3030 3130 0
3130 3030 3131 0
3031 3032 3132 0
3132 3032 3133 0
3032 3033 3133 0
3133 3033 3134 0
3033 3034 3134 0
3134 3034 3135 0
3034 3035 3135 0
3135 3035 3136 0
3035 3036 3136 0
3136 3036 3137 0
3036 3037 3137 0
3137 3037 3138 0
3037 3038 3138 0
3138 3038 3139 0
3038 3039 3139 0
3139 3039 3140 0
3039 3040 3140 0
3140 3040 3141 0
3040 3041 3141 0
3141 3041 3142 0
3041 3042 3142 0
3142 3042 3143 0
3042 3043 3143 0
3143 3043 3144 0
3043 3044 3144 0
3144 3044 3145 0
3044 3045 3145 0
3145 3045 3146 0
3045 3046 3146 0
3146 3046 3147 0
3046 3047 3147 0
3147 3047 3148 0
3047 3048 3148 0
3148 3048 3149 0
3048 3049 3149 0
3149 3049 3150 0
3049 3050 3150 0
3150 3050 3151 0
3050 3051 3151 0
3151 3051 3152 0
3051 3052 3152 0
3152 3052 3153 0
3052 3053 3153 0
3153 3053 3154 0
3053 3054 3154 0
3154 3054 3155 0
3054 3055 3155 0
3155 3055 3156 0
3055 3056 3156 0
3156 3056 3157 0
3056 3057 3157 0
3157 3057 3158 0
3057 3058 3158 0
3158 3058 3159 0
3058 3059 3159 0
3159 3059 3160 0
3059 3060 3160 0
3160 3060 3161 0
3060 3061 3161 0
3161 3061 3162 0
3061 3062 3162 0
3162 3062 3163 0
3062 3063 3163 0
3163 3063 3164 0
3063 3064 3164 0
3164 3064 3165 0
3064 3065 3165 0
3165 3065 3166 0
3065 3066 3166 0
3166 3066 3167 0
3066 3067 3167 0
3167 3067 3168 0
3067 3068 3168 0
3168 3068 3169 0
3068 3069 3169 0
3169 3069 3170 0
3069 3070 3170 0
3170 3070 3171 0
3070 3071 3171 0
3171 3071 3172 0
3071 3072 3172 0
3172 3072 3173 0
3072 3073 3173 0
3173 3073 3174 0
3073 3074 3174 0
3174 3074 3175 0
3074 3075 3175 0
3175 3075 3176 0
3075 3076 3176 0
3176 3076 3177 0
3076 3077 3177 0
3177 3077 3178 0
3077 3078 3178 0
3178 3078 3179 0
3078 3079 3179 0
3179 3079 3180 0
3079 3080 3180 0
3180 3080 3181 0
3080 3081 3181 0
3181 3081 3182 0
3081 3082 3182 0
3182 3082 3183 0
3082 3083 3183 0
3183 3083 3184 0
3083 3084 3184 0
3184 3084 3185 0
3084 3085 3185 0
3185 3085 3186 0
3085 3086 3186 0
3186 3086 3187 0
3086 3087 3187 0
3187 3087 3188 0
3087 3088 3188 0
3188 3088 3189 0
3088 3089 3189 0
3189 3089 3190 0
3089 3090 3190 0
3190 3090 3191 0
3090 3091 3191 0
3191 3091 3192 0
3091 3092 3192 0
3192 3092 3193 0
3092 3093 3193 0
3193 3093 3194 0
3093 3094 3194 0
3194 3094 3195 0
3094 3095 3195 0
3195 3095 3196 0
3095 3096 3196 0
3196 3096 3197 0
3096 3097 3197 0
3197 3097 3198 0
3097 3098 3198 0
3198 3098 3199 0
3098 3099 3199 0
3199 3099 3200 0
3099 3100 3200 0
3200 3100 3201 0
3100 3101 3201 0
3201 3101 3202 0
3101 3102 3202 0
3202 3102 3203 0
3102 3103 3203 0
3203 3103 3204 0
3103 3104 3204 0
3204 3104 3205 0
3104 3105 3205 0
3205 3105 3206 0
3105 3106 3206 0
3206 3106 3207 0
3106 3107 3207 0
3207 3107 3208 0
3107 3108 3208 0
3208 3108 3209 0
3108 3109 3209 0
3209 3109 3210 0
3109 3110 3210 0
3210 3110 3211 0
3110 3111 3211 0
3211 3111 3212 0
3111 3112 3212 0
3212 3112 3213 0
3112 3113 3213 0
3213 3113 3214 0
3113 3114 3214 0
3214 3114 3215 0
3114 3115 3215 0
3215 3115 3216 0
3115 3116 3216 0
3216 3116 3217 0
3116 3117 3217 0
3217 3117 3218 0
3117 3118 3218 0
3218 3118 3219 0
3118 3119 3219 0
3219 3119 3220 0
3119 3120 3220 0
3220 3120 3221 0
3120 3121 3221 0
3221 3121 3222 0
3121 3122 3222 0
3222 3122 3223 0
3122 3123 3223 0
3223 3123 3224 0
3123 3124 3224 0
3224 3124 3225 0
3124 3125 3225 0
3225 3125 3226 0
3125 3126 3226 0
3226 3126 3227 0
3126 3127 3227 0
3227 3127 3228 0
3127 3128 3228 0
3228 3128 3229 0
3128 3129 3229 0
3229 3129 3230 0
3129 3130 3230 0
3230 3130 3231 0
3130 3131 3231 0
3231 3131 3232 0
3132 3133 3233 0
3233 3133 3234 0
3133 3134 3234 0
3234 3134 3235 0
3134 3135 3235 0
3235 3135 3236 0
3135 3136 3236 0
3236 3136 3237 0
3136 3137 3237 0
3237 3137 3238 0
3137 3138 3238 0
3238 3138 3239 0
3138 3139 3239 0
3239 3139 3240 0
3139 3140 3240 0
3240 3140 3241 0
3140 3141 3241 0
3241 3141 3242 0
3141 3142 3242 0
3242 3142 3243 0
3142 3143 3243 0
3243 3143 3244 0
3143 3144 3244 0
3244 3144 3245 0
3144 3145 3245 0
3245 3145 3246 0
3145 3146 3246 0
3246 3146 3247 0
3146 3147 3247 0
3247 3147 3248 0
3147 3148 3248 0
3248 3148 3249 0
3148 3149 3249 0
3249 3149 3250 0
3149 3150 3250 0
3250 3150 3251 0
3150 3151 3251 0
3251 3151 3252 0
3151 3152 3252 0
3252 3152 3253 0
3152 3153 3253 0
3253 3153 3254 0
3153 3154 3254 0
3254 3154 3255 0
3154 3155 3255 0
3255 3155 3256 0
3155 3156 3256 0
3256 3156 3257 0
3156 3157 3257 0
3257 3157 3258 0
3157 3158 3258 0
3258 3158 3259 0
3158 3159 3259 0
3259 3159 3260 0
3159 3160 3260 0
3260 3160 3261 0
3160 3161 3261 0
3261 3161 3262 0
3161 3162 3262 0
3262 3162 3263 0
3162 3163 3263 0
3263 3163 3264 0
3163 3164 3264 0
3264 3164 3265 0
3164 3165 3265 0
3265 3165 3266 0
3165 3166 3266 0
3266 3166 3267 0
3166 3167 3267 0
3267 3167 3268 0
3167 3168 3268 0
3268 3168 3269 0
3168 3169 3269 0
3269 3169 3270 0
3169 3170 3270 0
3270 3170 3271 0
3170 3171 3271 0
3271 3171 3272 0
3171 3172 3272 0
3272 3172 3273 0
3172 3173 3273 0
3273 3173 3274 0
3173 3174 3274 0
3274 3174 3275 0
3174 3175 3275 0
3275 3175 3276 0
3175 3176 3276 0
3276 3176 3277 0
3176 3177 3277 0
3277 3177 3278 0
3177 3178 3278 0
3278 3178 3279 0
3178 3179 3279 0
3279 3179 3280 0
3179 3180 3280 0
3280 3180 3281 0
3180 3181 3281 0
3281 3181 3282 0
3181 3182 3282 0
3282 3182 3283 0
3182 3183 3283 0
3283 3183 3284 0
3183 3184 3284 0
3284 3184 3285 0
3184 3185 3285 0
3285 3185 3286 0
3185 3186 3286 0
3286 3186 3287 0
3186 3187 3287 0
3287 3187 3288 0
3187 3188 3288 0
3288 3188 3289 0
3188 3189 3289 0
3289 3189 3290 0
3189 3190 3290 0
3290 3190 3291 0
3190 3191 3291 0
3291 3191 3292 0
3191 3192 3292 0
3292 3192 3293 0
3192 3193 3293 0
3293 3193 3294 0
3193 3194 3294 0
3294 3194 3295 0
3194 3195 3295 0
3295 3195 3296 0
3195 3196 3296 0
3296 3196 3297 0
3196 3197 3297 0
3297 3197 3298 0
3197 3198 3298 0
3298 3198 3299 0
3198 3199 3299 0
3299 3199 3300 0
3199 3200 3300 0
3300 3200 3301 0
3200 3201 3301 0
3301 3201 3302 0
3201 3202 3302 0
3302 3202 3303 0
3202 3203 3303 0
3303 3203 3304 0
3203 3204 3304 0
3304 3204 3305 0
3204 3205 3305 0
3305 3205 3306 0
3205 3206 3306 0
3306 3206 3307 0
3206 3207 3307 0
3307 3207 3308 0
3207 3208 3308 0
3308 3208 3309 0
3208 3209 3309 0
3309 3209 3310 0
3209 3210 3310 0
3310 3210 3311 0
3210 3211 3311 0
3311 3211 3312 0
3211 3212 3312 0
3312 3212 3313 0
3212 3213 3313 0
3313 3213 3314 0
3213 3214 3314 0
3314 3214 3315 0
3214 3215 3315 0
3315 3215 3316 0
3215 3216 3316 0
3316 3216 3317 0
3216 3217 3317 0
3317 3217 3318 0
3217 3218 3318 0
3318 3218 3319 0
3218 3219 3319 0
3319 3219 3320 0
3219 3220 3320 0
3320 3220 3321 0
3220 3221 3321 0
3321 3221 3322 0
3221 3222 3322 0
3322 3222 3323 0
3222 3223 3323 0
3323 3223 3324 0
3223 3224 3324 0
3324 3224 3325 0
3224 3225 3325 0
3325 3225 3326 0
3225 3226 3326 0
3326 3226 3327 0
3226 3227 3327 0
3327 3227 3328 0
3227 3228 3328 0
3328 3228 3329 0
3228 3229 3329 0
3329 3229 3330 0
3229 3230 3330 0
3330 3230 3331 0
3230 3231 3331 0
3331 3231 3332 0
3231 3232 3332 0
3332 3232 3333 0
3233 3234 3334 0
3334 3234 3335 0
3234 3235 3335 0
3335 3235 3336 0
3235 3236 3336 0
3336 3236 3337 0
3236 3237 3337 0
3337 3237 3338 0
3237 3238 3338 0
3338 3238 3339 0
3238 3239 3339 0
3339 3239 3340 0
3239 3240 3340 0
3340 3240 3341 0
3240 3241 3341 0
3341 3241 3342 0
3241 3242 3342 0
3342 3242 3343 0
3242 3243 3343 0
3343 3243 3344 0
3243 3244 3344 0
3344 3244 3345 0
3244 3245 3345 0
3345 3245 3346 0
3245 3246 3346 0
3346 3246 3347 0
3246 3247 3347 0
3347 3247 3348 0
3247 3248 3348 0
3348 3248 3349 0
3248 3249 3349 0
3349 3249 3350 0
3249 3250 3350 0
3350 3250 3351 0
3250 3251 3351 0
3351 3251 3352 0
3251 3252 3352 0
3352 3252 3353 0
3252 3253 3353 0
3353 3253 3354 0
3253 3254 3354 0
3354 3254 3355 0
3254 3255 3355 0
3355 3255 3356 0
3255 3256 3356 0
3356 3256 3357 0
3256 3257 3357 0
3357 3257 3358 0
3257 3258 3358 0
3358 3258 3359 0
3258 3259 3359 0
3359 3259 3360 0
3259 3260 3360 0
3360 3260 3361 0
3260 3261 3361 0
3361 3261 3362 0
3261 3262 3362 0
3362 3262 3363 0
3262 3263 3363 0
3363 3263 3364 0
3263 3264 3364 0
3364 3264 3365 0
3264 3265 3365 0
3365 3265 3366 0
3265 3266 3366 0
3366 3266 3367 0
3266 3267 3367 0
3367 3267 3368 0
3267 3268 3368 0
3368 3268 3369 0
3268 3269 3369 0
3369 3269 3370 0
3269 3270 3370 0
3370 3270 3371 0
3270 3271 3371 0
3371 3271 3372 0
3271 3272 3372 0
3372 3272 3373 0
3272 3273 3373 0
3373 3273 3374 0
3273 3274 3374 0
3374 3274 3375 0
3274 3275 3375 0
3375 3275 3376 0
3275 3276 3376 0
3376 3276 3377 0
3276 3277 3377 0
3377 3277 3378 0
3277 3278 3378 0
3378 3278 3379 0
3278 3279 3379 0
3379 3279 3380 0
3279 3280 3380 0
3380 3280 3381 0
3280 3281 3381 0
3381 3281 3382 0
3281 3282 3382 0
3382 3282 3383 0
3282 3283 3383 0
3383 3283 3384 0
3283 3284 3384 0
3384 3284 3385 0
3284 3285 3385 0
3385 3285 3386 0
3285 3286 3386 0
3386 3286 3387 0
3286 3287 3387 0
3387 3287 3388 0
3287 3288 3388 0
3388 3288 3389 0
3288 3289 3389 0
3389 3289 3390 0
3289 3290 3390 0
3390 3290 3391 0
3290 3291 3391 0
3391 3291 3392 0
3291 3292 3392 0
3392 3292 3393 0
3292 3293 3393 0
3393 3293 3394 0
3293 3294 3394 0
3394 3294 3395 0
3294 3295 3395 0
3395 3295 3396 0
3295 3296 3396 0
3396 3296 3397 0
3296 3297 3397 0
3397 3297 3398 0
3297 3298 3398 0
3398 3298 3399 0
3298 3299 3399 0
3399 3299 3400 0
3299 3300 3400 0
3400 3300 3401 0
3300 3301 3401 0
3401 3301 3402 0
3301 3302 3402 0
3402 3302 3403 0
3302 3303 3403 0
3403 3303 3404 0
3303 3304 3404 0
3404 3304 3405 0
3304 3305 3405 0
3405 3305 3406 0
3305 3306 3406 0
3406 3306 3407 0
3306 3307 3407 0
3407 3307 3408 0
3307 3308 3408 0
3408 3308 3409 0
3308 3309 3409 0
3409 3309 3410 0
3309 3310 3410 0
3410 3310 3411 0
3310 3311 3411 0
3411 3311 3412 0
3311 3312 3412 0
3412 3312 3413 0
3312 3313 3413 0
3413 3313 3414 0
3313 3314 3414 0
3414 3314 3415 0
3314 3315 3415 0
3415 3315 3416 0
3315 3316 3416 0
3416 3316 3417 0
3316 3317 3417 0
3417 3317 3418 0
3317 3318 3418 0
3418 3318 3419 0
3318 3319 3419 0
3419 3319 3420 0
3319 3320 3420 0
3420 3320 3421 0
3320 3321 3421 0
3421 3321 3422 0
3321 3322 3422 0
3422 3322 3423 0
3322 3323 3423 0
3423 3323 3424 0
3323 3324 3424 0
3424 3324 3425 0
3324 3325 3425 0
3425 3325 3426 0
3325 3326 3426 0
3426 3326 3427 0
3326 3327 3427 0
3427 3327 3428 0
3327 3328 3428 0
3428 3328 3429 0
3328 3329 3429 0
3429 3329 3430 0
3329 3330 3430 0
3430 3330 3431 0
3330 3331 3431 0
3431 3331 3432 0
3331 3332 3432 0
3432 3332 3433 0
3332 3333 3433 0
3433 3333 3434 0
3334 3335 3435 0
3435 3335 3436 0
3335 3336 3436 0
3436 3336 3437 0
3336 3337 3437 0
3437 3337 3438 0
3337 3338 3438 0
3438 3338 3439 0
3338 3339 3439 0
3439 3339 3440 0
3339 3340 3440 0
3440 3340 3441 0
3340 3341 3441 0
3441 3341 3442 0
3341 3342 3442 0
3442 3342 3443 0
3342 3343 3443 0
3443 3343 3444 0
3343 3344 3444 0
3444 3344 3445 0
3344 3345 3445 0
3445 3345 3446 0
3345 3346 3446 0
3446 3346 3447 0
3346 3347 3447 0
3447 3347 3448 0
3347 3348 3448 0
3448 3348 3449 0
3348 3349 3449 0
3449 3349 3450 0
3349 3350 3450 0
3450 3350 3451 0
3350 3351 3451 0
3451 3351 3452 0
3351 3352 3452 0
3452 3352 3453 0
3352 3353 3453 0
3453 3353 3454 0
3353 3354 3454 0
3454 3354 3455 0
3354 3355 3455 0
3455 3355 3456 0
3355 3356 3456 0
3456 3356 3457 0
3356 3357 3457 0
3457 3357 3458 0
3357 3358 3458 0
3458 3358 3459 0
3358 3359 3459 0
3459 3359 3460 0
3359 3360 3460 0
3460 3360 3461 0
3360 3361 3461 0
3461 3361 3462 0
3361 3362 3462 0
3462 3362 3463 0
3362 3363 3463 0
3463 3363 3464 0
3363 3364 3464 0
3464 3364 3465 0
3364 3365 3465 0
3465 3365 3466 0
3365 3366 3466 0
3466 3366 3467 0
3366 3367 3467 0
3467 3367 3468 0
3367 3368 3468 0
3468 3368 3469 0
3368 3369 3469 0
3469 3369 3470 0
3369 3370 3470 0
3470 3370 3471 0
3370 3371 3471 0
3471 3371 3472 0
3371 3372 3472 0
3472 3372 3473 0
3372 3373 3473 0
3473 3373 3474 0
3373 3374 3474 0
3474 3374 3475 0
3374 3375 3475 0
3475 3375 3476 0
3375 3376 3476 0
3476 3376 3477 0
3376 3377 3477 0
3477 3377 3478 0
3377 3378 3478 0
3478 3378 3479 0
3378 3379 3479 0
3479 3379 3480 0
3379 3380 3480 0
3480 3380 3481 0
3380 3381 3481 0
3481 3381 3482 0
3381 3382 3482 0
3482 3382 3483 0
3382 3383 3483 0
3483 3383 3484 0
3383 3384 3484 0
3484 3384 3485 0
3384 3385 3485 0
3485 3385 3486 0
3385 3386 3486 0
3486 3386 3487 0
3386 3387 3487 0
3487 3387 3488 0
3387 3388 3488 0
3488 3388 3489 0
3388 3389 3489 0
3489 3389 3490 0
3389 3390 3490 0
3490 3390 3491 0
3390 3391 3491 0
3491 3391 3492 0
3391 3392 3492 0
3492 3392 3493 0
3392 3393 3493 0
3493 3393 3494 0
3393 3394 3494 0
3494 3394 3495 0
3394 3395 3495 0
3495 3395 3496 0
3395 3396 3496 0
3496 3396 3497 0
3396 3397 3497 0
3497 3397 3498 0
3397 3398 3498 0
3498 3398 3499 0
3398 3399 3499 0
3499 3399 3500 0
3399 3400 3500 0
3500 3400 3501 0
3400 3401 3501 0
3501 3401 3502 0
3401 3402 3502 0
3502 3402 3503 0
3402 3403 3503 0
3503 3403 3504 0
3403 3404 3504 0
3504 3404 3505 0
3404 3405 3505 0
3505 3405 3506 0
3405 3406 3506 0
3506 3406 3507 0
3406 3407 3507 0
3507 3407 3508 0
3407 3408 3508 0
3508 3408 3509 0
3408 3409 3509 0
3509 3409 3510 0
3409 3410 3510 0
3510 3410 3511 0
3410 3411 3511 0
3511 3411 3512 0
3411 3412 3512 0
3512 3412 3513 0
3412 3413 3513 0
3513 3413 3514 0
3413 3414 3514 0
3514 3414 3515 0
3414 3415 3515 0
3515 3415 3516 0
3415 3416 3516 0
3516 3416 3517 0
3416 3417 3517 0
3517 3417 3518 0
3417 3418 3518 0
3518 3418 3519 0
3418 3419 3519 0
3519 3419 3520 0
3419 3420 3520 0
3520 3420 3521 0
3420 3421 3521 0
3521 3421 3522 0
3421 3422 3522 0
3522 3422 3523 0
3422 3423 3523 0
3523 3423 3524 0
3423 3424 3524 0
3524 3424 3525 0
3424 3425 3525 0
3525 3425 3526 0
3425 3426 3526 0
3526 3426 3527 0
3426 3427 3527 0
3527 3427 3528 0
3427 3428 3528 0
3528 3428 3529 0
3428 3429 3529 0
3529 3429 3530 0
3429 3430 3530 0
3530 3430 3531 0
3430 3431 3531 0
3531 3431 3532 0
3431 3432 3532 0
3532 3432 3533 0
3432 3433 3533 0
3533 3433 3534 0
3433 3434 3534 0
3534 3434 3535 0
3435 3436 3536 0
3536 3436 3537 0
3436 3437 3537 0
3537 3437 3538 0
3437 3438 3538 0
3538 3438 3539 0
3438 3439 3539 0
3539 3439 3540 0
3439 3440 3540 0
3540 3440 3541 0
3440 3441 3541 0
3541 3441 3542 0
3441 3442 3542 0
3542 3442 3543 0
3442 3443 3543 0
3543 3443 3544 0
3443 3444 3544 0
3544 3444 3545 0
3444 3445 3545 0
3545 3445 3546 0
3445 3446 3546 0
3546 3446 3547 0
3446 3447 3547 0
3547 3447 3548 0
3447 3448 3548 0
3548 3448 3549 0
3448 3449 3549 0
3549 3449 3550 0
3449 3450 3550 0
3550 3450 3551 0
3450 3451 3551 0
3551 3451 3552 0
3451 3452 3552 0
3552 3452 3553 0
3452 3453 3553 0
3553 3453 3554 0
3453 3454 3554 0
3554 3454 3555 0
3454 3455 3555 0
3555 3455 3556 0
3455 3456 3556 0
3556 3456 3557 0
3456 3457 3557 0
3557 3457 3558 0
3457 3458 3558 0
3558 3458 3559 0
3458 3459 3559 0
3559 3459 3560 0
3459 3460 3560 0
3560 3460 3561 0
3460 3461 3561 0
3561 3461 3562 0
3461 3462 3562 0
3562 3462 3563 0
3462 3463 3563 0
3563 3463 3564 0
3463 3464 3564 0
3564 3464 3565 0
3464 3465 3565 0
3565 3465 3566 0
3465 3466 3566 0
3566 3466 3567 0
3466 3467 3567 0
3567 3467 3568 0
3467 3468 3568 0
3568 3468 3569 0
3468 3469 3569 0
3569 3469 3570 0
3469 3470 3570 0
3570 3470 3571 0
3470 3471 3571 0
3571 3471 3572 0
3471 3472 3572 0
3572 3472 3573 0
3472 3473 3573 0
3573 3473 3574 0
3473 3474 3574 0
3574 3474 3575 0
3474 3475 3575 0
3575 3475 3576 0
3475 3476 3576 0
3576 3476 3577 0
3476 3477 3577 0
3577 3477 3578 0
3477 3478 3578 0
3578 3478 3579 0
3478 3479 3579 0
3579 3479 3580 0
3479 3480 3580 0
3580 3480 3581 0
3480 3481 3581 0
3581 3481 3582 0
3481 3482 3582 0
3582 3482 3583 0
3482 3483 3583 0
3583 3483 3584 0
3483 3484 3584 0
3584 3484 3585 0
3484 3485 3585 0
3585 3485 3586 0
3485 3486 3586 0
3586 3486 3587 0
3486 3487 3587 0
3587 3487 3588 0
3487 3488 3588 0
3588 3488 3589 0
3488 3489 3589 0
3589 3489 3590 0
3489 3490 3590 0
3590 3490 3591 0
3490 3491 3591 0
3591 3491 3592 0
3491 3492 3592 0
3592 3492 3593 0
3492 3493 3593 0
3593 3493 3594 0
3493 3494 3594 0
3594 3494 3595 0
3494 3495 3595 0
3595 3495 3596 0
3495 3496 3596 0
3596 3496 3597 0
3496 3497 3597 0
3597 3497 3598 0
3497 3498 3598 0
3598 3498 3599 0
3498 3499 3599 0
3599 3499 3600 0
3499 3500 3600 0
3600 3500 3601 0
3500 3501 3601 0
3601 3501 3602 0
3501 3502 3602 0
3602 3502 3603 0
3502 3503 3603 0
3603 3503 3604 0
3503 3504 3604 0
3604 3504 3605 0
3504 3505 3605 0
3605 3505 3606 0
3505 3506 3606 0
3606 3506 3607 0
3506 3507 3607 0
3607 3507 3608 0
3507 3508 3608 0
3608 3508 3609 0
3508 3509 3609 0
3609 3509 3610 0
3509 3510 3610 0
3610 3510 3611 0
3510 3511 3611 0
3611 3511 3612 0
3511 3512 3612 0
3612 3512 3613 0
3512 3513 3613 0
3613 3513 3614 0
3513 3514 3614 0
3614 3514 3615 0
3514 3515 3615 0
3615 3515 3616 0
3515 3516 3616 0
3616 3516 3617 0
3516 3517 3617 0
3617 3517 3618 0
3517 3518 3618 0
3618 3518 3619 0
3518 3519 3619 0
3619 3519 3620 0
3519 3520 3620 0
3620 3520 3621 0
3520 3521 3621 0
3621 3521 3622 0
3521 3522 3622 0
3622 3522 3623 0
3522 3523 3623 0
3623 3523 3624 0
3523 3524 3624 0
3624 3524 3625 0
3524 3525 3625 0
3625 3525 3626 0
3525 3526 3626 0
3626 3526 3627 0
3526 3527 3627 0
3627 3527 3628 0
3527 3528 3628 0
3628 3528 3629 0
3528 3529 3629 0
3629 3529 3630 0
3529 3530 3630 0
3630 3530 3631 0
3530 3531 3631 0
3631 3531 3632 0
3531 3532 3632 0
3632 3532 3633 0
3532 3533 3633 0
3633 3533 3634 0
3533 3534 3634 0
3634 3534 3635 0
3534 3535 3635 0
3635 3535 3636 0
3536 3537 3637 0
3637 3537 3638 0
3537 3538 3638 0
3638 3538 3639 0
3538 3539 3639 0
3639 3539 3640 0
3539 3540 3640 0
3640 3540 3641 0
3540 3541 3641 0
3641 3541 3642 0
3541 3542 3642 0
3642 3542 3643 0
3542 3543 3643 0
3643 3543 3644 0
3543 3544 3644 0
3644 3544 3645 0
3544 3545 3645 0
3645 3545 3646 0
3545 3546 3646 0
3646 3546 3647 0
3546 3547 3647 0
3647 3547 3648 0
3547 3548 3648 0
3648 3548 3649 0
3548 3549 3649 0
3649 3549 3650 0
3549 3550 3650 0
3650 3550 3651 0
3550 3551 3651 0
3651 3551 3652 0
3551 3552 3652 0
3652 3552 3653 0
3552 3553 3653 0
3653 3553 3654 0
3553 3554 3654 0
3654 3554 3655 0
3554 3555 3655 0
3655 3555 3656 0
3555 3556 3656 0
3656 3556 3657 0
3556 3557 3657 0
3657 3557 3658 0
3557 3558 3658 0
3658 3558 3659 0
3558 3559 3659 0
3659 3559 3660 0
3559 3560 3660 0
3660 3560 3661 0
3560 3561 3661 0
3661 3561 3662 0
3561 3562 3662 0
3662 3562 3663 0
3562 3563 3663 0
3663 3563 3664 0
3563 3564 3664 0
3664 3564 3665 0
3564 3565 3665 0
3665 3565 3666 0
3565 3566 3666 0
3666 3566 3667 0
3566 3567 3667 0
3667 3567 3668 0
3567 3568 3668 0
3668 3568 3669 0
3568 3569 3669 0
3669 3569 3670 0
3569 3570 3670 0
3670 3570 3671 0
3570 3571 3671 0
3671 3571 3672 0
3571 3572 3672 0
3672 3572 3673 0
3572 3573 3673 0
3673 3573 3674 0
3573 3574 3674 0
3674 3574 3675 0
3574 3575 3675 0
3675 3575 3676 0
3575 3576 3676 0
3676 3576 3677 0
3576 3577 3677 0
3677 3577 3678 0
3577 3578 3678 0
3678 3578 3679 0
3578 3579 3679 0
3679 3579 3680 0
3579 3580 3680 0
3680 3580 3681 0
3580 3581 3681 0
3681 3581 3682 0
3581 3582 3682 0
3682 3582 3683 0
3582 3583 3683 0
3683 3583 3684 0
3583 3584 3684 0
3684 3584 3685 0
3584 3585 3685 0
3685 3585 3686 0
3585 3586 3686 0
3686 3586 3687 0
3586 3587 3687 0
3687 3587 3688 0
3587 3588 3688 0
3688 3588 3689 0
3588 3589 3689 0
3689 3589 3690 0
3589 3590 3690 0
3690 3590 3691 0
3590 3591 3691 0
3691 3591 3692 0
3591 3592 3692 0
3692 3592 3693 0
3592 3593 3693 0
3693 3593 3694 0
3593 3594 3694 0
3694 3594 3695 0
3594 3595 3695 0
3695 3595 3696 0
3595 3596 3696 0
3696 3596 3697 0
3596 3597 3697 0
3697 3597 3698 0
3597 3598 3698 0
3698 3598 3699 0
3598 3599 3699 0
3699 3599 3700 0
3599 3600 3700 0
3700 3600 3701 0
3600 3601 3701 0
3701 3601 3702 0
3601 3602 3702 0
3702 3602 3703 0
3602 3603 3703 0
3703 3603 3704 0
3603 3604 3704 0
3704 3604 3705 0
3604 3605 3705 0
3705 3605 3706 0
3605 3606 3706 0
3706 3606 3707 0
3606 3607 3707 0
3707 3607 3708 0
3607 3608 3708 0
3708 3608 3709 0
3608 3609 3709 0
3709 3609 3710 0
3609 3610 3710 0
3710 3610 3711 0
3610 3611 3711 0
3711 3611 3712 0
3611 3612 3712 0
3712 3612 3713 0
3612 3613 3713 0
3713 3613 3714 0
3613 3614 3714 0
3714 3614 3715 0
3614 3615 3715 0
3715 3615 3716 0
3615 3616 3716 0
3716 3616 3717 0
3616 3617 3717 0
3717 3617 3718 0
3617 3618 3718 0
3718 3618 3719 0
3618 3619 3719 0
3719 3619 3720 0
3619 3620 3720 0
3720 3620 3721 0
3620 3621 3721 0
3721 3621 3722 0
3621 3622 3722 0
3722 3622 3723 0
3622 3623 3723 0
3723 3623 3724 0
3623 3624 3724 0
3724 3624 3725 0
3624 3625 3725 0
3725 3625 3726 0
3625 3626 3726 0
3726 3626 3727 0
3626 3627 3727 0
3727 3627 3728 0
3627 3628 3728 0
3728 3628 3729 0
3628 3629 3729 0
3729 3629 3730 0
3629 3630 3730 0
3730 3630 3731 0
3630 3631 3731 0
3731 3631 3732 0
3631 3632 3732 0
3732 3632 3733 0
3632 3633 3733 0
3733 3633 3734 0
3633 3634 3734 0
3734 3634 3735 0
3634 3635 3735 0
3735 3635 3736 0
3635 3636 3736 0
3736 3636 3737 0
3637 3638 3738 0
3738 3638 3739 0
3638 3639 3739 0
3739 3639 3740 0
3639 3640 3740 0
3740 3640 3741 0
3640 3641 3741 0
3741 3641 3742 0
3641 3642 3742 0
3742 3642 3743 0
3642 3643 3743 0
3743 3643 3744 0
3643 3644 3744 0
3744 3644 3745 0
3644 3645 3745 0
3745 3645 3746 0
3645 3646 3746 0
3746 3646 3747 0
3646 3647 3747 0
3747 3647 3748 0
3647 3648 3748 0
3748 3648 3749 0
3648 3649 3749 0
3749 3649 3750 0
3649 3650 3750 0
3750 3650 3751 0
3650 3651 3751 0
3751 3651 3752 0
3651 3652 3752 0
3752 3652 3753 0
3652 3653 3753 0
3753 3653 3754 0
3653 3654 3754 0
3754 3654 3755 0
3654 3655 3755 0
3755 3655 3756 0
3655 3656 3756 0
3756 3656 3757 0
3656 3657 3757 0
3757 3657 3758 0
3657 3658 3758 0
3758 3658 3759 0
3658 3659 3759 0
3759 3659 3760 0
3659 3660 3760 0
3760 3660 3761 0
3660 3661 3761 0
3761 3661 3762 0
3661 3662 3762 0
3762 3662 3763 0
3662 3663 3763 0
3763 3663 3764 0
3663 3664 3764 0
3764 3664 3765 0
3664 3665 3765 0
3765 3665 3766 0
3665 3666 3766 0
3766 3666 3767 0
3666 3667 3767 0
3767 3667 3768 0
3667 3668 3768 0
3768 3668 3769 0
3668 3669 3769 0
3769 3669 3770 0
3669 3670 3770 0
3770 3670 3771 0
3670 3671 3771 0
3771 3671 3772 0
3671 3672 3772 0
3772 3672 3773 0
3672 3673 3773 0
3773 3673 3774 0
3673 3674 3774 0
3774 3674 3775 0
3674 3675 3775 0
3775 3675 3776 0
3675 3676 3776 0
3776 3676 3777 0
3676 3677 3777 0
3777 3677 3778 0
3677 3678 3778 0
3778 3678 3779 0
3678 3679 3779 0
3779 3679 3780 0
3679 3680 3780 0
3780 3680 3781 0
3680 3681 3781 0
3781 3681 3782 0
3681 3682 3782 0
3782 3682 3783 0
3682 3683 3783 0
3783 3683 3784 0
3683 3684 3784 0
3784 3684 3785 0
3684 3685 3785 0
3785 3685 3786 0
3685 3686 3786 0
3786 3686 3787 0
3686 3687 3787 0
3787 3687 3788 0
3687 3688 3788 0
3788 3688 3789 0
3688 3689 3789 0
3789 3689 3790 0
3689 3690 3790 0
3790 3690 3791 0
3690 3691 3791 0
3791 3691 3792 0
3691 3692 3792 0
3792 3692 3793 0
3692 3693 3793 0
3793 3693 3794 0
3693 3694 3794 0
3794 3694 3795 0
3694 3695 3795 0
3795 3695 3796 0
3695 3696 3796 0
3796 3696 3797 0
3696 3697 3797 0
3797 3697 3798 0
3697 3698 3798 0
3798 3698 3799 0
3698 3699 3799 0
3799 3699 3800 0
3699 3700 3800 0
3800 3700 3801 0
3700 3701 3801 0
3801 3701 3802 0
3701 3702 3802 0
3802 3702 3803 0
3702 3703 3803 0
3803 3703 3804 0
3703 3704 3804 0
3804 3704 3805 0
3704 3705 3805 0
3805 3705 3806 0
3705 3706 3806 0
3806 3706 3807 0
3706 3707 3807 0
3807 3707 3808 0
3707 3708 3808 0
3808 3708 3809 0
3708 3709 3809 0
3809 3709 3810 0
3709 3710 3810 0
3810 3710 3811 0
3710 3711 3811 0
3811 3711 3812 0
3711 3712 3812 0
3812 3712 3813 0
3712 3713 3813 0
3813 3713 3814 0
3713 3714 3814 0
3814 3714 3815 0
3714 3715 3815 0
3815 3715 3816 0
3715 3716 3816 0
3816 3716 3817 0
3716 3717 3817 0
3817 3717 3818 0
3717 3718 3818 0
3818 3718 3819 0
3718 3719 3819 0
3819 3719 3820 0
3719 3720 3820 0
3820 3720 3821 0
3720 3721 3821 0
3821 3721 3822 0
3721 3722 3822 0
3822 3722 3823 0
3722 3723 3823 0
3823 3723 3824 0
3723 3724 3824 0
3824 3724 3825 0
3724 3725 3825 0
3825 3725 3826 0
3725 3726 3826 0
3826 3726 3827 0
3726 3727 3827 0
3827 3727 3828 0
3727 3728 3828 0
3828 3728 3829 0
3728 3729 3829 0
3829 3729 3830 0
3729 3730 3830 0
3830 3730 3831 0
3730 3731 3831 0
3831 3731 3832 0
3731 3732 3832 0
3832 3732 3833 0
3732 3733 3833 0
3833 3733 3834 0
3733 3734 3834 0
3834 3734 3835 0
3734 3735 3835 0
3835 3735 3836 0
3735 3736 3836 0
3836 3736 3837 0
3736 3737 3837 0
3837 3737 3838 0
3738 3739 3839 0
3839 3739 3840 0
3739 3740 3840 0
3840 3740 3841 0
3740 3741 3841 0
3841 3741 3842 0
3741 3742 3842 0
3842 3742 3843 0
3742 3743 3843 0
3843 3743 3844 0
3743 3744 3844 0
3844 3744 3845 0
3744 3745 3845 0
3845 3745 3846 0
3745 3746 3846 0
3846 3746 3847 0
3746 3747 3847 0
3847 3747 3848 0
3747 3748 3848 0
3848 3748 3849 0
3748 3749 3849 0
3849 3749 3850 0
3749 3750 3850 0
3850 3750 3851 0
3750 3751 3851 0
3851 3751 3852 0
3751 3752 3852 0
3852 3752 3853 0
3752 3753 3853 0
3853 3753 3854 0
3753 3754 3854 0
3854 3754 3855 0
3754 3755 3855 0
3855 3755 3856 0
3755 3756 3856 0
3856 3756 3857 0
3756 3757 3857 0
3857 3757 3858 0
3757 3758 3858 0
3858 3758 3859 0
3758 3759 3859 0
3859 3759 3860 0
3759 3760 3860 0
3860 3760 3861 0
3760 3761 3861 0
3861 3761 3862 0
3761 3762 3862 0
3862 3762 3863 0
3762 3763 3863 0
3863 3763 3864 0
3763 3764 3864 0
3864 3764 3865 0
3764 3765 3865 0
3865 3765 3866 0
3765 3766 3866 0
3866 3766 3867 0
3766 3767 3867 0
3867 3767 3868 0
3767 3768 3868 0
3868 3768 3869 0
3768 3769 3869 0
3869 3769 3870 0
3769 3770 3870 0
3870 3770 3871 0
3770 3771 3871 0
3871 3771 3872 0
3771 3772 3872 0
3872 3772 3873 0
3772 3773 3873 0
3873 3773 3874 0
3773 3774 3874 0
3874 3774 3875 0
3774 3775 3875 0
3875 3775 3876 0
3775 3776 3876 0
3876 3776 3877 0
3776 3777 3877 0
3877 3777 3878 0
3777 3778 3878 0
3878 3778 3879 0
3778 3779 3879 0
3879 3779 3880 0
3779 3780 3880 0
3880 3780 3881 0
3780 3781 3881 0
3881 3781 3882 0
3781 3782 3882 0
3882 3782 3883 0
3782 3783 3883 0
3883 3783 3884 0
3783 3784 3884 0
3884 3784 3885 0
3784 3785 3885 0
3885 3785 3886 0
3785 3786 3886 0
3886 3786 3887 0
3786 3787 3887 0
3887 3787 3888 0
3787 3788 3888 0
3888 3788 3889 0
3788 3789 3889 0
3889 3789 3890 0
3789 3790 3890 0
3890 3790 3891 0
3790 3791 3891 0
3891 3791 3892 0
3791 3792 3892 0
3892 3792 3893 0
3792 3793 3893 0
3893 3793 3894 0
3793 3794 3894 0
3894 3794 3895 0
3794 3795 3895 0
3895 3795 3896 0
3795 3796 3896 0
3896 3796 3897 0
3796 3797 3897 0
3897 3797 3898 0
3797 3798 3898 0
3898 3798 3899 0
3798 3799 3899 0
3899 3799 3900 0
3799 3800 3900 0
3900 3800 3901 0
3800 3801 3901 0
3901 3801 3902 0
3801 3802 3902 0
3902 3802 3903 0
3802 3803 3903 0
3903 3803 3904 0
3803 3804 3904 0
3904 3804 3905 0
3804 3805 3905 0
3905 3805 3906 0
3805 3806 3906 0
3906 3806 3907 0
3806 3807 3907 0
3907 3807 3908 0
3807 3808 3908 0
3908 3808 3909 0
3808 3809 3909 0
3909 3809 3910 0
3809 3810 3910 0
3910 3810 3911 0
3810 3811 3911 0
3911 3811 3912 0
3811 3812 3912 0
3912 3812 3913 0
3812 3813 3913 0
3913 3813 3914 0
3813 3814 3914 0
3914 3814 3915 0
3814 3815 3915 0
3915 3815 3916 0
3815 3816 3916 0
3916 3816 3917 0
3816 3817 3917 0
3917 3817 3918 0
3817 3818 3918 0
3918 3818 3919 0
3818 3819 3919 0
3919 3819 3920 0
3819 3820 3920 0
3920 3820 3921 0
3820 3821 3921 0
3921 3821 3922 0
3821 3822 3922 0
3922 3822 3923 0
3822 3823 3923 0
3923 3823 3924 0
3823 3824 3924 0
3924 3824 3925 0
3824 3825 3925 0
3925 3825 3926 0
3825 3826 3926 0
3926 3826 3927 0
3826 3827 3927 0
3927 3827 3928 0
3827 3828 3928 0
3928 3828 3929 0
3828 3829 3929 0
3929 3829 3930 0
3829 3830 3930 0
3930 3830 3931 0
3830 3831 3931 0
3931 3831 3932 0
3831 3832 3932 0
3932 3832 3933 0
3832 3833 3933 0
3933 3833 3934 0
3833 3834 3934 0
3934 3834 3935 0
3834 3835 3935 0
3935 3835 3936 0
3835 3836 3936 0
3936 3836 3937 0
3836 3837 3937 0
3937 3837 3938 0
3837 3838 3938 0
3938 3838 3939 0
3839 3840 3940 0
3940 3840 3941 0
3840 3841 3941 0
3941 3841 3942 0
3841 3842 3942 0
3942 3842 3943 0
3842 3843 3943 0
3943 3843 3944 0
3843 3844 3944 0
3944 3844 3945 0
3844 3845 3945 0
3945 3845 3946 0
3845 3846 3946 0
3946 3846 3947 0
3846 3847 3947 0
3947 3847 3948 0
3847 3848 3948 0
3948 3848 3949 0
3848 3849 3949 0
3949 3849 3950 0
3849 3850 3950 0
3950 3850 3951 0
3850 3851 3951 0
3951 3851 3952 0
3851 3852 3952 0
3952 3852 3953 0
3852 3853 3953 0
3953 3853 3954 0
3853 3854 3954 0
3954 3854 3955 0
3854 3855 3955 0
3955 3855 3956 0
3855 3856 3956 0
3956 3856 3957 0
3856 3857 3957 0
3957 3857 3958 0
3857 3858 3958 0
3958 3858 3959 0
3858 3859 3959 0
3959 3859 3960 0
3859 3860 3960 0
3960 3860 3961 0
3860 3861 3961 0
3961 3861 3962 0
3861 3862 3962 0
3962 3862 3963 0
3862 3863 3963 0
3963 3863 3964 0
3863 3864 3964 0
3964 3864 3965 0
3864 3865 3965 0
3965 3865 3966 0
3865 3866 3966 0
3966 3866 3967 0
3866 3867 3967 0
3967 3867 3968 0
3867 3868 3968 0
3968 3868 3969 0
3868 3869 3969 0
3969 3869 3970 0
3869 3870 3970 0
3970 3870 3971 0
3870 3871 3971 0
3971 3871 3972 0
3871 3872 3972 0
3972 3872 3973 0
3872 3873 3973 0
3973 3873 3974 0
3873 3874 3974 0
3974 3874 3975 0
3874 3875 3975 0
3975 3875 3976 0
3875 3876 3976 0
3976 3876 3977 0
3876 3877 3977 0
3977 3877 3978 0
3877 3878 3978 0
3978 3878 3979 0
3878 3879 3979 0
3979 3879 3980 0
3879 3880 3980 0
3980 3880 3981 0
3880 3881 3981 0
3981 3881 3982 0
3881 3882 3982 0
3982 3882 3983 0
3882 3883 3983 0
3983 3883 3984 0
3883 3884 3984 0
3984 3884 3985 0
3884 3885 3985 0
3985 3885 3986 0
3885 3886 3986 0
3986 3886 3987 0
3886 3887 3987 0
3987 3887 3988 0
3887 3888 3988 0
3988 3888 3989 0
3888 3889 3989 0
3989 3889 3990 0
3889 3890 3990 0
3990 3890 3991 0
3890 3891 3991 0
3991 3891 3992 0
3891 3892 3992 0
3992 3892 3993 0
3892 3893 3993 0
3993 3893 3994 0
3893 3894 3994 0
3994 3894 3995 0
3894 3895 3995 0
3995 3895 3996 0
3895 3896 3996 0
3996 3896 3997 0
3896 3897 3997 0
3997 3897 3998 0
3897 3898 3998 0
3998 3898 3999 0
3898 3899 3999 0
3999 3899 4000 0
3899 3900 4000 0
4000 3900 4001 0
3900 3901 4001 0
4001 3901 4002 0
3901 3902 4002 0
4002 3902 4003 0
3902 3903 4003 0
4003 3903 4004 0
3903 3904 4004 0
4004 3904 4005 0
3904 3905 4005 0
4005 3905 4006 0
3905 3906 4006 0
4006 3906 4007 0
3906 3907 4007 0
4007 3907 4008 0
3907 3908 4008 0
4008 3908 4009 0
3908 3909 4009 0
4009 3909 4010 0
3909 3910 4010 0
4010 3910 4011 0
3910 3911 4011 0
4011 3911 4012 0
3911 3912 4012 0
4012 3912 4013 0
3912 3913 4013 0
4013 3913 4014 0
3913 3914 4014 0
4014 3914 4015 0
3914 3915 4015 0
4015 3915 4016 0
3915 3916 4016 0
4016 3916 4017 0
3916 3917 4017 0
4017 3917 4018 0
3917 3918 4018 0
4018 3918 4019 0
3918 3919 4019 0
4019 3919 4020 0
3919 3920 4020 0
4020 3920 4021 0
3920 3921 4021 0
4021 3921 4022 0
3921 3922 4022 0
4022 3922 4023 0
3922 3923 4023 0
4023 3923 4024 0
3923 3924 4024 0
4024 3924 4025 0
3924 3925 4025 0
4025 3925 4026 0
3925 3926 4026 0
4026 3926 4027 0
3926 3927 4027 0
4027 3927 4028 0
3927 3928 4028 0
4028 3928 4029 0
3928 3929 4029 0
4029 3929 4030 0
3929 3930 4030 0
4030 3930 4031 0
3930 3931 4031 0
4031 3931 4032 0
3931 3932 4032 0
4032 3932 4033 0
3932 3933 4033 0
4033 3933 4034 0
3933 3934 4034 0
4034 3934 4035 0
3934 3935 4035 0
4035 3935 4036 0
3935 3936 4036 0
4036 3936 4037 0
3936 3937 4037 0
4037 3937 4038 0
3937 3938 4038 0
4038 3938 4039 0
3938 3939 4039 0
4039 3939 4040 0
3940 3941 4041 0
4041 3941 4042 0
3941 3942 4042 0
4042 3942 4043 0
3942 3943 4043 0
4043 3943 4044 0
3943 3944 4044 0
4044 3944 4045 0
3944 3945 4045 0
4045 3945 4046 0
3945 3946 4046 0
4046 3946 4047 0
3946 3947 4047 0
4047 3947 4048 0
3947 3948 4048 0
4048 3948 4049 0
3948 3949 4049 0
4049 3949 4050 0
3949 3950 4050 0
4050 3950 4051 0
3950 3951 4051 0
4051 3951 4052 0
3951 3952 4052 0
4052 3952 4053 0
3952 3953 4053 0
4053 3953 4054 0
3953 3954 4054 0
4054 3954 4055 0
3954 3955 4055 0
4055 3955 4056 0
3955 3956 4056 0
4056 3956 4057 0
3956 3957 4057 0
4057 3957 4058 0
3957 3958 4058 0
4058 3958 4059 0
3958 3959 4059 0
4059 3959 4060 0
3959 3960 4060 0
4060 3960 4061 0
3960 3961 4061 0
4061 3961 4062 0
3961 3962 4062 0
4062 3962 4063 0
3962 3963 4063 0
4063 3963 4064 0
3963 3964 4064 0
4064 3964 4065 0
3964 3965 4065 0
4065 3965 4066 0
3965 3966 4066 0
4066 3966 4067 0
3966 3967 4067 0
4067 3967 4068 0
3967 3968 4068 0
4068 3968 4069 0
3968 3969 4069 0
4069 3969 4070 0
3969 3970 4070 0
4070 3970 4071 0
3970 3971 4071 0
4071 3971 4072 0
3971 3972 4072 0
4072 3972 4073 0
3972 3973 4073 0
4073 3973 4074 0
3973 3974 4074 0
4074 3974 4075 0
3974 3975 4075 0
4075 3975 4076 0
3975 3976 4076 0
4076 3976 4077 0
3976 3977 4077 0
4077 3977 4078 0
3977 3978 4078 0
4078 3978 4079 0
3978 3979 4079 0
4079 3979 4080 0
3979 3980 4080 0
4080 3980 4081 0
3980 3981 4081 0
4081 3981 4082 0
3981 3982 4082 0
4082 3982 4083 0
3982 3983 4083 0
4083 3983 4084 0
3983 3984 4084 0
4084 3984 4085 0
3984 3985 4085 0
4085 3985 4086 0
3985 3986 4086 0
4086 3986 4087 0
3986 3987 4087 0
4087 3987 4088 0
3987 3988 4088 0
4088 3988 4089 0
3988 3989 4089 0
4089 3989 4090 0
3989 3990 4090 0
4090 3990 4091 0
3990 3991 4091 0
4091 3991 4092 0
3991 3992 4092 0
4092 3992 4093 0
3992 3993 4093 0
4093 3993 4094 0
3993 3994 4094 0
4094 3994 4095 0
3994 3995 4095 0
4095 3995 4096 0
3995 3996 4096 0
4096 3996 4097 0
3996 3997 4097 0
4097 3997 4098 0
3997 3998 4098 0
4098 3998 4099 0
3998 3999 4099 0
4099 3999 4100 0
3999 4000 4100 0
4100 4000 4101 0
4000 4001 4101 0
4101 4001 4102 0
4001 4002 4102 0
4102 4002 4103 0
4002 4003 4103 0
4103 4003 4104 0
4003 4004 4104 0
4104 4004 4105 0
4004 4005 4105 0
4105 4005 4106 0
4005 4006 4106 0
4106 4006 4107 0
4006 4007 4107 0
4107 4007 4108 0
4007 4008 4108 0
4108 4008 4109 0
4008 4009 4109 0
4109 4009 4110 0
4009 4010 4110 0
4110 4010 4111 0
4010 4011 4111 0
4111 4011 4112 0
4011 4012 4112 0
4112 4012 4113 0
4012 4013 4113 0
4113 4013 4114 0
4013 4014 4114 0
4114 4014 4115 0
4014 4015 4115 0
4115 4015 4116 0
4015 4016 4116 0
4116 4016 4117 0
4016 4017 4117 0
4117 4017 4118 0
4017 4018 4118 0
4118 4018 4119 0
4018 4019 4119 0
4119 4019 4120 0
4019 4020 4120 0
4120 4020 4121 0
4020 4021 4121 0
4121 4021 4122 0
4021 4022 4122 0
4122 4022 4123 0
4022 4023 4123 0
4123 4023 4124 0
4023 4024 4124 0
4124 4024 4125 0
4024 4025 4125 0
4125 4025 4126 0
4025 4026 4126 0
4126 4026 4127 0
4026 4027 4127 0
4127 4027 4128 0
4027 4028 4128 0
4128 4028 4129 0
4028 4029 4129 0
4129 4029 4130 0
4029 4030 4130 0
4130 4030 4131 0
4030 4031 4131 0
4131 4031 4132 0
4031 4032 4132 0
4132 4032 4133 0
4032 4033 4133 0
4133 4033 4134 0
4033 4034 4134 0
4134 4034 4135 0
4034 4035 4135 0
4135 4035 4136 0
4035 4036 4136 0
4136 4036 4137 0
4036 4037 4137 0
4137 4037 4138 0
4037 4038 4138 0
4138 4038 4139 0
4038 4039 4139 0
4139 4039 4140 0
4039 4040 4140 0
4140 4040 4141 0
4041 4042 4142 0
4142 4042 4143 0
4042 4043 4143 0
4143 4043 4144 0
4043 4044 4144 0
4144 4044 4145 0
4044 4045 4145 0
4145 4045 4146 0
4045 4046 4146 0
4146 4046 4147 0
4046 4047 4147 0
4147 4047 4148 0
4047 4048 4148 0
4148 4048 4149 0
4048 4049 4149 0
4149 4049 4150 0
4049 4050 4150 0
4150 4050 4151 0
4050 4051 4151 0
4151 4051 4152 0
4051 4052 4152 0
4152 4052 4153 0
4052 4053 4153 0
4153 4053 4154 0
4053 4054 4154 0
4154 4054 4155 0
4054 4055 4155 0
4155 4055 4156 0
4055 4056 4156 0
4156 4056 4157 0
4056 4057 4157 0
4157 4057 4158 0
4057 4058 4158 0
4158 4058 4159 0
4058 4059 4159 0
4159 4059 4160 0
4059 4060 4160 0
4160 4060 4161 0
4060 4061 4161 0
4161 4061 4162 0
4061 4062 4162 0
4162 4062 4163 0
4062 4063 4163 0
4163 4063 4164 0
4063 4064 4164 0
4164 4064 4165 0
4064 4065 4165 0
4165 4065 4166 0
4065 4066 4166 0
4166 4066 4167 0
4066 4067 4167 0
4167 4067 4168 0
4067 4068 4168 0
4168 4068 4169 0
4068 4069 4169 0
4169 4069 4170 0
4069 4070 4170 0
4170 4070 4171 0
4070 4071 4171 0
4171 4071 4172 0
4071 4072 4172 0
4172 4072 4173 0
4072 4073 4173 0
4173 4073 4174 0
4073 4074 4174 0
4174 4074 4175 0
4074 4075 4175 0
4175 4075 4176 0
4075 4076 4176 0
4176 4076 4177 0
4076 4077 4177 0
4177 4077 4178 0
4077 4078 4178 0
4178 4078 4179 0
4078 4079 4179 0
4179 4079 4180 0
4079 4080 4180 0
4180 4080 4181 0
4080 4081 4181 0
4181 4081 4182 0
4081 4082 4182 0
4182 4082 4183 0
4082 4083 4183 0
4183 4083 4184 0
4083 4084 4184 0
4184 4084 4185 0
4084 4085 4185 0
4185 4085 4186 0
4085 4086 4186 0
4186 4086 4187 0
4086 4087 4187 0
4187 4087 4188 0
4087 4088 4188 0
4188 4088 4189 0
4088 4089 4189 0
4189 4089 4190 0
4089 4090 4190 0
4190 4090 4191 0
4090 4091 4191 0
4191 4091 4192 0
4091 4092 4192 0
4192 4092 4193 0
4092 4093 4193 0
4193 4093 4194 0
4093 4094 4194 0
4194 4094 4195 0
4094 4095 4195 0
4195 4095 4196 0
4095 4096 4196 0
4196 4096 4197 0
4096 4097 4197 0
4197 4097 4198 0
4097 4098 4198 0
4198 4098 4199 0
4098 4099 4199 0
4199 4099 4200 0
4099 4100 4200 0
4200 4100 4201 0
4100 4101 4201 0
4201 4101 4202 0
4101 4102 4202 0
4202 4102 4203 0
4102 4103 4203 0
4203 4103 4204 0
4103 4104 4204 0
4204 4104 4205 0
4104 4105 4205 0
4205 4105 4206 0
4105 4106 4206 0
4206 4106 4207 0
4106 4107 4207 0
4207 4107 4208 0
4107 4108 4208 0
4208 4108 4209 0
4108 4109 4209 0
4209 4109 4210 0
4109 4110 4210 0
4210 4110 4211 0
4110 4111 4211 0
4211 4111 4212 0
4111 4112 4212 0
4212 4112 4213 0
4112 4113 4213 0
4213 4113 4214 0
4113 4114 4214 0
4214 4114 4215 0
4114 4115 4215 0
4215 4115 4216 0
4115 4116 4216 0
4216 4116 4217 0
4116 4117 4217 0
4217 4117 4218 0
4117 4118 4218 0
4218 4118 4219 0
4118 4119 4219 0
4219 4119 4220 0
4119 4120 4220 0
4220 4120 4221 0
4120 4121 4221 0
4221 4121 4222 0
4121 4122 4222 0
4222 4122 4223 0
4122 4123 4223 0
4223 4123 4224 0
4123 4124 4224 0
4224 4124 4225 0
4124 4125 4225 0
4225 4125 4226 0
4125 4126 4226 0
4226 4126 4227 0
4126 4127 4227 0
4227 4127 4228 0
4127 4128 4228 0
4228 4128 4229 0
4128 4129 4229 0
4229 4129 4230 0
4129 4130 4230 0
4230 4130 4231 0
4130 4131 4231 0
4231 4131 4232 0
4131 4132 4232 0
4232 4132 4233 0
4132 4133 4233 0
4233 4133 4234 0
4133 4134 4234 0
4234 4134 4235 0
4134 4135 4235 0
4235 4135 4236 0
4135 4136 4236 0
4236 4136 4237 0
4136 4137 4237 0
4237 4137 4238 0
4137 4138 4238 0
4238 4138 4239 0
4138 4139 4239 0
4239 4139 4240 0
4139 4140 4240 0
4240 4140 4241 0
4140 4141 4241 0
4241 4141 4242 0
4142 4143 4243 0
4243 4143 4244 0
4143 4144 4244 0
4244 4144 4245 0
4144 4145 4245 0
4245 4145 4246 0
4145 4146 4246 0
4246 4146 4247 0
4146 4147 4247 0
4247 4147 4248 0
4147 4148 4248 0
4248 4148 4249 0
4148 4149 4249 0
4249 4149 4250 0
4149 4150 4250 0
4250 4150 4251 0
4150 4151 4251 0
4251 4151 4252 0
4151 4152 4252 0
4252 4152 4253 0
4152 4153 4253 0
4253 4153 4254 0
4153 4154 4254 0
4254 4154 4255 0
4154 4155 4255 0
4255 4155 4256 0
4155 4156 4256 0
4256 4156 4257 0
4156 4157 4257 0
4257 4157 4258 0
4157 4158 4258 0
4258 4158 4259 0
4158 4159 4259 0
4259 4159 4260 0
4159 4160 4260 0
4260 4160 4261 0
4160 4161 4261 0
4261 4161 4262 0
4161 4162 4262 0
4262 4162 4263 0
4162 4163 4263 0
4263 4163 4264 0
4163 4164 4264 0
4264 4164 4265 0
4164 4165 4265 0
4265 4165 4266 0
4165 4166 4266 0
4266 4166 4267 0
4166 4167 4267 0
4267 4167 4268 0
4167 4168 4268 0
4268 4168 4269 0
4168 4169 4269 0
4269 4169 4270 0
4169 4170 4270 0
4270 4170 4271 0
4170 4171 4271 0
4271 4171 4272 0
4171 4172 4272 0
4272 4172 4273 0
4172 4173 4273 0
4273 4173 4274 0
4173 4174 4274 0
4274 4174 4275 0
4174 4175 4275 0
4275 4175 4276 0
4175 4176 4276 0
4276 4176 4277 0
4176 4177 4277 0
4277 4177 4278 0
4177 4178 4278 0
4278 4178 4279 0
4178 4179 4279 0
4279 4179 4280 0
4179 4180 4280 0
4280 4180 4281 0
4180 4181 4281 0
4281 4181 4282 0
4181 4182 4282 0
4282 4182 4283 0
4182 4183 4283 0
4283 4183 4284 0
4183 4184 4284 0
4284 4184 4285 0
4184 4185 4285 0
4285 4185 4286 0
4185 4186 4286 0
4286 4186 4287 0
4186 4187 4287 0
4287 4187 4288 0
4187 4188 4288 0
4288 4188 4289 0
4188 4189 4289 0
4289 4189 4290 0
4189 4190 4290 0
4290 4190 4291 0
4190 4191 4291 0
4291 4191 4292 0
4191 4192 4292 0
4292 4192 4293 0
4192 4193 4293 0
4293 4193 4294 0
4193 4194 4294 0
4294 4194 4295 0
4194 4195 4295 0
4295 4195 4296 0
4195 4196 4296 0
4296 4196 4297 0
4196 4197 4297 0
4297 4197 4298 0
4197 4198 4298 0
4298 4198 4299 0
4198 4199 4299 0
4299 4199 4300 0
4199 4200 4300 0
4300 4200 4301 0
4200 4201 4301 0
4301 4201 4302 0
4201 4202 4302 0
4302 4202 4303 0
4202 4203 4303 0
4303 4203 4304 0
4203 4204 4304 0
4304 4204 4305 0
4204 4205 4305 0
4305 4205 4306 0
4205 4206 4306 0
4306 4206 4307 0
4206 4207 4307 0
4307 4207 4308 0
4207 4208 4308 0
4308 4208 4309 0
4208 4209 4309 0
4309 4209 4310 0
4209 4210 4310 0
4310 4210 4311 0
4210 4211 4311 0
4311 4211 4312 0
4211 4212 4312 0
4312 4212 4313 0
4212 4213 4313 0
4313 4213 4314 0
4213 4214 4314 0
4314 4214 4315 0
4214 4215 4315 0
4315 4215 4316 0
4215 4216 4316 0
4316 4216 4317 0
4216 4217 4317 0
4317 4217 4318 0
4217 4218 4318 0
4318 4218 4319 0
4218 4219 4319 0
4319 4219 4320 0
4219 4220 4320 0
4320 4220 4321 0
4220 4221 4321 0
4321 4221 4322 0
4221 4222 4322 0
4322 4222 4323 0
4222 4223 4323 0
4323 4223 4324 0
4223 4224 4324 0
4324 4224 4325 0
4224 4225 4325 0
4325 4225 4326 0
4225 4226 4326 0
4326 4226 4327 0
4226 4227 4327 0
4327 4227 4328 0
4227 4228 4328 0
4328 4228 4329 0
4228 4229 4329 0
4329 4229 4330 0
4229 4230 4330 0
4330 4230 4331 0
4230 4231 4331 0
4331 4231 4332 0
4231 4232 4332 0
4332 4232 4333 0
4232 4233 4333 0
4333 4233 4334 0
4233 4234 4334 0
4334 4234 4335 0
4234 4235 4335 0
4335 4235 4336 0
4235 4236 4336 0
4336 4236 4337 0
4236 4237 4337 0
4337 4237 4338 0
4237 4238 4338 0
4338 4238 4339 0
4238 4239 4339 0
4339 4239 4340 0
4239 4240 4340 0
4340 4240 4341 0
4240 4241 4341 0
4341 4241 4342 0
4241 4242 4342 0
4342 4242 4343 0
4243 4244 4344 0
4344 4244 4345 0
4244 4245 4345 0
4345 4245 4346 0
4245 4246 4346 0
4346 4246 4347 0
4246 4247 4347 0
4347 4247 4348 0
4247 4248 4348 0
4348 4248 4349 0
4248 4249 4349 0
4349 4249 4350 0
4249 4250 4350 0
4350 4250 4351 0
4250 4251 4351 0
4351 4251 4352 0
4251 4252 4352 0
4352 4252 4353 0
4252 4253 4353 0
4353 4253 4354 0
4253 4254 4354 0
4354 4254 4355 0
4254 4255 4355 0
4355 4255 4356 0
4255 4256 4356 0
4356 4256 4357 0
4256 4257 4357 0
4357 4257 4358 0
4257 4258 4358 0
4358 4258 4359 0
4258 4259 4359 0
4359 4259 4360 0
4259 4260 4360 0
4360 4260 4361 0
4260 4261 4361 0
4361 4261 4362 0
4261 4262 4362 0
4362 4262 4363 0
4262 4263 4363 0
4363 4263 4364 0
4263 4264 4364 0
4364 4264 4365 0
4264 4265 4365 0
4365 4265 4366 0
4265 4266 4366 0
4366 4266 4367 0
4266 4267 4367 0
4367 4267 4368 0
4267 4268 4368 0
4368 4268 4369 0
4268 4269 4369 0
4369 4269 4370 0
4269 4270 4370 0
4370 4270 4371 0
4270 4271 4371 0
4371 4271 4372 0
4271 4272 4372 0
4372 4272 4373 0
4272 4273 4373 0
4373 4273 4374 0
4273 4274 4374 0
4374 4274 4375 0
4274 4275 4375 0
4375 4275 4376 0
4275 4276 4376 0
4376 4276 4377 0
4276 4277 4377 0
4377 4277 4378 0
4277 4278 4378 0
4378 4278 4379 0
4278 4279 4379 0
4379 4279 4380 0
4279 4280 4380 0
4380 4280 4381 0
4280 4281 4381 0
4381 4281 4382 0
4281 4282 4382 0
4382 4282 4383 0
4282 4283 4383 0
4383 4283 4384 0
4283 4284 4384 0
4384 4284 4385 0
4284 4285 4385 0
4385 4285 4386 0
4285 4286 4386 0
4386 4286 4387 0
4286 4287 4387 0
4387 4287 4388 0
4287 4288 4388 0
4388 4288 4389 0
4288 4289 4389 0
4389 4289 4390 0
4289 4290 4390 0
4390 4290 4391 0
4290 4291 4391 0
4391 4291 4392 0
4291 4292 4392 0
4392 4292 4393 0
4292 4293 4393 0
4393 4293 4394 0
4293 4294 4394 0
4394 4294 4395 0
4294 4295 4395 0
4395 4295 4396 0
4295 4296 4396 0
4396 4296 4397 0
4296 4297 4397 0
4397 4297 4398 0
4297 4298 4398 0
4398 4298 4399 0
4298 4299 4399 0
4399 4299 4400 0
4299 4300 4400 0
4400 4300 4401 0
4300 4301 4401 0
4401 4301 4402 0
4301 4302 4402 0
4402 4302 4403 0
4302 4303 4403 0
4403 4303 4404 0
4303 4304 4404 0
4404 4304 4405 0
4304 4305 4405 0
4405 4305 4406 0
4305 4306 4406 0
4406 4306 4407 0
4306 4307 4407 0
4407 4307 4408 0
4307 4308 4408 0
4408 4308 4409 0
4308 4309 4409 0
4409 4309 4410 0
4309 4310 4410 0
4410 4310 4411 0
4310 4311 4411 0
4411 4311 4412 0
4311 4312 4412 0
4412 4312 4413 0
4312 4313 4413 0
4413 4313 4414 0
4313 4314 4414 0
4414 4314 4415 0
4314 4315 4415 0
4415 4315 4416 0
4315 4316 4416 0
4416 4316 4417 0
4316 4317 4417 0
4417 4317 4418 0
4317 4318 4418 0
4418 4318 4419 0
4318 4319 4419 0
4419 4319 4420 0
4319 4320 4420 0
4420 4320 4421 0
4320 4321 4421 0
4421 4321 4422 0
4321 4322 4422 0
4422 4322 4423 0
4322 4323 4423 0
4423 4323 4424 0
4323 4324 4424 0
4424 4324 4425 0
4324 4325 4425 0
4425 4325 4426 0
4325 4326 4426 0
4426 4326 4427 0
4326 4327 4427 0
4427 4327 4428 0
4327 4328 4428 0
4428 4328 4429 0
4328 4329 4429 0
4429 4329 4430 0
4329 4330 4430 0
4430 4330 4431 0
4330 4331 4431 0
4431 4331 4432 0
4331 4332 4432 0
4432 4332 4433 0
4332 4333 4433 0
4433 4333 4434 0
4333 4334 4434 0
4434 4334 4435 0
4334 4335 4435 0
4435 4335 4436 0
4335 4336 4436 0
4436 4336 4437 0
4336 4337 4437 0
4437 4337 4438 0
4337 4338 4438 0
4438 4338 4439 0
4338 4339 4439 0
4439 4339 4440 0
4339 4340 4440 0
4440 4340 4441 0
4340 4341 4441 0
4441 4341 4442 0
4341 4342 4442 0
4442 4342 4443 0
4342 4343 4443 0
4443 4343 4444 0
4344 4345 4445 0
4445 4345 4446 0
4345 4346 4446 0
4446 4346 4447 0
4346 4347 4447 0
4447 4347 4448 0
4347 4348 4448 0
4448 4348 4449 0
4348 4349 4449 0
4449 4349 4450 0
4349 4350 4450 0
4450 4350 4451 0
4350 4351 4451 0
4451 4351 4452 0
4351 4352 4452 0
4452 4352 4453 0
4352 4353 4453 0
4453 4353 4454 0
4353 4354 4454 0
4454 4354 4455 0
4354 4355 4455 0
4455 4355 4456 0
4355 4356 4456 0
4456 4356 4457 0
4356 4357 4457 0
4457 4357 4458 0
4357 4358 4458 0
4458 4358 4459 0
4358 4359 4459 0
4459 4359 4460 0
4359 4360 4460 0
4460 4360 4461 0
4360 4361 4461 0
4461 4361 4462 0
4361 4362 4462 0
4462 4362 4463 0
4362 4363 4463 0
4463 4363 4464 0
4363 4364 4464 0
4464 4364 4465 0
4364 4365 4465 0
4465 4365 4466 0
4365 4366 4466 0
4466 4366 4467 0
4366 4367 4467 0
4467 4367 4468 0
4367 4368 4468 0
4468 4368 4469 0
4368 4369 4469 0
4469 4369 4470 0
4369 4370 4470 0
4470 4370 4471 0
4370 4371 4471 0
4471 4371 4472 0
4371 4372 4472 0
4472 4372 4473 0
4372 4373 4473 0
4473 4373 4474 0
4373 4374 4474 0
4474 4374 4475 0
4374 4375 4475 0
4475 4375 4476 0
4375 4376 4476 0
4476 4376 4477 0
4376 4377 4477 0
4477 4377 4478 0
4377 4378 4478 0
4478 4378 4479 0
4378 4379 4479 0
4479 4379 4480 0
4379 4380 4480 0
4480 4380 4481 0
4380 4381 4481 0
4481 4381 4482 0
4381 4382 4482 0
4482 4382 4483 0
4382 4383 4483 0
4483 4383 4484 0
4383 4384 4484 0
4484 4384 4485 0
4384 4385 4485 0
4485 4385 4486 0
4385 4386 4486 0
4486 4386 4487 0
4386 4387 4487 0
4487 4387 4488 0
4387 4388 4488 0
4488 4388 4489 0
4388 4389 4489 0
4489 4389 4490 0
4389 4390 4490 0
4490 4390 4491 0
4390 4391 4491 0
4491 4391 4492 0
4391 4392 4492 0
4492 4392 4493 0
4392 4393 4493 0
4493 4393 4494 0
4393 4394 4494 0
4494 4394 4495 0
4394 4395 4495 0
4495 4395 4496 0
4395 4396 4496 0
4496 4396 4497 0
4396 4397 4497 0
4497 4397 4498 0
4397 4398 4498 0
4498 4398 4499 0
4398 4399 4499 0
4499 4399 4500 0
4399 4400 4500 0
4500 4400 4501 0
4400 4401 4501 0
4501 4401 4502 0
4401 4402 4502 0
4502 4402 4503 0
4402 4403 4503 0
4503 4403 4504 0
4403 4404 4504 0
4504 4404 4505 0
4404 4405 4505 0
4505 4405 4506 0
4405 4406 4506 0
4506 4406 4507 0
4406 4407 4507 0
4507 4407 4508 0
4407 4408 4508 0
4508 4408 4509 0
4408 4409 4509 0
4509 4409 4510 0
4409 4410 4510 0
4510 4410 4511 0
4410 4411 4511 0
4511 4411 4512 0
4411 4412 4512 0
4512 4412 4513 0
4412 4413 4513 0
4513 4413 4514 0
4413 4414 4514 0
4514 4414 4515 0
4414 4415 4515 0
4515 4415 4516 0
4415 4416 4516 0
4516 4416 4517 0
4416 4417 4517 0
4517 4417 4518 0
4417 4418 4518 0
4518 4418 4519 0
4418 4419 4519 0
4519 4419 4520 0
4419 4420 4520 0
4520 4420 4521 0
4420 4421 4521 0
4521 4421 4522 0
4421 4422 4522 0
4522 4422 4523 0
4422 4423 4523 0
4523 4423 4524 0
4423 4424 4524 0
4524 4424 4525 0
4424 4425 4525 0
4525 4425 4526 0
4425 4426 4526 0
4526 4426 4527 0
4426 4427 4527 0
4527 4427 4528 0
4427 4428 4528 0
4528 4428 4529 0
4428 4429 4529 0
4529 4429 4530 0
4429 4430 4530 0
4530 4430 4531 0
4430 4431 4531 0
4531 4431 4532 0
4431 4432 4532 0
4532 4432 4533 0
4432 4433 4533 0
4533 4433 4534 0
4433 4434 4534 0
4534 4434 4535 0
4434 4435 4535 0
4535 4435 4536 0
4435 4436 4536 0
4536 4436 4537 0
4436 4437 4537 0
4537 4437 4538 0
4437 4438 4538 0
4538 4438 4539 0
4438 4439 4539 0
4539 4439 4540 0
4439 4440 4540 0
4540 4440 4541 0
4440 4441 4541 0
4541 4441 4542 0
4441 4442 4542 0
4542 4442 4543 0
4442 4443 4543 0
4543 4443 4544 0
4443 4444 4544 0
4544 4444 4545 0
4445 4446 4546 0
4546 4446 4547 0
4446 4447 4547 0
4547 4447 4548 0
4447 4448 4548 0
4548 4448 4549 0
4448 4449 4549 0
4549 4449 4550 0
4449 4450 4550 0
4550 4450 4551 0
4450 4451 4551 0
4551 4451 4552 0
4451 4452 4552 0
4552 4452 4553 0
4452 4453 4553 0
4553 4453 4554 0
4453 4454 4554 0
4554 4454 4555 0
4454 4455 4555 0
4555 4455 4556 0
4455 4456 4556 0
4556 4456 4557 0
4456 4457 4557 0
4557 4457 4558 0
4457 4458 4558 0
4558 4458 4559 0
4458 4459 4559 0
4559 4459 4560 0
4459 4460 4560 0
4560 4460 4561 0
4460 4461 4561 0
4561 4461 4562 0
4461 4462 4562 0
4562 4462 4563 0
4462 4463 4563 0
4563 4463 4564 0
4463 4464 4564 0
4564 4464 4565 0
4464 4465 4565 0
4565 4465 4566 0
4465 4466 4566 0
4566 4466 4567 0
4466 4467 4567 0
4567 4467 4568 0
4467 4468 4568 0
4568 4468 4569 0
4468 4469 4569 0
4569 4469 4570 0
4469 4470 4570 0
4570 4470 4571 0
4470 4471 4571 0
4571 4471 4572 0
4471 4472 4572 0
4572 4472 4573 0
4472 4473 4573 0
4573 4473 4574 0
4473 4474 4574 0
4574 4474 4575 0
4474 4475 4575 0
4575 4475 4576 0
4475 4476 4576 0
4576 4476 4577 0
4476 4477 4577 0
4577 4477 4578 0
4477 4478 4578 0
4578 4478 4579 0
4478 4479 4579 0
4579 4479 4580 0
4479 4480 4580 0
4580 4480 4581 0
4480 4481 4581 0
4581 4481 4582 0
4481 4482 4582 0
4582 4482 4583 0
4482 4483 4583 0
4583 4483 4584 0
4483 4484 4584 0
4584 4484 4585 0
4484 4485 4585 0
4585 4485 4586 0
4485 4486 4586 0
4586 4486 4587 0
4486 4487 4587 0
4587 4487 4588 0
4487 4488 4588 0
4588 4488 4589 0
4488 4489 4589 0
4589 4489 4590 0
4489 4490 4590 0
4590 4490 4591 0
4490 4491 4591 0
4591 4491 4592 0
4491 4492 4592 0
4592 4492 4593 0
4492 4493 4593 0
4593 4493 4594 0
4493 4494 4594 0
4594 4494 4595 0
4494 4495 4595 0
4595 4495 4596 0
4495 4496 4596 0
4596 4496 4597 0
4496 4497 4597 0
4597 4497 4598 0
4497 4498 4598 0
4598 4498 4599 0
4498 4499 4599 0
4599 4499 4600 0
4499 4500 4600 0
4600 4500 4601 0
4500 4501 4601 0
4601 4501 4602 0
4501 4502 4602 0
4602 4502 4603 0
4502 4503 4603 0
4603 4503 4604 0
4503 4504 4604 0
4604 4504 4605 0
4504 4505 4605 0
4605 4505 4606 0
4505 4506 4606 0
4606 4506 4607 0
4506 4507 4607 0
4607 4507 4608 0
4507 4508 4608 0
4608 4508 4609 0
4508 4509 4609 0
4609 4509 4610 0
4509 4510 4610 0
4610 4510 4611 0
4510 4511 4611 0
4611 4511 4612 0
4511 4512 4612 0
4612 4512 4613 0
4512 4513 4613 0
4613 4513 4614 0
4513 4514 4614 0
4614 4514 4615 0
4514 4515 4615 0
4615 4515 4616 0
4515 4516 4616 0
4616 4516 4617 0
4516 4517 4617 0
4617 4517 4618 0
4517 4518 4618 0
4618 4518 4619 0
4518 4519 4619 0
4619 4519 4620 0
4519 4520 4620 0
4620 4520 4621 0
4520 4521 4621 0
4621 4521 4622 0
4521 4522 4622 0
4622 4522 4623 0
4522 4523 4623 0
4623 4523 4624 0
4523 4524 4624 0
4624 4524 4625 0
4524 4525 4625 0
4625 4525 4626 0
4525 4526 4626 0
4626 4526 4627 0
4526 4527 4627 0
4627 4527 4628 0
4527 4528 4628 0
4628 4528 4629 0
4528 4529 4629 0
4629 4529 4630 0
4529 4530 4630 0
4630 4530 4631 0
4530 4531 4631 0
4631 4531 4632 0
4531 4532 4632 0
4632 4532 4633 0
4532 4533 4633 0
4633 4533 4634 0
4533 4534 4634 0
4634 4534 4635 0
4534 4535 4635 0
4635 4535 4636 0
4535 4536 4636 0
4636 4536 4637 0
4536 4537 4637 0
4637 4537 4638 0
4537 4538 4638 0
4638 4538 4639 0
4538 4539 4639 0
4639 4539 4640 0
4539 4540 4640 0
4640 4540 4641 0
4540 4541 4641 0
4641 4541 4642 0
4541 4542 4642 0
4642 4542 4643 0
4542 4543 4643 0
4643 4543 4644 0
4543 4544 4644 0
4644 4544 4645 0
4544 4545 4645 0
4645 4545 4646 0
4546 4547 4647 0
4647 4547 4648 0
4547 4548 4648 0
4648 4548 4649 0
4548 4549 4649 0
4649 4549 4650 0
4549 4550 4650 0
4650 4550 4651 0
4550 4551 4651 0
4651 4551 4652 0
4551 4552 4652 0
4652 4552 4653 0
4552 4553 4653 0
4653 4553 4654 0
4553 4554 4654 0
4654 4554 4655 0
4554 4555 4655 0
4655 4555 4656 0
4555 4556 4656 0
4656 4556 4657 0
4556 4557 4657 0
4657 4557 4658 0
4557 4558 4658 0
4658 4558 4659 0
4558 4559 4659 0
4659 4559 4660 0
4559 4560 4660 0
4660 4560 4661 0
4560 4561 4661 0
4661 4561 4662 0
4561 4562 4662 0
4662 4562 4663 0
4562 4563 4663 0
4663 4563 4664 0
4563 4564 4664 0
4664 4564 4665 0
4564 4565 4665 0
4665 4565 4666 0
4565 4566 4666 0
4666 4566 4667 0
4566 4567 4667 0
4667 4567 4668 0
4567 4568 4668 0
4668 4568 4669 0
4568 4569 4669 0
4669 4569 4670 0
4569 4570 4670 0
4670 4570 4671 0
4570 4571 4671 0
4671 4571 4672 0
4571 4572 4672 0
4672 4572 4673 0
4572 4573 4673 0
4673 4573 4674 0
4573 4574 4674 0
4674 4574 4675 0
4574 4575 4675 0
4675 4575 4676 0
4575 4576 4676 0
4676 4576 4677 0
4576 4577 4677 0
4677 4577 4678 0
4577 4578 4678 0
4678 4578 4679 0
4578 4579 4679 0
4679 4579 4680 0
4579 4580 4680 0
4680 4580 4681 0
4580 4581 4681 0
4681 4581 4682 0
4581 4582 4682 0
4682 4582 4683 0
4582 4583 4683 0
4683 4583 4684 0
4583 4584 4684 0
4684 4584 4685 0
4584 4585 4685 0
4685 4585 4686 0
4585 4586 4686 0
4686 4586 4687 0
4586 4587 4687 0
4687 4587 4688 0
4587 4588 4688 0
4688 4588 4689 0
4588 4589 4689 0
4689 4589 4690 0
4589 4590 4690 0
4690 4590 4691 0
4590 4591 4691 0
4691 4591 4692 0
4591 4592 4692 0
4692 4592 4693 0
4592 4593 4693 0
4693 4593 4694 0
4593 4594 4694 0
4694 4594 4695 0
4594 4595 4695 0
4695 4595 4696 0
4595 4596 4696 0
4696 4596 4697 0
4596 4597 4697 0
4697 4597 4698 0
4597 4598 4698 0
4698 4598 4699 0
4598 4599 4699 0
4699 4599 4700 0
4599 4600 4700 0
4700 4600 4701 0
4600 4601 4701 0
4701 4601 4702 0
4601 4602 4702 0
4702 4602 4703 0
4602 4603 4703 0
4703 4603 4704 0
4603 4604 4704 0
4704 4604 4705 0
4604 4605 4705 0
4705 4605 4706 0
4605 4606 4706 0
4706 4606 4707 0
4606 4607 4707 0
4707 4607 4708 0
4607 4608 4708 0
4708 4608 4709 0
4608 4609 4709 0
4709 4609 4710 0
4609 4610 4710 0
4710 4610 4711 0
4610 4611 4711 0
4711 4611 4712 0
4611 4612 4712 0
4712 4612 4713 0
4612 4613 4713 0
4713 4613 4714 0
4613 4614 4714 0
4714 4614 4715 0
4614 4615 4715 0
4715 4615 4716 0
4615 4616 4716 0
4716 4616 4717 0
4616 4617 4717 0
4717 4617 4718 0
4617 4618 4718 0
4718 4618 4719 0
4618 4619 4719 0
4719 4619 4720 0
4619 4620 4720 0
4720 4620 4721 0
4620 4621 4721 0
4721 4621 4722 0
4621 4622 4722 0
4722 4622 4723 0
4622 4623 4723 0
4723 4623 4724 0
4623 4624 4724 0
4724 4624 4725 0
4624 4625 4725 0
4725 4625 4726 0
4625 4626 4726 0
4726 4626 4727 0
4626 4627 4727 0
4727 4627 4728 0
4627 4628 4728 0
4728 4628 4729 0
4628 4629 4729 0
4729 4629 4730 0
4629 4630 4730 0
4730 4630 4731 0
4630 4631 4731 0
4731 4631 4732 0
4631 4632 4732 0
4732 4632 4733 0
4632 4633 4733 0
4733 4633 4734 0
4633 4634 4734 0
4734 4634 4735 0
4634 4635 4735 0
4735 4635 4736 0
4635 4636 4736 0
4736 4636 4737 0
4636 4637 4737 0
4737 4637 4738 0
4637 4638 4738 0
4738 4638 4739 0
4638 4639 4739 0
4739 4639 4740 0
4639 4640 4740 0
4740 4640 4741 0
4640 4641 4741 0
4741 4641 4742 0
4641 4642 4742 0
4742 4642 4743 0
4642 4643 4743 0
4743 4643 4744 0
4643 4644 4744 0
4744 4644 4745 0
4644 4645 4745 0
4745 4645 4746 0
4645 4646 4746 0
4746 4646 4747 0
4647 4648 4748 0
4748 4648 4749 0
4648 4649 4749 0
4749 4649 4750 0
4649 4650 4750 0
4750 4650 4751 0
4650 4651 4751 0
4751 4651 4752 0
4651 4652 4752 0
4752 4652 4753 0
4652 4653 4753 0
4753 4653 4754 0
4653 4654 4754 0
4754 4654 4755 0
4654 4655 4755 0
4755 4655 4756 0
4655 4656 4756 0
4756 4656 4757 0
4656 4657 4757 0
4757 4657 4758 0
4657 4658 4758 0
4758 4658 4759 0
4658 4659 4759 0
4759 4659 4760 0
4659 4660 4760 0
4760 4660 4761 0
4660 4661 4761 0
4761 4661 4762 0
4661 4662 4762 0
4762 4662 4763 0
4662 4663 4763 0
4763 4663 4764 0
4663 4664 4764 0
4764 4664 4765 0
4664 4665 4765 0
4765 4665 4766 0
4665 4666 4766 0
4766 4666 4767 0
4666 4667 4767 0
4767 4667 4768 0
4667 4668 4768 0
4768 4668 4769 0
4668 4669 4769 0
4769 4669 4770 0
4669 4670 4770 0
4770 4670 4771 0
4670 4671 4771 0
4771 4671 4772 0
4671 4672 4772 0
4772 4672 4773 0
4672 4673 4773 0
4773 4673 4774 0
4673 4674 4774 0
4774 4674 4775 0
4674 4675 4775 0
4775 4675 4776 0
4675 4676 4776 0
4776 4676 4777 0
4676 4677 4777 0
4777 4677 4778 0
4677 4678 4778 0
4778 4678 4779 0
4678 4679 4779 0
4779 4679 4780 0
4679 4680 4780 0
4780 4680 4781 0
4680 4681 4781 0
4781 4681 4782 0
4681 4682 4782 0
4782 4682 4783 0
4682 4683 4783 0
4783 4683 4784 0
4683 4684 4784 0
4784 4684 4785 0
4684 4685 4785 0
4785 4685 4786 0
4685 4686 4786 0
4786 4686 4787 0
4686 4687 4787 0
4787 4687 4788 0
4687 4688 4788 0
4788 4688 4789 0
4688 4689 4789 0
4789 4689 4790 0
4689 4690 4790 0
4790 4690 4791 0
4690 4691 4791 0
4791 4691 4792 0
4691 4692 4792 0
4792 4692 4793 0
4692 4693 4793 0
4793 4693 4794 0
4693 4694 4794 0
4794 4694 4795 0
4694 4695 4795 0
4795 4695 4796 0
4695 4696 4796 0
4796 4696 4797 0
4696 4697 4797 0
4797 4697 4798 0
4697 4698 4798 0
4798 4698 4799 0
4698 4699 4799 0
4799 4699 4800 0
4699 4700 4800 0
4800 4700 4801 0
4700 4701 4801 0
4801 4701 4802 0
4701 4702 4802 0
4802 4702 4803 0
4702 4703 4803 0
4803 4703 4804 0
4703 4704 4804 0
4804 4704 4805 0
4704 4705 4805 0
4805 4705 4806 0
4705 4706 4806 0
4806 4706 4807 0
4706 4707 4807 0
4807 4707 4808 0
4707 4708 4808 0
4808 4708 4809 0
4708 4709 4809 0
4809 4709 4810 0
4709 4710 4810 0
4810 4710 4811 0
4710 4711 4811 0
4811 4711 4812 0
4711 4712 4812 0
4812 4712 4813 0
4712 4713 4813 0
4813 4713 4814 0
4713 4714 4814 0
4814 4714 4815 0
4714 4715 4815 0
4815 4715 4816 0
4715 4716 4816 0
4816 4716 4817 0
4716 4717 4817 0
4817 4717 4818 0
4717 4718 4818 0
4818 4718 4819 0
4718 4719 4819 0
4819 4719 4820 0
4719 4720 4820 0
4820 4720 4821 0
4720 4721 4821 0
4821 4721 4822 0
4721 4722 4822 0
4822 4722 4823 0
4722 4723 4823 0
4823 4723 4824 0
4723 4724 4824 0
4824 4724 4825 0
4724 4725 4825 0
4825 4725 4826 0
4725 4726 4826 0
4826 4726 4827 0
4726 4727 4827 0
4827 4727 4828 0
4727 4728 4828 0
4828 4728 4829 0
4728 4729 4829 0
4829 4729 4830 0
4729 4730 4830 0
4830 4730 4831 0
4730 4731 4831 0
4831 4731 4832 0
4731 4732 4832 0
4832 4732 4833 0
4732 4733 4833 0
4833 4733 4834 0
4733 4734 4834 0
4834 4734 4835 0
4734 4735 4835 0
4835 4735 4836 0
4735 4736 4836 0
4836 4736 4837 0
4736 4737 4837 0
4837 4737 4838 0
4737 4738 4838 0
4838 4738 4839 0
4738 4739 4839 0
4839 4739 4840 0
4739 4740 4840 0
4840 4740 4841 0
4740 4741 4841 0
4841 4741 4842 0
4741 4742 4842 0
4842 4742 4843 0
4742 4743 4843 0
4843 4743 4844 0
4743 4744 4844 0
4844 4744 4845 0
4744 4745 4845 0
4845 4745 4846 0
4745 4746 4846 0
4846 4746 4847 0
4746 4747 4847 0
4847 4747 4848 0
4748 4749 4849 0
4849 4749 4850 0
4749 4750 4850 0
4850 4750 4851 0
4750 4751 4851 0
4851 4751 4852 0
4751 4752 4852 0
4852 4752 4853 0
4752 4753 4853 0
4853 4753 4854 0
4753 4754 4854 0
4854 4754 4855 0
4754 4755 4855 0
4855 4755 4856 0
4755 4756 4856 0
4856 4756 4857 0
4756 4757 4857 0
4857 4757 4858 0
4757 4758 4858 0
4858 4758 4859 0
4758 4759 4859 0
4859 4759 4860 0
4759 4760 4860 0
4860 4760 4861 0
4760 4761 4861 0
4861 4761 4862 0
4761 4762 4862 0
4862 4762 4863 0
4762 4763 4863 0
4863 4763 4864 0
4763 4764 4864 0
4864 4764 4865 0
4764 4765 4865 0
4865 4765 4866 0
4765 4766 4866 0
4866 4766 4867 0
4766 4767 4867 0
4867 4767 4868 0
4767 4768 4868 0
4868 4768 4869 0
4768 4769 4869 0
4869 4769 4870 0
4769 4770 4870 0
4870 4770 4871 0
4770 4771 4871 0
4871 4771 4872 0
4771 4772 4872 0
4872 4772 4873 0
4772 4773 4873 0
4873 4773 4874 0
4773 4774 4874 0
4874 4774 4875 0
4774 4775 4875 0
4875 4775 4876 0
4775 4776 4876 0
4876 4776 4877 0
4776 4777 4877 0
4877 4777 4878 0
4777 4778 4878 0
4878 4778 4879 0
4778 4779 4879 0
4879 4779 4880 0
4779 4780 4880 0
4880 4780 4881 0
4780 4781 4881 0
4881 4781 4882 0
4781 4782 4882 0
4882 4782 4883 0
4782 4783 4883 0
4883 4783 4884 0
4783 4784 4884 0
4884 4784 4885 0
4784 4785 4885 0
4885 4785 4886 0
4785 4786 4886 0
4886 4786 4887 0
4786 4787 4887 0
4887 4787 4888 0
4787 4788 4888 0
4888 4788 4889 0
4788 4789 4889 0
4889 4789 4890 0
4789 4790 4890 0
4890 4790 4891 0
4790 4791 4891 0
4891 4791 4892 0
4791 4792 4892 0
4892 4792 4893 0
4792 4793 4893 0
4893 4793 4894 0
4793 4794 4894 0
4894 4794 4895 0
4794 4795 4895 0
4895 4795 4896 0
4795 4796 4896 0
4896 4796 4897 0
4796 4797 4897 0
4897 4797 4898 0
4797 4798 4898 0
4898 4798 4899 0
4798 4799 4899 0
4899 4799 4900 0
4799 4800 4900 0
4900 4800 4901 0
4800 4801 4901 0
4901 4801 4902 0
4801 4802 4902 0
4902 4802 4903 0
4802 4803 4903 0
4903 4803 4904 0
4803 4804 4904 0
4904 4804 4905 0
4804 4805 4905 0
4905 4805 4906 0
4805 4806 4906 0
4906 4806 4907 0
4806 4807 4907 0
4907 4807 4908 0
4807 4808 4908 0
4908 4808 4909 0
4808 4809 4909 0
4909 4809 4910 0
4809 4810 4910 0
4910 4810 4911 0
4810 4811 4911 0
4911 4811 4912 0
4811 4812 4912 0
4912 4812 4913 0
4812 4813 4913 0
4913 4813 4914 0
4813 4814 4914 0
4914 4814 4915 0
4814 4815 4915 0
4915 4815 4916 0
4815 4816 4916 0
4916 4816 4917 0
4816 4817 4917 0
4917 4817 4918 0
4817 4818 4918 0
4918 4818 4919 0
4818 4819 4919 0
4919 4819 4920 0
4819 4820 4920 0
4920 4820 4921 0
4820 4821 4921 0
4921 4821 4922 0
4821 4822 4922 0
4922 4822 4923 0
4822 4823 4923 0
4923 4823 4924 0
4823 4824 4924 0
4924 4824 4925 0
4824 4825 4925 0
4925 4825 4926 0
4825 4826 4926 0
4926 4826 4927 0
4826 4827 4927 0
4927 4827 4928 0
4827 4828 4928 0
4928 4828 4929 0
4828 4829 4929 0
4929 4829 4930 0
4829 4830 4930 0
4930 4830 4931 0
4830 4831 4931 0
4931 4831 4932 0
4831 4832 4932 0
4932 4832 4933 0
4832 4833 4933 0
4933 4833 4934 0
4833 4834 4934 0
4934 4834 4935 0
4834 4835 4935 0
4935 4835 4936 0
4835 4836 4936 0
4936 4836 4937 0
4836 4837 4937 0
4937 4837 4938 0
4837 4838 4938 0
4938 4838 4939 0
4838 4839 4939 0
4939 4839 4940 0
4839 4840 4940 0
4940 4840 4941 0
4840 4841 4941 0
4941 4841 4942 0
4841 4842 4942 0
4942 4842 4943 0
4842 4843 4943 0
4943 4843 4944 0
4843 4844 4944 0
4944 4844 4945 0
4844 4845 4945 0
4945 4845 4946 0
4845 4846 4946 0
4946 4846 4947 0
4846 4847 4947 0
4947 4847 4948 0
4847 4848 4948 0
4948 4848 4949 0
4849 4850 4950 0
4950 4850 4951 0
4850 4851 4951 0
4951 4851 4952 0
4851 4852 4952 0
4952 4852 4953 0
4852 4853 4953 0
4953 4853 4954 0
4853 4854 4954 0
4954 4854 4955 0
4854 4855 4955 0
4955 4855 4956 0
4855 4856 4956 0
4956 4856 4957 0
4856 4857 4957 0
4957 4857 4958 0
4857 4858 4958 0
4958 4858 4959 0
4858 4859 4959 0
4959 4859 4960 0
4859 4860 4960 0
4960 4860 4961 0
4860 4861 4961 0
4961 4861 4962 0
4861 4862 4962 0
4962 4862 4963 0
4862 4863 4963 0
4963 4863 4964 0
4863 4864 4964 0
4964 4864 4965 0
4864 4865 4965 0
4965 4865 4966 0
4865 4866 4966 0
4966 4866 4967 0
4866 4867 4967 0
4967 4867 4968 0
4867 4868 4968 0
4968 4868 4969 0
4868 4869 4969 0
4969 4869 4970 0
4869 4870 4970 0
4970 4870 4971 0
4870 4871 4971 0
4971 4871 4972 0
4871 4872 4972 0
4972 4872 4973 0
4872 4873 4973 0
4973 4873 4974 0
4873 4874 4974 0
4974 4874 4975 0
4874 4875 4975 0
4975 4875 4976 0
4875 4876 4976 0
4976 4876 4977 0
4876 4877 4977 0
4977 4877 4978 0
4877 4878 4978 0
4978 4878 4979 0
4878 4879 4979 0
4979 4879 4980 0
4879 4880 4980 0
4980 4880 4981 0
4880 4881 4981 0
4981 4881 4982 0
4881 4882 4982 0
4982 4882 4983 0
4882 4883 4983 0
4983 4883 4984 0
4883 4884 4984 0
4984 4884 4985 0
4884 4885 4985 0
4985 4885 4986 0
4885 4886 4986 0
4986 4886 4987 0
4886 4887 4987 0
4987 4887 4988 0
4887 4888 4988 0
4988 4888 4989 0
4888 4889 4989 0
4989 4889 4990 0
4889 4890 4990 0
4990 4890 4991 0
4890 4891 4991 0
4991 4891 4992 0
4891 4892 4992 0
4992 4892 4993 0
4892 4893 4993 0
4993 4893 4994 0
4893 4894 4994 0
4994 4894 4995 0
4894 4895 4995 0
4995 4895 4996 0
4895 4896 4996 0
4996 4896 4997 0
4896 4897 4997 0
4997 4897 4998 0
4897 4898 4998 0
4998 4898 4999 0
4898 4899 4999 0
4999 4899 5000 0
4899 4900 5000 0
5000 4900 5001 0
4900 4901 5001 0
5001 4901 5002 0
4901 4902 5002 0
5002 4902 5003 0
4902 4903 5003 0
5003 4903 5004 0
4903 4904 5004 0
5004 4904 5005 0
4904 4905 5005 0
5005 4905 5006 0
4905 4906 5006 0
5006 4906 5007 0
4906 4907 5007 0
5007 4907 5008 0
4907 4908 5008 0
5008 4908 5009 0
4908 4909 5009 0
5009 4909 5010 0
4909 4910 5010 0
5010 4910 5011 0
4910 4911 5011 0
5011 4911 5012 0
4911 4912 5012 0
5012 4912 5013 0
4912 4913 5013 0
5013 4913 5014 0
4913 4914 5014 0
5014 4914 5015 0
4914 4915 5015 0
5015 4915 5016 0
4915 4916 5016 0
5016 4916 5017 0
4916 4917 5017 0
5017 4917 5018 0
4917 4918 5018 0
5018 4918 5019 0
4918 4919 5019 0
5019 4919 5020 0
4919 4920 5020 0
5020 4920 5021 0
4920 4921 5021 0
5021 4921 5022 0
4921 4922 5022 0
5022 4922 5023 0
4922 4923 5023 0
5023 4923 5024 0
4923 4924 5024 0
5024 4924 5025 0
4924 4925 5025 0
5025 4925 5026 0
4925 4926 5026 0
5026 4926 5027 0
4926 4927 5027 0
5027 4927 5028 0
4927 4928 5028 0
5028 4928 5029 0
4928 4929 5029 0
5029 4929 5030 0
4929 4930 5030 0
5030 4930 5031 0
4930 4931 5031 0
5031 4931 5032 0
4931 4932 5032 0
5032 4932 5033 0
4932 4933 5033 0
5033 4933 5034 0
4933 4934 5034 0
5034 4934 5035 0
4934 4935 5035 0
5035 4935 5036 0
4935 4936 5036 0
5036 4936 5037 0
4936 4937 5037 0
5037 4937 5038 0
4937 4938 5038 0
5038 4938 5039 0
4938 4939 5039 0
5039 4939 5040 0
4939 4940 5040 0
5040 4940 5041 0
4940 4941 5041 0
5041 4941 5042 0
4941 4942 5042 0
5042 4942 5043 0
4942 4943 5043 0
5043 4943 5044 0
4943 4944 5044 0
5044 4944 5045 0
4944 4945 5045 0
5045 4945 5046 0
4945 4946 5046 0
5046 4946 5047 0
4946 4947 5047 0
5047 4947 5048 0
4947 4948 5048 0
5048 4948 5049 0
4948 4949 5049 0
5049 4949 5050 0
4950 4951 5051 0
5051 4951 5052 0
4951 4952 5052 0
5052 4952 5053 0
4952 4953 5053 0
5053 4953 5054 0
4953 4954 5054 0
5054 4954 5055 0
4954 4955 5055 0
5055 4955 5056 0
4955 4956 5056 0
5056 4956 5057 0
4956 4957 5057 0
5057 4957 5058 0
4957 4958 5058 0
5058 4958 5059 0
4958 4959 5059 0
5059 4959 5060 0
4959 4960 5060 0
5060 4960 5061 0
4960 4961 5061 0
5061 4961 5062 0
4961 4962 5062 0
5062 4962 5063 0
4962 4963 5063 0
5063 4963 5064 0
4963 4964 5064 0
5064 4964 5065 0
4964 4965 5065 0
5065 4965 5066 0
4965 4966 5066 0
5066 4966 5067 0
4966 4967 5067 0
5067 4967 5068 0
4967 4968 5068 0
5068 4968 5069 0
4968 4969 5069 0
5069 4969 5070 0
4969 4970 5070 0
5070 4970 5071 0
4970 4971 5071 0
5071 4971 5072 0
4971 4972 5072 0
5072 4972 5073 0
4972 4973 5073 0
5073 4973 5074 0
4973 4974 5074 0
5074 4974 5075 0
4974 4975 5075 0
5075 4975 5076 0
4975 4976 5076 0
5076 4976 5077 0
4976 4977 5077 0
5077 4977 5078 0
4977 4978 5078 0
5078 4978 5079 0
4978 4979 5079 0
5079 4979 5080 0
4979 4980 5080 0
5080 4980 5081 0
4980 4981 5081 0
5081 4981 5082 0
4981 4982 5082 0
5082 4982 5083 0
4982 4983 5083 0
5083 4983 5084 0
4983 4984 5084 0
5084 4984 5085 0
4984 4985 5085 0
5085 4985 5086 0
4985 4986 5086 0
5086 4986 5087 0
4986 4987 5087 0
5087 4987 5088 0
4987 4988 5088 0
5088 4988 5089 0
4988 4989 5089 0
5089 4989 5090 0
4989 4990 5090 0
5090 4990 5091 0
4990 4991 5091 0
5091 4991 5092 0
4991 4992 5092 0
5092 4992 5093 0
4992 4993 5093 0
5093 4993 5094 0
4993 4994 5094 0
5094 4994 5095 0
4994 4995 5095 0
5095 4995 5096 0
4995 4996 5096 0
5096 4996 5097 0
4996 4997 5097 0
5097 4997 5098 0
4997 4998 5098 0
5098 4998 5099 0
4998 4999 5099 0
5099 4999 5100 0
4999 5000 5100 0
5100 5000 5101 0
5000 5001 5101 0
5101 5001 5102 0
5001 5002 5102 0
5102 5002 5103 0
5002 5003 5103 0
5103 5003 5104 0
5003 5004 5104 0
5104 5004 5105 0
5004 5005 5105 0
5105 5005 5106 0
5005 5006 5106 0
5106 5006 5107 0
5006 5007 5107 0
5107 5007 5108 0
5007 5008 5108 0
5108 5008 5109 0
5008 5009 5109 0
5109 5009 5110 0
5009 5010 5110 0
5110 5010 5111 0
5010 5011 5111 0
5111 5011 5112 0
5011 5012 5112 0
5112 5012 5113 0
5012 5013 5113 0
5113 5013 5114 0
5013 5014 5114 0
5114 5014 5115 0
5014 5015 5115 0
5115 5015 5116 0
5015 5016 5116 0
5116 5016 5117 0
5016 5017 5117 0
5117 5017 5118 0
5017 5018 5118 0
5118 5018 5119 0
5018 5019 5119 0
5119 5019 5120 0
5019 5020 5120 0
5120 5020 5121 0
5020 5021 5121 0
5121 5021 5122 0
5021 5022 5122 0
5122 5022 5123 0
5022 5023 5123 0
5123 5023 5124 0
5023 5024 5124 0
5124 5024 5125 0
5024 5025 5125 0
5125 5025 5126 0
5025 5026 5126 0
5126 5026 5127 0
5026 5027 5127 0
5127 5027 5128 0
5027 5028 5128 0
5128 5028 5129 0
5028 5029 5129 0
5129 5029 5130 0
5029 5030 5130 0
5130 5030 5131 0
5030 5031 5131 0
5131 5031 5132 0
5031 5032 5132 0
5132 5032 5133 0
5032 5033 5133 0
5133 5033 5134 0
5033 5034 5134 0
5134 5034 5135 0
5034 5035 5135 0
5135 5035 5136 0
5035 5036 5136 0
5136 5036 5137 0
5036 5037 5137 0
5137 5037 5138 0
5037 5038 5138 0
5138 5038 5139 0
5038 5039 5139 0
5139 5039 5140 0
5039 5040 5140 0
5140 5040 5141 0
5040 5041 5141 0
5141 5041 5142 0
5041 5042 5142 0
5142 5042 5143 0
5042 5043 5143 0
5143 5043 5144 0
5043 5044 5144 0
5144 5044 5145 0
5044 5045 5145 0
5145 5045 5146 0
5045 5046 5146 0
5146 5046 5147 0
5046 5047 5147 0
5147 5047 5148 0
5047 5048 5148 0
5148 5048 5149 0
5048 5049 5149 0
5149 5049 5150 0
5049 5050 5150 0
5150 5050 5151 0
5051 5052 5152 0
5152 5052 5153 0
5052 5053 5153 0
5153 5053 5154 0
5053 5054 5154 0
5154 5054 5155 0
5054 5055 5155 0
5155 5055 5156 0
5055 5056 5156 0
5156 5056 5157 0
5056 5057 5157 0
5157 5057 5158 0
5057 5058 5158 0
5158 5058 5159 0
5058 5059 5159 0
5159 5059 5160 0
5059 5060 5160 0
5160 5060 5161 0
5060 5061 5161 0
5161 5061 5162 0
5061 5062 5162 0
5162 5062 5163 0
5062 5063 5163 0
5163 5063 5164 0
5063 5064 5164 0
5164 5064 5165 0
5064 5065 5165 0
5165 5065 5166 0
5065 5066 5166 0
5166 5066 5167 0
5066 5067 5167 0
5167 5067 5168 0
5067 5068 5168 0
5168 5068 5169 0
5068 5069 5169 0
5169 5069 5170 0
5069 5070 5170 0
5170 5070 5171 0
5070 5071 5171 0
5171 5071 5172 0
5071 5072 5172 0
5172 5072 5173 0
5072 5073 5173 0
5173 5073 5174 0
5073 5074 5174 0
5174 5074 5175 0
5074 5075 5175 0
5175 5075 5176 0
5075 5076 5176 0
5176 5076 5177 0
5076 5077 5177 0
5177 5077 5178 0
5077 5078 5178 0
5178 5078 5179 0
5078 5079 5179 0
5179 5079 5180 0
5079 5080 5180 0
5180 5080 5181 0
5080 5081 5181 0
5181 5081 5182 0
5081 5082 5182 0
5182 5082 5183 0
5082 5083 5183 0
5183 5083 5184 0
5083 5084 5184 0
5184 5084 5185 0
5084 5085 5185 0
5185 5085 5186 0
5085 5086 5186 0
5186 5086 5187 0
5086 5087 5187 0
5187 5087 5188 0
5087 5088 5188 0
5188 5088 5189 0
5088 5089 5189 0
5189 5089 5190 0
5089 5090 5190 0
5190 5090 5191 0
5090 5091 5191 0
5191 5091 5192 0
5091 5092 5192 0
5192 5092 5193 0
5092 5093 5193 0
5193 5093 5194 0
5093 5094 5194 0
5194 5094 5195 0
5094 5095 5195 0
5195 5095 5196 0
5095 5096 5196 0
5196 5096 5197 0
5096 5097 5197 0
5197 5097 5198 0
5097 5098 5198 0
5198 5098 5199 0
5098 5099 5199 0
5199 5099 5200 0
5099 5100 5200 0
5200 5100 5201 0
5100 5101 5201 0
5201 5101 5202 0
5101 5102 5202 0
5202 5102 5203 0
5102 5103 5203 0
5203 5103 5204 0
5103 5104 5204 0
5204 5104 5205 0
5104 5105 5205 0
5205 5105 5206 0
5105 5106 5206 0
5206 5106 5207 0
5106 5107 5207 0
5207 5107 5208 0
5107 5108 5208 0
5208 5108 5209 0
5108 5109 5209 0
5209 5109 5210 0
5109 5110 5210 0
5210 5110 5211 0
5110 5111 5211 0
5211 5111 5212 0
5111 5112 5212 0
5212 5112 5213 0
5112 5113 5213 0
5213 5113 5214 0
5113 5114 5214 0
5214 5114 5215 0
5114 5115 5215 0
5215 5115 5216 0
5115 5116 5216 0
5216 5116 5217 0
5116 5117 5217 0
5217 5117 5218 0
5117 5118 5218 0
5218 5118 5219 0
5118 5119 5219 0
5219 5119 5220 0
5119 5120 5220 0
5220 5120 5221 0
5120 5121 5221 0
5221 5121 5222 0
5121 5122 5222 0
5222 5122 5223 0
5122 5123 5223 0
5223 5123 5224 0
5123 5124 5224 0
5224 5124 5225 0
5124 5125 5225 0
5225 5125 5226 0
5125 5126 5226 0
5226 5126 5227 0
5126 5127 5227 0
5227 5127 5228 0
5127 5128 5228 0
5228 5128 5229 0
5128 5129 5229 0
5229 5129 5230 0
5129 5130 5230 0
5230 5130 5231 0
5130 5131 5231 0
5231 5131 5232 0
5131 5132 5232 0
5232 5132 5233 0
5132 5133 5233 0
5233 5133 5234 0
5133 5134 5234 0
5234 5134 5235 0
5134 5135 5235 0
5235 5135 5236 0
5135 5136 5236 0
5236 5136 5237 0
5136 5137 5237 0
5237 5137 5238 0
5137 5138 5238 0
5238 5138 5239 0
5138 5139 5239 0
5239 5139 5240 0
5139 5140 5240 0
5240 5140 5241 0
5140 5141 5241 0
5241 5141 5242 0
5141 5142 5242 0
5242 5142 5243 0
5142 5143 5243 0
5243 5143 5244 0
5143 5144 5244 0
5244 5144 5245 0
5144 5145 5245 0
5245 5145 5246 0
5145 5146 5246 0
5246 5146 5247 0
5146 5147 5247 0
5247 5147 5248 0
5147 5148 5248 0
5248 5148 5249 0
5148 5149 5249 0
5249 5149 5250 0
5149 5150 5250 0
5250 5150 5251 0
5150 5151 5251 0
5251 5151 5252 0
5152 5153 5253 0
5253 5153 5254 0
5153 5154 5254 0
5254 5154 5255 0
5154 5155 5255 0
5255 5155 5256 0
5155 5156 5256 0
5256 5156 5257 0
5156 5157 5257 0
5257 5157 5258 0
5157 5158 5258 0
5258 5158 5259 0
5158 5159 5259 0
5259 5159 5260 0
5159 5160 5260 0
5260 5160 5261 0
5160 5161 5261 0
5261 5161 5262 0
5161 5162 5262 0
5262 5162 5263 0
5162 5163 5263 0
5263 5163 5264 0
5163 5164 5264 0
5264 5164 5265 0
5164 5165 5265 0
5265 5165 5266 0
5165 5166 5266 0
5266 5166 5267 0
5166 5167 5267 0
5267 5167 5268 0
5167 5168 5268 0
5268 5168 5269 0
5168 5169 5269 0
5269 5169 5270 0
5169 5170 5270 0
5270 5170 5271 0
5170 5171 5271 0
5271 5171 5272 0
5171 5172 5272 0
5272 5172 5273 0
5172 5173 5273 0
5273 5173 5274 0
5173 5174 5274 0
5274 5174 5275 0
5174 5175 5275 0
5275 5175 5276 0
5175 5176 5276 0
5276 5176 5277 0
5176 5177 5277 0
5277 5177 5278 0
5177 5178 5278 0
5278 5178 5279 0
5178 5179 5279 0
5279 5179 5280 0
5179 5180 5280 0
5280 5180 5281 0
5180 5181 5281 0
5281 5181 5282 0
5181 5182 5282 0
5282 5182 5283 0
5182 5183 5283 0
5283 5183 5284 0
5183 5184 5284 0
5284 5184 5285 0
5184 5185 5285 0
5285 5185 5286 0
5185 5186 5286 0
5286 5186 5287 0
5186 5187 5287 0
5287 5187 5288 0
5187 5188 5288 0
5288 5188 5289 0
5188 5189 5289 0
5289 5189 5290 0
5189 5190 5290 0
5290 5190 5291 0
5190 5191 5291 0
5291 5191 5292 0
5191 5192 5292 0
5292 5192 5293 0
5192 5193 5293 0
5293 5193 5294 0
5193 5194 5294 0
5294 5194 5295 0
5194 5195 5295 0
5295 5195 5296 0
5195 5196 5296 0
5296 5196 5297 0
5196 5197 5297 0
5297 5197 5298 0
5197 5198 5298 0
5298 5198 5299 0
5198 5199 5299 0
5299 5199 5300 0
5199 5200 5300 0
5300 5200 5301 0
5200 5201 5301 0
5301 5201 5302 0
5201 5202 5302 0
5302 5202 5303 0
5202 5203 5303 0
5303 5203 5304 0
5203 5204 5304 0
5304 5204 5305 0
5204 5205 5305 0
5305 5205 5306 0
5205 5206 5306 0
5306 5206 5307 0
5206 5207 5307 0
5307 5207 5308 0
5207 5208 5308 0
5308 5208 5309 0
5208 5209 5309 0
5309 5209 5310 0
5209 5210 5310 0
5310 5210 5311 0
5210 5211 5311 0
5311 5211 5312 0
5211 5212 5312 0
5312 5212 5313 0
5212 5213 5313 0
5313 5213 5314 0
5213 5214 5314 0
5314 5214 5315 0
5214 5215 5315 0
5315 5215 5316 0
5215 5216 5316 0
5316 5216 5317 0
5216 5217 5317 0
5317 5217 5318 0
5217 5218 5318 0
5318 5218 5319 0
5218 5219 5319 0
5319 5219 5320 0
5219 5220 5320 0
5320 5220 5321 0
5220 5221 5321 0
5321 5221 5322 0
5221 5222 5322 0
5322 5222 5323 0
5222 5223 5323 0
5323 5223 5324 0
5223 5224 5324 0
5324 5224 5325 0
5224 5225 5325 0
5325 5225 5326 0
5225 5226 5326 0
5326 5226 5327 0
5226 5227 5327 0
5327 5227 5328 0
5227 5228 5328 0
5328 5228 5329 0
5228 5229 5329 0
5329 5229 5330 0
5229 5230 5330 0
5330 5230 5331 0
5230 5231 5331 0
5331 5231 5332 0
5231 5232 5332 0
5332 5232 5333 0
5232 5233 5333 0
5333 5233 5334 0
5233 5234 5334 0
5334 5234 5335 0
5234 5235 5335 0
5335 5235 5336 0
5235 5236 5336 0
5336 5236 5337 0
5236 5237 5337 0
5337 5237 5338 0
5237 5238 5338 0
5338 5238 5339 0
5238 5239 5339 0
5339 5239 5340 0
5239 5240 5340 0
5340 5240 5341 0
5240 5241 5341 0
5341 5241 5342 0
5241 5242 5342 0
5342 5242 5343 0
5242 5243 5343 0
5343 5243 5344 0
5243 5244 5344 0
5344 5244 5345 0
5244 5245 5345 0
5345 5245 5346 0
5245 5246 5346 0
5346 5246 5347 0
5246 5247 5347 0
5347 5247 5348 0
5247 5248 5348 0
5348 5248 5349 0
5248 5249 5349 0
5349 5249 5350 0
5249 5250 5350 0
5350 5250 5351 0
5250 5251 5351 0
5351 5251 5352 0
5251 5252 5352 0
5352 5252 5353 0
5253 5254 5354 0
5354 5254 5355 0
5254 5255 5355 0
5355 5255 5356 0
5255 5256 5356 0
5356 5256 5357 0
5256 5257 5357 0
5357 5257 5358 0
5257 5258 5358 0
5358 5258 5359 0
5258 5259 5359 0
5359 5259 5360 0
5259 5260 5360 0
5360 5260 5361 0
5260 5261 5361 0
5361 5261 5362 0
5261 5262 5362 0
5362 5262 5363 0
5262 5263 5363 0
5363 5263 5364 0
5263 5264 5364 0
5364 5264 5365 0
5264 5265 5365 0
5365 5265 5366 0
5265 5266 5366 0
5366 5266 5367 0
5266 5267 5367 0
5367 5267 5368 0
5267 5268 5368 0
5368 5268 5369 0
5268 5269 5369 0
5369 5269 5370 0
5269 5270 5370 0
5370 5270 5371 0
5270 5271 5371 0
5371 5271 5372 0
5271 5272 5372 0
5372 5272 5373 0
5272 5273 5373 0
5373 5273 5374 0
5273 5274 5374 0
5374 5274 5375 0
5274 5275 5375 0
5375 5275 5376 0
5275 5276 5376 0
5376 5276 5377 0
5276 5277 5377 0
5377 5277 5378 0
5277 5278 5378 0
5378 5278 5379 0
5278 5279 5379 0
5379 5279 5380 0
5279 5280 5380 0
5380 5280 5381 0
5280 5281 5381 0
5381 5281 5382 0
5281 5282 5382 0
5382 5282 5383 0
5282 5283 5383 0
5383 5283 5384 0
5283 5284 5384 0
5384 5284 5385 0
5284 5285 5385 0
5385 5285 5386 0
5285 5286 5386 0
5386 5286 5387 0
5286 5287 5387 0
5387 5287 5388 0
5287 5288 5388 0
5388 5288 5389 0
5288 5289 5389 0
5389 5289 5390 0
5289 5290 5390 0
5390 5290 5391 0
5290 5291 5391 0
5391 5291 5392 0
5291 5292 5392 0
5392 5292 5393 0
5292 5293 5393 0
5393 5293 5394 0
5293 5294 5394 0
5394 5294 5395 0
5294 5295 5395 0
5395 5295 5396 0
5295 5296 5396 0
5396 5296 5397 0
5296 5297 5397 0
5397 5297 5398 0
5297 5298 5398 0
5398 5298 5399 0
5298 5299 5399 0
5399 5299 5400 0
5299 5300 5400 0
5400 5300 5401 0
5300 5301 5401 0
5401 5301 5402 0
5301 5302 5402 0
5402 5302 5403 0
5302 5303 5403 0
5403 5303 5404 0
5303 5304 5404 0
5404 5304 5405 0
5304 5305 5405 0
5405 5305 5406 0
5305 5306 5406 0
5406 5306 5407 0
5306 5307 5407 0
5407 5307 5408 0
5307 5308 5408 0
5408 5308 5409 0
5308 5309 5409 0
5409 5309 5410 0
5309 5310 5410 0
5410 5310 5411 0
5310 5311 5411 0
5411 5311 5412 0
5311 5312 5412 0
5412 5312 5413 0
5312 5313 5413 0
5413 5313 5414 0
5313 5314 5414 0
5414 5314 5415 0
5314 5315 5415 0
5415 5315 5416 0
5315 5316 5416 0
5416 5316 5417 0
5316 5317 5417 0
5417 5317 5418 0
5317 5318 5418 0
5418 5318 5419 0
5318 5319 5419 0
5419 5319 5420 0
5319 5320 5420 0
5420 5320 5421 0
5320 5321 5421 0
5421 5321 5422 0
5321 5322 5422 0
5422 5322 5423 0
5322 5323 5423 0
5423 5323 5424 0
5323 5324 5424 0
5424 5324 5425 0
5324 5325 5425 0
5425 5325 5426 0
5325 5326 5426 0
5426 5326 5427 0
5326 5327 5427 0
5427 5327 5428 0
5327 5328 5428 0
5428 5328 5429 0
5328 5329 5429 0
5429 5329 5430 0
5329 5330 5430 0
5430 5330 5431 0
5330 5331 5431 0
5431 5331 5432 0
5331 5332 5432 0
5432 5332 5433 0
5332 5333 5433 0
5433 5333 5434 0
5333 5334 5434 0
5434 5334 5435 0
5334 5335 5435 0
5435 5335 5436 0
5335 5336 5436 0
5436 5336 5437 0
5336 5337 5437 0
5437 5337 5438 0
5337 5338 5438 0
5438 5338 5439 0
5338 5339 5439 0
5439 5339 5440 0
5339 5340 5440 0
5440 5340 5441 0
5340 5341 5441 0
5441 5341 5442 0
5341 5342 5442 0
5442 5342 5443 0
5342 5343 5443 0
5443 5343 5444 0
5343 5344 5444 0
5444 5344 5445 0
5344 5345 5445 0
5445 5345 5446 0
5345 5346 5446 0
5446 5346 5447 0
5346 5347 5447 0
5447 5347 5448 0
5347 5348 5448 0
5448 5348 5449 0
5348 5349 5449 0
5449 5349 5450 0
5349 5350 5450 0
5450 5350 5451 0
5350 5351 5451 0
5451 5351 5452 0
5351 5352 5452 0
5452 5352 5453 0
5352 5353 5453 0
5453 5353 5454 0
5354 5355 5455 0
5455 5355 5456 0
5355 5356 5456 0
5456 5356 5457 0
5356 5357 5457 0
5457 5357 5458 0
5357 5358 5458 0
5458 5358 5459 0
5358 5359 5459 0
5459 5359 5460 0
5359 5360 5460 0
5460 5360 5461 0
5360 5361 5461 0
5461 5361 5462 0
5361 5362 5462 0
5462 5362 5463 0
5362 5363 5463 0
5463 5363 5464 0
5363 5364 5464 0
5464 5364 5465 0
5364 5365 5465 0
5465 5365 5466 0
5365 5366 5466 0
5466 5366 5467 0
5366 5367 5467 0
5467 5367 5468 0
5367 5368 5468 0
5468 5368 5469 0
5368 5369 5469 0
5469 5369 5470 0
5369 5370 5470 0
5470 5370 5471 0
5370 5371 5471 0
5471 5371 5472 0
5371 5372 5472 0
5472 5372 5473 0
5372 5373 5473 0
5473 5373 5474 0
5373 5374 5474 0
5474 5374 5475 0
5374 5375 5475 0
5475 5375 5476 0
5375 5376 5476 0
5476 5376 5477 0
5376 5377 5477 0
5477 5377 5478 0
5377 5378 5478 0
5478 5378 5479 0
5378 5379 5479 0
5479 5379 5480 0
5379 5380 5480 0
5480 5380 5481 0
5380 5381 5481 0
5481 5381 5482 0
5381 5382 5482 0
5482 5382 5483 0
5382 5383 5483 0
5483 5383 5484 0
5383 5384 5484 0
5484 5384 5485 0
5384 5385 5485 0
5485 5385 5486 0
5385 5386 5486 0
5486 5386 5487 0
5386 5387 5487 0
5487 5387 5488 0
5387 5388 5488 0
5488 5388 5489 0
5388 5389 5489 0
5489 5389 5490 0
5389 5390 5490 0
5490 5390 5491 0
5390 5391 5491 0
5491 5391 5492 0
5391 5392 5492 0
5492 5392 5493 0
5392 5393 5493 0
5493 5393 5494 0
5393 5394 5494 0
5494 5394 5495 0
5394 5395 5495 0
5495 5395 5496 0
5395 5396 5496 0
5496 5396 5497 0
5396 5397 5497 0
5497 5397 5498 0
5397 5398 5498 0
5498 5398 5499 0
5398 5399 5499 0
5499 5399 5500 0
5399 5400 5500 0
5500 5400 5501 0
5400 5401 5501 0
5501 5401 5502 0
5401 5402 5502 0
5502 5402 5503 0
5402 5403 5503 0
5503 5403 5504 0
5403 5404 5504 0
5504 5404 5505 0
5404 5405 5505 0
5505 5405 5506 0
5405 5406 5506 0
5506 5406 5507 0
5406 5407 5507 0
5507 5407 5508 0
5407 5408 5508 0
5508 5408 5509 0
5408 5409 5509 0
5509 5409 5510 0
5409 5410 5510 0
5510 5410 5511 0
5410 5411 5511 0
5511 5411 5512 0
5411 5412 5512 0
5512 5412 5513 0
5412 5413 5513 0
5513 5413 5514 0
5413 5414 5514 0
5514 5414 5515 0
5414 5415 5515 0
5515 5415 5516 0
5415 5416 5516 0
5516 5416 5517 0
5416 5417 5517 0
5517 5417 5518 0
5417 5418 5518 0
5518 5418 5519 0
5418 5419 5519 0
5519 5419 5520 0
5419 5420 5520 0
5520 5420 5521 0
5420 5421 5521 0
5521 5421 5522 0
5421 5422 5522 0
5522 5422 5523 0
5422 5423 5523 0
5523 5423 5524 0
5423 5424 5524 0
5524 5424 5525 0
5424 5425 5525 0
5525 5425 5526 0
5425 5426 5526 0
5526 5426 5527 0
5426 5427 5527 0
5527 5427 5528 0
5427 5428 5528 0
5528 5428 5529 0
5428 5429 5529 0
5529 5429 5530 0
5429 5430 5530 0
5530 5430 5531 0
5430 5431 5531 0
5531 5431 5532 0
5431 5432 5532 0
5532 5432 5533 0
5432 5433 5533 0
5533 5433 5534 0
5433 5434 5534 0
5534 5434 5535 0
5434 5435 5535 0
5535 5435 5536 0
5435 5436 5536 0
5536 5436 5537 0
5436 5437 5537 0
5537 5437 5538 0
5437 5438 5538 0
5538 5438 5539 0
5438 5439 5539 0
5539 5439 5540 0
5439 5440 5540 0
5540 5440 5541 0
5440 5441 5541 0
5541 5441 5542 0
5441 5442 5542 0
5542 5442 5543 0
5442 5443 5543 0
5543 5443 5544 0
5443 5444 5544 0
5544 5444 5545 0
5444 5445 5545 0
5545 5445 5546 0
5445 5446 5546 0
5546 5446 5547 0
5446 5447 5547 0
5547 5447 5548 0
5447 5448 5548 0
5548 5448 5549 0
5448 5449 5549 0
5549 5449 5550 0
5449 5450 5550 0
5550 5450 5551 0
5450 5451 5551 0
5551 5451 5552 0
5451 5452 5552 0
5552 5452 5553 0
5452 5453 5553 0
5553 5453 5554 0
5453 5454 5554 0
5554 5454 5555 0
5455 5456 5556 0
5556 5456 5557 0
5456 5457 5557 0
5557 5457 5558 0
5457 5458 5558 0
5558 5458 5559 0
5458 5459 5559 0
5559 5459 5560 0
5459 5460 5560 0
5560 5460 5561 0
5460 5461 5561 0
5561 5461 5562 0
5461 5462 5562 0
5562 5462 5563 0
5462 5463 5563 0
5563 5463 5564 0
5463 5464 5564 0
5564 5464 5565 0
5464 5465 5565 0
5565 5465 5566 0
5465 5466 5566 0
5566 5466 5567 0
5466 5467 5567 0
5567 5467 5568 0
5467 5468 5568 0
5568 5468 5569 0
5468 5469 5569 0
5569 5469 5570 0
5469 5470 5570 0
5570 5470 5571 0
5470 5471 5571 0
5571 5471 5572 0
5471 5472 5572 0
5572 5472 5573 0
5472 5473 5573 0
5573 5473 5574 0
5473 5474 5574 0
5574 5474 5575 0
5474 5475 5575 0
5575 5475 5576 0
5475 5476 5576 0
5576 5476 5577 0
5476 5477 5577 0
5577 5477 5578 0
5477 5478 5578 0
5578 5478 5579 0
5478 5479 5579 0
5579 5479 5580 0
5479 5480 5580 0
5580 5480 5581 0
5480 5481 5581 0
5581 5481 5582 0
5481 5482 5582 0
5582 5482 5583 0
5482 5483 5583 0
5583 5483 5584 0
5483 5484 5584 0
5584 5484 5585 0
5484 5485 5585 0
5585 5485 5586 0
5485 5486 5586 0
5586 5486 5587 0
5486 5487 5587 0
5587 5487 5588 0
5487 5488 5588 0
5588 5488 5589 0
5488 5489 5589 0
5589 5489 5590 0
5489 5490 5590 0
5590 5490 5591 0
5490 5491 5591 0
5591 5491 5592 0
5491 5492 5592 0
5592 5492 5593 0
5492 5493 5593 0
5593 5493 5594 0
5493 5494 5594 0
5594 5494 5595 0
5494 5495 5595 0
5595 5495 5596 0
5495 5496 5596 0
5596 5496 5597 0
5496 5497 5597 0
5597 5497 5598 0
5497 5498 5598 0
5598 5498 5599 0
5498 5499 5599 0
5599 5499 5600 0
5499 5500 5600 0
5600 5500 5601 0
5500 5501 5601 0
5601 5501 5602 0
5501 5502 5602 0
5602 5502 5603 0
5502 5503 5603 0
5603 5503 5604 0
5503 5504 5604 0
5604 5504 5605 0
5504 5505 5605 0
5605 5505 5606 0
5505 5506 5606 0
5606 5506 5607 0
5506 5507 5607 0
5607 5507 5608 0
5507 5508 5608 0
5608 5508 5609 0
5508 5509 5609 0
5609 5509 5610 0
5509 5510 5610 0
5610 5510 5611 0
5510 5511 5611 0
5611 5511 5612 0
5511 5512 5612 0
5612 5512 5613 0
5512 5513 5613 0
5613 5513 5614 0
5513 5514 5614 0
5614 5514 5615 0
5514 5515 5615 0
5615 5515 5616 0
5515 5516 5616 0
5616 5516 5617 0
5516 5517 5617 0
5617 5517 5618 0
5517 5518 5618 0
5618 5518 5619 0
5518 5519 5619 0
5619 5519 5620 0
5519 5520 5620 0
5620 5520 5621 0
5520 5521 5621 0
5621 5521 5622 0
5521 5522 5622 0
5622 5522 5623 0
5522 5523 5623 0
5623 5523 5624 0
5523 5524 5624 0
5624 5524 5625 0
5524 5525 5625 0
5625 5525 5626 0
5525 5526 5626 0
5626 5526 5627 0
5526 5527 5627 0
5627 5527 5628 0
5527 5528 5628 0
5628 5528 5629 0
5528 5529 5629 0
5629 5529 5630 0
5529 5530 5630 0
5630 5530 5631 0
5530 5531 5631 0
5631 5531 5632 0
5531 5532 5632 0
5632 5532 5633 0
5532 5533 5633 0
5633 5533 5634 0
5533 5534 5634 0
5634 5534 5635 0
5534 5535 5635 0
5635 5535 5636 0
5535 5536 5636 0
5636 5536 5637 0
5536 5537 5637 0
5637 5537 5638 0
5537 5538 5638 0
5638 5538 5639 0
5538 5539 5639 0
5639 5539 5640 0
5539 5540 5640 0
5640 5540 5641 0
5540 5541 5641 0
5641 5541 5642 0
5541 5542 5642 0
5642 5542 5643 0
5542 5543 5643 0
5643 5543 5644 0
5543 5544 5644 0
5644 5544 5645 0
5544 5545 5645 0
5645 5545 5646 0
5545 5546 5646 0
5646 5546 5647 0
5546 5547 5647 0
5647 5547 5648 0
5547 5548 5648 0
5648 5548 5649 0
5548 5549 5649 0
5649 5549 5650 0
5549 5550 5650 0
5650 5550 5651 0
5550 5551 5651 0
5651 5551 5652 0
5551 5552 5652 0
5652 5552 5653 0
5552 5553 5653 0
5653 5553 5654 0
5553 5554 5654 0
5654 5554 5655 0
5554 5555 5655 0
5655 5555 5656 0
5556 5557 5657 0
5657 5557 5658 0
5557 5558 5658 0
5658 5558 5659 0
5558 5559 5659 0
5659 5559 5660 0
5559 5560 5660 0
5660 5560 5661 0
5560 5561 5661 0
5661 5561 5662 0
5561 5562 5662 0
5662 5562 5663 0
5562 5563 5663 0
5663 5563 5664 0
5563 5564 5664 0
5664 5564 5665 0
5564 5565 5665 0
5665 5565 5666 0
5565 5566 5666 0
5666 5566 5667 0
5566 5567 5667 0
5667 5567 5668 0
5567 5568 5668 0
5668 5568 5669 0
5568 5569 5669 0
5669 5569 5670 0
5569 5570 5670 0
5670 5570 5671 0
5570 5571 5671 0
5671 5571 5672 0
5571 5572 5672 0
5672 5572 5673 0
5572 5573 5673 0
5673 5573 5674 0
5573 5574 5674 0
5674 5574 5675 0
5574 5575 5675 0
5675 5575 5676 0
5575 5576 5676 0
5676 5576 5677 0
5576 5577 5677 0
5677 5577 5678 0
5577 5578 5678 0
5678 5578 5679 0
5578 5579 5679 0
5679 5579 5680 0
5579 5580 5680 0
5680 5580 5681 0
5580 5581 5681 0
5681 5581 5682 0
5581 5582 5682 0
5682 5582 5683 0
5582 5583 5683 0
5683 5583 5684 0
5583 5584 5684 0
5684 5584 5685 0
5584 5585 5685 0
5685 5585 5686 0
5585 5586 5686 0
5686 5586 5687 0
5586 5587 5687 0
5687 5587 5688 0
5587 5588 5688 0
5688 5588 5689 0
5588 5589 5689 0
5689 5589 5690 0
5589 5590 5690 0
5690 5590 5691 0
5590 5591 5691 0
5691 5591 5692 0
5591 5592 5692 0
5692 5592 5693 0
5592 5593 5693 0
5693 5593 5694 0
5593 5594 5694 0
5694 5594 5695 0
5594 5595 5695 0
5695 5595 5696 0
5595 5596 5696 0
5696 5596 5697 0
5596 5597 5697 0
5697 5597 5698 0
5597 5598 5698 0
5698 5598 5699 0
5598 5599 5699 0
5699 5599 5700 0
5599 5600 5700 0
5700 5600 5701 0
5600 5601 5701 0
5701 5601 5702 0
5601 5602 5702 0
5702 5602 5703 0
5602 5603 5703 0
5703 5603 5704 0
5603 5604 5704 0
5704 5604 5705 0
5604 5605 5705 0
5705 5605 5706 0
5605 5606 5706 0
5706 5606 5707 0
5606 5607 5707 0
5707 5607 5708 0
5607 5608 5708 0
5708 5608 5709 0
5608 5609 5709 0
5709 5609 5710 0
5609 5610 5710 0
5710 5610 5711 0
5610 5611 5711 0
5711 5611 5712 0
5611 5612 5712 0
5712 5612 5713 0
5612 5613 5713 0
5713 5613 5714 0
5613 5614 5714 0
5714 5614 5715 0
5614 5615 5715 0
5715 5615 5716 0
5615 5616 5716 0
5716 5616 5717 0
5616 5617 5717 0
5717 5617 5718 0
5617 5618 5718 0
5718 5618 5719 0
5618 5619 5719 0
5719 5619 5720 0
5619 5620 5720 0
5720 5620 5721 0
5620 5621 5721 0
5721 5621 5722 0
5621 5622 5722 0
5722 5622 5723 0
5622 5623 5723 0
5723 5623 5724 0
5623 5624 5724 0
5724 5624 5725 0
5624 5625 5725 0
5725 5625 5726 0
5625 5626 5726 0
5726 5626 5727 0
5626 5627 5727 0
5727 5627 5728 0
5627 5628 5728 0
5728 5628 5729 0
5628 5629 5729 0
5729 5629 5730 0
5629 5630 5730 0
5730 5630 5731 0
5630 5631 5731 0
5731 5631 5732 0
5631 5632 5732 0
5732 5632 5733 0
5632 5633 5733 0
5733 5633 5734 0
5633 5634 5734 0
5734 5634 5735 0
5634 5635 5735 0
5735 5635 5736 0
5635 5636 5736 0
5736 5636 5737 0
5636 5637 5737 0
5737 5637 5738 0
5637 5638 5738 0
5738 5638 5739 0
5638 5639 5739 0
5739 5639 5740 0
5639 5640 5740 0
5740 5640 5741 0
5640 5641 5741 0
5741 5641 5742 0
5641 5642 5742 0
5742 5642 5743 0
5642 5643 5743 0
5743 5643 5744 0
5643 5644 5744 0
5744 5644 5745 0
5644 5645 5745 0
5745 5645 5746 0
5645 5646 5746 0
5746 5646 5747 0
5646 5647 5747 0
5747 5647 5748 0
5647 5648 5748 0
5748 5648 5749 0
5648 5649 5749 0
5749 5649 5750 0
5649 5650 5750 0
5750 5650 5751 0
5650 5651 5751 0
5751 5651 5752 0
5651 5652 5752 0
5752 5652 5753 0
5652 5653 5753 0
5753 5653 5754 0
5653 5654 5754 0
5754 5654 5755 0
5654 5655 5755 0
5755 5655 5756 0
5655 5656 5756 0
5756 5656 5757 0
5657 5658 5758 0
5758 5658 5759 0
5658 5659 5759 0
5759 5659 5760 0
5659 5660 5760 0
5760 5660 5761 0
5660 5661 5761 0
5761 5661 5762 0
5661 5662 5762 0
5762 5662 5763 0
5662 5663 5763 0
5763 5663 5764 0
5663 5664 5764 0
5764 5664 5765 0
5664 5665 5765 0
5765 5665 5766 0
5665 5666 5766 0
5766 5666 5767 0
5666 5667 5767 0
5767 5667 5768 0
5667 5668 5768 0
5768 5668 5769 0
5668 5669 5769 0
5769 5669 5770 0
5669 5670 5770 0
5770 5670 5771 0
5670 5671 5771 0
5771 5671 5772 0
5671 5672 5772 0
5772 5672 5773 0
5672 5673 5773 0
5773 5673 5774 0
5673 5674 5774 0
5774 5674 5775 0
5674 5675 5775 0
5775 5675 5776 0
5675 5676 5776 0
5776 5676 5777 0
5676 5677 5777 0
5777 5677 5778 0
5677 5678 5778 0
5778 5678 5779 0
5678 5679 5779 0
5779 5679 5780 0
5679 5680 5780 0
5780 5680 5781 0
5680 5681 5781 0
5781 5681 5782 0
5681 5682 5782 0
5782 5682 5783 0
5682 5683 5783 0
5783 5683 5784 0
5683 5684 5784 0
5784 5684 5785 0
5684 5685 5785 0
5785 5685 5786 0
5685 5686 5786 0
5786 5686 5787 0
5686 5687 5787 0
5787 5687 5788 0
5687 5688 5788 0
5788 5688 5789 0
5688 5689 5789 0
5789 5689 5790 0
5689 5690 5790 0
5790 5690 5791 0
5690 5691 5791 0
5791 5691 5792 0
5691 5692 5792 0
5792 5692 5793 0
5692 5693 5793 0
5793 5693 5794 0
5693 5694 5794 0
5794 5694 5795 0
5694 5695 5795 0
5795 5695 5796 0
5695 5696 5796 0
5796 5696 5797 0
5696 5697 5797 0
5797 5697 5798 0
5697 5698 5798 0
5798 5698 5799 0
5698 5699 5799 0
5799 5699 5800 0
5699 5700 5800 0
5800 5700 5801 0
5700 5701 5801 0
5801 5701 5802 0
5701 5702 5802 0
5802 5702 5803 0
5702 5703 5803 0
5803 5703 5804 0
5703 5704 5804 0
5804 5704 5805 0
5704 5705 5805 0
5805 5705 5806 0
5705 5706 5806 0
5806 5706 5807 0
5706 5707 5807 0
5807 5707 5808 0
5707 5708 5808 0
5808 5708 5809 0
5708 5709 5809 0
5809 5709 5810 0
5709 5710 5810 0
5810 5710 5811 0
5710 5711 5811 0
5811 5711 5812 0
5711 5712 5812 0
5812 5712 5813 0
5712 5713 5813 0
5813 5713 5814 0
5713 5714 5814 0
5814 5714 5815 0
5714 5715 5815 0
5815 5715 5816 0
5715 5716 5816 0
5816 5716 5817 0
5716 5717 5817 0
5817 5717 5818 0
5717 5718 5818 0
5818 5718 5819 0
5718 5719 5819 0
5819 5719 5820 0
5719 5720 5820 0
5820 5720 5821 0
5720 5721 5821 0
5821 5721 5822 0
5721 5722 5822 0
5822 5722 5823 0
5722 5723 5823 0
5823 5723 5824 0
5723 5724 5824 0
5824 5724 5825 0
5724 5725 5825 0
5825 5725 5826 0
5725 5726 5826 0
5826 5726 5827 0
5726 5727 5827 0
5827 5727 5828 0
5727 5728 5828 0
5828 5728 5829 0
5728 5729 5829 0
5829 5729 5830 0
5729 5730 5830 0
5830 5730 5831 0
5730 5731 5831 0
5831 5731 5832 0
5731 5732 5832 0
5832 5732 5833 0
5732 5733 5833 0
5833 5733 5834 0
5733 5734 5834 0
5834 5734 5835 0
5734 5735 5835 0
5835 5735 5836 0
5735 5736 5836 0
5836 5736 5837 0
5736 5737 5837 0
5837 5737 5838 0
5737 5738 5838 0
5838 5738 5839 0
5738 5739 5839 0
5839 5739 5840 0
5739 5740 5840 0
5840 5740 5841 0
5740 5741 5841 0
5841 5741 5842 0
5741 5742 5842 0
5842 5742 5843 0
5742 5743 5843 0
5843 5743 5844 0
5743 5744 5844 0
5844 5744 5845 0
5744 5745 5845 0
5845 5745 5846 0
5745 5746 5846 0
5846 5746 5847 0
5746 5747 5847 0
5847 5747 5848 0
5747 5748 5848 0
5848 5748 5849 0
5748 5749 5849 0
5849 5749 5850 0
5749 5750 5850 0
5850 5750 5851 0
5750 5751 5851 0
5851 5751 5852 0
5751 5752 5852 0
5852 5752 5853 0
5752 5753 5853 0
5853 5753 5854 0
5753 5754 5854 0
5854 5754 5855 0
5754 5755 5855 0
5855 5755 5856 0
5755 5756 5856 0
5856 5756 5857 0
5756 5757 5857 0
5857 5757 5858 0
5758 5759 5859 0
5859 5759 5860 0
5759 5760 5860 0
5860 5760 5861 0
5760 5761 5861 0
5861 5761 5862 0
5761 5762 5862 0
5862 5762 5863 0
5762 5763 5863 0
5863 5763 5864 0
5763 5764 5864 0
5864 5764 5865 0
5764 5765 5865 0
5865 5765 5866 0
5765 5766 5866 0
5866 5766 5867 0
5766 5767 5867 0
5867 5767 5868 0
5767 5768 5868 0
5868 5768 5869 0
5768 5769 5869 0
5869 5769 5870 0
5769 5770 5870 0
5870 5770 5871 0
5770 5771 5871 0
5871 5771 5872 0
5771 5772 5872 0
5872 5772 5873 0
5772 5773 5873 0
5873 5773 5874 0
5773 5774 5874 0
5874 5774 5875 0
5774 5775 5875 0
5875 5775 5876 0
5775 5776 5876 0
5876 5776 5877 0
5776 5777 5877 0
5877 5777 5878 0
5777 5778 5878 0
5878 5778 5879 0
5778 5779 5879 0
5879 5779 5880 0
5779 5780 5880 0
5880 5780 5881 0
5780 5781 5881 0
5881 5781 5882 0
5781 5782 5882 0
5882 5782 5883 0
5782 5783 5883 0
5883 5783 5884 0
5783 5784 5884 0
5884 5784 5885 0
5784 5785 5885 0
5885 5785 5886 0
5785 5786 5886 0
5886 5786 5887 0
5786 5787 5887 0
5887 5787 5888 0
5787 5788 5888 0
5888 5788 5889 0
5788 5789 5889 0
5889 5789 5890 0
5789 5790 5890 0
5890 5790 5891 0
5790 5791 5891 0
5891 5791 5892 0
5791 5792 5892 0
5892 5792 5893 0
5792 5793 5893 0
5893 5793 5894 0
5793 5794 5894 0
5894 5794 5895 0
5794 5795 5895 0
5895 5795 5896 0
5795 5796 5896 0
5896 5796 5897 0
5796 5797 5897 0
5897 5797 5898 0
5797 5798 5898 0
5898 5798 5899 0
5798 5799 5899 0
5899 5799 5900 0
5799 5800 5900 0
5900 5800 5901 0
5800 5801 5901 0
5901 5801 5902 0
5801 5802 5902 0
5902 5802 5903 0
5802 5803 5903 0
5903 5803 5904 0
5803 5804 5904 0
5904 5804 5905 0
5804 5805 5905 0
5905 5805 5906 0
5805 5806 5906 0
5906 5806 5907 0
5806 5807 5907 0
5907 5807 5908 0
5807 5808 5908 0
5908 5808 5909 0
5808 5809 5909 0
5909 5809 5910 0
5809 5810 5910 0
5910 5810 5911 0
5810 5811 5911 0
5911 5811 5912 0
5811 5812 5912 0
5912 5812 5913 0
5812 5813 5913 0
5913 5813 5914 0
5813 5814 5914 0
5914 5814 5915 0
5814 5815 5915 0
5915 5815 5916 0
5815 5816 5916 0
5916 5816 5917 0
5816 5817 5917 0
5917 5817 5918 0
5817 5818 5918 0
5918 5818 5919 0
5818 5819 5919 0
5919 5819 5920 0
5819 5820 5920 0
5920 5820 5921 0
5820 5821 5921 0
5921 5821 5922 0
5821 5822 5922 0
5922 5822 5923 0
5822 5823 5923 0
5923 5823 5924 0
5823 5824 5924 0
5924 5824 5925 0
5824 5825 5925 0
5925 5825 5926 0
5825 5826 5926 0
5926 5826 5927 0
5826 5827 5927 0
5927 5827 5928 0
5827 5828 5928 0
5928 5828 5929 0
5828 5829 5929 0
5929 5829 5930 0
5829 5830 5930 0
5930 5830 5931 0
5830 5831 5931 0
5931 5831 5932 0
5831 5832 5932 0
5932 5832 5933 0
5832 5833 5933 0
5933 5833 5934 0
5833 5834 5934 0
5934 5834 5935 0
5834 5835 5935 0
5935 5835 5936 0
5835 5836 5936 0
5936 5836 5937 0
5836 5837 5937 0
5937 5837 5938 0
5837 5838 5938 0
5938 5838 5939 0
5838 5839 5939 0
5939 5839 5940 0
5839 5840 5940 0
5940 5840 5941 0
5840 5841 5941 0
5941 5841 5942 0
5841 5842 5942 0
5942 5842 5943 0
5842 5843 5943 0
5943 5843 5944 0
5843 5844 5944 0
5944 5844 5945 0
5844 5845 5945 0
5945 5845 5946 0
5845 5846 5946 0
5946 5846 5947 0
5846 5847 5947 0
5947 5847 5948 0
5847 5848 5948 0
5948 5848 5949 0
5848 5849 5949 0
5949 5849 5950 0
5849 5850 5950 0
5950 5850 5951 0
5850 5851 5951 0
5951 5851 5952 0
5851 5852 5952 0
5952 5852 5953 0
5852 5853 5953 0
5953 5853 5954 0
5853 5854 5954 0
5954 5854 5955 0
5854 5855 5955 0
5955 5855 5956 0
5855 5856 5956 0
5956 5856 5957 0
5856 5857 5957 0
5957 5857 5958 0
5857 5858 5958 0
5958 5858 5959 0
5859 5860 5960 0
5960 5860 5961 0
5860 5861 5961 0
5961 5861 5962 0
5861 5862 5962 0
5962 5862 5963 0
5862 5863 5963 0
5963 5863 5964 0
5863 5864 5964 0
5964 5864 5965 0
5864 5865 5965 0
5965 5865 5966 0
5865 5866 5966 0
5966 5866 5967 0
5866 5867 5967 0
5967 5867 5968 0
5867 5868 5968 0
5968 5868 5969 0
5868 5869 5969 0
5969 5869 5970 0
5869 5870 5970 0
5970 5870 5971 0
5870 5871 5971 0
5971 5871 5972 0
5871 5872 5972 0
5972 5872 5973 0
5872 5873 5973 0
5973 5873 5974 0
5873 5874 5974 0
5974 5874 5975 0
5874 5875 5975 0
5975 5875 5976 0
5875 5876 5976 0
5976 5876 5977 0
5876 5877 5977 0
5977 5877 5978 0
5877 5878 5978 0
5978 5878 5979 0
5878 5879 5979 0
5979 5879 5980 0
5879 5880 5980 0
5980 5880 5981 0
5880 5881 5981 0
5981 5881 5982 0
5881 5882 5982 0
5982 5882 5983 0
5882 5883 5983 0
5983 5883 5984 0
5883 5884 5984 0
5984 5884 5985 0
5884 5885 5985 0
5985 5885 5986 0
5885 5886 5986 0
5986 5886 5987 0
5886 5887 5987 0
5987 5887 5988 0
5887 5888 5988 0
5988 5888 5989 0
5888 5889 5989 0
5989 5889 5990 0
5889 5890 5990 0
5990 5890 5991 0
5890 5891 5991 0
5991 5891 5992 0
5891 5892 5992 0
5992 5892 5993 0
5892 5893 5993 0
5993 5893 5994 0
5893 5894 5994 0
5994 5894 5995 0
5894 5895 5995 0
5995 5895 5996 0
5895 5896 5996 0
5996 5896 5997 0
5896 5897 5997 0
5997 5897 5998 0
5897 5898 5998 0
5998 5898 5999 0
5898 5899 5999 0
5999 5899 6000 0
5899 5900 6000 0
6000 5900 6001 0
5900 5901 6001 0
6001 5901 6002 0
5901 5902 6002 0
6002 5902 6003 0
5902 5903 6003 0
6003 5903 6004 0
5903 5904 6004 0
6004 5904 6005 0
5904 5905 6005 0
6005 5905 6006 0
5905 5906 6006 0
6006 5906 6007 0
5906 5907 6007 0
6007 5907 6008 0
5907 5908 6008 0
6008 5908 6009 0
5908 5909 6009 0
6009 5909 6010 0
5909 5910 6010 0
6010 5910 6011 0
5910 5911 6011 0
6011 5911 6012 0
5911 5912 6012 0
6012 5912 6013 0
5912 5913 6013 0
6013 5913 6014 0
5913 5914 6014 0
6014 5914 6015 0
5914 5915 6015 0
6015 5915 6016 0
5915 5916 6016 0
6016 5916 6017 0
5916 5917 6017 0
6017 5917 6018 0
5917 5918 6018 0
6018 5918 6019 0
5918 5919 6019 0
6019 5919 6020 0
5919 5920 6020 0
6020 5920 6021 0
5920 5921 6021 0
6021 5921 6022 0
5921 5922 6022 0
6022 5922 6023 0
5922 5923 6023 0
6023 5923 6024 0
5923 5924 6024 0
6024 5924 6025 0
5924 5925 6025 0
6025 5925 6026 0
5925 5926 6026 0
6026 5926 6027 0
5926 5927 6027 0
6027 5927 6028 0
5927 5928 6028 0
6028 5928 6029 0
5928 5929 6029 0
6029 5929 6030 0
5929 5930 6030 0
6030 5930 6031 0
5930 5931 6031 0
6031 5931 6032 0
5931 5932 6032 0
6032 5932 6033 0
5932 5933 6033 0
6033 5933 6034 0
5933 5934 6034 0
6034 5934 6035 0
5934 5935 6035 0
6035 5935 6036 0
5935 5936 6036 0
6036 5936 6037 0
5936 5937 6037 0
6037 5937 6038 0
5937 5938 6038 0
6038 5938 6039 0
5938 5939 6039 0
6039 5939 6040 0
5939 5940 6040 0
6040 5940 6041 0
5940 5941 6041 0
6041 5941 6042 0
5941 5942 6042 0
6042 5942 6043 0
5942 5943 6043 0
6043 5943 6044 0
5943 5944 6044 0
6044 5944 6045 0
5944 5945 6045 0
6045 5945 6046 0
5945 5946 6046 0
6046 5946 6047 0
5946 5947 6047 0
6047 5947 6048 0
5947 5948 6048 0
6048 5948 6049 0
5948 5949 6049 0
6049 5949 6050 0
5949 5950 6050 0
6050 5950 6051 0
5950 5951 6051 0
6051 5951 6052 0
5951 5952 6052 0
6052 5952 6053 0
5952 5953 6053 0
6053 5953 6054 0
5953 5954 6054 0
6054 5954 6055 0
5954 5955 6055 0
6055 5955 6056 0
5955 5956 6056 0
6056 5956 6057 0
5956 5957 6057 0
6057 5957 6058 0
5957 5958 6058 0
6058 5958 6059 0
5958 5959 6059 0
6059 5959 6060 0
5960 5961 6061 0
6061 5961 6062 0
5961 5962 6062 0
6062 5962 6063 0
5962 5963 6063 0
6063 5963 6064 0
5963 5964 6064 0
6064 5964 6065 0
5964 5965 6065 0
6065 5965 6066 0
5965 5966 6066 0
6066 5966 6067 0
5966 5967 6067 0
6067 5967 6068 0
5967 5968 6068 0
6068 5968 6069 0
5968 5969 6069 0
6069 5969 6070 0
5969 5970 6070 0
6070 5970 6071 0
5970 5971 6071 0
6071 5971 6072 0
5971 5972 6072 0
6072 5972 6073 0
5972 5973 6073 0
6073 5973 6074 0
5973 5974 6074 0
6074 5974 6075 0
5974 5975 6075 0
6075 5975 6076 0
5975 5976 6076 0
6076 5976 6077 0
5976 5977 6077 0
6077 5977 6078 0
5977 5978 6078 0
6078 5978 6079 0
5978 5979 6079 0
6079 5979 6080 0
5979 5980 6080 0
6080 5980 6081 0
5980 5981 6081 0
6081 5981 6082 0
5981 5982 6082 0
6082 5982 6083 0
5982 5983 6083 0
6083 5983 6084 0
5983 5984 6084 0
6084 5984 6085 0
5984 5985 6085 0
6085 5985 6086 0
5985 5986 6086 0
6086 5986 6087 0
5986 5987 6087 0
6087 5987 6088 0
5987 5988 6088 0
6088 5988 6089 0
5988 5989 6089 0
6089 5989 6090 0
5989 5990 6090 0
6090 5990 6091 0
5990 5991 6091 0
6091 5991 6092 0
5991 5992 6092 0
6092 5992 6093 0
5992 5993 6093 0
6093 5993 6094 0
5993 5994 6094 0
6094 5994 6095 0
5994 5995 6095 0
6095 5995 6096 0
5995 5996 6096 0
6096 5996 6097 0
5996 5997 6097 0
6097 5997 6098 0
5997 5998 6098 0
6098 5998 6099 0
5998 5999 6099 0
6099 5999 6100 0
5999 6000 6100 0
6100 6000 6101 0
6000 6001 6101 0
6101 6001 6102 0
6001 6002 6102 0
6102 6002 6103 0
6002 6003 6103 0
6103 6003 6104 0
6003 6004 6104 0
6104 6004 6105 0
6004 6005 6105 0
6105 6005 6106 0
6005 6006 6106 0
6106 6006 6107 0
6006 6007 6107 0
6107 6007 6108 0
6007 6008 6108 0
6108 6008 6109 0
6008 6009 6109 0
6109 6009 6110 0
6009 6010 6110 0
6110 6010 6111 0
6010 6011 6111 0
6111 6011 6112 0
6011 6012 6112 0
6112 6012 6113 0
6012 6013 6113 0
6113 6013 6114 0
6013 6014 6114 0
6114 6014 6115 0
6014 6015 6115 0
6115 6015 6116 0
6015 6016 6116 0
6116 6016 6117 0
6016 6017 6117 0
6117 6017 6118 0
6017 6018 6118 0
6118 6018 6119 0
6018 6019 6119 0
6119 6019 6120 0
6019 6020 6120 0
6120 6020 6121 0
6020 6021 6121 0
6121 6021 6122 0
6021 6022 6122 0
6122 6022 6123 0
6022 6023 6123 0
6123 6023 6124 0
6023 6024 6124 0
6124 6024 6125 0
6024 6025 6125 0
6125 6025 6126 0
6025 6026 6126 0
6126 6026 6127 0
6026 6027 6127 0
6127 6027 6128 0
6027 6028 6128 0
6128 6028 6129 0
6028 6029 6129 0
6129 6029 6130 0
6029 6030 6130 0
6130 6030 6131 0
6030 6031 6131 0
6131 6031 6132 0
6031 6032 6132 0
6132 6032 6133 0
6032 6033 6133 0
6133 6033 6134 0
6033 6034 6134 0
6134 6034 6135 0
6034 6035 6135 0
6135 6035 6136 0
6035 6036 6136 0
6136 6036 6137 0
6036 6037 6137 0
6137 6037 6138 0
6037 6038 6138 0
6138 6038 6139 0
6038 6039 6139 0
6139 6039 6140 0
6039 6040 6140 0
6140 6040 6141 0
6040 6041 6141 0
6141 6041 6142 0
6041 6042 6142 0
6142 6042 6143 0
6042 6043 6143 0
6143 6043 6144 0
6043 6044 6144 0
6144 6044 6145 0
6044 6045 6145 0
6145 6045 6146 0
6045 6046 6146 0
6146 6046 6147 0
6046 6047 6147 0
6147 6047 6148 0
6047 6048 6148 0
6148 6048 6149 0
6048 6049 6149 0
6149 6049 6150 0
6049 6050 6150 0
6150 6050 6151 0
6050 6051 6151 0
6151 6051 6152 0
6051 6052 6152 0
6152 6052 6153 0
6052 6053 6153 0
6153 6053 6154 0
6053 6054 6154 0
6154 6054 6155 0
6054 6055 6155 0
6155 6055 6156 0
6055 6056 6156 0
6156 6056 6157 0
6056 6057 6157 0
6157 6057 6158 0
6057 6058 6158 0
6158 6058 6159 0
6058 6059 6159 0
6159 6059 6160 0
6059 6060 6160 0
6160 6060 6161 0
6061 6062 6162 0
6162 6062 6163 0
6062 6063 6163 0
6163 6063 6164 0
6063 6064 6164 0
6164 6064 6165 0
6064 6065 6165 0
6165 6065 6166 0
6065 6066 6166 0
6166 6066 6167 0
6066 6067 6167 0
6167 6067 6168 0
6067 6068 6168 0
6168 6068 6169 0
6068 6069 6169 0
6169 6069 6170 0
6069 6070 6170 0
6170 6070 6171 0
6070 6071 6171 0
6171 6071 6172 0
6071 6072 6172 0
6172 6072 6173 0
6072 6073 6173 0
6173 6073 6174 0
6073 6074 6174 0
6174 6074 6175 0
6074 6075 6175 0
6175 6075 6176 0
6075 6076 6176 0
6176 6076 6177 0
6076 6077 6177 0
6177 6077 6178 0
6077 6078 6178 0
6178 6078 6179 0
6078 6079 6179 0
6179 6079 6180 0
6079 6080 6180 0
6180 6080 6181 0
6080 6081 6181 0
6181 6081 6182 0
6081 6082 6182 0
6182 6082 6183 0
6082 6083 6183 0
6183 6083 6184 0
6083 6084 6184 0
6184 6084 6185 0
6084 6085 6185 0
6185 6085 6186 0
6085 6086 6186 0
6186 6086 6187 0
6086 6087 6187 0
6187 6087 6188 0
6087 6088 6188 0
6188 6088 6189 0
6088 6089 6189 0
6189 6089 6190 0
6089 6090 6190 0
6190 6090 6191 0
6090 6091 6191 0
6191 6091 6192 0
6091 6092 6192 0
6192 6092 6193 0
6092 6093 6193 0
6193 6093 6194 0
6093 6094 6194 0
6194 6094 6195 0
6094 6095 6195 0
6195 6095 6196 0
6095 6096 6196 0
6196 6096 6197 0
6096 6097 6197 0
6197 6097 6198 0
6097 6098 6198 0
6198 6098 6199 0
6098 6099 6199 0
6199 6099 6200 0
6099 6100 6200 0
6200 6100 6201 0
6100 6101 6201 0
6201 6101 6202 0
6101 6102 6202 0
6202 6102 6203 0
6102 6103 6203 0
6203 6103 6204 0
6103 6104 6204 0
6204 6104 6205 0
6104 6105 6205 0
6205 6105 6206 0
6105 6106 6206 0
6206 6106 6207 0
6106 6107 6207 0
6207 6107 6208 0
6107 6108 6208 0
6208 6108 6209 0
6108 6109 6209 0
6209 6109 6210 0
6109 6110 6210 0
6210 6110 6211 0
6110 6111 6211 0
6211 6111 6212 0
6111 6112 6212 0
6212 6112 6213 0
6112 6113 6213 0
6213 6113 6214 0
6113 6114 6214 0
6214 6114 6215 0
6114 6115 6215 0
6215 6115 6216 0
6115 6116 6216 0
6216 6116 6217 0
6116 6117 6217 0
6217 6117 6218 0
6117 6118 6218 0
6218 6118 6219 0
6118 6119 6219 0
6219 6119 6220 0
6119 6120 6220 0
6220 6120 6221 0
6120 6121 6221 0
6221 6121 6222 0
6121 6122 6222 0
6222 6122 6223 0
6122 6123 6223 0
6223 6123 6224 0
6123 6124 6224 0
6224 6124 6225 0
6124 6125 6225 0
6225 6125 6226 0
6125 6126 6226 0
6226 6126 6227 0
6126 6127 6227 0
6227 6127 6228 0
6127 6128 6228 0
6228 6128 6229 0
6128 6129 6229 0
6229 6129 6230 0
6129 6130 6230 0
6230 6130 6231 0
6130 6131 6231 0
6231 6131 6232 0
6131 6132 6232 0
6232 6132 6233 0
6132 6133 6233 0
6233 6133 6234 0
6133 6134 6234 0
6234 6134 6235 0
6134 6135 6235 0
6235 6135 6236 0
6135 6136 6236 0
6236 6136 6237 0
6136 6137 6237 0
6237 6137 6238 0
6137 6138 6238 0
6238 6138 6239 0
6138 6139 6239 0
6239 6139 6240 0
6139 6140 6240 0
6240 6140 6241 0
6140 6141 6241 0
6241 6141 6242 0
6141 6142 6242 0
6242 6142 6243 0
6142 6143 6243 0
6243 6143 6244 0
6143 6144 6244 0
6244 6144 6245 0
6144 6145 6245 0
6245 6145 6246 0
6145 6146 6246 0
6246 6146 6247 0
6146 6147 6247 0
6247 6147 6248 0
6147 6148 6248 0
6248 6148 6249 0
6148 6149 6249 0
6249 6149 6250 0
6149 6150 6250 0
6250 6150 6251 0
6150 6151 6251 0
6251 6151 6252 0
6151 6152 6252 0
6252 6152 6253 0
6152 6153 6253 0
6253 6153 6254 0
6153 6154 6254 0
6254 6154 6255 0
6154 6155 6255 0
6255 6155 6256 0
6155 6156 6256 0
6256 6156 6257 0
6156 6157 6257 0
6257 6157 6258 0
6157 6158 6258 0
6258 6158 6259 0
6158 6159 6259 0
6259 6159 6260 0
6159 6160 6260 0
6260 6160 6261 0
6160 6161 6261 0
6261 6161 6262 0
6162 6163 6263 0
6263 6163 6264 0
6163 6164 6264 0
6264 6164 6265 0
6164 6165 6265 0
6265 6165 6266 0
6165 6166 6266 0
6266 6166 6267 0
6166 6167 6267 0
6267 6167 6268 0
6167 6168 6268 0
6268 6168 6269 0
6168 6169 6269 0
6269 6169 6270 0
6169 6170 6270 0
6270 6170 6271 0
6170 6171 6271 0
6271 6171 6272 0
6171 6172 6272 0
6272 6172 6273 0
6172 6173 6273 0
6273 6173 6274 0
6173 6174 6274 0
6274 6174 6275 0
6174 6175 6275 0
6275 6175 6276 0
6175 6176 6276 0
6276 6176 6277 0
6176 6177 6277 0
6277 6177 6278 0
6177 6178 6278 0
6278 6178 6279 0
6178 6179 6279 0
6279 6179 6280 0
6179 6180 6280 0
6280 6180 6281 0
6180 6181 6281 0
6281 6181 6282 0
6181 6182 6282 0
6282 6182 6283 0
6182 6183 6283 0
6283 6183 6284 0
6183 6184 6284 0
6284 6184 6285 0
6184 6185 6285 0
6285 6185 6286 0
6185 6186 6286 0
6286 6186 6287 0
6186 6187 6287 0
6287 6187 6288 0
6187 6188 6288 0
6288 6188 6289 0
6188 6189 6289 0
6289 6189 6290 0
6189 6190 6290 0
6290 6190 6291 0
6190 6191 6291 0
6291 6191 6292 0
6191 6192 6292 0
6292 6192 6293 0
6192 6193 6293 0
6293 6193 6294 0
6193 6194 6294 0
6294 6194 6295 0
6194 6195 6295 0
6295 6195 6296 0
6195 6196 6296 0
6296 6196 6297 0
6196 6197 6297 0
6297 6197 6298 0
6197 6198 6298 0
6298 6198 6299 0
6198 6199 6299 0
6299 6199 6300 0
6199 6200 6300 0
6300 6200 6301 0
6200 6201 6301 0
6301 6201 6302 0
6201 6202 6302 0
6302 6202 6303 0
6202 6203 6303 0
6303 6203 6304 0
6203 6204 6304 0
6304 6204 6305 0
6204 6205 6305 0
6305 6205 6306 0
6205 6206 6306 0
6306 6206 6307 0
6206 6207 6307 0
6307 6207 6308 0
6207 6208 6308 0
6308 6208 6309 0
6208 6209 6309 0
6309 6209 6310 0
6209 6210 6310 0
6310 6210 6311 0
6210 6211 6311 0
6311 6211 6312 0
6211 6212 6312 0
6312 6212 6313 0
6212 6213 6313 0
6313 6213 6314 0
6213 6214 6314 0
6314 6214 6315 0
6214 6215 6315 0
6315 6215 6316 0
6215 6216 6316 0
6316 6216 6317 0
6216 6217 6317 0
6317 6217 6318 0
6217 6218 6318 0
6318 6218 6319 0
6218 6219 6319 0
6319 6219 6320 0
6219 6220 6320 0
6320 6220 6321 0
6220 6221 6321 0
6321 6221 6322 0
6221 6222 6322 0
6322 6222 6323 0
6222 6223 6323 0
6323 6223 6324 0
6223 6224 6324 0
6324 6224 6325 0
6224 6225 6325 0
6325 6225 6326 0
6225 6226 6326 0
6326 6226 6327 0
6226 6227 6327 0
6327 6227 6328 0
6227 6228 6328 0
6328 6228 6329 0
6228 6229 6329 0
6329 6229 6330 0
6229 6230 6330 0
6330 6230 6331 0
6230 6231 6331 0
6331 6231 6332 0
6231 6232 6332 0
6332 6232 6333 0
6232 6233 6333 0
6333 6233 6334 0
6233 6234 6334 0
6334 6234 6335 0
6234 6235 6335 0
6335 6235 6336 0
6235 6236 6336 0
6336 6236 6337 0
6236 6237 6337 0
6337 6237 6338 0
6237 6238 6338 0
6338 6238 6339 0
6238 6239 6339 0
6339 6239 6340 0
6239 6240 6340 0
6340 6240 6341 0
6240 6241 6341 0
6341 6241 6342 0
6241 6242 6342 0
6342 6242 6343 0
6242 6243 6343 0
6343 6243 6344 0
6243 6244 6344 0
6344 6244 6345 0
6244 6245 6345 0
6345 6245 6346 0
6245 6246 6346 0
6346 6246 6347 0
6246 6247 6347 0
6347 6247 6348 0
6247 6248 6348 0
6348 6248 6349 0
6248 6249 6349 0
6349 6249 6350 0
6249 6250 6350 0
6350 6250 6351 0
6250 6251 6351 0
6351 6251 6352 0
6251 6252 6352 0
6352 6252 6353 0
6252 6253 6353 0
6353 6253 6354 0
6253 6254 6354 0
6354 6254 6355 0
6254 6255 6355 0
6355 6255 6356 0
6255 6256 6356 0
6356 6256 6357 0
6256 6257 6357 0
6357 6257 6358 0
6257 6258 6358 0
6358 6258 6359 0
6258 6259 6359 0
6359 6259 6360 0
6259 6260 6360 0
6360 6260 6361 0
6260 6261 6361 0
6361 6261 6362 0
6261 6262 6362 0
6362 6262 6363 0
6263 6264 6364 0
6364 6264 6365 0
6264 6265 6365 0
6365 6265 6366 0
6265 6266 6366 0
6366 6266 6367 0
6266 6267 6367 0
6367 6267 6368 0
6267 6268 6368 0
6368 6268 6369 0
6268 6269 6369 0
6369 6269 6370 0
6269 6270 6370 0
6370 6270 6371 0
6270 6271 6371 0
6371 6271 6372 0
6271 6272 6372 0
6372 6272 6373 0
6272 6273 6373 0
6373 6273 6374 0
6273 6274 6374 0
6374 6274 6375 0
6274 6275 6375 0
6375 6275 6376 0
6275 6276 6376 0
6376 6276 6377 0
6276 6277 6377 0
6377 6277 6378 0
6277 6278 6378 0
6378 6278 6379 0
6278 6279 6379 0
6379 6279 6380 0
6279 6280 6380 0
6380 6280 6381 0
6280 6281 6381 0
6381 6281 6382 0
6281 6282 6382 0
6382 6282 6383 0
6282 6283 6383 0
6383 6283 6384 0
6283 6284 6384 0
6384 6284 6385 0
6284 6285 6385 0
6385 6285 6386 0
6285 6286 6386 0
6386 6286 6387 0
6286 6287 6387 0
6387 6287 6388 0
6287 6288 6388 0
6388 6288 6389 0
6288 6289 6389 0
6389 6289 6390 0
6289 6290 6390 0
6390 6290 6391 0
6290 6291 6391 0
6391 6291 6392 0
6291 6292 6392 0
6392 6292 6393 0
6292 6293 6393 0
6393 6293 6394 0
6293 6294 6394 0
6394 6294 6395 0
6294 6295 6395 0
6395 6295 6396 0
6295 6296 6396 0
6396 6296 6397 0
6296 6297 6397 0
6397 6297 6398 0
6297 6298 6398 0
6398 6298 6399 0
6298 6299 6399 0
6399 6299 6400 0
6299 6300 6400 0
6400 6300 6401 0
6300 6301 6401 0
6401 6301 6402 0
6301 6302 6402 0
6402 6302 6403 0
6302 6303 6403 0
6403 6303 6404 0
6303 6304 6404 0
6404 6304 6405 0
6304 6305 6405 0
6405 6305 6406 0
6305 6306 6406 0
6406 6306 6407 0
6306 6307 6407 0
6407 6307 6408 0
6307 6308 6408 0
6408 6308 6409 0
6308 6309 6409 0
6409 6309 6410 0
6309 6310 6410 0
6410 6310 6411 0
6310 6311 6411 0
6411 6311 6412 0
6311 6312 6412 0
6412 6312 6413 0
6312 6313 6413 0
6413 6313 6414 0
6313 6314 6414 0
6414 6314 6415 0
6314 6315 6415 0
6415 6315 6416 0
6315 6316 6416 0
6416 6316 6417 0
6316 6317 6417 0
6417 6317 6418 0
6317 6318 6418 0
6418 6318 6419 0
6318 6319 6419 0
6419 6319 6420 0
6319 6320 6420 0
6420 6320 6421 0
6320 6321 6421 0
6421 6321 6422 0
6321 6322 6422 0
6422 6322 6423 0
6322 6323 6423 0
6423 6323 6424 0
6323 6324 6424 0
6424 6324 6425 0
6324 6325 6425 0
6425 6325 6426 0
6325 6326 6426 0
6426 6326 6427 0
6326 6327 6427 0
6427 6327 6428 0
6327 6328 6428 0
6428 6328 6429 0
6328 6329 6429 0
6429 6329 6430 0
6329 6330 6430 0
6430 6330 6431 0
6330 6331 6431 0
6431 6331 6432 0
6331 6332 6432 0
6432 6332 6433 0
6332 6333 6433 0
6433 6333 6434 0
6333 6334 6434 0
6434 6334 6435 0
6334 6335 6435 0
6435 6335 6436 0
6335 6336 6436 0
6436 6336 6437 0
6336 6337 6437 0
6437 6337 6438 0
6337 6338 6438 0
6438 6338 6439 0
6338 6339 6439 0
6439 6339 6440 0
6339 6340 6440 0
6440 6340 6441 0
6340 6341 6441 0
6441 6341 6442 0
6341 6342 6442 0
6442 6342 6443 0
6342 6343 6443 0
6443 6343 6444 0
6343 6344 6444 0
6444 6344 6445 0
6344 6345 6445 0
6445 6345 6446 0
6345 6346 6446 0
6446 6346 6447 0
6346 6347 6447 0
6447 6347 6448 0
6347 6348 6448 0
6448 6348 6449 0
6348 6349 6449 0
6449 6349 6450 0
6349 6350 6450 0
6450 6350 6451 0
6350 6351 6451 0
6451 6351 6452 0
6351 6352 6452 0
6452 6352 6453 0
6352 6353 6453 0
6453 6353 6454 0
6353 6354 6454 0
6454 6354 6455 0
6354 6355 6455 0
6455 6355 6456 0
6355 6356 6456 0
6456 6356 6457 0
6356 6357 6457 0
6457 6357 6458 0
6357 6358 6458 0
6458 6358 6459 0
6358 6359 6459 0
6459 6359 6460 0
6359 6360 6460 0
6460 6360 6461 0
6360 6361 6461 0
6461 6361 6462 0
6361 6362 6462 0
6462 6362 6463 0
6362 6363 6463 0
6463 6363 6464 0
6364 6365 6465 0
6465 6365 6466 0
6365 6366 6466 0
6466 6366 6467 0
6366 6367 6467 0
6467 6367 6468 0
6367 6368 6468 0
6468 6368 6469 0
6368 6369 6469 0
6469 6369 6470 0
6369 6370 6470 0
6470 6370 6471 0
6370 6371 6471 0
6471 6371 6472 0
6371 6372 6472 0
6472 6372 6473 0
6372 6373 6473 0
6473 6373 6474 0
6373 6374 6474 0
6474 6374 6475 0
6374 6375 6475 0
6475 6375 6476 0
6375 6376 6476 0
6476 6376 6477 0
6376 6377 6477 0
6477 6377 6478 0
6377 6378 6478 0
6478 6378 6479 0
6378 6379 6479 0
6479 6379 6480 0
6379 6380 6480 0
6480 6380 6481 0
6380 6381 6481 0
6481 6381 6482 0
6381 6382 6482 0
6482 6382 6483 0
6382 6383 6483 0
6483 6383 6484 0
6383 6384 6484 0
6484 6384 6485 0
6384 6385 6485 0
6485 6385 6486 0
6385 6386 6486 0
6486 6386 6487 0
6386 6387 6487 0
6487 6387 6488 0
6387 6388 6488 0
6488 6388 6489 0
6388 6389 6489 0
6489 6389 6490 0
6389 6390 6490 0
6490 6390 6491 0
6390 6391 6491 0
6491 6391 6492 0
6391 6392 6492 0
6492 6392 6493 0
6392 6393 6493 0
6493 6393 6494 0
6393 6394 6494 0
6494 6394 6495 0
6394 6395 6495 0
6495 6395 6496 0
6395 6396 6496 0
6496 6396 6497 0
6396 6397 6497 0
6497 6397 6498 0
6397 6398 6498 0
6498 6398 6499 0
6398 6399 6499 0
6499 6399 6500 0
6399 6400 6500 0
6500 6400 6501 0
6400 6401 6501 0
6501 6401 6502 0
6401 6402 6502 0
6502 6402 6503 0
6402 6403 6503 0
6503 6403 6504 0
6403 6404 6504 0
6504 6404 6505 0
6404 6405 6505 0
6505 6405 6506 0
6405 6406 6506 0
6506 6406 6507 0
6406 6407 6507 0
6507 6407 6508 0
6407 6408 6508 0
6508 6408 6509 0
6408 6409 6509 0
6509 6409 6510 0
6409 6410 6510 0
6510 6410 6511 0
6410 6411 6511 0
6511 6411 6512 0
6411 6412 6512 0
6512 6412 6513 0
6412 6413 6513 0
6513 6413 6514 0
6413 6414 6514 0
6514 6414 6515 0
6414 6415 6515 0
6515 6415 6516 0
6415 6416 6516 0
6516 6416 6517 0
6416 6417 6517 0
6517 6417 6518 0
6417 6418 6518 0
6518 6418 6519 0
6418 6419 6519 0
6519 6419 6520 0
6419 6420 6520 0
6520 6420 6521 0
6420 6421 6521 0
6521 6421 6522 0
6421 6422 6522 0
6522 6422 6523 0
6422 6423 6523 0
6523 6423 6524 0
6423 6424 6524 0
6524 6424 6525 0
6424 6425 6525 0
6525 6425 6526 0
6425 6426 6526 0
6526 6426 6527 0
6426 6427 6527 0
6527 6427 6528 0
6427 6428 6528 0
6528 6428 6529 0
6428 6429 6529 0
6529 6429 6530 0
6429 6430 6530 0
6530 6430 6531 0
6430 6431 6531 0
6531 6431 6532 0
6431 6432 6532 0
6532 6432 6533 0
6432 6433 6533 0
6533 6433 6534 0
6433 6434 6534 0
6534 6434 6535 0
6434 6435 6535 0
6535 6435 6536 0
6435 6436 6536 0
6536 6436 6537 0
6436 6437 6537 0
6537 6437 6538 0
6437 6438 6538 0
6538 6438 6539 0
6438 6439 6539 0
6539 6439 6540 0
6439 6440 6540 0
6540 6440 6541 0
6440 6441 6541 0
6541 6441 6542 0
6441 6442 6542 0
6542 6442 6543 0
6442 6443 6543 0
6543 6443 6544 0
6443 6444 6544 0
6544 6444 6545 0
6444 6445 6545 0
6545 6445 6546 0
6445 6446 6546 0
6546 6446 6547 0
6446 6447 6547 0
6547 6447 6548 0
6447 6448 6548 0
6548 6448 6549 0
6448 6449 6549 0
6549 6449 6550 0
6449 6450 6550 0
6550 6450 6551 0
6450 6451 6551 0
6551 6451 6552 0
6451 6452 6552 0
6552 6452 6553 0
6452 6453 6553 0
6553 6453 6554 0
6453 6454 6554 0
6554 6454 6555 0
6454 6455 6555 0
6555 6455 6556 0
6455 6456 6556 0
6556 6456 6557 0
6456 6457 6557 0
6557 6457 6558 0
6457 6458 6558 0
6558 6458 6559 0
6458 6459 6559 0
6559 6459 6560 0
6459 6460 6560 0
6560 6460 6561 0
6460 6461 6561 0
6561 6461 6562 0
6461 6462 6562 0
6562 6462 6563 0
6462 6463 6563 0
6563 6463 6564 0
6463 6464 6564 0
6564 6464 6565 0
6465 6466 6566 0
6566 6466 6567 0
6466 6467 6567 0
6567 6467 6568 0
6467 6468 6568 0
6568 6468 6569 0
6468 6469 6569 0
6569 6469 6570 0
6469 6470 6570 0
6570 6470 6571 0
6470 6471 6571 0
6571 6471 6572 0
6471 6472 6572 0
6572 6472 6573 0
6472 6473 6573 0
6573 6473 6574 0
6473 6474 6574 0
6574 6474 6575 0
6474 6475 6575 0
6575 6475 6576 0
6475 6476 6576 0
6576 6476 6577 0
6476 6477 6577 0
6577 6477 6578 0
6477 6478 6578 0
6578 6478 6579 0
6478 6479 6579 0
6579 6479 6580 0
6479 6480 6580 0
6580 6480 6581 0
6480 6481 6581 0
6581 6481 6582 0
6481 6482 6582 0
6582 6482 6583 0
6482 6483 6583 0
6583 6483 6584 0
6483 6484 6584 0
6584 6484 6585 0
6484 6485 6585 0
6585 6485 6586 0
6485 6486 6586 0
6586 6486 6587 0
6486 6487 6587 0
6587 6487 6588 0
6487 6488 6588 0
6588 6488 6589 0
6488 6489 6589 0
6589 6489 6590 0
6489 6490 6590 0
6590 6490 6591 0
6490 6491 6591 0
6591 6491 6592 0
6491 6492 6592 0
6592 6492 6593 0
6492 6493 6593 0
6593 6493 6594 0
6493 6494 6594 0
6594 6494 6595 0
6494 6495 6595 0
6595 6495 6596 0
6495 6496 6596 0
6596 6496 6597 0
6496 6497 6597 0
6597 6497 6598 0
6497 6498 6598 0
6598 6498 6599 0
6498 6499 6599 0
6599 6499 6600 0
6499 6500 6600 0
6600 6500 6601 0
6500 6501 6601 0
6601 6501 6602 0
6501 6502 6602 0
6602 6502 6603 0
6502 6503 6603 0
6603 6503 6604 0
6503 6504 6604 0
6604 6504 6605 0
6504 6505 6605 0
6605 6505 6606 0
6505 6506 6606 0
6606 6506 6607 0
6506 6507 6607 0
6607 6507 6608 0
6507 6508 6608 0
6608 6508 6609 0
6508 6509 6609 0
6609 6509 6610 0
6509 6510 6610 0
6610 6510 6611 0
6510 6511 6611 0
6611 6511 6612 0
6511 6512 6612 0
6612 6512 6613 0
6512 6513 6613 0
6613 6513 6614 0
6513 6514 6614 0
6614 6514 6615 0
6514 6515 6615 0
6615 6515 6616 0
6515 6516 6616 0
6616 6516 6617 0
6516 6517 6617 0
6617 6517 6618 0
6517 6518 6618 0
6618 6518 6619 0
6518 6519 6619 0
6619 6519 6620 0
6519 6520 6620 0
6620 6520 6621 0
6520 6521 6621 0
6621 6521 6622 0
6521 6522 6622 0
6622 6522 6623 0
6522 6523 6623 0
6623 6523 6624 0
6523 6524 6624 0
6624 6524 6625 0
6524 6525 6625 0
6625 6525 6626 0
6525 6526 6626 0
6626 6526 6627 0
6526 6527 6627 0
6627 6527 6628 0
6527 6528 6628 0
6628 6528 6629 0
6528 6529 6629 0
6629 6529 6630 0
6529 6530 6630 0
6630 6530 6631 0
6530 6531 6631 0
6631 6531 6632 0
6531 6532 6632 0
6632 6532 6633 0
6532 6533 6633 0
6633 6533 6634 0
6533 6534 6634 0
6634 6534 6635 0
6534 6535 6635 0
6635 6535 6636 0
6535 6536 6636 0
6636 6536 6637 0
6536 6537 6637 0
6637 6537 6638 0
6537 6538 6638 0
6638 6538 6639 0
6538 6539 6639 0
6639 6539 6640 0
6539 6540 6640 0
6640 6540 6641 0
6540 6541 6641 0
6641 6541 6642 0
6541 6542 6642 0
6642 6542 6643 0
6542 6543 6643 0
6643 6543 6644 0
6543 6544 6644 0
6644 6544 6645 0
6544 6545 6645 0
6645 6545 6646 0
6545 6546 6646 0
6646 6546 6647 0
6546 6547 6647 0
6647 6547 6648 0
6547 6548 6648 0
6648 6548 6649 0
6548 6549 6649 0
6649 6549 6650 0
6549 6550 6650 0
6650 6550 6651 0
6550 6551 6651 0
6651 6551 6652 0
6551 6552 6652 0
6652 6552 6653 0
6552 6553 6653 0
6653 6553 6654 0
6553 6554 6654 0
6654 6554 6655 0
6554 6555 6655 0
6655 6555 6656 0
6555 6556 6656 0
6656 6556 6657 0
6556 6557 6657 0
6657 6557 6658 0
6557 6558 6658 0
6658 6558 6659 0
6558 6559 6659 0
6659 6559 6660 0
6559 6560 6660 0
6660 6560 6661 0
6560 6561 6661 0
6661 6561 6662 0
6561 6562 6662 0
6662 6562 6663 0
6562 6563 6663 0
6663 6563 6664 0
6563 6564 6664 0
6664 6564 6665 0
6564 6565 6665 0
6665 6565 6666 0
6566 6567 6667 0
6667 6567 6668 0
6567 6568 6668 0
6668 6568 6669 0
6568 6569 6669 0
6669 6569 6670 0
6569 6570 6670 0
6670 6570 6671 0
6570 6571 6671 0
6671 6571 6672 0
6571 6572 6672 0
6672 6572 6673 0
6572 6573 6673 0
6673 6573 6674 0
6573 6574 6674 0
6674 6574 6675 0
6574 6575 6675 0
6675 6575 6676 0
6575 6576 6676 0
6676 6576 6677 0
6576 6577 6677 0
6677 6577 6678 0
6577 6578 6678 0
6678 6578 6679 0
6578 6579 6679 0
6679 6579 6680 0
6579 6580 6680 0
6680 6580 6681 0
6580 6581 6681 0
6681 6581 6682 0
6581 6582 6682 0
6682 6582 6683 0
6582 6583 6683 0
6683 6583 6684 0
6583 6584 6684 0
6684 6584 6685 0
6584 6585 6685 0
6685 6585 6686 0
6585 6586 6686 0
6686 6586 6687 0
6586 6587 6687 0
6687 6587 6688 0
6587 6588 6688 0
6688 6588 6689 0
6588 6589 6689 0
6689 6589 6690 0
6589 6590 6690 0
6690 6590 6691 0
6590 6591 6691 0
6691 6591 6692 0
6591 6592 6692 0
6692 6592 6693 0
6592 6593 6693 0
6693 6593 6694 0
6593 6594 6694 0
6694 6594 6695 0
6594 6595 6695 0
6695 6595 6696 0
6595 6596 6696 0
6696 6596 6697 0
6596 6597 6697 0
6697 6597 6698 0
6597 6598 6698 0
6698 6598 6699 0
6598 6599 6699 0
6699 6599 6700 0
6599 6600 6700 0
6700 6600 6701 0
6600 6601 6701 0
6701 6601 6702 0
6601 6602 6702 0
6702 6602 6703 0
6602 6603 6703 0
6703 6603 6704 0
6603 6604 6704 0
6704 6604 6705 0
6604 6605 6705 0
6705 6605 6706 0
6605 6606 6706 0
6706 6606 6707 0
6606 6607 6707 0
6707 6607 6708 0
6607 6608 6708 0
6708 6608 6709 0
6608 6609 6709 0
6709 6609 6710 0
6609 6610 6710 0
6710 6610 6711 0
6610 6611 6711 0
6711 6611 6712 0
6611 6612 6712 0
6712 6612 6713 0
6612 6613 6713 0
6713 6613 6714 0
6613 6614 6714 0
6714 6614 6715 0
6614 6615 6715 0
6715 6615 6716 0
6615 6616 6716 0
6716 6616 6717 0
6616 6617 6717 0
6717 6617 6718 0
6617 6618 6718 0
6718 6618 6719 0
6618 6619 6719 0
6719 6619 6720 0
6619 6620 6720 0
6720 6620 6721 0
6620 6621 6721 0
6721 6621 6722 0
6621 6622 6722 0
6722 6622 6723 0
6622 6623 6723 0
6723 6623 6724 0
6623 6624 6724 0
6724 6624 6725 0
6624 6625 6725 0
6725 6625 6726 0
6625 6626 6726 0
6726 6626 6727 0
6626 6627 6727 0
6727 6627 6728 0
6627 6628 6728 0
6728 6628 6729 0
6628 6629 6729 0
6729 6629 6730 0
6629 6630 6730 0
6730 6630 6731 0
6630 6631 6731 0
6731 6631 6732 0
6631 6632 6732 0
6732 6632 6733 0
6632 6633 6733 0
6733 6633 6734 0
6633 6634 6734 0
6734 6634 6735 0
6634 6635 6735 0
6735 6635 6736 0
6635 6636 6736 0
6736 6636 6737 0
6636 6637 6737 0
6737 6637 6738 0
6637 6638 6738 0
6738 6638 6739 0
6638 6639 6739 0
6739 6639 6740 0
6639 6640 6740 0
6740 6640 6741 0
6640 6641 6741 0
6741 6641 6742 0
6641 6642 6742 0
6742 6642 6743 0
6642 6643 6743 0
6743 6643 6744 0
6643 6644 6744 0
6744 6644 6745 0
6644 6645 6745 0
6745 6645 6746 0
6645 6646 6746 0
6746 6646 6747 0
6646 6647 6747 0
6747 6647 6748 0
6647 6648 6748 0
6748 6648 6749 0
6648 6649 6749 0
6749 6649 6750 0
6649 6650 6750 0
6750 6650 6751 0
6650 6651 6751 0
6751 6651 6752 0
6651 6652 6752 0
6752 6652 6753 0
6652 6653 6753 0
6753 6653 6754 0
6653 6654 6754 0
6754 6654 6755 0
6654 6655 6755 0
6755 6655 6756 0
6655 6656 6756 0
6756 6656 6757 0
6656 6657 6757 0
6757 6657 6758 0
6657 6658 6758 0
6758 6658 6759 0
6658 6659 6759 0
6759 6659 6760 0
6659 6660 6760 0
6760 6660 6761 0
6660 6661 6761 0
6761 6661 6762 0
6661 6662 6762 0
6762 6662 6763 0
6662 6663 6763 0
6763 6663 6764 0
6663 6664 6764 0
6764 6664 6765 0
6664 6665 6765 0
6765 6665 6766 0
6665 6666 6766 0
6766 6666 6767 0
6667 6668 6768 0
6768 6668 6769 0
6668 6669 6769 0
6769 6669 6770 0
6669 6670 6770 0
6770 6670 6771 0
6670 6671 6771 0
6771 6671 6772 0
6671 6672 6772 0
6772 6672 6773 0
6672 6673 6773 0
6773 6673 6774 0
6673 6674 6774 0
6774 6674 6775 0
6674 6675 6775 0
6775 6675 6776 0
6675 6676 6776 0
6776 6676 6777 0
6676 6677 6777 0
6777 6677 6778 0
6677 6678 6778 0
6778 6678 6779 0
6678 6679 6779 0
6779 6679 6780 0
6679 6680 6780 0
6780 6680 6781 0
6680 6681 6781 0
6781 6681 6782 0
6681 6682 6782 0
6782 6682 6783 0
6682 6683 6783 0
6783 6683 6784 0
6683 6684 6784 0
6784 6684 6785 0
6684 6685 6785 0
6785 6685 6786 0
6685 6686 6786 0
6786 6686 6787 0
6686 6687 6787 0
6787 6687 6788 0
6687 6688 6788 0
6788 6688 6789 0
6688 6689 6789 0
6789 6689 6790 0
6689 6690 6790 0
6790 6690 6791 0
6690 6691 6791 0
6791 6691 6792 0
6691 6692 6792 0
6792 6692 6793 0
6692 6693 6793 0
6793 6693 6794 0
6693 6694 6794 0
6794 6694 6795 0
6694 6695 6795 0
6795 6695 6796 0
6695 6696 6796 0
6796 6696 6797 0
6696 6697 6797 0
6797 6697 6798 0
6697 6698 6798 0
6798 6698 6799 0
6698 6699 6799 0
6799 6699 6800 0
6699 6700 6800 0
6800 6700 6801 0
6700 6701 6801 0
6801 6701 6802 0
6701 6702 6802 0
6802 6702 6803 0
6702 6703 6803 0
6803 6703 6804 0
6703 6704 6804 0
6804 6704 6805 0
6704 6705 6805 0
6805 6705 6806 0
6705 6706 6806 0
6806 6706 6807 0
6706 6707 6807 0
6807 6707 6808 0
6707 6708 6808 0
6808 6708 6809 0
6708 6709 6809 0
6809 6709 6810 0
6709 6710 6810 0
6810 6710 6811 0
6710 6711 6811 0
6811 6711 6812 0
6711 6712 6812 0
6812 6712 6813 0
6712 6713 6813 0
6813 6713 6814 0
6713 6714 6814 0
6814 6714 6815 0
6714 6715 6815 0
6815 6715 6816 0
6715 6716 6816 0
6816 6716 6817 0
6716 6717 6817 0
6817 6717 6818 0
6717 6718 6818 0
6818 6718 6819 0
6718 6719 6819 0
6819 6719 6820 0
6719 6720 6820 0
6820 6720 6821 0
6720 6721 6821 0
6821 6721 6822 0
6721 6722 6822 0
6822 6722 6823 0
6722 6723 6823 0
6823 6723 6824 0
6723 6724 6824 0
6824 6724 6825 0
6724 6725 6825 0
6825 6725 6826 0
6725 6726 6826 0
6826 6726 6827 0
6726 6727 6827 0
6827 6727 6828 0
6727 6728 6828 0
6828 6728 6829 0
6728 6729 6829 0
6829 6729 6830 0
6729 6730 6830 0
6830 6730 6831 0
6730 6731 6831 0
6831 6731 6832 0
6731 6732 6832 0
6832 6732 6833 0
6732 6733 6833 0
6833 6733 6834 0
6733 6734 6834 0
6834 6734 6835 0
6734 6735 6835 0
6835 6735 6836 0
6735 6736 6836 0
6836 6736 6837 0
6736 6737 6837 0
6837 6737 6838 0
6737 6738 6838 0
6838 6738 6839 0
6738 6739 6839 0
6839 6739 6840 0
6739 6740 6840 0
6840 6740 6841 0
6740 6741 6841 0
6841 6741 6842 0
6741 6742 6842 0
6842 6742 6843 0
6742 6743 6843 0
6843 6743 6844 0
6743 6744 6844 0
6844 6744 6845 0
6744 6745 6845 0
6845 6745 6846 0
6745 6746 6846 0
6846 6746 6847 0
6746 6747 6847 0
6847 6747 6848 0
6747 6748 6848 0
6848 6748 6849 0
6748 6749 6849 0
6849 6749 6850 0
6749 6750 6850 0
6850 6750 6851 0
6750 6751 6851 0
6851 6751 6852 0
6751 6752 6852 0
6852 6752 6853 0
6752 6753 6853 0
6853 6753 6854 0
6753 6754 6854 0
6854 6754 6855 0
6754 6755 6855 0
6855 6755 6856 0
6755 6756 6856 0
6856 6756 6857 0
6756 6757 6857 0
6857 6757 6858 0
6757 6758 6858 0
6858 6758 6859 0
6758 6759 6859 0
6859 6759 6860 0
6759 6760 6860 0
6860 6760 6861 0
6760 6761 6861 0
6861 6761 6862 0
6761 6762 6862 0
6862 6762 6863 0
6762 6763 6863 0
6863 6763 6864 0
6763 6764 6864 0
6864 6764 6865 0
6764 6765 6865 0
6865 6765 6866 0
6765 6766 6866 0
6866 6766 6867 0
6766 6767 6867 0
6867 6767 6868 0
6768 6769 6869 0
6869 6769 6870 0
6769 6770 6870 0
6870 6770 6871 0
6770 6771 6871 0
6871 6771 6872 0
6771 6772 6872 0
6872 6772 6873 0
6772 6773 6873 0
6873 6773 6874 0
6773 6774 6874 0
6874 6774 6875 0
6774 6775 6875 0
6875 6775 6876 0
6775 6776 6876 0
6876 6776 6877 0
6776 6777 6877 0
6877 6777 6878 0
6777 6778 6878 0
6878 6778 6879 0
6778 6779 6879 0
6879 6779 6880 0
6779 6780 6880 0
6880 6780 6881 0
6780 6781 6881 0
6881 6781 6882 0
6781 6782 6882 0
6882 6782 6883 0
6782 6783 6883 0
6883 6783 6884 0
6783 6784 6884 0
6884 6784 6885 0
6784 6785 6885 0
6885 6785 6886 0
6785 6786 6886 0
6886 6786 6887 0
6786 6787 6887 0
6887 6787 6888 0
6787 6788 6888 0
6888 6788 6889 0
6788 6789 6889 0
6889 6789 6890 0
6789 6790 6890 0
6890 6790 6891 0
6790 6791 6891 0
6891 6791 6892 0
6791 6792 6892 0
6892 6792 6893 0
6792 6793 6893 0
6893 6793 6894 0
6793 6794 6894 0
6894 6794 6895 0
6794 6795 6895 0
6895 6795 6896 0
6795 6796 6896 0
6896 6796 6897 0
6796 6797 6897 0
6897 6797 6898 0
6797 6798 6898 0
6898 6798 6899 0
6798 6799 6899 0
6899 6799 6900 0
6799 6800 6900 0
6900 6800 6901 0
6800 6801 6901 0
6901 6801 6902 0
6801 6802 6902 0
6902 6802 6903 0
6802 6803 6903 0
6903 6803 6904 0
6803 6804 6904 0
6904 6804 6905 0
6804 6805 6905 0
6905 6805 6906 0
6805 6806 6906 0
6906 6806 6907 0
6806 6807 6907 0
6907 6807 6908 0
6807 6808 6908 0
6908 6808 6909 0
6808 6809 6909 0
6909 6809 6910 0
6809 6810 6910 0
6910 6810 6911 0
6810 6811 6911 0
6911 6811 6912 0
6811 6812 6912 0
6912 6812 6913 0
6812 6813 6913 0
6913 6813 6914 0
6813 6814 6914 0
6914 6814 6915 0
6814 6815 6915 0
6915 6815 6916 0
6815 6816 6916 0
6916 6816 6917 0
6816 6817 6917 0
6917 6817 6918 0
6817 6818 6918 0
6918 6818 6919 0
6818 6819 6919 0
6919 6819 6920 0
6819 6820 6920 0
6920 6820 6921 0
6820 6821 6921 0
6921 6821 6922 0
6821 6822 6922 0
6922 6822 6923 0
6822 6823 6923 0
6923 6823 6924 0
6823 6824 6924 0
6924 6824 6925 0
6824 6825 6925 0
6925 6825 6926 0
6825 6826 6926 0
6926 6826 6927 0
6826 6827 6927 0
6927 6827 6928 0
6827 6828 6928 0
6928 6828 6929 0
6828 6829 6929 0
6929 6829 6930 0
6829 6830 6930 0
6930 6830 6931 0
6830 6831 6931 0
6931 6831 6932 0
6831 6832 6932 0
6932 6832 6933 0
6832 6833 6933 0
6933 6833 6934 0
6833 6834 6934 0
6934 6834 6935 0
6834 6835 6935 0
6935 6835 6936 0
6835 6836 6936 0
6936 6836 6937 0
6836 6837 6937 0
6937 6837 6938 0
6837 6838 6938 0
6938 6838 6939 0
6838 6839 6939 0
6939 6839 6940 0
6839 6840 6940 0
6940 6840 6941 0
6840 6841 6941 0
6941 6841 6942 0
6841 6842 6942 0
6942 6842 6943 0
6842 6843 6943 0
6943 6843 6944 0
6843 6844 6944 0
6944 6844 6945 0
6844 6845 6945 0
6945 6845 6946 0
6845 6846 6946 0
6946 6846 6947 0
6846 6847 6947 0
6947 6847 6948 0
6847 6848 6948 0
6948 6848 6949 0
6848 6849 6949 0
6949 6849 6950 0
6849 6850 6950 0
6950 6850 6951 0
6850 6851 6951 0
6951 6851 6952 0
6851 6852 6952 0
6952 6852 6953 0
6852 6853 6953 0
6953 6853 6954 0
6853 6854 6954 0
6954 6854 6955 0
6854 6855 6955 0
6955 6855 6956 0
6855 6856 6956 0
6956 6856 6957 0
6856 6857 6957 0
6957 6857 6958 0
6857 6858 6958 0
6958 6858 6959 0
6858 6859 6959 0
6959 6859 6960 0
6859 6860 6960 0
6960 6860 6961 0
6860 6861 6961 0
6961 6861 6962 0
6861 6862 6962 0
6962 6862 6963 0
6862 6863 6963 0
6963 6863 6964 0
6863 6864 6964 0
6964 6864 6965 0
6864 6865 6965 0
6965 6865 6966 0
6865 6866 6966 0
6966 6866 6967 0
6866 6867 6967 0
6967 6867 6968 0
6867 6868 6968 0
6968 6868 6969 0
6869 6870 6970 0
6970 6870 6971 0
6870 6871 6971 0
6971 6871 6972 0
6871 6872 6972 0
6972 6872 6973 0
6872 6873 6973 0
6973 6873 6974 0
6873 6874 6974 0
6974 6874 6975 0
6874 6875 6975 0
6975 6875 6976 0
6875 6876 6976 0
6976 6876 6977 0
6876 6877 6977 0
6977 6877 6978 0
6877 6878 6978 0
6978 6878 6979 0
6878 6879 6979 0
6979 6879 6980 0
6879 6880 6980 0
6980 6880 6981 0
6880 6881 6981 0
6981 6881 6982 0
6881 6882 6982 0
6982 6882 6983 0
6882 6883 6983 0
6983 6883 6984 0
6883 6884 6984 0
6984 6884 6985 0
6884 6885 6985 0
6985 6885 6986 0
6885 6886 6986 0
6986 6886 6987 0
6886 6887 6987 0
6987 6887 6988 0
6887 6888 6988 0
6988 6888 6989 0
6888 6889 6989 0
6989 6889 6990 0
6889 6890 6990 0
6990 6890 6991 0
6890 6891 6991 0
6991 6891 6992 0
6891 6892 6992 0
6992 6892 6993 0
6892 6893 6993 0
6993 6893 6994 0
6893 6894 6994 0
6994 6894 6995 0
6894 6895 6995 0
6995 6895 6996 0
6895 6896 6996 0
6996 6896 6997 0
6896 6897 6997 0
6997 6897 6998 0
6897 6898 6998 0
6998 6898 6999 0
6898 6899 6999 0
6999 6899 7000 0
6899 6900 7000 0
7000 6900 7001 0
6900 6901 7001 0
7001 6901 7002 0
6901 6902 7002 0
7002 6902 7003 0
6902 6903 7003 0
7003 6903 7004 0
6903 6904 7004 0
7004 6904 7005 0
6904 6905 7005 0
7005 6905 7006 0
6905 6906 7006 0
7006 6906 7007 0
6906 6907 7007 0
7007 6907 7008 0
6907 6908 7008 0
7008 6908 7009 0
6908 6909 7009 0
7009 6909 7010 0
6909 6910 7010 0
7010 6910 7011 0
6910 6911 7011 0
7011 6911 7012 0
6911 6912 7012 0
7012 6912 7013 0
6912 6913 7013 0
7013 6913 7014 0
6913 6914 7014 0
7014 6914 7015 0
6914 6915 7015 0
7015 6915 7016 0
6915 6916 7016 0
7016 6916 7017 0
6916 6917 7017 0
7017 6917 7018 0
6917 6918 7018 0
7018 6918 7019 0
6918 6919 7019 0
7019 6919 7020 0
6919 6920 7020 0
7020 6920 7021 0
6920 6921 7021 0
7021 6921 7022 0
6921 6922 7022 0
7022 6922 7023 0
6922 6923 7023 0
7023 6923 7024 0
6923 6924 7024 0
7024 6924 7025 0
6924 6925 7025 0
7025 6925 7026 0
6925 6926 7026 0
7026 6926 7027 0
6926 6927 7027 0
7027 6927 7028 0
6927 6928 7028 0
7028 6928 7029 0
6928 6929 7029 0
7029 6929 7030 0
6929 6930 7030 0
7030 6930 7031 0
6930 6931 7031 0
7031 6931 7032 0
6931 6932 7032 0
7032 6932 7033 0
6932 6933 7033 0
7033 6933 7034 0
6933 6934 7034 0
7034 6934 7035 0
6934 6935 7035 0
7035 6935 7036 0
6935 6936 7036 0
7036 6936 7037 0
6936 6937 7037 0
7037 6937 7038 0
6937 6938 7038 0
7038 6938 7039 0
6938 6939 7039 0
7039 6939 7040 0
6939 6940 7040 0
7040 6940 7041 0
6940 6941 7041 0
7041 6941 7042 0
6941 6942 7042 0
7042 6942 7043 0
6942 6943 7043 0
7043 6943 7044 0
6943 6944 7044 0
7044 6944 7045 0
6944 6945 7045 0
7045 6945 7046 0
6945 6946 7046 0
7046 6946 7047 0
6946 6947 7047 0
7047 6947 7048 0
6947 6948 7048 0
7048 6948 7049 0
6948 6949 7049 0
7049 6949 7050 0
6949 6950 7050 0
7050 6950 7051 0
6950 6951 7051 0
7051 6951 7052 0
6951 6952 7052 0
7052 6952 7053 0
6952 6953 7053 0
7053 6953 7054 0
6953 6954 7054 0
7054 6954 7055 0
6954 6955 7055 0
7055 6955 7056 0
6955 6956 7056 0
7056 6956 7057 0
6956 6957 7057 0
7057 6957 7058 0
6957 6958 7058 0
7058 6958 7059 0
6958 6959 7059 0
7059 6959 7060 0
6959 6960 7060 0
7060 6960 7061 0
6960 6961 7061 0
7061 6961 7062 0
6961 6962 7062 0
7062 6962 7063 0
6962 6963 7063 0
7063 6963 7064 0
6963 6964 7064 0
7064 6964 7065 0
6964 6965 7065 0
7065 6965 7066 0
6965 6966 7066 0
7066 6966 7067 0
6966 6967 7067 0
7067 6967 7068 0
6967 6968 7068 0
7068 6968 7069 0
6968 6969 7069 0
7069 6969 7070 0
6970 6971 7071 0
7071 6971 7072 0
6971 6972 7072 0
7072 6972 7073 0
6972 6973 7073 0
7073 6973 7074 0
6973 6974 7074 0
7074 6974 7075 0
6974 6975 7075 0
7075 6975 7076 0
6975 6976 7076 0
7076 6976 7077 0
6976 6977 7077 0
7077 6977 7078 0
6977 6978 7078 0
7078 6978 7079 0
6978 6979 7079 0
7079 6979 7080 0
6979 6980 7080 0
7080 6980 7081 0
6980 6981 7081 0
7081 6981 7082 0
6981 6982 7082 0
7082 6982 7083 0
6982 6983 7083 0
7083 6983 7084 0
6983 6984 7084 0
7084 6984 7085 0
6984 6985 7085 0
7085 6985 7086 0
6985 6986 7086 0
7086 6986 7087 0
6986 6987 7087 0
7087 6987 7088 0
6987 6988 7088 0
7088 6988 7089 0
6988 6989 7089 0
7089 6989 7090 0
6989 6990 7090 0
7090 6990 7091 0
6990 6991 7091 0
7091 6991 7092 0
6991 6992 7092 0
7092 6992 7093 0
6992 6993 7093 0
7093 6993 7094 0
6993 6994 7094 0
7094 6994 7095 0
6994 6995 7095 0
7095 6995 7096 0
6995 6996 7096 0
7096 6996 7097 0
6996 6997 7097 0
7097 6997 7098 0
6997 6998 7098 0
7098 6998 7099 0
6998 6999 7099 0
7099 6999 7100 0
6999 7000 7100 0
7100 7000 7101 0
7000 7001 7101 0
7101 7001 7102 0
7001 7002 7102 0
7102 7002 7103 0
7002 7003 7103 0
7103 7003 7104 0
7003 7004 7104 0
7104 7004 7105 0
7004 7005 7105 0
7105 7005 7106 0
7005 7006 7106 0
7106 7006 7107 0
7006 7007 7107 0
7107 7007 7108 0
7007 7008 7108 0
7108 7008 7109 0
7008 7009 7109 0
7109 7009 7110 0
7009 7010 7110 0
7110 7010 7111 0
7010 7011 7111 0
7111 7011 7112 0
7011 7012 7112 0
7112 7012 7113 0
7012 7013 7113 0
7113 7013 7114 0
7013 7014 7114 0
7114 7014 7115 0
7014 7015 7115 0
7115 7015 7116 0
7015 7016 7116 0
7116 7016 7117 0
7016 7017 7117 0
7117 7017 7118 0
7017 7018 7118 0
7118 7018 7119 0
7018 7019 7119 0
7119 7019 7120 0
7019 7020 7120 0
7120 7020 7121 0
7020 7021 7121 0
7121 7021 7122 0
7021 7022 7122 0
7122 7022 7123 0
7022 7023 7123 0
7123 7023 7124 0
7023 7024 7124 0
7124 7024 7125 0
7024 7025 7125 0
7125 7025 7126 0
7025 7026 7126 0
7126 7026 7127 0
7026 7027 7127 0
7127 7027 7128 0
7027 7028 7128 0
7128 7028 7129 0
7028 7029 7129 0
7129 7029 7130 0
7029 7030 7130 0
7130 7030 7131 0
7030 7031 7131 0
7131 7031 7132 0
7031 7032 7132 0
7132 7032 7133 0
7032 7033 7133 0
7133 7033 7134 0
7033 7034 7134 0
7134 7034 7135 0
7034 7035 7135 0
7135 7035 7136 0
7035 7036 7136 0
7136 7036 7137 0
7036 7037 7137 0
7137 7037 7138 0
7037 7038 7138 0
7138 7038 7139 0
7038 7039 7139 0
7139 7039 7140 0
7039 7040 7140 0
7140 7040 7141 0
7040 7041 7141 0
7141 7041 7142 0
7041 7042 7142 0
7142 7042 7143 0
7042 7043 7143 0
7143 7043 7144 0
7043 7044 7144 0
7144 7044 7145 0
7044 7045 7145 0
7145 7045 7146 0
7045 7046 7146 0
7146 7046 7147 0
7046 7047 7147 0
7147 7047 7148 0
7047 7048 7148 0
7148 7048 7149 0
7048 7049 7149 0
7149 7049 7150 0
7049 7050 7150 0
7150 7050 7151 0
7050 7051 7151 0
7151 7051 7152 0
7051 7052 7152 0
7152 7052 7153 0
7052 7053 7153 0
7153 7053 7154 0
7053 7054 7154 0
7154 7054 7155 0
7054 7055 7155 0
7155 7055 7156 0
7055 7056 7156 0
7156 7056 7157 0
7056 7057 7157 0
7157 7057 7158 0
7057 7058 7158 0
7158 7058 7159 0
7058 7059 7159 0
7159 7059 7160 0
7059 7060 7160 0
7160 7060 7161 0
7060 7061 7161 0
7161 7061 7162 0
7061 7062 7162 0
7162 7062 7163 0
7062 7063 7163 0
7163 7063 7164 0
7063 7064 7164 0
7164 7064 7165 0
7064 7065 7165 0
7165 7065 7166 0
7065 7066 7166 0
7166 7066 7167 0
7066 7067 7167 0
7167 7067 7168 0
7067 7068 7168 0
7168 7068 7169 0
7068 7069 7169 0
7169 7069 7170 0
7069 7070 7170 0
7170 7070 7171 0
7071 7072 7172 0
7172 7072 7173 0
7072 7073 7173 0
7173 7073 7174 0
7073 7074 7174 0
7174 7074 7175 0
7074 7075 7175 0
7175 7075 7176 0
7075 7076 7176 0
7176 7076 7177 0
7076 7077 7177 0
7177 7077 7178 0
7077 7078 7178 0
7178 7078 7179 0
7078 7079 7179 0
7179 7079 7180 0
7079 7080 7180 0
7180 7080 7181 0
7080 7081 7181 0
7181 7081 7182 0
7081 7082 7182 0
7182 7082 7183 0
7082 7083 7183 0
7183 7083 7184 0
7083 7084 7184 0
7184 7084 7185 0
7084 7085 7185 0
7185 7085 7186 0
7085 7086 7186 0
7186 7086 7187 0
7086 7087 7187 0
7187 7087 7188 0
7087 7088 7188 0
7188 7088 7189 0
7088 7089 7189 0
7189 7089 7190 0
7089 7090 7190 0
7190 7090 7191 0
7090 7091 7191 0
7191 7091 7192 0
7091 7092 7192 0
7192 7092 7193 0
7092 7093 7193 0
7193 7093 7194 0
7093 7094 7194 0
7194 7094 7195 0
7094 7095 7195 0
7195 7095 7196 0
7095 7096 7196 0
7196 7096 7197 0
7096 7097 7197 0
7197 7097 7198 0
7097 7098 7198 0
7198 7098 7199 0
7098 7099 7199 0
7199 7099 7200 0
7099 7100 7200 0
7200 7100 7201 0
7100 7101 7201 0
7201 7101 7202 0
7101 7102 7202 0
7202 7102 7203 0
7102 7103 7203 0
7203 7103 7204 0
7103 7104 7204 0
7204 7104 7205 0
7104 7105 7205 0
7205 7105 7206 0
7105 7106 7206 0
7206 7106 7207 0
7106 7107 7207 0
7207 7107 7208 0
7107 7108 7208 0
7208 7108 7209 0
7108 7109 7209 0
7209 7109 7210 0
7109 7110 7210 0
7210 7110 7211 0
7110 7111 7211 0
7211 7111 7212 0
7111 7112 7212 0
7212 7112 7213 0
7112 7113 7213 0
7213 7113 7214 0
7113 7114 7214 0
7214 7114 7215 0
7114 7115 7215 0
7215 7115 7216 0
7115 7116 7216 0
7216 7116 7217 0
7116 7117 7217 0
7217 7117 7218 0
7117 7118 7218 0
7218 7118 7219 0
7118 7119 7219 0
7219 7119 7220 0
7119 7120 7220 0
7220 7120 7221 0
7120 7121 7221 0
7221 7121 7222 0
7121 7122 7222 0
7222 7122 7223 0
7122 7123 7223 0
7223 7123 7224 0
7123 7124 7224 0
7224 7124 7225 0
7124 7125 7225 0
7225 7125 7226 0
7125 7126 7226 0
7226 7126 7227 0
7126 7127 7227 0
7227 7127 7228 0
7127 7128 7228 0
7228 7128 7229 0
7128 7129 7229 0
7229 7129 7230 0
7129 7130 7230 0
7230 7130 7231 0
7130 7131 7231 0
7231 7131 7232 0
7131 7132 7232 0
7232 7132 7233 0
7132 7133 7233 0
7233 7133 7234 0
7133 7134 7234 0
7234 7134 7235 0
7134 7135 7235 0
7235 7135 7236 0
7135 7136 7236 0
7236 7136 7237 0
7136 7137 7237 0
7237 7137 7238 0
7137 7138 7238 0
7238 7138 7239 0
7138 7139 7239 0
7239 7139 7240 0
7139 7140 7240 0
7240 7140 7241 0
7140 7141 7241 0
7241 7141 7242 0
7141 7142 7242 0
7242 7142 7243 0
7142 7143 7243 0
7243 7143 7244 0
7143 7144 7244 0
7244 7144 7245 0
7144 7145 7245 0
7245 7145 7246 0
7145 7146 7246 0
7246 7146 7247 0
7146 7147 7247 0
7247 7147 7248 0
7147 7148 7248 0
7248 7148 7249 0
7148 7149 7249 0
7249 7149 7250 0
7149 7150 7250 0
7250 7150 7251 0
7150 7151 7251 0
7251 7151 7252 0
7151 7152 7252 0
7252 7152 7253 0
7152 7153 7253 0
7253 7153 7254 0
7153 7154 7254 0
7254 7154 7255 0
7154 7155 7255 0
7255 7155 7256 0
7155 7156 7256 0
7256 7156 7257 0
7156 7157 7257 0
7257 7157 7258 0
7157 7158 7258 0
7258 7158 7259 0
7158 7159 7259 0
7259 7159 7260 0
7159 7160 7260 0
7260 7160 7261 0
7160 7161 7261 0
7261 7161 7262 0
7161 7162 7262 0
7262 7162 7263 0
7162 7163 7263 0
7263 7163 7264 0
7163 7164 7264 0
7264 7164 7265 0
7164 7165 7265 0
7265 7165 7266 0
7165 7166 7266 0
7266 7166 7267 0
7166 7167 7267 0
7267 7167 7268 0
7167 7168 7268 0
7268 7168 7269 0
7168 7169 7269 0
7269 7169 7270 0
7169 7170 7270 0
7270 7170 7271 0
7170 7171 7271 0
7271 7171 7272 0
7172 7173 7273 0
7273 7173 7274 0
7173 7174 7274 0
7274 7174 7275 0
7174 7175 7275 0
7275 7175 7276 0
7175 7176 7276 0
7276 7176 7277 0
7176 7177 7277 0
7277 7177 7278 0
7177 7178 7278 0
7278 7178 7279 0
7178 7179 7279 0
7279 7179 7280 0
7179 7180 7280 0
7280 7180 7281 0
7180 7181 7281 0
7281 7181 7282 0
7181 7182 7282 0
7282 7182 7283 0
7182 7183 7283 0
7283 7183 7284 0
7183 7184 7284 0
7284 7184 7285 0
7184 7185 7285 0
7285 7185 7286 0
7185 7186 7286 0
7286 7186 7287 0
7186 7187 7287 0
7287 7187 7288 0
7187 7188 7288 0
7288 7188 7289 0
7188 7189 7289 0
7289 7189 7290 0
7189 7190 7290 0
7290 7190 7291 0
7190 7191 7291 0
7291 7191 7292 0
7191 7192 7292 0
7292 7192 7293 0
7192 7193 7293 0
7293 7193 7294 0
7193 7194 7294 0
7294 7194 7295 0
7194 7195 7295 0
7295 7195 7296 0
7195 7196 7296 0
7296 7196 7297 0
7196 7197 7297 0
7297 7197 7298 0
7197 7198 7298 0
7298 7198 7299 0
7198 7199 7299 0
7299 7199 7300 0
7199 7200 7300 0
7300 7200 7301 0
7200 7201 7301 0
7301 7201 7302 0
7201 7202 7302 0
7302 7202 7303 0
7202 7203 7303 0
7303 7203 7304 0
7203 7204 7304 0
7304 7204 7305 0
7204 7205 7305 0
7305 7205 7306 0
7205 7206 7306 0
7306 7206 7307 0
7206 7207 7307 0
7307 7207 7308 0
7207 7208 7308 0
7308 7208 7309 0
7208 7209 7309 0
7309 7209 7310 0
7209 7210 7310 0
7310 7210 7311 0
7210 7211 7311 0
7311 7211 7312 0
7211 7212 7312 0
7312 7212 7313 0
7212 7213 7313 0
7313 7213 7314 0
7213 7214 7314 0
7314 7214 7315 0
7214 7215 7315 0
7315 7215 7316 0
7215 7216 7316 0
7316 7216 7317 0
7216 7217 7317 0
7317 7217 7318 0
7217 7218 7318 0
7318 7218 7319 0
7218 7219 7319 0
7319 7219 7320 0
7219 7220 7320 0
7320 7220 7321 0
7220 7221 7321 0
7321 7221 7322 0
7221 7222 7322 0
7322 7222 7323 0
7222 7223 7323 0
7323 7223 7324 0
7223 7224 7324 0
7324 7224 7325 0
7224 7225 7325 0
7325 7225 7326 0
7225 7226 7326 0
7326 7226 7327 0
7226 7227 7327 0
7327 7227 7328 0
7227 7228 7328 0
7328 7228 7329 0
7228 7229 7329 0
7329 7229 7330 0
7229 7230 7330 0
7330 7230 7331 0
7230 7231 7331 0
7331 7231 7332 0
7231 7232 7332 0
7332 7232 7333 0
7232 7233 7333 0
7333 7233 7334 0
7233 7234 7334 0
7334 7234 7335 0
7234 7235 7335 0
7335 7235 7336 0
7235 7236 7336 0
7336 7236 7337 0
7236 7237 7337 0
7337 7237 7338 0
7237 7238 7338 0
7338 7238 7339 0
7238 7239 7339 0
7339 7239 7340 0
7239 7240 7340 0
7340 7240 7341 0
7240 7241 7341 0
7341 7241 7342 0
7241 7242 7342 0
7342 7242 7343 0
7242 7243 7343 0
7343 7243 7344 0
7243 7244 7344 0
7344 7244 7345 0
7244 7245 7345 0
7345 7245 7346 0
7245 7246 7346 0
7346 7246 7347 0
7246 7247 7347 0
7347 7247 7348 0
7247 7248 7348 0
7348 7248 7349 0
7248 7249 7349 0
7349 7249 7350 0
7249 7250 7350 0
7350 7250 7351 0
7250 7251 7351 0
7351 7251 7352 0
7251 7252 7352 0
7352 7252 7353 0
7252 7253 7353 0
7353 7253 7354 0
7253 7254 7354 0
7354 7254 7355 0
7254 7255 7355 0
7355 7255 7356 0
7255 7256 7356 0
7356 7256 7357 0
7256 7257 7357 0
7357 7257 7358 0
7257 7258 7358 0
7358 7258 7359 0
7258 7259 7359 0
7359 7259 7360 0
7259 7260 7360 0
7360 7260 7361 0
7260 7261 7361 0
7361 7261 7362 0
7261 7262 7362 0
7362 7262 7363 0
7262 7263 7363 0
7363 7263 7364 0
7263 7264 7364 0
7364 7264 7365 0
7264 7265 7365 0
7365 7265 7366 0
7265 7266 7366 0
7366 7266 7367 0
7266 7267 7367 0
7367 7267 7368 0
7267 7268 7368 0
7368 7268 7369 0
7268 7269 7369 0
7369 7269 7370 0
7269 7270 7370 0
7370 7270 7371 0
7270 7271 7371 0
7371 7271 7372 0
7271 7272 7372 0
7372 7272 7373 0
7273 7274 7374 0
7374 7274 7375 0
7274 7275 7375 0
7375 7275 7376 0
7275 7276 7376 0
7376 7276 7377 0
7276 7277 7377 0
7377 7277 7378 0
7277 7278 7378 0
7378 7278 7379 0
7278 7279 7379 0
7379 7279 7380 0
7279 7280 7380 0
7380 7280 7381 0
7280 7281 7381 0
7381 7281 7382 0
7281 7282 7382 0
7382 7282 7383 0
7282 7283 7383 0
7383 7283 7384 0
7283 7284 7384 0
7384 7284 7385 0
7284 7285 7385 0
7385 7285 7386 0
7285 7286 7386 0
7386 7286 7387 0
7286 7287 7387 0
7387 7287 7388 0
7287 7288 7388 0
7388 7288 7389 0
7288 7289 7389 0
7389 7289 7390 0
7289 7290 7390 0
7390 7290 7391 0
7290 7291 7391 0
7391 7291 7392 0
7291 7292 7392 0
7392 7292 7393 0
7292 7293 7393 0
7393 7293 7394 0
7293 7294 7394 0
7394 7294 7395 0
7294 7295 7395 0
7395 7295 7396 0
7295 7296 7396 0
7396 7296 7397 0
7296 7297 7397 0
7397 7297 7398 0
7297 7298 7398 0
7398 7298 7399 0
7298 7299 7399 0
7399 7299 7400 0
7299 7300 7400 0
7400 7300 7401 0
7300 7301 7401 0
7401 7301 7402 0
7301 7302 7402 0
7402 7302 7403 0
7302 7303 7403 0
7403 7303 7404 0
7303 7304 7404 0
7404 7304 7405 0
7304 7305 7405 0
7405 7305 7406 0
7305 7306 7406 0
7406 7306 7407 0
7306 7307 7407 0
7407 7307 7408 0
7307 7308 7408 0
7408 7308 7409 0
7308 7309 7409 0
7409 7309 7410 0
7309 7310 7410 0
7410 7310 7411 0
7310 7311 7411 0
7411 7311 7412 0
7311 7312 7412 0
7412 7312 7413 0
7312 7313 7413 0
7413 7313 7414 0
7313 7314 7414 0
7414 7314 7415 0
7314 7315 7415 0
7415 7315 7416 0
7315 7316 7416 0
7416 7316 7417 0
7316 7317 7417 0
7417 7317 7418 0
7317 7318 7418 0
7418 7318 7419 0
7318 7319 7419 0
7419 7319 7420 0
7319 7320 7420 0
7420 7320 7421 0
7320 7321 7421 0
7421 7321 7422 0
7321 7322 7422 0
7422 7322 7423 0
7322 7323 7423 0
7423 7323 7424 0
7323 7324 7424 0
7424 7324 7425 0
7324 7325 7425 0
7425 7325 7426 0
7325 7326 7426 0
7426 7326 7427 0
7326 7327 7427 0
7427 7327 7428 0
7327 7328 7428 0
7428 7328 7429 0
7328 7329 7429 0
7429 7329 7430 0
7329 7330 7430 0
7430 7330 7431 0
7330 7331 7431 0
7431 7331 7432 0
7331 7332 7432 0
7432 7332 7433 0
7332 7333 7433 0
7433 7333 7434 0
7333 7334 7434 0
7434 7334 7435 0
7334 7335 7435 0
7435 7335 7436 0
7335 7336 7436 0
7436 7336 7437 0
7336 7337 7437 0
7437 7337 7438 0
7337 7338 7438 0
7438 7338 7439 0
7338 7339 7439 0
7439 7339 7440 0
7339 7340 7440 0
7440 7340 7441 0
7340 7341 7441 0
7441 7341 7442 0
7341 7342 7442 0
7442 7342 7443 0
7342 7343 7443 0
7443 7343 7444 0
7343 7344 7444 0
7444 7344 7445 0
7344 7345 7445 0
7445 7345 7446 0
7345 7346 7446 0
7446 7346 7447 0
7346 7347 7447 0
7447 7347 7448 0
7347 7348 7448 0
7448 7348 7449 0
7348 7349 7449 0
7449 7349 7450 0
7349 7350 7450 0
7450 7350 7451 0
7350 7351 7451 0
7451 7351 7452 0
7351 7352 7452 0
7452 7352 7453 0
7352 7353 7453 0
7453 7353 7454 0
7353 7354 7454 0
7454 7354 7455 0
7354 7355 7455 0
7455 7355 7456 0
7355 7356 7456 0
7456 7356 7457 0
7356 7357 7457 0
7457 7357 7458 0
7357 7358 7458 0
7458 7358 7459 0
7358 7359 7459 0
7459 7359 7460 0
7359 7360 7460 0
7460 7360 7461 0
7360 7361 7461 0
7461 7361 7462 0
7361 7362 7462 0
7462 7362 7463 0
7362 7363 7463 0
7463 7363 7464 0
7363 7364 7464 0
7464 7364 7465 0
7364 7365 7465 0
7465 7365 7466 0
7365 7366 7466 0
7466 7366 7467 0
7366 7367 7467 0
7467 7367 7468 0
7367 7368 7468 0
7468 7368 7469 0
7368 7369 7469 0
7469 7369 7470 0
7369 7370 7470 0
7470 7370 7471 0
7370 7371 7471 0
7471 7371 7472 0
7371 7372 7472 0
7472 7372 7473 0
7372 7373 7473 0
7473 7373 7474 0
7374 7375 7475 0
7475 7375 7476 0
7375 7376 7476 0
7476 7376 7477 0
7376 7377 7477 0
7477 7377 7478 0
7377 7378 7478 0
7478 7378 7479 0
7378 7379 7479 0
7479 7379 7480 0
7379 7380 7480 0
7480 7380 7481 0
7380 7381 7481 0
7481 7381 7482 0
7381 7382 7482 0
7482 7382 7483 0
7382 7383 7483 0
7483 7383 7484 0
7383 7384 7484 0
7484 7384 7485 0
7384 7385 7485 0
7485 7385 7486 0
7385 7386 7486 0
7486 7386 7487 0
7386 7387 7487 0
7487 7387 7488 0
7387 7388 7488 0
7488 7388 7489 0
7388 7389 7489 0
7489 7389 7490 0
7389 7390 7490 0
7490 7390 7491 0
7390 7391 7491 0
7491 7391 7492 0
7391 7392 7492 0
7492 7392 7493 0
7392 7393 7493 0
7493 7393 7494 0
7393 7394 7494 0
7494 7394 7495 0
7394 7395 7495 0
7495 7395 7496 0
7395 7396 7496 0
7496 7396 7497 0
7396 7397 7497 0
7497 7397 7498 0
7397 7398 7498 0
7498 7398 7499 0
7398 7399 7499 0
7499 7399 7500 0
7399 7400 7500 0
7500 7400 7501 0
7400 7401 7501 0
7501 7401 7502 0
7401 7402 7502 0
7502 7402 7503 0
7402 7403 7503 0
7503 7403 7504 0
7403 7404 7504 0
7504 7404 7505 0
7404 7405 7505 0
7505 7405 7506 0
7405 7406 7506 0
7506 7406 7507 0
7406 7407 7507 0
7507 7407 7508 0
7407 7408 7508 0
7508 7408 7509 0
7408 7409 7509 0
7509 7409 7510 0
7409 7410 7510 0
7510 7410 7511 0
7410 7411 7511 0
7511 7411 7512 0
7411 7412 7512 0
7512 7412 7513 0
7412 7413 7513 0
7513 7413 7514 0
7413 7414 7514 0
7514 7414 7515 0
7414 7415 7515 0
7515 7415 7516 0
7415 7416 7516 0
7516 7416 7517 0
7416 7417 7517 0
7517 7417 7518 0
7417 7418 7518 0
7518 7418 7519 0
7418 7419 7519 0
7519 7419 7520 0
7419 7420 7520 0
7520 7420 7521 0
7420 7421 7521 0
7521 7421 7522 0
7421 7422 7522 0
7522 7422 7523 0
7422 7423 7523 0
7523 7423 7524 0
7423 7424 7524 0
7524 7424 7525 0
7424 7425 7525 0
7525 7425 7526 0
7425 7426 7526 0
7526 7426 7527 0
7426 7427 7527 0
7527 7427 7528 0
7427 7428 7528 0
7528 7428 7529 0
7428 7429 7529 0
7529 7429 7530 0
7429 7430 7530 0
7530 7430 7531 0
7430 7431 7531 0
7531 7431 7532 0
7431 7432 7532 0
7532 7432 7533 0
7432 7433 7533 0
7533 7433 7534 0
7433 7434 7534 0
7534 7434 7535 0
7434 7435 7535 0
7535 7435 7536 0
7435 7436 7536 0
7536 7436 7537 0
7436 7437 7537 0
7537 7437 7538 0
7437 7438 7538 0
7538 7438 7539 0
7438 7439 7539 0
7539 7439 7540 0
7439 7440 7540 0
7540 7440 7541 0
7440 7441 7541 0
7541 7441 7542 0
7441 7442 7542 0
7542 7442 7543 0
7442 7443 7543 0
7543 7443 7544 0
7443 7444 7544 0
7544 7444 7545 0
7444 7445 7545 0
7545 7445 7546 0
7445 7446 7546 0
7546 7446 7547 0
7446 7447 7547 0
7547 7447 7548 0
7447 7448 7548 0
7548 7448 7549 0
7448 7449 7549 0
7549 7449 7550 0
7449 7450 7550 0
7550 7450 7551 0
7450 7451 7551 0
7551 7451 7552 0
7451 7452 7552 0
7552 7452 7553 0
7452 7453 7553 0
7553 7453 7554 0
7453 7454 7554 0
7554 7454 7555 0
7454 7455 7555 0
7555 7455 7556 0
7455 7456 7556 0
7556 7456 7557 0
7456 7457 7557 0
7557 7457 7558 0
7457 7458 7558 0
7558 7458 7559 0
7458 7459 7559 0
7559 7459 7560 0
7459 7460 7560 0
7560 7460 7561 0
7460 7461 7561 0
7561 7461 7562 0
7461 7462 7562 0
7562 7462 7563 0
7462 7463 7563 0
7563 7463 7564 0
7463 7464 7564 0
7564 7464 7565 0
7464 7465 7565 0
7565 7465 7566 0
7465 7466 7566 0
7566 7466 7567 0
7466 7467 7567 0
7567 7467 7568 0
7467 7468 7568 0
7568 7468 7569 0
7468 7469 7569 0
7569 7469 7570 0
7469 7470 7570 0
7570 7470 7571 0
7470 7471 7571 0
7571 7471 7572 0
7471 7472 7572 0
7572 7472 7573 0
7472 7473 7573 0
7573 7473 7574 0
7473 7474 7574 0
7574 7474 7575 0
7475 7476 7576 0
7576 7476 7577 0
7476 7477 7577 0
7577 7477 7578 0
7477 7478 7578 0
7578 7478 7579 0
7478 7479 7579 0
7579 7479 7580 0
7479 7480 7580 0
7580 7480 7581 0
7480 7481 7581 0
7581 7481 7582 0
7481 7482 7582 0
7582 7482 7583 0
7482 7483 7583 0
7583 7483 7584 0
7483 7484 7584 0
7584 7484 7585 0
7484 7485 7585 0
7585 7485 7586 0
7485 7486 7586 0
7586 7486 7587 0
7486 7487 7587 0
7587 7487 7588 0
7487 7488 7588 0
7588 7488 7589 0
7488 7489 7589 0
7589 7489 7590 0
7489 7490 7590 0
7590 7490 7591 0
7490 7491 7591 0
7591 7491 7592 0
7491 7492 7592 0
7592 7492 7593 0
7492 7493 7593 0
7593 7493 7594 0
7493 7494 7594 0
7594 7494 7595 0
7494 7495 7595 0
7595 7495 7596 0
7495 7496 7596 0
7596 7496 7597 0
7496 7497 7597 0
7597 7497 7598 0
7497 7498 7598 0
7598 7498 7599 0
7498 7499 7599 0
7599 7499 7600 0
7499 7500 7600 0
7600 7500 7601 0
7500 7501 7601 0
7601 7501 7602 0
7501 7502 7602 0
7602 7502 7603 0
7502 7503 7603 0
7603 7503 7604 0
7503 7504 7604 0
7604 7504 7605 0
7504 7505 7605 0
7605 7505 7606 0
7505 7506 7606 0
7606 7506 7607 0
7506 7507 7607 0
7607 7507 7608 0
7507 7508 7608 0
7608 7508 7609 0
7508 7509 7609 0
7609 7509 7610 0
7509 7510 7610 0
7610 7510 7611 0
7510 7511 7611 0
7611 7511 7612 0
7511 7512 7612 0
7612 7512 7613 0
7512 7513 7613 0
7613 7513 7614 0
7513 7514 7614 0
7614 7514 7615 0
7514 7515 7615 0
7615 7515 7616 0
7515 7516 7616 0
7616 7516 7617 0
7516 7517 7617 0
7617 7517 7618 0
7517 7518 7618 0
7618 7518 7619 0
7518 7519 7619 0
7619 7519 7620 0
7519 7520 7620 0
7620 7520 7621 0
7520 7521 7621 0
7621 7521 7622 0
7521 7522 7622 0
7622 7522 7623 0
7522 7523 7623 0
7623 7523 7624 0
7523 7524 7624 0
7624 7524 7625 0
7524 7525 7625 0
7625 7525 7626 0
7525 7526 7626 0
7626 7526 7627 0
7526 7527 7627 0
7627 7527 7628 0
7527 7528 7628 0
7628 7528 7629 0
7528 7529 7629 0
7629 7529 7630 0
7529 7530 7630 0
7630 7530 7631 0
7530 7531 7631 0
7631 7531 7632 0
7531 7532 7632 0
7632 7532 7633 0
7532 7533 7633 0
7633 7533 7634 0
7533 7534 7634 0
7634 7534 7635 0
7534 7535 7635 0
7635 7535 7636 0
7535 7536 7636 0
7636 7536 7637 0
7536 7537 7637 0
7637 7537 7638 0
7537 7538 7638 0
7638 7538 7639 0
7538 7539 7639 0
7639 7539 7640 0
7539 7540 7640 0
7640 7540 7641 0
7540 7541 7641 0
7641 7541 7642 0
7541 7542 7642 0
7642 7542 7643 0
7542 7543 7643 0
7643 7543 7644 0
7543 7544 7644 0
7644 7544 7645 0
7544 7545 7645 0
7645 7545 7646 0
7545 7546 7646 0
7646 7546 7647 0
7546 7547 7647 0
7647 7547 7648 0
7547 7548 7648 0
7648 7548 7649 0
7548 7549 7649 0
7649 7549 7650 0
7549 7550 7650 0
7650 7550 7651 0
7550 7551 7651 0
7651 7551 7652 0
7551 7552 7652 0
7652 7552 7653 0
7552 7553 7653 0
7653 7553 7654 0
7553 7554 7654 0
7654 7554 7655 0
7554 7555 7655 0
7655 7555 7656 0
7555 7556 7656 0
7656 7556 7657 0
7556 7557 7657 0
7657 7557 7658 0
7557 7558 7658 0
7658 7558 7659 0
7558 7559 7659 0
7659 7559 7660 0
7559 7560 7660 0
7660 7560 7661 0
7560 7561 7661 0
7661 7561 7662 0
7561 7562 7662 0
7662 7562 7663 0
7562 7563 7663 0
7663 7563 7664 0
7563 7564 7664 0
7664 7564 7665 0
7564 7565 7665 0
7665 7565 7666 0
7565 7566 7666 0
7666 7566 7667 0
7566 7567 7667 0
7667 7567 7668 0
7567 7568 7668 0
7668 7568 7669 0
7568 7569 7669 0
7669 7569 7670 0
7569 7570 7670 0
7670 7570 7671 0
7570 7571 7671 0
7671 7571 7672 0
7571 7572 7672 0
7672 7572 7673 0
7572 7573 7673 0
7673 7573 7674 0
7573 7574 7674 0
7674 7574 7675 0
7574 7575 7675 0
7675 7575 7676 0
7576 7577 7677 0
7677 7577 7678 0
7577 7578 7678 0
7678 7578 7679 0
7578 7579 7679 0
7679 7579 7680 0
7579 7580 7680 0
7680 7580 7681 0
7580 7581 7681 0
7681 7581 7682 0
7581 7582 7682 0
7682 7582 7683 0
7582 7583 7683 0
7683 7583 7684 0
7583 7584 7684 0
7684 7584 7685 0
7584 7585 7685 0
7685 7585 7686 0
7585 7586 7686 0
7686 7586 7687 0
7586 7587 7687 0
7687 7587 7688 0
7587 7588 7688 0
7688 7588 7689 0
7588 7589 7689 0
7689 7589 7690 0
7589 7590 7690 0
7690 7590 7691 0
7590 7591 7691 0
7691 7591 7692 0
7591 7592 7692 0
7692 7592 7693 0
7592 7593 7693 0
7693 7593 7694 0
7593 7594 7694 0
7694 7594 7695 0
7594 7595 7695 0
7695 7595 7696 0
7595 7596 7696 0
7696 7596 7697 0
7596 7597 7697 0
7697 7597 7698 0
7597 7598 7698 0
7698 7598 7699 0
7598 7599 7699 0
7699 7599 7700 0
7599 7600 7700 0
7700 7600 7701 0
7600 7601 7701 0
7701 7601 7702 0
7601 7602 7702 0
7702 7602 7703 0
7602 7603 7703 0
7703 7603 7704 0
7603 7604 7704 0
7704 7604 7705 0
7604 7605 7705 0
7705 7605 7706 0
7605 7606 7706 0
7706 7606 7707 0
7606 7607 7707 0
7707 7607 7708 0
7607 7608 7708 0
7708 7608 7709 0
7608 7609 7709 0
7709 7609 7710 0
7609 7610 7710 0
7710 7610 7711 0
7610 7611 7711 0
7711 7611 7712 0
7611 7612 7712 0
7712 7612 7713 0
7612 7613 7713 0
7713 7613 7714 0
7613 7614 7714 0
7714 7614 7715 0
7614 7615 7715 0
7715 7615 7716 0
7615 7616 7716 0
7716 7616 7717 0
7616 7617 7717 0
7717 7617 7718 0
7617 7618 7718 0
7718 7618 7719 0
7618 7619 7719 0
7719 7619 7720 0
7619 7620 7720 0
7720 7620 7721 0
7620 7621 7721 0
7721 7621 7722 0
7621 7622 7722 0
7722 7622 7723 0
7622 7623 7723 0
7723 7623 7724 0
7623 7624 7724 0
7724 7624 7725 0
7624 7625 7725 0
7725 7625 7726 0
7625 7626 7726 0
7726 7626 7727 0
7626 7627 7727 0
7727 7627 7728 0
7627 7628 7728 0
7728 7628 7729 0
7628 7629 7729 0
7729 7629 7730 0
7629 7630 7730 0
7730 7630 7731 0
7630 7631 7731 0
7731 7631 7732 0
7631 7632 7732 0
7732 7632 7733 0
7632 7633 7733 0
7733 7633 7734 0
7633 7634 7734 0
7734 7634 7735 0
7634 7635 7735 0
7735 7635 7736 0
7635 7636 7736 0
7736 7636 7737 0
7636 7637 7737 0
7737 7637 7738 0
7637 7638 7738 0
7738 7638 7739 0
7638 7639 7739 0
7739 7639 7740 0
7639 7640 7740 0
7740 7640 7741 0
7640 7641 7741 0
7741 7641 7742 0
7641 7642 7742 0
7742 7642 7743 0
7642 7643 7743 0
7743 7643 7744 0
7643 7644 7744 0
7744 7644 7745 0
7644 7645 7745 0
7745 7645 7746 0
7645 7646 7746 0
7746 7646 7747 0
7646 7647 7747 0
7747 7647 7748 0
7647 7648 7748 0
7748 7648 7749 0
7648 7649 7749 0
7749 7649 7750 0
7649 7650 7750 0
7750 7650 7751 0
7650 7651 7751 0
7751 7651 7752 0
7651 7652 7752 0
7752 7652 7753 0
7652 7653 7753 0
7753 7653 7754 0
7653 7654 7754 0
7754 7654 7755 0
7654 7655 7755 0
7755 7655 7756 0
7655 7656 7756 0
7756 7656 7757 0
7656 7657 7757 0
7757 7657 7758 0
7657 7658 7758 0
7758 7658 7759 0
7658 7659 7759 0
7759 7659 7760 0
7659 7660 7760 0
7760 7660 7761 0
7660 7661 7761 0
7761 7661 7762 0
7661 7662 7762 0
7762 7662 7763 0
7662 7663 7763 0
7763 7663 7764 0
7663 7664 7764 0
7764 7664 7765 0
7664 7665 7765 0
7765 7665 7766 0
7665 7666 7766 0
7766 7666 7767 0
7666 7667 7767 0
7767 7667 7768 0
7667 7668 7768 0
7768 7668 7769 0
7668 7669 7769 0
7769 7669 7770 0
7669 7670 7770 0
7770 7670 7771 0
7670 7671 7771 0
7771 7671 7772 0
7671 7672 7772 0
7772 7672 7773 0
7672 7673 7773 0
7773 7673 7774 0
7673 7674 7774 0
7774 7674 7775 0
7674 7675 7775 0
7775 7675 7776 0
7675 7676 7776 0
7776 7676 7777 0
7677 7678 7778 0
7778 7678 7779 0
7678 7679 7779 0
7779 7679 7780 0
7679 7680 7780 0
7780 7680 7781 0
7680 7681 7781 0
7781 7681 7782 0
7681 7682 7782 0
7782 7682 7783 0
7682 7683 7783 0
7783 7683 7784 0
7683 7684 7784 0
7784 7684 7785 0
7684 7685 7785 0
7785 7685 7786 0
7685 7686 7786 0
7786 7686 7787 0
7686 7687 7787 0
7787 7687 7788 0
7687 7688 7788 0
7788 7688 7789 0
7688 7689 7789 0
7789 7689 7790 0
7689 7690 7790 0
7790 7690 7791 0
7690 7691 7791 0
7791 7691 7792 0
7691 7692 7792 0
7792 7692 7793 0
7692 7693 7793 0
7793 7693 7794 0
7693 7694 7794 0
7794 7694 7795 0
7694 7695 7795 0
7795 7695 7796 0
7695 7696 7796 0
7796 7696 7797 0
7696 7697 7797 0
7797 7697 7798 0
7697 7698 7798 0
7798 7698 7799 0
7698 7699 7799 0
7799 7699 7800 0
7699 7700 7800 0
7800 7700 7801 0
7700 7701 7801 0
7801 7701 7802 0
7701 7702 7802 0
7802 7702 7803 0
7702 7703 7803 0
7803 7703 7804 0
7703 7704 7804 0
7804 7704 7805 0
7704 7705 7805 0
7805 7705 7806 0
7705 7706 7806 0
7806 7706 7807 0
7706 7707 7807 0
7807 7707 7808 0
7707 7708 7808 0
7808 7708 7809 0
7708 7709 7809 0
7809 7709 7810 0
7709 7710 7810 0
7810 7710 7811 0
7710 7711 7811 0
7811 7711 7812 0
7711 7712 7812 0
7812 7712 7813 0
7712 7713 7813 0
7813 7713 7814 0
7713 7714 7814 0
7814 7714 7815 0
7714 7715 7815 0
7815 7715 7816 0
7715 7716 7816 0
7816 7716 7817 0
7716 7717 7817 0
7817 7717 7818 0
7717 7718 7818 0
7818 7718 7819 0
7718 7719 7819 0
7819 7719 7820 0
7719 7720 7820 0
7820 7720 7821 0
7720 7721 7821 0
7821 7721 7822 0
7721 7722 7822 0
7822 7722 7823 0
7722 7723 7823 0
7823 7723 7824 0
7723 7724 7824 0
7824 7724 7825 0
7724 7725 7825 0
7825 7725 7826 0
7725 7726 7826 0
7826 7726 7827 0
7726 7727 7827 0
7827 7727 7828 0
7727 7728 7828 0
7828 7728 7829 0
7728 7729 7829 0
7829 7729 7830 0
7729 7730 7830 0
7830 7730 7831 0
7730 7731 7831 0
7831 7731 7832 0
7731 7732 7832 0
7832 7732 7833 0
7732 7733 7833 0
7833 7733 7834 0
7733 7734 7834 0
7834 7734 7835 0
7734 7735 7835 0
7835 7735 7836 0
7735 7736 7836 0
7836 7736 7837 0
7736 7737 7837 0
7837 7737 7838 0
7737 7738 7838 0
7838 7738 7839 0
7738 7739 7839 0
7839 7739 7840 0
7739 7740 7840 0
7840 7740 7841 0
7740 7741 7841 0
7841 7741 7842 0
7741 7742 7842 0
7842 7742 7843 0
7742 7743 7843 0
7843 7743 7844 0
7743 7744 7844 0
7844 7744 7845 0
7744 7745 7845 0
7845 7745 7846 0
7745 7746 7846 0
7846 7746 7847 0
7746 7747 7847 0
7847 7747 7848 0
7747 7748 7848 0
7848 7748 7849 0
7748 7749 7849 0
7849 7749 7850 0
7749 7750 7850 0
7850 7750 7851 0
7750 7751 7851 0
7851 7751 7852 0
7751 7752 7852 0
7852 7752 7853 0
7752 7753 7853 0
7853 7753 7854 0
7753 7754 7854 0
7854 7754 7855 0
7754 7755 7855 0
7855 7755 7856 0
7755 7756 7856 0
7856 7756 7857 0
7756 7757 7857 0
7857 7757 7858 0
7757 7758 7858 0
7858 7758 7859 0
7758 7759 7859 0
7859 7759 7860 0
7759 7760 7860 0
7860 7760 7861 0
7760 7761 7861 0
7861 7761 7862 0
7761 7762 7862 0
7862 7762 7863 0
7762 7763 7863 0
7863 7763 7864 0
7763 7764 7864 0
7864 7764 7865 0
7764 7765 7865 0
7865 7765 7866 0
7765 7766 7866 0
7866 7766 7867 0
7766 7767 7867 0
7867 7767 7868 0
7767 7768 7868 0
7868 7768 7869 0
7768 7769 7869 0
7869 7769 7870 0
7769 7770 7870 0
7870 7770 7871 0
7770 7771 7871 0
7871 7771 7872 0
7771 7772 7872 0
7872 7772 7873 0
7772 7773 7873 0
7873 7773 7874 0
7773 7774 7874 0
7874 7774 7875 0
7774 7775 7875 0
7875 7775 7876 0
7775 7776 7876 0
7876 7776 7877 0
7776 7777 7877 0
7877 7777 7878 0
7778 7779 7879 0
7879 7779 7880 0
7779 7780 7880 0
7880 7780 7881 0
7780 7781 7881 0
7881 7781 7882 0
7781 7782 7882 0
7882 7782 7883 0
7782 7783 7883 0
7883 7783 7884 0
7783 7784 7884 0
7884 7784 7885 0
7784 7785 7885 0
7885 7785 7886 0
7785 7786 7886 0
7886 7786 7887 0
7786 7787 7887 0
7887 7787 7888 0
7787 7788 7888 0
7888 7788 7889 0
7788 7789 7889 0
7889 7789 7890 0
7789 7790 7890 0
7890 7790 7891 0
7790 7791 7891 0
7891 7791 7892 0
7791 7792 7892 0
7892 7792 7893 0
7792 7793 7893 0
7893 7793 7894 0
7793 7794 7894 0
7894 7794 7895 0
7794 7795 7895 0
7895 7795 7896 0
7795 7796 7896 0
7896 7796 7897 0
7796 7797 7897 0
7897 7797 7898 0
7797 7798 7898 0
7898 7798 7899 0
7798 7799 7899 0
7899 7799 7900 0
7799 7800 7900 0
7900 7800 7901 0
7800 7801 7901 0
7901 7801 7902 0
7801 7802 7902 0
7902 7802 7903 0
7802 7803 7903 0
7903 7803 7904 0
7803 7804 7904 0
7904 7804 7905 0
7804 7805 7905 0
7905 7805 7906 0
7805 7806 7906 0
7906 7806 7907 0
7806 7807 7907 0
7907 7807 7908 0
7807 7808 7908 0
7908 7808 7909 0
7808 7809 7909 0
7909 7809 7910 0
7809 7810 7910 0
7910 7810 7911 0
7810 7811 7911 0
7911 7811 7912 0
7811 7812 7912 0
7912 7812 7913 0
7812 7813 7913 0
7913 7813 7914 0
7813 7814 7914 0
7914 7814 7915 0
7814 7815 7915 0
7915 7815 7916 0
7815 7816 7916 0
7916 7816 7917 0
7816 7817 7917 0
7917 7817 7918 0
7817 7818 7918 0
7918 7818 7919 0
7818 7819 7919 0
7919 7819 7920 0
7819 7820 7920 0
7920 7820 7921 0
7820 7821 7921 0
7921 7821 7922 0
7821 7822 7922 0
7922 7822 7923 0
7822 7823 7923 0
7923 7823 7924 0
7823 7824 7924 0
7924 7824 7925 0
7824 7825 7925 0
7925 7825 7926 0
7825 7826 7926 0
7926 7826 7927 0
7826 7827 7927 0
7927 7827 7928 0
7827 7828 7928 0
7928 7828 7929 0
7828 7829 7929 0
7929 7829 7930 0
7829 7830 7930 0
7930 7830 7931 0
7830 7831 7931 0
7931 7831 7932 0
7831 7832 7932 0
7932 7832 7933 0
7832 7833 7933 0
7933 7833 7934 0
7833 7834 7934 0
7934 7834 7935 0
7834 7835 7935 0
7935 7835 7936 0
7835 7836 7936 0
7936 7836 7937 0
7836 7837 7937 0
7937 7837 7938 0
7837 7838 7938 0
7938 7838 7939 0
7838 7839 7939 0
7939 7839 7940 0
7839 7840 7940 0
7940 7840 7941 0
7840 7841 7941 0
7941 7841 7942 0
7841 7842 7942 0
7942 7842 7943 0
7842 7843 7943 0
7943 7843 7944 0
7843 7844 7944 0
7944 7844 7945 0
7844 7845 7945 0
7945 7845 7946 0
7845 7846 7946 0
7946 7846 7947 0
7846 7847 7947 0
7947 7847 7948 0
7847 7848 7948 0
7948 7848 7949 0
7848 7849 7949 0
7949 7849 7950 0
7849 7850 7950 0
7950 7850 7951 0
7850 7851 7951 0
7951 7851 7952 0
7851 7852 7952 0
7952 7852 7953 0
7852 7853 7953 0
7953 7853 7954 0
7853 7854 7954 0
7954 7854 7955 0
7854 7855 7955 0
7955 7855 7956 0
7855 7856 7956 0
7956 7856 7957 0
7856 7857 7957 0
7957 7857 7958 0
7857 7858 7958 0
7958 7858 7959 0
7858 7859 7959 0
7959 7859 7960 0
7859 7860 7960 0
7960 7860 7961 0
7860 7861 7961 0
7961 7861 7962 0
7861 7862 7962 0
7962 7862 7963 0
7862 7863 7963 0
7963 7863 7964 0
7863 7864 7964 0
7964 7864 7965 0
7864 7865 7965 0
7965 7865 7966 0
7865 7866 7966 0
7966 7866 7967 0
7866 7867 7967 0
7967 7867 7968 0
7867 7868 7968 0
7968 7868 7969 0
7868 7869 7969 0
7969 7869 7970 0
7869 7870 7970 0
7970 7870 7971 0
7870 7871 7971 0
7971 7871 7972 0
7871 7872 7972 0
7972 7872 7973 0
7872 7873 7973 0
7973 7873 7974 0
7873 7874 7974 0
7974 7874 7975 0
7874 7875 7975 0
7975 7875 7976 0
7875 7876 7976 0
7976 7876 7977 0
7876 7877 7977 0
7977 7877 7978 0
7877 7878 7978 0
7978 7878 7979 0
7879 7880 7980 0
7980 7880 7981 0
7880 7881 7981 0
7981 7881 7982 0
7881 7882 7982 0
7982 7882 7983 0
7882 7883 7983 0
7983 7883 7984 0
7883 7884 7984 0
7984 7884 7985 0
7884 7885 7985 0
7985 7885 7986 0
7885 7886 7986 0
7986 7886 7987 0
7886 7887 7987 0
7987 7887 7988 0
7887 7888 7988 0
7988 7888 7989 0
7888 7889 7989 0
7989 7889 7990 0
7889 7890 7990 0
7990 7890 7991 0
7890 7891 7991 0
7991 7891 7992 0
7891 7892 7992 0
7992 7892 7993 0
7892 7893 7993 0
7993 7893 7994 0
7893 7894 7994 0
7994 7894 7995 0
7894 7895 7995 0
7995 7895 7996 0
7895 7896 7996 0
7996 7896 7997 0
7896 7897 7997 0
7997 7897 7998 0
7897 7898 7998 0
7998 7898 7999 0
7898 7899 7999 0
7999 7899 8000 0
7899 7900 8000 0
8000 7900 8001 0
7900 7901 8001 0
8001 7901 8002 0
7901 7902 8002 0
8002 7902 8003 0
7902 7903 8003 0
8003 7903 8004 0
7903 7904 8004 0
8004 7904 8005 0
7904 7905 8005 0
8005 7905 8006 0
7905 7906 8006 0
8006 7906 8007 0
7906 7907 8007 0
8007 7907 8008 0
7907 7908 8008 0
8008 7908 8009 0
7908 7909 8009 0
8009 7909 8010 0
7909 7910 8010 0
8010 7910 8011 0
7910 7911 8011 0
8011 7911 8012 0
7911 7912 8012 0
8012 7912 8013 0
7912 7913 8013 0
8013 7913 8014 0
7913 7914 8014 0
8014 7914 8015 0
7914 7915 8015 0
8015 7915 8016 0
7915 7916 8016 0
8016 7916 8017 0
7916 7917 8017 0
8017 7917 8018 0
7917 7918 8018 0
8018 7918 8019 0
7918 7919 8019 0
8019 7919 8020 0
7919 7920 8020 0
8020 7920 8021 0
7920 7921 8021 0
8021 7921 8022 0
7921 7922 8022 0
8022 7922 8023 0
7922 7923 8023 0
8023 7923 8024 0
7923 7924 8024 0
8024 7924 8025 0
7924 7925 8025 0
8025 7925 8026 0
7925 7926 8026 0
8026 7926 8027 0
7926 7927 8027 0
8027 7927 8028 0
7927 7928 8028 0
8028 7928 8029 0
7928 7929 8029 0
8029 7929 8030 0
7929 7930 8030 0
8030 7930 8031 0
7930 7931 8031 0
8031 7931 8032 0
7931 7932 8032 0
8032 7932 8033 0
7932 7933 8033 0
8033 7933 8034 0
7933 7934 8034 0
8034 7934 8035 0
7934 7935 8035 0
8035 7935 8036 0
7935 7936 8036 0
8036 7936 8037 0
7936 7937 8037 0
8037 7937 8038 0
7937 7938 8038 0
8038 7938 8039 0
7938 7939 8039 0
8039 7939 8040 0
7939 7940 8040 0
8040 7940 8041 0
7940 7941 8041 0
8041 7941 8042 0
7941 7942 8042 0
8042 7942 8043 0
7942 7943 8043 0
8043 7943 8044 0
7943 7944 8044 0
8044 7944 8045 0
7944 7945 8045 0
8045 7945 8046 0
7945 7946 8046 0
8046 7946 8047 0
7946 7947 8047 0
8047 7947 8048 0
7947 7948 8048 0
8048 7948 8049 0
7948 7949 8049 0
8049 7949 8050 0
7949 7950 8050 0
8050 7950 8051 0
7950 7951 8051 0
8051 7951 8052 0
7951 7952 8052 0
8052 7952 8053 0
7952 7953 8053 0
8053 7953 8054 0
7953 7954 8054 0
8054 7954 8055 0
7954 7955 8055 0
8055 7955 8056 0
7955 7956 8056 0
8056 7956 8057 0
7956 7957 8057 0
8057 7957 8058 0
7957 7958 8058 0
8058 7958 8059 0
7958 7959 8059 0
8059 7959 8060 0
7959 7960 8060 0
8060 7960 8061 0
7960 7961 8061 0
8061 7961 8062 0
7961 7962 8062 0
8062 7962 8063 0
7962 7963 8063 0
8063 7963 8064 0
7963 7964 8064 0
8064 7964 8065 0
7964 7965 8065 0
8065 7965 8066 0
7965 7966 8066 0
8066 7966 8067 0
7966 7967 8067 0
8067 7967 8068 0
7967 7968 8068 0
8068 7968 8069 0
7968 7969 8069 0
8069 7969 8070 0
7969 7970 8070 0
8070 7970 8071 0
7970 7971 8071 0
8071 7971 8072 0
7971 7972 8072 0
8072 7972 8073 0
7972 7973 8073 0
8073 7973 8074 0
7973 7974 8074 0
8074 7974 8075 0
7974 7975 8075 0
8075 7975 8076 0
7975 7976 8076 0
8076 7976 8077 0
7976 7977 8077 0
8077 7977 8078 0
7977 7978 8078 0
8078 7978 8079 0
7978 7979 8079 0
8079 7979 8080 0
7980 7981 8081 0
8081 7981 8082 0
7981 7982 8082 0
8082 7982 8083 0
7982 7983 8083 0
8083 7983 8084 0
7983 7984 8084 0
8084 7984 8085 0
7984 7985 8085 0
8085 7985 8086 0
7985 7986 8086 0
8086 7986 8087 0
7986 7987 8087 0
8087 7987 8088 0
7987 7988 8088 0
8088 7988 8089 0
7988 7989 8089 0
8089 7989 8090 0
7989 7990 8090 0
8090 7990 8091 0
7990 7991 8091 0
8091 7991 8092 0
7991 7992 8092 0
8092 7992 8093 0
7992 7993 8093 0
8093 7993 8094 0
7993 7994 8094 0
8094 7994 8095 0
7994 7995 8095 0
8095 7995 8096 0
7995 7996 8096 0
8096 7996 8097 0
7996 7997 8097 0
8097 7997 8098 0
7997 7998 8098 0
8098 7998 8099 0
7998 7999 8099 0
8099 7999 8100 0
7999 8000 8100 0
8100 8000 8101 0
8000 8001 8101 0
8101 8001 8102 0
8001 8002 8102 0
8102 8002 8103 0
8002 8003 8103 0
8103 8003 8104 0
8003 8004 8104 0
8104 8004 8105 0
8004 8005 8105 0
8105 8005 8106 0
8005 8006 8106 0
8106 8006 8107 0
8006 8007 8107 0
8107 8007 8108 0
8007 8008 8108 0
8108 8008 8109 0
8008 8009 8109 0
8109 8009 8110 0
8009 8010 8110 0
8110 8010 8111 0
8010 8011 8111 0
8111 8011 8112 0
8011 8012 8112 0
8112 8012 8113 0
8012 8013 8113 0
8113 8013 8114 0
8013 8014 8114 0
8114 8014 8115 0
8014 8015 8115 0
8115 8015 8116 0
8015 8016 8116 0
8116 8016 8117 0
8016 8017 8117 0
8117 8017 8118 0
8017 8018 8118 0
8118 8018 8119 0
8018 8019 8119 0
8119 8019 8120 0
8019 8020 8120 0
8120 8020 8121 0
8020 8021 8121 0
8121 8021 8122 0
8021 8022 8122 0
8122 8022 8123 0
8022 8023 8123 0
8123 8023 8124 0
8023 8024 8124 0
8124 8024 8125 0
8024 8025 8125 0
8125 8025 8126 0
8025 8026 8126 0
8126 8026 8127 0
8026 8027 8127 0
8127 8027 8128 0
8027 8028 8128 0
8128 8028 8129 0
8028 8029 8129 0
8129 8029 8130 0
8029 8030 8130 0
8130 8030 8131 0
8030 8031 8131 0
8131 8031 8132 0
8031 8032 8132 0
8132 8032 8133 0
8032 8033 8133 0
8133 8033 8134 0
8033 8034 8134 0
8134 8034 8135 0
8034 8035 8135 0
8135 8035 8136 0
8035 8036 8136 0
8136 8036 8137 0
8036 8037 8137 0
8137 8037 8138 0
8037 8038 8138 0
8138 8038 8139 0
8038 8039 8139 0
8139 8039 8140 0
8039 8040 8140 0
8140 8040 8141 0
8040 8041 8141 0
8141 8041 8142 0
8041 8042 8142 0
8142 8042 8143 0
8042 8043 8143 0
8143 8043 8144 0
8043 8044 8144 0
8144 8044 8145 0
8044 8045 8145 0
8145 8045 8146 0
8045 8046 8146 0
8146 8046 8147 0
8046 8047 8147 0
8147 8047 8148 0
8047 8048 8148 0
8148 8048 8149 0
8048 8049 8149 0
8149 8049 8150 0
8049 8050 8150 0
8150 8050 8151 0
8050 8051 8151 0
8151 8051 8152 0
8051 8052 8152 0
8152 8052 8153 0
8052 8053 8153 0
8153 8053 8154 0
8053 8054 8154 0
8154 8054 8155 0
8054 8055 8155 0
8155 8055 8156 0
8055 8056 8156 0
8156 8056 8157 0
8056 8057 8157 0
8157 8057 8158 0
8057 8058 8158 0
8158 8058 8159 0
8058 8059 8159 0
8159 8059 8160 0
8059 8060 8160 0
8160 8060 8161 0
8060 8061 8161 0
8161 8061 8162 0
8061 8062 8162 0
8162 8062 8163 0
8062 8063 8163 0
8163 8063 8164 0
8063 8064 8164 0
8164 8064 8165 0
8064 8065 8165 0
8165 8065 8166 0
8065 8066 8166 0
8166 8066 8167 0
8066 8067 8167 0
8167 8067 8168 0
8067 8068 8168 0
8168 8068 8169 0
8068 8069 8169 0
8169 8069 8170 0
8069 8070 8170 0
8170 8070 8171 0
8070 8071 8171 0
8171 8071 8172 0
8071 8072 8172 0
8172 8072 8173 0
8072 8073 8173 0
8173 8073 8174 0
8073 8074 8174 0
8174 8074 8175 0
8074 8075 8175 0
8175 8075 8176 0
8075 8076 8176 0
8176 8076 8177 0
8076 8077 8177 0
8177 8077 8178 0
8077 8078 8178 0
8178 8078 8179 0
8078 8079 8179 0
8179 8079 8180 0
8079 8080 8180 0
8180 8080 8181 0
1 2 1
2 3 1
3 4 1
4 5 1
5 6 1
6 7 1
7 8 1
8 9 1
9 10 1
10 11 1
11 12 1
12 13 1
13 14 1
14 15 1
15 16 1
16 17 1
17 18 1
18 19 1
19 20 1
20 21 1
21 22 1
22 23 1
23 24 1
24 25 1
25 26 1
26 27 1
27 28 1
28 29 1
29 30 1
30 31 1
31 32 1
32 33 1
33 34 1
34 35 1
35 36 1
36 37 1
37 38 1
38 39 1
39 40 1
40 41 1
41 42 1
42 43 1
43 44 1
44 45 1
45 46 1
46 47 1
47 48 1
48 49 1
49 50 1
50 51 1
51 52 1
52 53 1
53 54 1
54 55 1
55 56 1
56 57 1
57 58 1
58 59 1
59 60 1
60 61 1
61 62 1
62 63 1
63 64 1
64 65 1
65 66 1
66 67 1
67 68 1
68 69 1
69 70 1
70 71 1
71 72 1
72 73 1
73 74 1
74 75 1
75 76 1
76 77 1
77 78 1
78 79 1
79 80 1
80 81 1
81 82 1
82 83 1
83 84 1
84 85 1
85 86 1
86 87 1
87 88 1
88 89 1
89 90 1
90 91 1
91 92 1
92 93 1
93 94 1
94 95 1
95 96 1
96 97 1
97 98 1
98 99 1
99 100 1
100 101 1
101 202 2
202 303 2
303 404 2
404 505 2
505 606 2
606 707 2
707 808 2
808 909 2
909 1010 2
1010 1111 2
1111 1212 2
1212 1313 2
1313 1414 2
1414 1515 2
1515 1616 2
1616 1717 2
1717 1818 2
1818 1919 2
1919 2020 2
2020 2121 2
2121 2222 2
2222 2323 2
2323 2424 2
2424 2525 2
2525 2626 2
2626 2727 2
2727 2828 2
2828 2929 2
2929 3030 2
3030 3131 2
3131 3232 2
3232 3333 2
3333 3434 2
3434 3535 2
3535 3636 2
3636 3737 2
3737 3838 2
3838 3939 2
3939 4040 2
4040 4141 2
4141 4242 2
4242 4343 2
4343 4444 2
4444 4545 2
4545 4646 2
4646 4747 2
4747 4848 2
4848 4949 2
4949 5050 2
5050 5151 2
5151 5252 2
5252 5353 2
5353 5454 2
5454 5555 2
5555 5656 2
5656 5757 2
5757 5858 2
5858 5959 2
5959 6060 2
6060 6161 2
6161 6262 2
6262 6363 2
6363 6464 2
6464 6565 2
6565 6666 2
6666 6767 2
6767 6868 2
6868 6969 2
6969 7070 2
7070 7171 2
7171 7272 2
7272 7373 2
7373 7474 2
7474 7575 2
7575 7676 2
7676 7777 2
7777 7878 2
7878 7979 2
7979 8080 2
8080 8181 2
8082 8081 3
8083 8082 3
8084 8083 3
8085 8084 3
8086 8085 3
8087 8086 3
8088 8087 3
8089 8088 3
8090 8089 3
8091 8090 3
8092 8091 3
8093 8092 3
8094 8093 3
8095 8094 3
8096 8095 3
8097 8096 3
8098 8097 3
8099 8098 3
8100 8099 3
8101 8100 3
8102 8101 3
8103 8102 3
8104 8103 3
8105 8104 3
8106 8105 3
8107 8106 3
8108 8107 3
8109 8108 3
8110 8109 3
8111 8110 3
8112 8111 3
8113 8112 3
8114 8113 3
8115 8114 3
8116 8115 3
8117 8116 3
8118 8117 3
8119 8118 3
8120 8119 3
8121 8120 3
8122 8121 3
8123 8122 3
8124 8123 3
8125 8124 3
8126 8125 3
8127 8126 3
8128 8127 3
8129 8128 3
8130 8129 3
8131 8130 3
8132 8131 3
8133 8132 3
8134 8133 3
8135 8134 3
8136 8135 3
8137 8136 3
8138 8137 3
8139 8138 3
8140 8139 3
8141 8140 3
8142 8141 3
8143 8142 3
8144 8143 3
8145 8144 3
8146 8145 3
8147 8146 3
8148 8147 3
8149 8148 3
8150 8149 3
8151 8150 3
8152 8151 3
8153 8152 3
8154 8153 3
8155 8154 3
8156 8155 3
8157 8156 3
8158 8157 3
8159 8158 3
8160 8159 3
8161 8160 3
8162 8161 3
8163 8162 3
8164 8163 3
8165 8164 3
8166 8165 3
8167 8166 3
8168 8167 3
8169 8168 3
8170 8169 3
8171 8170 3
8172 8171 3
8173 8172 3
8174 8173 3
8175 8174 3
8176 8175 3
8177 8176 3
8178 8177 3
8179 8178 3
8180 8179 3
8181 8180 3
102 1 4
203 102 4
304 203 4
405 304 4
506 405 4
607 506 4
708 607 4
809 708 4
910 809 4
1011 910 4
1112 1011 4
1213 1112 4
1314 1213 4
1415 1314 4
1516 1415 4
1617 1516 4
1718 1617 4
1819 1718 4
1920 1819 4
2021 1920 4
2122 2021 4
2223 2122 4
2324 2223 4
2425 2324 4
2526 2425 4
2627 2526 4
2728 2627 4
2829 2728 4
2930 2829 4
3031 2930 4
3132 3031 4
3233 3132 4
3334 3233 4
3435 3334 4
3536 3435 4
3637 3536 4
3738 3637 4
3839 3738 4
3940 3839 4
4041 3940 4
4142 4041 4
4243 4142 4
4344 4243 4
4445 4344 4
4546 4445 4
4647 4546 4
4748 4647 4
4849 4748 4
4950 4849 4
5051 4950 4
5152 5051 4
5253 5152 4
5354 5253 4
5455 5354 4
5556 5455 4
5657 5556 4
5758 5657 4
5859 5758 4
5960 5859 4
6061 5960 4
6162 6061 4
6263 6162 4
6364 6263 4
6465 6364 4
6566 6465 4
6667 6566 4
6768 6667 4
6869 6768 4
6970 6869 4
7071 6970 4
7172 7071 4
7273 7172 4
7374 7273 4
7475 7374 4
7576 7475 4
7677 7576 4
7778 7677 4
7879 7778 4
7980 7879 4
8081 7980 4
