3111 6000 220
0 0 4
0.000986635785864 0 1
0.00394264934276 0 1
0.00885637463566 0 1
0.0157084194357 0 1
0.0244717418524 0 1
0.0351117570559 0 1
0.047586473767 0 1
0.0618466599781 0 1
0.077836037249 0 1
0.0954915028125 0 1
0.114743378612 0 1
0.135515686289 0 1
0.157726447036 0 1
0.181288005126 0 1
0.206107373854 0 1
0.232086602511 0 1
0.259123162949 0 1
0.287110354217 0 1
0.315937723658 0 1
0.345491502813 0 1
0.375655056418 0 1
0.406309342707 0 1
0.437333383218 0 1
0.468604740235 0 1
0.5 0 1
0.531395259765 0 1
0.562666616782 0 1
0.593690657293 0 1
0.624344943582 0 1
0.654508497187 0 1
0.684062276342 0 1
0.712889645783 0 1
0.740876837051 0 1
0.767913397489 0 1
0.793892626146 0 1
0.818711994874 0 1
0.842273552964 0 1
0.864484313711 0 1
0.885256621388 0 1
0.904508497187 0 1
0.922163962751 0 1
0.938153340022 0 1
0.952413526233 0 1
0.964888242944 0 1
0.975528258148 0 1
0.984291580564 0 1
0.991143625364 0 1
0.996057350657 0 1
0.999013364214 0 1
1 0 2
0 0.00122057077968 4
0.000986635785864 0.00122057077968 0
0.00394264934276 0.00122057077968 0
0.00885637463566 0.00122057077968 0
0.0157084194357 0.00122057077968 0
0.0244717418524 0.00122057077968 0
0.0351117570559 0.00122057077968 0
0.047586473767 0.00122057077968 0
0.0618466599781 0.00122057077968 0
0.077836037249 0.00122057077968 0
0.0954915028125 0.00122057077968 0
0.114743378612 0.00122057077968 0
0.135515686289 0.00122057077968 0
0.157726447036 0.00122057077968 0
0.181288005126 0.00122057077968 0
0.206107373854 0.00122057077968 0
0.232086602511 0.00122057077968 0
0.259123162949 0.00122057077968 0
0.287110354217 0.00122057077968 0
0.315937723658 0.00122057077968 0
0.345491502813 0.00122057077968 0
0.375655056418 0.00122057077968 0
0.406309342707 0.00122057077968 0
0.437333383218 0.00122057077968 0
0.468604740235 0.00122057077968 0
0.5 0.00122057077968 0
0.531395259765 0.00122057077968 0
0.562666616782 0.00122057077968 0
0.593690657293 0.00122057077968 0
0.624344943582 0.00122057077968 0
0.654508497187 0.00122057077968 0
0.684062276342 0.00122057077968 0
0.712889645783 0.00122057077968 0
0.740876837051 0.00122057077968 0
0.767913397489 0.00122057077968 0
0.793892626146 0.00122057077968 0
0.818711994874 0.00122057077968 0
0.842273552964 0.00122057077968 0
0.864484313711 0.00122057077968 0
0.885256621388 0.00122057077968 0
0.904508497187 0.00122057077968 0
0.922163962751 0.00122057077968 0
0.938153340022 0.00122057077968 0
0.952413526233 0.00122057077968 0
0.964888242944 0.00122057077968 0
0.975528258148 0.00122057077968 0
0.984291580564 0.00122057077968 0
0.991143625364 0.00122057077968 0
0.996057350657 0.00122057077968 0
0.999013364214 0.00122057077968 0
1 0.00122057077968 2
0 0.0026586969454 4
0.000986635785864 0.0026586969454 0
0.00394264934276 0.0026586969454 0
0.00885637463566 0.0026586969454 0
0.0157084194357 0.0026586969454 0
0.0244717418524 0.0026586969454 0
0.0351117570559 0.0026586969454 0
0.047586473767 0.0026586969454 0
0.0618466599781 0.0026586969454 0
0.077836037249 0.0026586969454 0
0.0954915028125 0.0026586969454 0
0.114743378612 0.0026586969454 0
0.135515686289 0.0026586969454 0
0.157726447036 0.0026586969454 0
0.181288005126 0.0026586969454 0
0.206107373854 0.0026586969454 0
0.232086602511 0.0026586969454 0
0.259123162949 0.0026586969454 0
0.287110354217 0.0026586969454 0
0.315937723658 0.0026586969454 0
0.345491502813 0.0026586969454 0
0.375655056418 0.0026586969454 0
0.406309342707 0.0026586969454 0
0.437333383218 0.0026586969454 0
0.468604740235 0.0026586969454 0
0.5 0.0026586969454 0
0.531395259765 0.0026586969454 0
0.562666616782 0.0026586969454 0
0.593690657293 0.0026586969454 0
0.624344943582 0.0026586969454 0
0.654508497187 0.0026586969454 0
0.684062276342 0.0026586969454 0
0.712889645783 0.0026586969454 0
0.740876837051 0.0026586969454 0
0.767913397489 0.0026586969454 0
0.793892626146 0.0026586969454 0
0.818711994874 0.0026586969454 0
0.842273552964 0.0026586969454 0
0.864484313711 0.0026586969454 0
0.885256621388 0.0026586969454 0
0.904508497187 0.0026586969454 0
0.922163962751 0.0026586969454 0
0.938153340022 0.0026586969454 0
0.952413526233 0.0026586969454 0
0.964888242944 0.0026586969454 0
0.975528258148 0.0026586969454 0
0.984291580564 0.0026586969454 0
0.991143625364 0.0026586969454 0
0.996057350657 0.0026586969454 0
0.999013364214 0.0026586969454 0
1 0.0026586969454 2
0 0.00435235097885 4
0.000986635785864 0.00435235097885 0
0.00394264934276 0.00435235097885 0
0.00885637463566 0.00435235097885 0
0.0157084194357 0.00435235097885 0
0.0244717418524 0.00435235097885 0
0.0351117570559 0.00435235097885 0
0.047586473767 0.00435235097885 0
0.0618466599781 0.00435235097885 0
0.077836037249 0.00435235097885 0
0.0954915028125 0.00435235097885 0
0.114743378612 0.00435235097885 0
0.135515686289 0.00435235097885 0
0.157726447036 0.00435235097885 0
0.181288005126 0.00435235097885 0
0.206107373854 0.00435235097885 0
0.232086602511 0.00435235097885 0
0.259123162949 0.00435235097885 0
0.287110354217 0.00435235097885 0
0.315937723658 0.00435235097885 0
0.345491502813 0.00435235097885 0
0.375655056418 0.00435235097885 0
0.406309342707 0.00435235097885 0
0.437333383218 0.00435235097885 0
0.468604740235 0.00435235097885 0
0.5 0.00435235097885 0
0.531395259765 0.00435235097885 0
0.562666616782 0.00435235097885 0
0.593690657293 0.00435235097885 0
0.624344943582 0.00435235097885 0
0.654508497187 0.00435235097885 0
0.684062276342 0.00435235097885 0
0.712889645783 0.00435235097885 0
0.740876837051 0.00435235097885 0
0.767913397489 0.00435235097885 0
0.793892626146 0.00435235097885 0
0.818711994874 0.00435235097885 0
0.842273552964 0.00435235097885 0
0.864484313711 0.00435235097885 0
0.885256621388 0.00435235097885 0
0.904508497187 0.00435235097885 0
0.922163962751 0.00435235097885 0
0.938153340022 0.00435235097885 0
0.952413526233 0.00435235097885 0
0.964888242944 0.00435235097885 0
0.975528258148 0.00435235097885 0
0.984291580564 0.00435235097885 0
0.991143625364 0.00435235097885 0
0.996057350657 0.00435235097885 0
0.999013364214 0.00435235097885 0
1 0.00435235097885 2
0 0.00634581985903 4
0.000986635785864 0.00634581985903 0
0.00394264934276 0.00634581985903 0
0.00885637463566 0.00634581985903 0
0.0157084194357 0.00634581985903 0
0.0244717418524 0.00634581985903 0
0.0351117570559 0.00634581985903 0
0.047586473767 0.00634581985903 0
0.0618466599781 0.00634581985903 0
0.077836037249 0.00634581985903 0
0.0954915028125 0.00634581985903 0
0.114743378612 0.00634581985903 0
0.135515686289 0.00634581985903 0
0.157726447036 0.00634581985903 0
0.181288005126 0.00634581985903 0
0.206107373854 0.00634581985903 0
0.232086602511 0.00634581985903 0
0.259123162949 0.00634581985903 0
0.287110354217 0.00634581985903 0
0.315937723658 0.00634581985903 0
0.345491502813 0.00634581985903 0
0.375655056418 0.00634581985903 0
0.406309342707 0.00634581985903 0
0.437333383218 0.00634581985903 0
0.468604740235 0.00634581985903 0
0.5 0.00634581985903 0
0.531395259765 0.00634581985903 0
0.562666616782 0.00634581985903 0
0.593690657293 0.00634581985903 0
0.624344943582 0.00634581985903 0
0.654508497187 0.00634581985903 0
0.684062276342 0.00634581985903 0
0.712889645783 0.00634581985903 0
0.740876837051 0.00634581985903 0
0.767913397489 0.00634581985903 0
0.793892626146 0.00634581985903 0
0.818711994874 0.00634581985903 0
0.842273552964 0.00634581985903 0
0.864484313711 0.00634581985903 0
0.885256621388 0.00634581985903 0
0.904508497187 0.00634581985903 0
0.922163962751 0.00634581985903 0
0.938153340022 0.00634581985903 0
0.952413526233 0.00634581985903 0
0.964888242944 0.00634581985903 0
0.975528258148 0.00634581985903 0
0.984291580564 0.00634581985903 0
0.991143625364 0.00634581985903 0
0.996057350657 0.00634581985903 0
0.999013364214 0.00634581985903 0
1 0.00634581985903 2
0 0.00869063318072 4
0.000986635785864 0.00869063318072 0
0.00394264934276 0.00869063318072 0
0.00885637463566 0.00869063318072 0
0.0157084194357 0.00869063318072 0
0.0244717418524 0.00869063318072 0
0.0351117570559 0.00869063318072 0
0.047586473767 0.00869063318072 0
0.0618466599781 0.00869063318072 0
0.077836037249 0.00869063318072 0
0.0954915028125 0.00869063318072 0
0.114743378612 0.00869063318072 0
0.135515686289 0.00869063318072 0
0.157726447036 0.00869063318072 0
0.181288005126 0.00869063318072 0
0.206107373854 0.00869063318072 0
0.232086602511 0.00869063318072 0
0.259123162949 0.00869063318072 0
0.287110354217 0.00869063318072 0
0.315937723658 0.00869063318072 0
0.345491502813 0.00869063318072 0
0.375655056418 0.00869063318072 0
0.406309342707 0.00869063318072 0
0.437333383218 0.00869063318072 0
0.468604740235 0.00869063318072 0
0.5 0.00869063318072 0
0.531395259765 0.00869063318072 0
0.562666616782 0.00869063318072 0
0.593690657293 0.00869063318072 0
0.624344943582 0.00869063318072 0
0.654508497187 0.00869063318072 0
0.684062276342 0.00869063318072 0
0.712889645783 0.00869063318072 0
0.740876837051 0.00869063318072 0
0.767913397489 0.00869063318072 0
0.793892626146 0.00869063318072 0
0.818711994874 0.00869063318072 0
0.842273552964 0.00869063318072 0
0.864484313711 0.00869063318072 0
0.885256621388 0.00869063318072 0
0.904508497187 0.00869063318072 0
0.922163962751 0.00869063318072 0
0.938153340022 0.00869063318072 0
0.952413526233 0.00869063318072 0
0.964888242944 0.00869063318072 0
0.975528258148 0.00869063318072 0
0.984291580564 0.00869063318072 0
0.991143625364 0.00869063318072 0
0.996057350657 0.00869063318072 0
0.999013364214 0.00869063318072 0
1 0.00869063318072 2
0 0.0114465795387 4
0.000986635785864 0.0114465795387 0
0.00394264934276 0.0114465795387 0
0.00885637463566 0.0114465795387 0
0.0157084194357 0.0114465795387 0
0.0244717418524 0.0114465795387 0
0.0351117570559 0.0114465795387 0
0.047586473767 0.0114465795387 0
0.0618466599781 0.0114465795387 0
0.077836037249 0.0114465795387 0
0.0954915028125 0.0114465795387 0
0.114743378612 0.0114465795387 0
0.135515686289 0.0114465795387 0
0.157726447036 0.0114465795387 0
0.181288005126 0.0114465795387 0
0.206107373854 0.0114465795387 0
0.232086602511 0.0114465795387 0
0.259123162949 0.0114465795387 0
0.287110354217 0.0114465795387 0
0.315937723658 0.0114465795387 0
0.345491502813 0.0114465795387 0
0.375655056418 0.0114465795387 0
0.406309342707 0.0114465795387 0
0.437333383218 0.0114465795387 0
0.468604740235 0.0114465795387 0
0.5 0.0114465795387 0
0.531395259765 0.0114465795387 0
0.562666616782 0.0114465795387 0
0.593690657293 0.0114465795387 0
0.624344943582 0.0114465795387 0
0.654508497187 0.0114465795387 0
0.684062276342 0.0114465795387 0
0.712889645783 0.0114465795387 0
0.740876837051 0.0114465795387 0
0.767913397489 0.0114465795387 0
0.793892626146 0.0114465795387 0
0.818711994874 0.0114465795387 0
0.842273552964 0.0114465795387 0
0.864484313711 0.0114465795387 0
0.885256621388 0.0114465795387 0
0.904508497187 0.0114465795387 0
0.922163962751 0.0114465795387 0
0.938153340022 0.0114465795387 0
0.952413526233 0.0114465795387 0
0.964888242944 0.0114465795387 0
0.975528258148 0.0114465795387 0
0.984291580564 0.0114465795387 0
0.991143625364 0.0114465795387 0
0.996057350657 0.0114465795387 0
0.999013364214 0.0114465795387 0
1 0.0114465795387 2
0 0.0146827991019 4
0.000986635785864 0.0146827991019 0
0.00394264934276 0.0146827991019 0
0.00885637463566 0.0146827991019 0
0.0157084194357 0.0146827991019 0
0.0244717418524 0.0146827991019 0
0.0351117570559 0.0146827991019 0
0.047586473767 0.0146827991019 0
0.0618466599781 0.0146827991019 0
0.077836037249 0.0146827991019 0
0.0954915028125 0.0146827991019 0
0.114743378612 0.0146827991019 0
0.135515686289 0.0146827991019 0
0.157726447036 0.0146827991019 0
0.181288005126 0.0146827991019 0
0.206107373854 0.0146827991019 0
0.232086602511 0.0146827991019 0
0.259123162949 0.0146827991019 0
0.287110354217 0.0146827991019 0
0.315937723658 0.0146827991019 0
0.345491502813 0.0146827991019 0
0.375655056418 0.0146827991019 0
0.406309342707 0.0146827991019 0
0.437333383218 0.0146827991019 0
0.468604740235 0.0146827991019 0
0.5 0.0146827991019 0
0.531395259765 0.0146827991019 0
0.562666616782 0.0146827991019 0
0.593690657293 0.0146827991019 0
0.624344943582 0.0146827991019 0
0.654508497187 0.0146827991019 0
0.684062276342 0.0146827991019 0
0.712889645783 0.0146827991019 0
0.740876837051 0.0146827991019 0
0.767913397489 0.0146827991019 0
0.793892626146 0.0146827991019 0
0.818711994874 0.0146827991019 0
0.842273552964 0.0146827991019 0
0.864484313711 0.0146827991019 0
0.885256621388 0.0146827991019 0
0.904508497187 0.0146827991019 0
0.922163962751 0.0146827991019 0
0.938153340022 0.0146827991019 0
0.952413526233 0.0146827991019 0
0.964888242944 0.0146827991019 0
0.975528258148 0.0146827991019 0
0.984291580564 0.0146827991019 0
0.991143625364 0.0146827991019 0
0.996057350657 0.0146827991019 0
0.999013364214 0.0146827991019 0
1 0.0146827991019 2
0 0.018478929159 4
0.000986635785864 0.018478929159 0
0.00394264934276 0.018478929159 0
0.00885637463566 0.018478929159 0
0.0157084194357 0.018478929159 0
0.0244717418524 0.018478929159 0
0.0351117570559 0.018478929159 0
0.047586473767 0.018478929159 0
0.0618466599781 0.018478929159 0
0.077836037249 0.018478929159 0
0.0954915028125 0.018478929159 0
0.114743378612 0.018478929159 0
0.135515686289 0.018478929159 0
0.157726447036 0.018478929159 0
0.181288005126 0.018478929159 0
0.206107373854 0.018478929159 0
0.232086602511 0.018478929159 0
0.259123162949 0.018478929159 0
0.287110354217 0.018478929159 0
0.315937723658 0.018478929159 0
0.345491502813 0.018478929159 0
0.375655056418 0.018478929159 0
0.406309342707 0.018478929159 0
0.437333383218 0.018478929159 0
0.468604740235 0.018478929159 0
0.5 0.018478929159 0
0.531395259765 0.018478929159 0
0.562666616782 0.018478929159 0
0.593690657293 0.018478929159 0
0.624344943582 0.018478929159 0
0.654508497187 0.018478929159 0
0.684062276342 0.018478929159 0
0.712889645783 0.018478929159 0
0.740876837051 0.018478929159 0
0.767913397489 0.018478929159 0
0.793892626146 0.018478929159 0
0.818711994874 0.018478929159 0
0.842273552964 0.018478929159 0
0.864484313711 0.018478929159 0
0.885256621388 0.018478929159 0
0.904508497187 0.018478929159 0
0.922163962751 0.018478929159 0
0.938153340022 0.018478929159 0
0.952413526233 0.018478929159 0
0.964888242944 0.018478929159 0
0.975528258148 0.018478929159 0
0.984291580564 0.018478929159 0
0.991143625364 0.018478929159 0
0.996057350657 0.018478929159 0
0.999013364214 0.018478929159 0
1 0.018478929159 2
0 0.022926263961 4
0.000986635785864 0.022926263961 0
0.00394264934276 0.022926263961 0
0.00885637463566 0.022926263961 0
0.0157084194357 0.022926263961 0
0.0244717418524 0.022926263961 0
0.0351117570559 0.022926263961 0
0.047586473767 0.022926263961 0
0.0618466599781 0.022926263961 0
0.077836037249 0.022926263961 0
0.0954915028125 0.022926263961 0
0.114743378612 0.022926263961 0
0.135515686289 0.022926263961 0
0.157726447036 0.022926263961 0
0.181288005126 0.022926263961 0
0.206107373854 0.022926263961 0
0.232086602511 0.022926263961 0
0.259123162949 0.022926263961 0
0.287110354217 0.022926263961 0
0.315937723658 0.022926263961 0
0.345491502813 0.022926263961 0
0.375655056418 0.022926263961 0
0.406309342707 0.022926263961 0
0.437333383218 0.022926263961 0
0.468604740235 0.022926263961 0
0.5 0.022926263961 0
0.531395259765 0.022926263961 0
0.562666616782 0.022926263961 0
0.593690657293 0.022926263961 0
0.624344943582 0.022926263961 0
0.654508497187 0.022926263961 0
0.684062276342 0.022926263961 0
0.712889645783 0.022926263961 0
0.740876837051 0.022926263961 0
0.767913397489 0.022926263961 0
0.793892626146 0.022926263961 0
0.818711994874 0.022926263961 0
0.842273552964 0.022926263961 0
0.864484313711 0.022926263961 0
0.885256621388 0.022926263961 0
0.904508497187 0.022926263961 0
0.922163962751 0.022926263961 0
0.938153340022 0.022926263961 0
0.952413526233 0.022926263961 0
0.964888242944 0.022926263961 0
0.975528258148 0.022926263961 0
0.984291580564 0.022926263961 0
0.991143625364 0.022926263961 0
0.996057350657 0.022926263961 0
0.999013364214 0.022926263961 0
1 0.022926263961 2
0 0.0281288694011 4
0.000986635785864 0.0281288694011 0
0.00394264934276 0.0281288694011 0
0.00885637463566 0.0281288694011 0
0.0157084194357 0.0281288694011 0
0.0244717418524 0.0281288694011 0
0.0351117570559 0.0281288694011 0
0.047586473767 0.0281288694011 0
0.0618466599781 0.0281288694011 0
0.077836037249 0.0281288694011 0
0.0954915028125 0.0281288694011 0
0.114743378612 0.0281288694011 0
0.135515686289 0.0281288694011 0
0.157726447036 0.0281288694011 0
0.181288005126 0.0281288694011 0
0.206107373854 0.0281288694011 0
0.232086602511 0.0281288694011 0
0.259123162949 0.0281288694011 0
0.287110354217 0.0281288694011 0
0.315937723658 0.0281288694011 0
0.345491502813 0.0281288694011 0
0.375655056418 0.0281288694011 0
0.406309342707 0.0281288694011 0
0.437333383218 0.0281288694011 0
0.468604740235 0.0281288694011 0
0.5 0.0281288694011 0
0.531395259765 0.0281288694011 0
0.562666616782 0.0281288694011 0
0.593690657293 0.0281288694011 0
0.624344943582 0.0281288694011 0
0.654508497187 0.0281288694011 0
0.684062276342 0.0281288694011 0
0.712889645783 0.0281288694011 0
0.740876837051 0.0281288694011 0
0.767913397489 0.0281288694011 0
0.793892626146 0.0281288694011 0
0.818711994874 0.0281288694011 0
0.842273552964 0.0281288694011 0
0.864484313711 0.0281288694011 0
0.885256621388 0.0281288694011 0
0.904508497187 0.0281288694011 0
0.922163962751 0.0281288694011 0
0.938153340022 0.0281288694011 0
0.952413526233 0.0281288694011 0
0.964888242944 0.0281288694011 0
0.975528258148 0.0281288694011 0
0.984291580564 0.0281288694011 0
0.991143625364 0.0281288694011 0
0.996057350657 0.0281288694011 0
0.999013364214 0.0281288694011 0
1 0.0281288694011 2
0 0.0342045660163 4
0.000986635785864 0.0342045660163 0
0.00394264934276 0.0342045660163 0
0.00885637463566 0.0342045660163 0
0.0157084194357 0.0342045660163 0
0.0244717418524 0.0342045660163 0
0.0351117570559 0.0342045660163 0
0.047586473767 0.0342045660163 0
0.0618466599781 0.0342045660163 0
0.077836037249 0.0342045660163 0
0.0954915028125 0.0342045660163 0
0.114743378612 0.0342045660163 0
0.135515686289 0.0342045660163 0
0.157726447036 0.0342045660163 0
0.181288005126 0.0342045660163 0
0.206107373854 0.0342045660163 0
0.232086602511 0.0342045660163 0
0.259123162949 0.0342045660163 0
0.287110354217 0.0342045660163 0
0.315937723658 0.0342045660163 0
0.345491502813 0.0342045660163 0
0.375655056418 0.0342045660163 0
0.406309342707 0.0342045660163 0
0.437333383218 0.0342045660163 0
0.468604740235 0.0342045660163 0
0.5 0.0342045660163 0
0.531395259765 0.0342045660163 0
0.562666616782 0.0342045660163 0
0.593690657293 0.0342045660163 0
0.624344943582 0.0342045660163 0
0.654508497187 0.0342045660163 0
0.684062276342 0.0342045660163 0
0.712889645783 0.0342045660163 0
0.740876837051 0.0342045660163 0
0.767913397489 0.0342045660163 0
0.793892626146 0.0342045660163 0
0.818711994874 0.0342045660163 0
0.842273552964 0.0342045660163 0
0.864484313711 0.0342045660163 0
0.885256621388 0.0342045660163 0
0.904508497187 0.0342045660163 0
0.922163962751 0.0342045660163 0
0.938153340022 0.0342045660163 0
0.952413526233 0.0342045660163 0
0.964888242944 0.0342045660163 0
0.975528258148 0.0342045660163 0
0.984291580564 0.0342045660163 0
0.991143625364 0.0342045660163 0
0.996057350657 0.0342045660163 0
0.999013364214 0.0342045660163 0
1 0.0342045660163 2
0 0.0412856597858 4
0.000986635785864 0.0412856597858 0
0.00394264934276 0.0412856597858 0
0.00885637463566 0.0412856597858 0
0.0157084194357 0.0412856597858 0
0.0244717418524 0.0412856597858 0
0.0351117570559 0.0412856597858 0
0.047586473767 0.0412856597858 0
0.0618466599781 0.0412856597858 0
0.077836037249 0.0412856597858 0
0.0954915028125 0.0412856597858 0
0.114743378612 0.0412856597858 0
0.135515686289 0.0412856597858 0
0.157726447036 0.0412856597858 0
0.181288005126 0.0412856597858 0
0.206107373854 0.0412856597858 0
0.232086602511 0.0412856597858 0
0.259123162949 0.0412856597858 0
0.287110354217 0.0412856597858 0
0.315937723658 0.0412856597858 0
0.345491502813 0.0412856597858 0
0.375655056418 0.0412856597858 0
0.406309342707 0.0412856597858 0
0.437333383218 0.0412856597858 0
0.468604740235 0.0412856597858 0
0.5 0.0412856597858 0
0.531395259765 0.0412856597858 0
0.562666616782 0.0412856597858 0
0.593690657293 0.0412856597858 0
0.624344943582 0.0412856597858 0
0.654508497187 0.0412856597858 0
0.684062276342 0.0412856597858 0
0.712889645783 0.0412856597858 0
0.740876837051 0.0412856597858 0
0.767913397489 0.0412856597858 0
0.793892626146 0.0412856597858 0
0.818711994874 0.0412856597858 0
0.842273552964 0.0412856597858 0
0.864484313711 0.0412856597858 0
0.885256621388 0.0412856597858 0
0.904508497187 0.0412856597858 0
0.922163962751 0.0412856597858 0
0.938153340022 0.0412856597858 0
0.952413526233 0.0412856597858 0
0.964888242944 0.0412856597858 0
0.975528258148 0.0412856597858 0
0.984291580564 0.0412856597858 0
0.991143625364 0.0412856597858 0
0.996057350657 0.0412856597858 0
0.999013364214 0.0412856597858 0
1 0.0412856597858 2
0 0.0495192592737 4
0.000986635785864 0.0495192592737 0
0.00394264934276 0.0495192592737 0
0.00885637463566 0.0495192592737 0
0.0157084194357 0.0495192592737 0
0.0244717418524 0.0495192592737 0
0.0351117570559 0.0495192592737 0
0.047586473767 0.0495192592737 0
0.0618466599781 0.0495192592737 0
0.077836037249 0.0495192592737 0
0.0954915028125 0.0495192592737 0
0.114743378612 0.0495192592737 0
0.135515686289 0.0495192592737 0
0.157726447036 0.0495192592737 0
0.181288005126 0.0495192592737 0
0.206107373854 0.0495192592737 0
0.232086602511 0.0495192592737 0
0.259123162949 0.0495192592737 0
0.287110354217 0.0495192592737 0
0.315937723658 0.0495192592737 0
0.345491502813 0.0495192592737 0
0.375655056418 0.0495192592737 0
0.406309342707 0.0495192592737 0
0.437333383218 0.0495192592737 0
0.468604740235 0.0495192592737 0
0.5 0.0495192592737 0
0.531395259765 0.0495192592737 0
0.562666616782 0.0495192592737 0
0.593690657293 0.0495192592737 0
0.624344943582 0.0495192592737 0
0.654508497187 0.0495192592737 0
0.684062276342 0.0495192592737 0
0.712889645783 0.0495192592737 0
0.740876837051 0.0495192592737 0
0.767913397489 0.0495192592737 0
0.793892626146 0.0495192592737 0
0.818711994874 0.0495192592737 0
0.842273552964 0.0495192592737 0
0.864484313711 0.0495192592737 0
0.885256621388 0.0495192592737 0
0.904508497187 0.0495192592737 0
0.922163962751 0.0495192592737 0
0.938153340022 0.0495192592737 0
0.952413526233 0.0495192592737 0
0.964888242944 0.0495192592737 0
0.975528258148 0.0495192592737 0
0.984291580564 0.0495192592737 0
0.991143625364 0.0495192592737 0
0.996057350657 0.0495192592737 0
0.999013364214 0.0495192592737 0
1 0.0495192592737 2
0 0.0590669710682 4
0.000986635785864 0.0590669710682 0
0.00394264934276 0.0590669710682 0
0.00885637463566 0.0590669710682 0
0.0157084194357 0.0590669710682 0
0.0244717418524 0.0590669710682 0
0.0351117570559 0.0590669710682 0
0.047586473767 0.0590669710682 0
0.0618466599781 0.0590669710682 0
0.077836037249 0.0590669710682 0
0.0954915028125 0.0590669710682 0
0.114743378612 0.0590669710682 0
0.135515686289 0.0590669710682 0
0.157726447036 0.0590669710682 0
0.181288005126 0.0590669710682 0
0.206107373854 0.0590669710682 0
0.232086602511 0.0590669710682 0
0.259123162949 0.0590669710682 0
0.287110354217 0.0590669710682 0
0.315937723658 0.0590669710682 0
0.345491502813 0.0590669710682 0
0.375655056418 0.0590669710682 0
0.406309342707 0.0590669710682 0
0.437333383218 0.0590669710682 0
0.468604740235 0.0590669710682 0
0.5 0.0590669710682 0
0.531395259765 0.0590669710682 0
0.562666616782 0.0590669710682 0
0.593690657293 0.0590669710682 0
0.624344943582 0.0590669710682 0
0.654508497187 0.0590669710682 0
0.684062276342 0.0590669710682 0
0.712889645783 0.0590669710682 0
0.740876837051 0.0590669710682 0
0.767913397489 0.0590669710682 0
0.793892626146 0.0590669710682 0
0.818711994874 0.0590669710682 0
0.842273552964 0.0590669710682 0
0.864484313711 0.0590669710682 0
0.885256621388 0.0590669710682 0
0.904508497187 0.0590669710682 0
0.922163962751 0.0590669710682 0
0.938153340022 0.0590669710682 0
0.952413526233 0.0590669710682 0
0.964888242944 0.0590669710682 0
0.975528258148 0.0590669710682 0
0.984291580564 0.0590669710682 0
0.991143625364 0.0590669710682 0
0.996057350657 0.0590669710682 0
0.999013364214 0.0590669710682 0
1 0.0590669710682 2
0 0.0701037165451 4
0.000986635785864 0.0701037165451 0
0.00394264934276 0.0701037165451 0
0.00885637463566 0.0701037165451 0
0.0157084194357 0.0701037165451 0
0.0244717418524 0.0701037165451 0
0.0351117570559 0.0701037165451 0
0.047586473767 0.0701037165451 0
0.0618466599781 0.0701037165451 0
0.077836037249 0.0701037165451 0
0.0954915028125 0.0701037165451 0
0.114743378612 0.0701037165451 0
0.135515686289 0.0701037165451 0
0.157726447036 0.0701037165451 0
0.181288005126 0.0701037165451 0
0.206107373854 0.0701037165451 0
0.232086602511 0.0701037165451 0
0.259123162949 0.0701037165451 0
0.287110354217 0.0701037165451 0
0.315937723658 0.0701037165451 0
0.345491502813 0.0701037165451 0
0.375655056418 0.0701037165451 0
0.406309342707 0.0701037165451 0
0.437333383218 0.0701037165451 0
0.468604740235 0.0701037165451 0
0.5 0.0701037165451 0
0.531395259765 0.0701037165451 0
0.562666616782 0.0701037165451 0
0.593690657293 0.0701037165451 0
0.624344943582 0.0701037165451 0
0.654508497187 0.0701037165451 0
0.684062276342 0.0701037165451 0
0.712889645783 0.0701037165451 0
0.740876837051 0.0701037165451 0
0.767913397489 0.0701037165451 0
0.793892626146 0.0701037165451 0
0.818711994874 0.0701037165451 0
0.842273552964 0.0701037165451 0
0.864484313711 0.0701037165451 0
0.885256621388 0.0701037165451 0
0.904508497187 0.0701037165451 0
0.922163962751 0.0701037165451 0
0.938153340022 0.0701037165451 0
0.952413526233 0.0701037165451 0
0.964888242944 0.0701037165451 0
0.975528258148 0.0701037165451 0
0.984291580564 0.0701037165451 0
0.991143625364 0.0701037165451 0
0.996057350657 0.0701037165451 0
0.999013364214 0.0701037165451 0
1 0.0701037165451 2
0 0.0828153681088 4
0.000986635785864 0.0828153681088 0
0.00394264934276 0.0828153681088 0
0.00885637463566 0.0828153681088 0
0.0157084194357 0.0828153681088 0
0.0244717418524 0.0828153681088 0
0.0351117570559 0.0828153681088 0
0.047586473767 0.0828153681088 0
0.0618466599781 0.0828153681088 0
0.077836037249 0.0828153681088 0
0.0954915028125 0.0828153681088 0
0.114743378612 0.0828153681088 0
0.135515686289 0.0828153681088 0
0.157726447036 0.0828153681088 0
0.181288005126 0.0828153681088 0
0.206107373854 0.0828153681088 0
0.232086602511 0.0828153681088 0
0.259123162949 0.0828153681088 0
0.287110354217 0.0828153681088 0
0.315937723658 0.0828153681088 0
0.345491502813 0.0828153681088 0
0.375655056418 0.0828153681088 0
0.406309342707 0.0828153681088 0
0.437333383218 0.0828153681088 0
0.468604740235 0.0828153681088 0
0.5 0.0828153681088 0
0.531395259765 0.0828153681088 0
0.562666616782 0.0828153681088 0
0.593690657293 0.0828153681088 0
0.624344943582 0.0828153681088 0
0.654508497187 0.0828153681088 0
0.684062276342 0.0828153681088 0
0.712889645783 0.0828153681088 0
0.740876837051 0.0828153681088 0
0.767913397489 0.0828153681088 0
0.793892626146 0.0828153681088 0
0.818711994874 0.0828153681088 0
0.842273552964 0.0828153681088 0
0.864484313711 0.0828153681088 0
0.885256621388 0.0828153681088 0
0.904508497187 0.0828153681088 0
0.922163962751 0.0828153681088 0
0.938153340022 0.0828153681088 0
0.952413526233 0.0828153681088 0
0.964888242944 0.0828153681088 0
0.975528258148 0.0828153681088 0
0.984291580564 0.0828153681088 0
0.991143625364 0.0828153681088 0
0.996057350657 0.0828153681088 0
0.999013364214 0.0828153681088 0
1 0.0828153681088 2
0 0.0973948727208 4
0.000986635785864 0.0973948727208 0
0.00394264934276 0.0973948727208 0
0.00885637463566 0.0973948727208 0
0.0157084194357 0.0973948727208 0
0.0244717418524 0.0973948727208 0
0.0351117570559 0.0973948727208 0
0.047586473767 0.0973948727208 0
0.0618466599781 0.0973948727208 0
0.077836037249 0.0973948727208 0
0.0954915028125 0.0973948727208 0
0.114743378612 0.0973948727208 0
0.135515686289 0.0973948727208 0
0.157726447036 0.0973948727208 0
0.181288005126 0.0973948727208 0
0.206107373854 0.0973948727208 0
0.232086602511 0.0973948727208 0
0.259123162949 0.0973948727208 0
0.287110354217 0.0973948727208 0
0.315937723658 0.0973948727208 0
0.345491502813 0.0973948727208 0
0.375655056418 0.0973948727208 0
0.406309342707 0.0973948727208 0
0.437333383218 0.0973948727208 0
0.468604740235 0.0973948727208 0
0.5 0.0973948727208 0
0.531395259765 0.0973948727208 0
0.562666616782 0.0973948727208 0
0.593690657293 0.0973948727208 0
0.624344943582 0.0973948727208 0
0.654508497187 0.0973948727208 0
0.684062276342 0.0973948727208 0
0.712889645783 0.0973948727208 0
0.740876837051 0.0973948727208 0
0.767913397489 0.0973948727208 0
0.793892626146 0.0973948727208 0
0.818711994874 0.0973948727208 0
0.842273552964 0.0973948727208 0
0.864484313711 0.0973948727208 0
0.885256621388 0.0973948727208 0
0.904508497187 0.0973948727208 0
0.922163962751 0.0973948727208 0
0.938153340022 0.0973948727208 0
0.952413526233 0.0973948727208 0
0.964888242944 0.0973948727208 0
0.975528258148 0.0973948727208 0
0.984291580564 0.0973948727208 0
0.991143625364 0.0973948727208 0
0.996057350657 0.0973948727208 0
0.999013364214 0.0973948727208 0
1 0.0973948727208 2
0 0.114036530089 4
0.000986635785864 0.114036530089 0
0.00394264934276 0.114036530089 0
0.00885637463566 0.114036530089 0
0.0157084194357 0.114036530089 0
0.0244717418524 0.114036530089 0
0.0351117570559 0.114036530089 0
0.047586473767 0.114036530089 0
0.0618466599781 0.114036530089 0
0.077836037249 0.114036530089 0
0.0954915028125 0.114036530089 0
0.114743378612 0.114036530089 0
0.135515686289 0.114036530089 0
0.157726447036 0.114036530089 0
0.181288005126 0.114036530089 0
0.206107373854 0.114036530089 0
0.232086602511 0.114036530089 0
0.259123162949 0.114036530089 0
0.287110354217 0.114036530089 0
0.315937723658 0.114036530089 0
0.345491502813 0.114036530089 0
0.375655056418 0.114036530089 0
0.406309342707 0.114036530089 0
0.437333383218 0.114036530089 0
0.468604740235 0.114036530089 0
0.5 0.114036530089 0
0.531395259765 0.114036530089 0
0.562666616782 0.114036530089 0
0.593690657293 0.114036530089 0
0.624344943582 0.114036530089 0
0.654508497187 0.114036530089 0
0.684062276342 0.114036530089 0
0.712889645783 0.114036530089 0
0.740876837051 0.114036530089 0
0.767913397489 0.114036530089 0
0.793892626146 0.114036530089 0
0.818711994874 0.114036530089 0
0.842273552964 0.114036530089 0
0.864484313711 0.114036530089 0
0.885256621388 0.114036530089 0
0.904508497187 0.114036530089 0
0.922163962751 0.114036530089 0
0.938153340022 0.114036530089 0
0.952413526233 0.114036530089 0
0.964888242944 0.114036530089 0
0.975528258148 0.114036530089 0
0.984291580564 0.114036530089 0
0.991143625364 0.114036530089 0
0.996057350657 0.114036530089 0
0.999013364214 0.114036530089 0
1 0.114036530089 2
0 0.132928142524 4
0.000986635785864 0.132928142524 0
0.00394264934276 0.132928142524 0
0.00885637463566 0.132928142524 0
0.0157084194357 0.132928142524 0
0.0244717418524 0.132928142524 0
0.0351117570559 0.132928142524 0
0.047586473767 0.132928142524 0
0.0618466599781 0.132928142524 0
0.077836037249 0.132928142524 0
0.0954915028125 0.132928142524 0
0.114743378612 0.132928142524 0
0.135515686289 0.132928142524 0
0.157726447036 0.132928142524 0
0.181288005126 0.132928142524 0
0.206107373854 0.132928142524 0
0.232086602511 0.132928142524 0
0.259123162949 0.132928142524 0
0.287110354217 0.132928142524 0
0.315937723658 0.132928142524 0
0.345491502813 0.132928142524 0
0.375655056418 0.132928142524 0
0.406309342707 0.132928142524 0
0.437333383218 0.132928142524 0
0.468604740235 0.132928142524 0
0.5 0.132928142524 0
0.531395259765 0.132928142524 0
0.562666616782 0.132928142524 0
0.593690657293 0.132928142524 0
0.624344943582 0.132928142524 0
0.654508497187 0.132928142524 0
0.684062276342 0.132928142524 0
0.712889645783 0.132928142524 0
0.740876837051 0.132928142524 0
0.767913397489 0.132928142524 0
0.793892626146 0.132928142524 0
0.818711994874 0.132928142524 0
0.842273552964 0.132928142524 0
0.864484313711 0.132928142524 0
0.885256621388 0.132928142524 0
0.904508497187 0.132928142524 0
0.922163962751 0.132928142524 0
0.938153340022 0.132928142524 0
0.952413526233 0.132928142524 0
0.964888242944 0.132928142524 0
0.975528258148 0.132928142524 0
0.984291580564 0.132928142524 0
0.991143625364 0.132928142524 0
0.996057350657 0.132928142524 0
0.999013364214 0.132928142524 0
1 0.132928142524 2
0 0.15424087634 4
0.000986635785864 0.15424087634 0
0.00394264934276 0.15424087634 0
0.00885637463566 0.15424087634 0
0.0157084194357 0.15424087634 0
0.0244717418524 0.15424087634 0
0.0351117570559 0.15424087634 0
0.047586473767 0.15424087634 0
0.0618466599781 0.15424087634 0
0.077836037249 0.15424087634 0
0.0954915028125 0.15424087634 0
0.114743378612 0.15424087634 0
0.135515686289 0.15424087634 0
0.157726447036 0.15424087634 0
0.181288005126 0.15424087634 0
0.206107373854 0.15424087634 0
0.232086602511 0.15424087634 0
0.259123162949 0.15424087634 0
0.287110354217 0.15424087634 0
0.315937723658 0.15424087634 0
0.345491502813 0.15424087634 0
0.375655056418 0.15424087634 0
0.406309342707 0.15424087634 0
0.437333383218 0.15424087634 0
0.468604740235 0.15424087634 0
0.5 0.15424087634 0
0.531395259765 0.15424087634 0
0.562666616782 0.15424087634 0
0.593690657293 0.15424087634 0
0.624344943582 0.15424087634 0
0.654508497187 0.15424087634 0
0.684062276342 0.15424087634 0
0.712889645783 0.15424087634 0
0.740876837051 0.15424087634 0
0.767913397489 0.15424087634 0
0.793892626146 0.15424087634 0
0.818711994874 0.15424087634 0
0.842273552964 0.15424087634 0
0.864484313711 0.15424087634 0
0.885256621388 0.15424087634 0
0.904508497187 0.15424087634 0
0.922163962751 0.15424087634 0
0.938153340022 0.15424087634 0
0.952413526233 0.15424087634 0
0.964888242944 0.15424087634 0
0.975528258148 0.15424087634 0
0.984291580564 0.15424087634 0
0.991143625364 0.15424087634 0
0.996057350657 0.15424087634 0
0.999013364214 0.15424087634 0
1 0.15424087634 2
0 0.178116892499 4
0.000986635785864 0.178116892499 0
0.00394264934276 0.178116892499 0
0.00885637463566 0.178116892499 0
0.0157084194357 0.178116892499 0
0.0244717418524 0.178116892499 0
0.0351117570559 0.178116892499 0
0.047586473767 0.178116892499 0
0.0618466599781 0.178116892499 0
0.077836037249 0.178116892499 0
0.0954915028125 0.178116892499 0
0.114743378612 0.178116892499 0
0.135515686289 0.178116892499 0
0.157726447036 0.178116892499 0
0.181288005126 0.178116892499 0
0.206107373854 0.178116892499 0
0.232086602511 0.178116892499 0
0.259123162949 0.178116892499 0
0.287110354217 0.178116892499 0
0.315937723658 0.178116892499 0
0.345491502813 0.178116892499 0
0.375655056418 0.178116892499 0
0.406309342707 0.178116892499 0
0.437333383218 0.178116892499 0
0.468604740235 0.178116892499 0
0.5 0.178116892499 0
0.531395259765 0.178116892499 0
0.562666616782 0.178116892499 0
0.593690657293 0.178116892499 0
0.624344943582 0.178116892499 0
0.654508497187 0.178116892499 0
0.684062276342 0.178116892499 0
0.712889645783 0.178116892499 0
0.740876837051 0.178116892499 0
0.767913397489 0.178116892499 0
0.793892626146 0.178116892499 0
0.818711994874 0.178116892499 0
0.842273552964 0.178116892499 0
0.864484313711 0.178116892499 0
0.885256621388 0.178116892499 0
0.904508497187 0.178116892499 0
0.922163962751 0.178116892499 0
0.938153340022 0.178116892499 0
0.952413526233 0.178116892499 0
0.964888242944 0.178116892499 0
0.975528258148 0.178116892499 0
0.984291580564 0.178116892499 0
0.991143625364 0.178116892499 0
0.996057350657 0.178116892499 0
0.999013364214 0.178116892499 0
1 0.178116892499 2
0 0.20465512894 4
0.000986635785864 0.20465512894 0
0.00394264934276 0.20465512894 0
0.00885637463566 0.20465512894 0
0.0157084194357 0.20465512894 0
0.0244717418524 0.20465512894 0
0.0351117570559 0.20465512894 0
0.047586473767 0.20465512894 0
0.0618466599781 0.20465512894 0
0.077836037249 0.20465512894 0
0.0954915028125 0.20465512894 0
0.114743378612 0.20465512894 0
0.135515686289 0.20465512894 0
0.157726447036 0.20465512894 0
0.181288005126 0.20465512894 0
0.206107373854 0.20465512894 0
0.232086602511 0.20465512894 0
0.259123162949 0.20465512894 0
0.287110354217 0.20465512894 0
0.315937723658 0.20465512894 0
0.345491502813 0.20465512894 0
0.375655056418 0.20465512894 0
0.406309342707 0.20465512894 0
0.437333383218 0.20465512894 0
0.468604740235 0.20465512894 0
0.5 0.20465512894 0
0.531395259765 0.20465512894 0
0.562666616782 0.20465512894 0
0.593690657293 0.20465512894 0
0.624344943582 0.20465512894 0
0.654508497187 0.20465512894 0
0.684062276342 0.20465512894 0
0.712889645783 0.20465512894 0
0.740876837051 0.20465512894 0
0.767913397489 0.20465512894 0
0.793892626146 0.20465512894 0
0.818711994874 0.20465512894 0
0.842273552964 0.20465512894 0
0.864484313711 0.20465512894 0
0.885256621388 0.20465512894 0
0.904508497187 0.20465512894 0
0.922163962751 0.20465512894 0
0.938153340022 0.20465512894 0
0.952413526233 0.20465512894 0
0.964888242944 0.20465512894 0
0.975528258148 0.20465512894 0
0.984291580564 0.20465512894 0
0.991143625364 0.20465512894 0
0.996057350657 0.20465512894 0
0.999013364214 0.20465512894 0
1 0.20465512894 2
0 0.233896040076 4
0.000986635785864 0.233896040076 0
0.00394264934276 0.233896040076 0
0.00885637463566 0.233896040076 0
0.0157084194357 0.233896040076 0
0.0244717418524 0.233896040076 0
0.0351117570559 0.233896040076 0
0.047586473767 0.233896040076 0
0.0618466599781 0.233896040076 0
0.077836037249 0.233896040076 0
0.0954915028125 0.233896040076 0
0.114743378612 0.233896040076 0
0.135515686289 0.233896040076 0
0.157726447036 0.233896040076 0
0.181288005126 0.233896040076 0
0.206107373854 0.233896040076 0
0.232086602511 0.233896040076 0
0.259123162949 0.233896040076 0
0.287110354217 0.233896040076 0
0.315937723658 0.233896040076 0
0.345491502813 0.233896040076 0
0.375655056418 0.233896040076 0
0.406309342707 0.233896040076 0
0.437333383218 0.233896040076 0
0.468604740235 0.233896040076 0
0.5 0.233896040076 0
0.531395259765 0.233896040076 0
0.562666616782 0.233896040076 0
0.593690657293 0.233896040076 0
0.624344943582 0.233896040076 0
0.654508497187 0.233896040076 0
0.684062276342 0.233896040076 0
0.712889645783 0.233896040076 0
0.740876837051 0.233896040076 0
0.767913397489 0.233896040076 0
0.793892626146 0.233896040076 0
0.818711994874 0.233896040076 0
0.842273552964 0.233896040076 0
0.864484313711 0.233896040076 0
0.885256621388 0.233896040076 0
0.904508497187 0.233896040076 0
0.922163962751 0.233896040076 0
0.938153340022 0.233896040076 0
0.952413526233 0.233896040076 0
0.964888242944 0.233896040076 0
0.975528258148 0.233896040076 0
0.984291580564 0.233896040076 0
0.991143625364 0.233896040076 0
0.996057350657 0.233896040076 0
0.999013364214 0.233896040076 0
1 0.233896040076 2
0 0.265806578049 4
0.000986635785864 0.265806578049 0
0.00394264934276 0.265806578049 0
0.00885637463566 0.265806578049 0
0.0157084194357 0.265806578049 0
0.0244717418524 0.265806578049 0
0.0351117570559 0.265806578049 0
0.047586473767 0.265806578049 0
0.0618466599781 0.265806578049 0
0.077836037249 0.265806578049 0
0.0954915028125 0.265806578049 0
0.114743378612 0.265806578049 0
0.135515686289 0.265806578049 0
0.157726447036 0.265806578049 0
0.181288005126 0.265806578049 0
0.206107373854 0.265806578049 0
0.232086602511 0.265806578049 0
0.259123162949 0.265806578049 0
0.287110354217 0.265806578049 0
0.315937723658 0.265806578049 0
0.345491502813 0.265806578049 0
0.375655056418 0.265806578049 0
0.406309342707 0.265806578049 0
0.437333383218 0.265806578049 0
0.468604740235 0.265806578049 0
0.5 0.265806578049 0
0.531395259765 0.265806578049 0
0.562666616782 0.265806578049 0
0.593690657293 0.265806578049 0
0.624344943582 0.265806578049 0
0.654508497187 0.265806578049 0
0.684062276342 0.265806578049 0
0.712889645783 0.265806578049 0
0.740876837051 0.265806578049 0
0.767913397489 0.265806578049 0
0.793892626146 0.265806578049 0
0.818711994874 0.265806578049 0
0.842273552964 0.265806578049 0
0.864484313711 0.265806578049 0
0.885256621388 0.265806578049 0
0.904508497187 0.265806578049 0
0.922163962751 0.265806578049 0
0.938153340022 0.265806578049 0
0.952413526233 0.265806578049 0
0.964888242944 0.265806578049 0
0.975528258148 0.265806578049 0
0.984291580564 0.265806578049 0
0.991143625364 0.265806578049 0
0.996057350657 0.265806578049 0
0.999013364214 0.265806578049 0
1 0.265806578049 2
0 0.300267151678 4
0.000986635785864 0.300267151678 0
0.00394264934276 0.300267151678 0
0.00885637463566 0.300267151678 0
0.0157084194357 0.300267151678 0
0.0244717418524 0.300267151678 0
0.0351117570559 0.300267151678 0
0.047586473767 0.300267151678 0
0.0618466599781 0.300267151678 0
0.077836037249 0.300267151678 0
0.0954915028125 0.300267151678 0
0.114743378612 0.300267151678 0
0.135515686289 0.300267151678 0
0.157726447036 0.300267151678 0
0.181288005126 0.300267151678 0
0.206107373854 0.300267151678 0
0.232086602511 0.300267151678 0
0.259123162949 0.300267151678 0
0.287110354217 0.300267151678 0
0.315937723658 0.300267151678 0
0.345491502813 0.300267151678 0
0.375655056418 0.300267151678 0
0.406309342707 0.300267151678 0
0.437333383218 0.300267151678 0
0.468604740235 0.300267151678 0
0.5 0.300267151678 0
0.531395259765 0.300267151678 0
0.562666616782 0.300267151678 0
0.593690657293 0.300267151678 0
0.624344943582 0.300267151678 0
0.654508497187 0.300267151678 0
0.684062276342 0.300267151678 0
0.712889645783 0.300267151678 0
0.740876837051 0.300267151678 0
0.767913397489 0.300267151678 0
0.793892626146 0.300267151678 0
0.818711994874 0.300267151678 0
0.842273552964 0.300267151678 0
0.864484313711 0.300267151678 0
0.885256621388 0.300267151678 0
0.904508497187 0.300267151678 0
0.922163962751 0.300267151678 0
0.938153340022 0.300267151678 0
0.952413526233 0.300267151678 0
0.964888242944 0.300267151678 0
0.975528258148 0.300267151678 0
0.984291580564 0.300267151678 0
0.991143625364 0.300267151678 0
0.996057350657 0.300267151678 0
0.999013364214 0.300267151678 0
1 0.300267151678 2
0 0.337062599775 4
0.000986635785864 0.337062599775 0
0.00394264934276 0.337062599775 0
0.00885637463566 0.337062599775 0
0.0157084194357 0.337062599775 0
0.0244717418524 0.337062599775 0
0.0351117570559 0.337062599775 0
0.047586473767 0.337062599775 0
0.0618466599781 0.337062599775 0
0.077836037249 0.337062599775 0
0.0954915028125 0.337062599775 0
0.114743378612 0.337062599775 0
0.135515686289 0.337062599775 0
0.157726447036 0.337062599775 0
0.181288005126 0.337062599775 0
0.206107373854 0.337062599775 0
0.232086602511 0.337062599775 0
0.259123162949 0.337062599775 0
0.287110354217 0.337062599775 0
0.315937723658 0.337062599775 0
0.345491502813 0.337062599775 0
0.375655056418 0.337062599775 0
0.406309342707 0.337062599775 0
0.437333383218 0.337062599775 0
0.468604740235 0.337062599775 0
0.5 0.337062599775 0
0.531395259765 0.337062599775 0
0.562666616782 0.337062599775 0
0.593690657293 0.337062599775 0
0.624344943582 0.337062599775 0
0.654508497187 0.337062599775 0
0.684062276342 0.337062599775 0
0.712889645783 0.337062599775 0
0.740876837051 0.337062599775 0
0.767913397489 0.337062599775 0
0.793892626146 0.337062599775 0
0.818711994874 0.337062599775 0
0.842273552964 0.337062599775 0
0.864484313711 0.337062599775 0
0.885256621388 0.337062599775 0
0.904508497187 0.337062599775 0
0.922163962751 0.337062599775 0
0.938153340022 0.337062599775 0
0.952413526233 0.337062599775 0
0.964888242944 0.337062599775 0
0.975528258148 0.337062599775 0
0.984291580564 0.337062599775 0
0.991143625364 0.337062599775 0
0.996057350657 0.337062599775 0
0.999013364214 0.337062599775 0
1 0.337062599775 2
0 0.375879225112 4
0.000986635785864 0.375879225112 0
0.00394264934276 0.375879225112 0
0.00885637463566 0.375879225112 0
0.0157084194357 0.375879225112 0
0.0244717418524 0.375879225112 0
0.0351117570559 0.375879225112 0
0.047586473767 0.375879225112 0
0.0618466599781 0.375879225112 0
0.077836037249 0.375879225112 0
0.0954915028125 0.375879225112 0
0.114743378612 0.375879225112 0
0.135515686289 0.375879225112 0
0.157726447036 0.375879225112 0
0.181288005126 0.375879225112 0
0.206107373854 0.375879225112 0
0.232086602511 0.375879225112 0
0.259123162949 0.375879225112 0
0.287110354217 0.375879225112 0
0.315937723658 0.375879225112 0
0.345491502813 0.375879225112 0
0.375655056418 0.375879225112 0
0.406309342707 0.375879225112 0
0.437333383218 0.375879225112 0
0.468604740235 0.375879225112 0
0.5 0.375879225112 0
0.531395259765 0.375879225112 0
0.562666616782 0.375879225112 0
0.593690657293 0.375879225112 0
0.624344943582 0.375879225112 0
0.654508497187 0.375879225112 0
0.684062276342 0.375879225112 0
0.712889645783 0.375879225112 0
0.740876837051 0.375879225112 0
0.767913397489 0.375879225112 0
0.793892626146 0.375879225112 0
0.818711994874 0.375879225112 0
0.842273552964 0.375879225112 0
0.864484313711 0.375879225112 0
0.885256621388 0.375879225112 0
0.904508497187 0.375879225112 0
0.922163962751 0.375879225112 0
0.938153340022 0.375879225112 0
0.952413526233 0.375879225112 0
0.964888242944 0.375879225112 0
0.975528258148 0.375879225112 0
0.984291580564 0.375879225112 0
0.991143625364 0.375879225112 0
0.996057350657 0.375879225112 0
0.999013364214 0.375879225112 0
1 0.375879225112 2
0 0.416309537965 4
0.000986635785864 0.416309537965 0
0.00394264934276 0.416309537965 0
0.00885637463566 0.416309537965 0
0.0157084194357 0.416309537965 0
0.0244717418524 0.416309537965 0
0.0351117570559 0.416309537965 0
0.047586473767 0.416309537965 0
0.0618466599781 0.416309537965 0
0.077836037249 0.416309537965 0
0.0954915028125 0.416309537965 0
0.114743378612 0.416309537965 0
0.135515686289 0.416309537965 0
0.157726447036 0.416309537965 0
0.181288005126 0.416309537965 0
0.206107373854 0.416309537965 0
0.232086602511 0.416309537965 0
0.259123162949 0.416309537965 0
0.287110354217 0.416309537965 0
0.315937723658 0.416309537965 0
0.345491502813 0.416309537965 0
0.375655056418 0.416309537965 0
0.406309342707 0.416309537965 0
0.437333383218 0.416309537965 0
0.468604740235 0.416309537965 0
0.5 0.416309537965 0
0.531395259765 0.416309537965 0
0.562666616782 0.416309537965 0
0.593690657293 0.416309537965 0
0.624344943582 0.416309537965 0
0.654508497187 0.416309537965 0
0.684062276342 0.416309537965 0
0.712889645783 0.416309537965 0
0.740876837051 0.416309537965 0
0.767913397489 0.416309537965 0
0.793892626146 0.416309537965 0
0.818711994874 0.416309537965 0
0.842273552964 0.416309537965 0
0.864484313711 0.416309537965 0
0.885256621388 0.416309537965 0
0.904508497187 0.416309537965 0
0.922163962751 0.416309537965 0
0.938153340022 0.416309537965 0
0.952413526233 0.416309537965 0
0.964888242944 0.416309537965 0
0.975528258148 0.416309537965 0
0.984291580564 0.416309537965 0
0.991143625364 0.416309537965 0
0.996057350657 0.416309537965 0
0.999013364214 0.416309537965 0
1 0.416309537965 2
0 0.457865517158 4
0.000986635785864 0.457865517158 0
0.00394264934276 0.457865517158 0
0.00885637463566 0.457865517158 0
0.0157084194357 0.457865517158 0
0.0244717418524 0.457865517158 0
0.0351117570559 0.457865517158 0
0.047586473767 0.457865517158 0
0.0618466599781 0.457865517158 0
0.077836037249 0.457865517158 0
0.0954915028125 0.457865517158 0
0.114743378612 0.457865517158 0
0.135515686289 0.457865517158 0
0.157726447036 0.457865517158 0
0.181288005126 0.457865517158 0
0.206107373854 0.457865517158 0
0.232086602511 0.457865517158 0
0.259123162949 0.457865517158 0
0.287110354217 0.457865517158 0
0.315937723658 0.457865517158 0
0.345491502813 0.457865517158 0
0.375655056418 0.457865517158 0
0.406309342707 0.457865517158 0
0.437333383218 0.457865517158 0
0.468604740235 0.457865517158 0
0.5 0.457865517158 0
0.531395259765 0.457865517158 0
0.562666616782 0.457865517158 0
0.593690657293 0.457865517158 0
0.624344943582 0.457865517158 0
0.654508497187 0.457865517158 0
0.684062276342 0.457865517158 0
0.712889645783 0.457865517158 0
0.740876837051 0.457865517158 0
0.767913397489 0.457865517158 0
0.793892626146 0.457865517158 0
0.818711994874 0.457865517158 0
0.842273552964 0.457865517158 0
0.864484313711 0.457865517158 0
0.885256621388 0.457865517158 0
0.904508497187 0.457865517158 0
0.922163962751 0.457865517158 0
0.938153340022 0.457865517158 0
0.952413526233 0.457865517158 0
0.964888242944 0.457865517158 0
0.975528258148 0.457865517158 0
0.984291580564 0.457865517158 0
0.991143625364 0.457865517158 0
0.996057350657 0.457865517158 0
0.999013364214 0.457865517158 0
1 0.457865517158 2
0 0.5 4
0.000986635785864 0.5 0
0.00394264934276 0.5 0
0.00885637463566 0.5 0
0.0157084194357 0.5 0
0.0244717418524 0.5 0
0.0351117570559 0.5 0
0.047586473767 0.5 0
0.0618466599781 0.5 0
0.077836037249 0.5 0
0.0954915028125 0.5 0
0.114743378612 0.5 0
0.135515686289 0.5 0
0.157726447036 0.5 0
0.181288005126 0.5 0
0.206107373854 0.5 0
0.232086602511 0.5 0
0.259123162949 0.5 0
0.287110354217 0.5 0
0.315937723658 0.5 0
0.345491502813 0.5 0
0.375655056418 0.5 0
0.406309342707 0.5 0
0.437333383218 0.5 0
0.468604740235 0.5 0
0.5 0.5 0
0.531395259765 0.5 0
0.562666616782 0.5 0
0.593690657293 0.5 0
0.624344943582 0.5 0
0.654508497187 0.5 0
0.684062276342 0.5 0
0.712889645783 0.5 0
0.740876837051 0.5 0
0.767913397489 0.5 0
0.793892626146 0.5 0
0.818711994874 0.5 0
0.842273552964 0.5 0
0.864484313711 0.5 0
0.885256621388 0.5 0
0.904508497187 0.5 0
0.922163962751 0.5 0
0.938153340022 0.5 0
0.952413526233 0.5 0
0.964888242944 0.5 0
0.975528258148 0.5 0
0.984291580564 0.5 0
0.991143625364 0.5 0
0.996057350657 0.5 0
0.999013364214 0.5 0
1 0.5 2
0 0.542134482842 4
0.000986635785864 0.542134482842 0
0.00394264934276 0.542134482842 0
0.00885637463566 0.542134482842 0
0.0157084194357 0.542134482842 0
0.0244717418524 0.542134482842 0
0.0351117570559 0.542134482842 0
0.047586473767 0.542134482842 0
0.0618466599781 0.542134482842 0
0.077836037249 0.542134482842 0
0.0954915028125 0.542134482842 0
0.114743378612 0.542134482842 0
0.135515686289 0.542134482842 0
0.157726447036 0.542134482842 0
0.181288005126 0.542134482842 0
0.206107373854 0.542134482842 0
0.232086602511 0.542134482842 0
0.259123162949 0.542134482842 0
0.287110354217 0.542134482842 0
0.315937723658 0.542134482842 0
0.345491502813 0.542134482842 0
0.375655056418 0.542134482842 0
0.406309342707 0.542134482842 0
0.437333383218 0.542134482842 0
0.468604740235 0.542134482842 0
0.5 0.542134482842 0
0.531395259765 0.542134482842 0
0.562666616782 0.542134482842 0
0.593690657293 0.542134482842 0
0.624344943582 0.542134482842 0
0.654508497187 0.542134482842 0
0.684062276342 0.542134482842 0
0.712889645783 0.542134482842 0
0.740876837051 0.542134482842 0
0.767913397489 0.542134482842 0
0.793892626146 0.542134482842 0
0.818711994874 0.542134482842 0
0.842273552964 0.542134482842 0
0.864484313711 0.542134482842 0
0.885256621388 0.542134482842 0
0.904508497187 0.542134482842 0
0.922163962751 0.542134482842 0
0.938153340022 0.542134482842 0
0.952413526233 0.542134482842 0
0.964888242944 0.542134482842 0
0.975528258148 0.542134482842 0
0.984291580564 0.542134482842 0
0.991143625364 0.542134482842 0
0.996057350657 0.542134482842 0
0.999013364214 0.542134482842 0
1 0.542134482842 2
0 0.583690462035 4
0.000986635785864 0.583690462035 0
0.00394264934276 0.583690462035 0
0.00885637463566 0.583690462035 0
0.0157084194357 0.583690462035 0
0.0244717418524 0.583690462035 0
0.0351117570559 0.583690462035 0
0.047586473767 0.583690462035 0
0.0618466599781 0.583690462035 0
0.077836037249 0.583690462035 0
0.0954915028125 0.583690462035 0
0.114743378612 0.583690462035 0
0.135515686289 0.583690462035 0
0.157726447036 0.583690462035 0
0.181288005126 0.583690462035 0
0.206107373854 0.583690462035 0
0.232086602511 0.583690462035 0
0.259123162949 0.583690462035 0
0.287110354217 0.583690462035 0
0.315937723658 0.583690462035 0
0.345491502813 0.583690462035 0
0.375655056418 0.583690462035 0
0.406309342707 0.583690462035 0
0.437333383218 0.583690462035 0
0.468604740235 0.583690462035 0
0.5 0.583690462035 0
0.531395259765 0.583690462035 0
0.562666616782 0.583690462035 0
0.593690657293 0.583690462035 0
0.624344943582 0.583690462035 0
0.654508497187 0.583690462035 0
0.684062276342 0.583690462035 0
0.712889645783 0.583690462035 0
0.740876837051 0.583690462035 0
0.767913397489 0.583690462035 0
0.793892626146 0.583690462035 0
0.818711994874 0.583690462035 0
0.842273552964 0.583690462035 0
0.864484313711 0.583690462035 0
0.885256621388 0.583690462035 0
0.904508497187 0.583690462035 0
0.922163962751 0.583690462035 0
0.938153340022 0.583690462035 0
0.952413526233 0.583690462035 0
0.964888242944 0.583690462035 0
0.975528258148 0.583690462035 0
0.984291580564 0.583690462035 0
0.991143625364 0.583690462035 0
0.996057350657 0.583690462035 0
0.999013364214 0.583690462035 0
1 0.583690462035 2
0 0.624120774888 4
0.000986635785864 0.624120774888 0
0.00394264934276 0.624120774888 0
0.00885637463566 0.624120774888 0
0.0157084194357 0.624120774888 0
0.0244717418524 0.624120774888 0
0.0351117570559 0.624120774888 0
0.047586473767 0.624120774888 0
0.0618466599781 0.624120774888 0
0.077836037249 0.624120774888 0
0.0954915028125 0.624120774888 0
0.114743378612 0.624120774888 0
0.135515686289 0.624120774888 0
0.157726447036 0.624120774888 0
0.181288005126 0.624120774888 0
0.206107373854 0.624120774888 0
0.232086602511 0.624120774888 0
0.259123162949 0.624120774888 0
0.287110354217 0.624120774888 0
0.315937723658 0.624120774888 0
0.345491502813 0.624120774888 0
0.375655056418 0.624120774888 0
0.406309342707 0.624120774888 0
0.437333383218 0.624120774888 0
0.468604740235 0.624120774888 0
0.5 0.624120774888 0
0.531395259765 0.624120774888 0
0.562666616782 0.624120774888 0
0.593690657293 0.624120774888 0
0.624344943582 0.624120774888 0
0.654508497187 0.624120774888 0
0.684062276342 0.624120774888 0
0.712889645783 0.624120774888 0
0.740876837051 0.624120774888 0
0.767913397489 0.624120774888 0
0.793892626146 0.624120774888 0
0.818711994874 0.624120774888 0
0.842273552964 0.624120774888 0
0.864484313711 0.624120774888 0
0.885256621388 0.624120774888 0
0.904508497187 0.624120774888 0
0.922163962751 0.624120774888 0
0.938153340022 0.624120774888 0
0.952413526233 0.624120774888 0
0.964888242944 0.624120774888 0
0.975528258148 0.624120774888 0
0.984291580564 0.624120774888 0
0.991143625364 0.624120774888 0
0.996057350657 0.624120774888 0
0.999013364214 0.624120774888 0
1 0.624120774888 2
0 0.662937400225 4
0.000986635785864 0.662937400225 0
0.00394264934276 0.662937400225 0
0.00885637463566 0.662937400225 0
0.0157084194357 0.662937400225 0
0.0244717418524 0.662937400225 0
0.0351117570559 0.662937400225 0
0.047586473767 0.662937400225 0
0.0618466599781 0.662937400225 0
0.077836037249 0.662937400225 0
0.0954915028125 0.662937400225 0
0.114743378612 0.662937400225 0
0.135515686289 0.662937400225 0
0.157726447036 0.662937400225 0
0.181288005126 0.662937400225 0
0.206107373854 0.662937400225 0
0.232086602511 0.662937400225 0
0.259123162949 0.662937400225 0
0.287110354217 0.662937400225 0
0.315937723658 0.662937400225 0
0.345491502813 0.662937400225 0
0.375655056418 0.662937400225 0
0.406309342707 0.662937400225 0
0.437333383218 0.662937400225 0
0.468604740235 0.662937400225 0
0.5 0.662937400225 0
0.531395259765 0.662937400225 0
0.562666616782 0.662937400225 0
0.593690657293 0.662937400225 0
0.624344943582 0.662937400225 0
0.654508497187 0.662937400225 0
0.684062276342 0.662937400225 0
0.712889645783 0.662937400225 0
0.740876837051 0.662937400225 0
0.767913397489 0.662937400225 0
0.793892626146 0.662937400225 0
0.818711994874 0.662937400225 0
0.842273552964 0.662937400225 0
0.864484313711 0.662937400225 0
0.885256621388 0.662937400225 0
0.904508497187 0.662937400225 0
0.922163962751 0.662937400225 0
0.938153340022 0.662937400225 0
0.952413526233 0.662937400225 0
0.964888242944 0.662937400225 0
0.975528258148 0.662937400225 0
0.984291580564 0.662937400225 0
0.991143625364 0.662937400225 0
0.996057350657 0.662937400225 0
0.999013364214 0.662937400225 0
1 0.662937400225 2
0 0.699732848322 4
0.000986635785864 0.699732848322 0
0.00394264934276 0.699732848322 0
0.00885637463566 0.699732848322 0
0.0157084194357 0.699732848322 0
0.0244717418524 0.699732848322 0
0.0351117570559 0.699732848322 0
0.047586473767 0.699732848322 0
0.0618466599781 0.699732848322 0
0.077836037249 0.699732848322 0
0.0954915028125 0.699732848322 0
0.114743378612 0.699732848322 0
0.135515686289 0.699732848322 0
0.157726447036 0.699732848322 0
0.181288005126 0.699732848322 0
0.206107373854 0.699732848322 0
0.232086602511 0.699732848322 0
0.259123162949 0.699732848322 0
0.287110354217 0.699732848322 0
0.315937723658 0.699732848322 0
0.345491502813 0.699732848322 0
0.375655056418 0.699732848322 0
0.406309342707 0.699732848322 0
0.437333383218 0.699732848322 0
0.468604740235 0.699732848322 0
0.5 0.699732848322 0
0.531395259765 0.699732848322 0
0.562666616782 0.699732848322 0
0.593690657293 0.699732848322 0
0.624344943582 0.699732848322 0
0.654508497187 0.699732848322 0
0.684062276342 0.699732848322 0
0.712889645783 0.699732848322 0
0.740876837051 0.699732848322 0
0.767913397489 0.699732848322 0
0.793892626146 0.699732848322 0
0.818711994874 0.699732848322 0
0.842273552964 0.699732848322 0
0.864484313711 0.699732848322 0
0.885256621388 0.699732848322 0
0.904508497187 0.699732848322 0
0.922163962751 0.699732848322 0
0.938153340022 0.699732848322 0
0.952413526233 0.699732848322 0
0.964888242944 0.699732848322 0
0.975528258148 0.699732848322 0
0.984291580564 0.699732848322 0
0.991143625364 0.699732848322 0
0.996057350657 0.699732848322 0
0.999013364214 0.699732848322 0
1 0.699732848322 2
0 0.734193421951 4
0.000986635785864 0.734193421951 0
0.00394264934276 0.734193421951 0
0.00885637463566 0.734193421951 0
0.0157084194357 0.734193421951 0
0.0244717418524 0.734193421951 0
0.0351117570559 0.734193421951 0
0.047586473767 0.734193421951 0
0.0618466599781 0.734193421951 0
0.077836037249 0.734193421951 0
0.0954915028125 0.734193421951 0
0.114743378612 0.734193421951 0
0.135515686289 0.734193421951 0
0.157726447036 0.734193421951 0
0.181288005126 0.734193421951 0
0.206107373854 0.734193421951 0
0.232086602511 0.734193421951 0
0.259123162949 0.734193421951 0
0.287110354217 0.734193421951 0
0.315937723658 0.734193421951 0
0.345491502813 0.734193421951 0
0.375655056418 0.734193421951 0
0.406309342707 0.734193421951 0
0.437333383218 0.734193421951 0
0.468604740235 0.734193421951 0
0.5 0.734193421951 0
0.531395259765 0.734193421951 0
0.562666616782 0.734193421951 0
0.593690657293 0.734193421951 0
0.624344943582 0.734193421951 0
0.654508497187 0.734193421951 0
0.684062276342 0.734193421951 0
0.712889645783 0.734193421951 0
0.740876837051 0.734193421951 0
0.767913397489 0.734193421951 0
0.793892626146 0.734193421951 0
0.818711994874 0.734193421951 0
0.842273552964 0.734193421951 0
0.864484313711 0.734193421951 0
0.885256621388 0.734193421951 0
0.904508497187 0.734193421951 0
0.922163962751 0.734193421951 0
0.938153340022 0.734193421951 0
0.952413526233 0.734193421951 0
0.964888242944 0.734193421951 0
0.975528258148 0.734193421951 0
0.984291580564 0.734193421951 0
0.991143625364 0.734193421951 0
0.996057350657 0.734193421951 0
0.999013364214 0.734193421951 0
1 0.734193421951 2
0 0.766103959924 4
0.000986635785864 0.766103959924 0
0.00394264934276 0.766103959924 0
0.00885637463566 0.766103959924 0
0.0157084194357 0.766103959924 0
0.0244717418524 0.766103959924 0
0.0351117570559 0.766103959924 0
0.047586473767 0.766103959924 0
0.0618466599781 0.766103959924 0
0.077836037249 0.766103959924 0
0.0954915028125 0.766103959924 0
0.114743378612 0.766103959924 0
0.135515686289 0.766103959924 0
0.157726447036 0.766103959924 0
0.181288005126 0.766103959924 0
0.206107373854 0.766103959924 0
0.232086602511 0.766103959924 0
0.259123162949 0.766103959924 0
0.287110354217 0.766103959924 0
0.315937723658 0.766103959924 0
0.345491502813 0.766103959924 0
0.375655056418 0.766103959924 0
0.406309342707 0.766103959924 0
0.437333383218 0.766103959924 0
0.468604740235 0.766103959924 0
0.5 0.766103959924 0
0.531395259765 0.766103959924 0
0.562666616782 0.766103959924 0
0.593690657293 0.766103959924 0
0.624344943582 0.766103959924 0
0.654508497187 0.766103959924 0
0.684062276342 0.766103959924 0
0.712889645783 0.766103959924 0
0.740876837051 0.766103959924 0
0.767913397489 0.766103959924 0
0.793892626146 0.766103959924 0
0.818711994874 0.766103959924 0
0.842273552964 0.766103959924 0
0.864484313711 0.766103959924 0
0.885256621388 0.766103959924 0
0.904508497187 0.766103959924 0
0.922163962751 0.766103959924 0
0.938153340022 0.766103959924 0
0.952413526233 0.766103959924 0
0.964888242944 0.766103959924 0
0.975528258148 0.766103959924 0
0.984291580564 0.766103959924 0
0.991143625364 0.766103959924 0
0.996057350657 0.766103959924 0
0.999013364214 0.766103959924 0
1 0.766103959924 2
0 0.79534487106 4
0.000986635785864 0.79534487106 0
0.00394264934276 0.79534487106 0
0.00885637463566 0.79534487106 0
0.0157084194357 0.79534487106 0
0.0244717418524 0.79534487106 0
0.0351117570559 0.79534487106 0
0.047586473767 0.79534487106 0
0.0618466599781 0.79534487106 0
0.077836037249 0.79534487106 0
0.0954915028125 0.79534487106 0
0.114743378612 0.79534487106 0
0.135515686289 0.79534487106 0
0.157726447036 0.79534487106 0
0.181288005126 0.79534487106 0
0.206107373854 0.79534487106 0
0.232086602511 0.79534487106 0
0.259123162949 0.79534487106 0
0.287110354217 0.79534487106 0
0.315937723658 0.79534487106 0
0.345491502813 0.79534487106 0
0.375655056418 0.79534487106 0
0.406309342707 0.79534487106 0
0.437333383218 0.79534487106 0
0.468604740235 0.79534487106 0
0.5 0.79534487106 0
0.531395259765 0.79534487106 0
0.562666616782 0.79534487106 0
0.593690657293 0.79534487106 0
0.624344943582 0.79534487106 0
0.654508497187 0.79534487106 0
0.684062276342 0.79534487106 0
0.712889645783 0.79534487106 0
0.740876837051 0.79534487106 0
0.767913397489 0.79534487106 0
0.793892626146 0.79534487106 0
0.818711994874 0.79534487106 0
0.842273552964 0.79534487106 0
0.864484313711 0.79534487106 0
0.885256621388 0.79534487106 0
0.904508497187 0.79534487106 0
0.922163962751 0.79534487106 0
0.938153340022 0.79534487106 0
0.952413526233 0.79534487106 0
0.964888242944 0.79534487106 0
0.975528258148 0.79534487106 0
0.984291580564 0.79534487106 0
0.991143625364 0.79534487106 0
0.996057350657 0.79534487106 0
0.999013364214 0.79534487106 0
1 0.79534487106 2
0 0.821883107501 4
0.000986635785864 0.821883107501 0
0.00394264934276 0.821883107501 0
0.00885637463566 0.821883107501 0
0.0157084194357 0.821883107501 0
0.0244717418524 0.821883107501 0
0.0351117570559 0.821883107501 0
0.047586473767 0.821883107501 0
0.0618466599781 0.821883107501 0
0.077836037249 0.821883107501 0
0.0954915028125 0.821883107501 0
0.114743378612 0.821883107501 0
0.135515686289 0.821883107501 0
0.157726447036 0.821883107501 0
0.181288005126 0.821883107501 0
0.206107373854 0.821883107501 0
0.232086602511 0.821883107501 0
0.259123162949 0.821883107501 0
0.287110354217 0.821883107501 0
0.315937723658 0.821883107501 0
0.345491502813 0.821883107501 0
0.375655056418 0.821883107501 0
0.406309342707 0.821883107501 0
0.437333383218 0.821883107501 0
0.468604740235 0.821883107501 0
0.5 0.821883107501 0
0.531395259765 0.821883107501 0
0.562666616782 0.821883107501 0
0.593690657293 0.821883107501 0
0.624344943582 0.821883107501 0
0.654508497187 0.821883107501 0
0.684062276342 0.821883107501 0
0.712889645783 0.821883107501 0
0.740876837051 0.821883107501 0
0.767913397489 0.821883107501 0
0.793892626146 0.821883107501 0
0.818711994874 0.821883107501 0
0.842273552964 0.821883107501 0
0.864484313711 0.821883107501 0
0.885256621388 0.821883107501 0
0.904508497187 0.821883107501 0
0.922163962751 0.821883107501 0
0.938153340022 0.821883107501 0
0.952413526233 0.821883107501 0
0.964888242944 0.821883107501 0
0.975528258148 0.821883107501 0
0.984291580564 0.821883107501 0
0.991143625364 0.821883107501 0
0.996057350657 0.821883107501 0
0.999013364214 0.821883107501 0
1 0.821883107501 2
0 0.84575912366 4
0.000986635785864 0.84575912366 0
0.00394264934276 0.84575912366 0
0.00885637463566 0.84575912366 0
0.0157084194357 0.84575912366 0
0.0244717418524 0.84575912366 0
0.0351117570559 0.84575912366 0
0.047586473767 0.84575912366 0
0.0618466599781 0.84575912366 0
0.077836037249 0.84575912366 0
0.0954915028125 0.84575912366 0
0.114743378612 0.84575912366 0
0.135515686289 0.84575912366 0
0.157726447036 0.84575912366 0
0.181288005126 0.84575912366 0
0.206107373854 0.84575912366 0
0.232086602511 0.84575912366 0
0.259123162949 0.84575912366 0
0.287110354217 0.84575912366 0
0.315937723658 0.84575912366 0
0.345491502813 0.84575912366 0
0.375655056418 0.84575912366 0
0.406309342707 0.84575912366 0
0.437333383218 0.84575912366 0
0.468604740235 0.84575912366 0
0.5 0.84575912366 0
0.531395259765 0.84575912366 0
0.562666616782 0.84575912366 0
0.593690657293 0.84575912366 0
0.624344943582 0.84575912366 0
0.654508497187 0.84575912366 0
0.684062276342 0.84575912366 0
0.712889645783 0.84575912366 0
0.740876837051 0.84575912366 0
0.767913397489 0.84575912366 0
0.793892626146 0.84575912366 0
0.818711994874 0.84575912366 0
0.842273552964 0.84575912366 0
0.864484313711 0.84575912366 0
0.885256621388 0.84575912366 0
0.904508497187 0.84575912366 0
0.922163962751 0.84575912366 0
0.938153340022 0.84575912366 0
0.952413526233 0.84575912366 0
0.964888242944 0.84575912366 0
0.975528258148 0.84575912366 0
0.984291580564 0.84575912366 0
0.991143625364 0.84575912366 0
0.996057350657 0.84575912366 0
0.999013364214 0.84575912366 0
1 0.84575912366 2
0 0.867071857476 4
0.000986635785864 0.867071857476 0
0.00394264934276 0.867071857476 0
0.00885637463566 0.867071857476 0
0.0157084194357 0.867071857476 0
0.0244717418524 0.867071857476 0
0.0351117570559 0.867071857476 0
0.047586473767 0.867071857476 0
0.0618466599781 0.867071857476 0
0.077836037249 0.867071857476 0
0.0954915028125 0.867071857476 0
0.114743378612 0.867071857476 0
0.135515686289 0.867071857476 0
0.157726447036 0.867071857476 0
0.181288005126 0.867071857476 0
0.206107373854 0.867071857476 0
0.232086602511 0.867071857476 0
0.259123162949 0.867071857476 0
0.287110354217 0.867071857476 0
0.315937723658 0.867071857476 0
0.345491502813 0.867071857476 0
0.375655056418 0.867071857476 0
0.406309342707 0.867071857476 0
0.437333383218 0.867071857476 0
0.468604740235 0.867071857476 0
0.5 0.867071857476 0
0.531395259765 0.867071857476 0
0.562666616782 0.867071857476 0
0.593690657293 0.867071857476 0
0.624344943582 0.867071857476 0
0.654508497187 0.867071857476 0
0.684062276342 0.867071857476 0
0.712889645783 0.867071857476 0
0.740876837051 0.867071857476 0
0.767913397489 0.867071857476 0
0.793892626146 0.867071857476 0
0.818711994874 0.867071857476 0
0.842273552964 0.867071857476 0
0.864484313711 0.867071857476 0
0.885256621388 0.867071857476 0
0.904508497187 0.867071857476 0
0.922163962751 0.867071857476 0
0.938153340022 0.867071857476 0
0.952413526233 0.867071857476 0
0.964888242944 0.867071857476 0
0.975528258148 0.867071857476 0
0.984291580564 0.867071857476 0
0.991143625364 0.867071857476 0
0.996057350657 0.867071857476 0
0.999013364214 0.867071857476 0
1 0.867071857476 2
0 0.885963469911 4
0.000986635785864 0.885963469911 0
0.00394264934276 0.885963469911 0
0.00885637463566 0.885963469911 0
0.0157084194357 0.885963469911 0
0.0244717418524 0.885963469911 0
0.0351117570559 0.885963469911 0
0.047586473767 0.885963469911 0
0.0618466599781 0.885963469911 0
0.077836037249 0.885963469911 0
0.0954915028125 0.885963469911 0
0.114743378612 0.885963469911 0
0.135515686289 0.885963469911 0
0.157726447036 0.885963469911 0
0.181288005126 0.885963469911 0
0.206107373854 0.885963469911 0
0.232086602511 0.885963469911 0
0.259123162949 0.885963469911 0
0.287110354217 0.885963469911 0
0.315937723658 0.885963469911 0
0.345491502813 0.885963469911 0
0.375655056418 0.885963469911 0
0.406309342707 0.885963469911 0
0.437333383218 0.885963469911 0
0.468604740235 0.885963469911 0
0.5 0.885963469911 0
0.531395259765 0.885963469911 0
0.562666616782 0.885963469911 0
0.593690657293 0.885963469911 0
0.624344943582 0.885963469911 0
0.654508497187 0.885963469911 0
0.684062276342 0.885963469911 0
0.712889645783 0.885963469911 0
0.740876837051 0.885963469911 0
0.767913397489 0.885963469911 0
0.793892626146 0.885963469911 0
0.818711994874 0.885963469911 0
0.842273552964 0.885963469911 0
0.864484313711 0.885963469911 0
0.885256621388 0.885963469911 0
0.904508497187 0.885963469911 0
0.922163962751 0.885963469911 0
0.938153340022 0.885963469911 0
0.952413526233 0.885963469911 0
0.964888242944 0.885963469911 0
0.975528258148 0.885963469911 0
0.984291580564 0.885963469911 0
0.991143625364 0.885963469911 0
0.996057350657 0.885963469911 0
0.999013364214 0.885963469911 0
1 0.885963469911 2
0 0.902605127279 4
0.000986635785864 0.902605127279 0
0.00394264934276 0.902605127279 0
0.00885637463566 0.902605127279 0
0.0157084194357 0.902605127279 0
0.0244717418524 0.902605127279 0
0.0351117570559 0.902605127279 0
0.047586473767 0.902605127279 0
0.0618466599781 0.902605127279 0
0.077836037249 0.902605127279 0
0.0954915028125 0.902605127279 0
0.114743378612 0.902605127279 0
0.135515686289 0.902605127279 0
0.157726447036 0.902605127279 0
0.181288005126 0.902605127279 0
0.206107373854 0.902605127279 0
0.232086602511 0.902605127279 0
0.259123162949 0.902605127279 0
0.287110354217 0.902605127279 0
0.315937723658 0.902605127279 0
0.345491502813 0.902605127279 0
0.375655056418 0.902605127279 0
0.406309342707 0.902605127279 0
0.437333383218 0.902605127279 0
0.468604740235 0.902605127279 0
0.5 0.902605127279 0
0.531395259765 0.902605127279 0
0.562666616782 0.902605127279 0
0.593690657293 0.902605127279 0
0.624344943582 0.902605127279 0
0.654508497187 0.902605127279 0
0.684062276342 0.902605127279 0
0.712889645783 0.902605127279 0
0.740876837051 0.902605127279 0
0.767913397489 0.902605127279 0
0.793892626146 0.902605127279 0
0.818711994874 0.902605127279 0
0.842273552964 0.902605127279 0
0.864484313711 0.902605127279 0
0.885256621388 0.902605127279 0
0.904508497187 0.902605127279 0
0.922163962751 0.902605127279 0
0.938153340022 0.902605127279 0
0.952413526233 0.902605127279 0
0.964888242944 0.902605127279 0
0.975528258148 0.902605127279 0
0.984291580564 0.902605127279 0
0.991143625364 0.902605127279 0
0.996057350657 0.902605127279 0
0.999013364214 0.902605127279 0
1 0.902605127279 2
0 0.917184631891 4
0.000986635785864 0.917184631891 0
0.00394264934276 0.917184631891 0
0.00885637463566 0.917184631891 0
0.0157084194357 0.917184631891 0
0.0244717418524 0.917184631891 0
0.0351117570559 0.917184631891 0
0.047586473767 0.917184631891 0
0.0618466599781 0.917184631891 0
0.077836037249 0.917184631891 0
0.0954915028125 0.917184631891 0
0.114743378612 0.917184631891 0
0.135515686289 0.917184631891 0
0.157726447036 0.917184631891 0
0.181288005126 0.917184631891 0
0.206107373854 0.917184631891 0
0.232086602511 0.917184631891 0
0.259123162949 0.917184631891 0
0.287110354217 0.917184631891 0
0.315937723658 0.917184631891 0
0.345491502813 0.917184631891 0
0.375655056418 0.917184631891 0
0.406309342707 0.917184631891 0
0.437333383218 0.917184631891 0
0.468604740235 0.917184631891 0
0.5 0.917184631891 0
0.531395259765 0.917184631891 0
0.562666616782 0.917184631891 0
0.593690657293 0.917184631891 0
0.624344943582 0.917184631891 0
0.654508497187 0.917184631891 0
0.684062276342 0.917184631891 0
0.712889645783 0.917184631891 0
0.740876837051 0.917184631891 0
0.767913397489 0.917184631891 0
0.793892626146 0.917184631891 0
0.818711994874 0.917184631891 0
0.842273552964 0.917184631891 0
0.864484313711 0.917184631891 0
0.885256621388 0.917184631891 0
0.904508497187 0.917184631891 0
0.922163962751 0.917184631891 0
0.938153340022 0.917184631891 0
0.952413526233 0.917184631891 0
0.964888242944 0.917184631891 0
0.975528258148 0.917184631891 0
0.984291580564 0.917184631891 0
0.991143625364 0.917184631891 0
0.996057350657 0.917184631891 0
0.999013364214 0.917184631891 0
1 0.917184631891 2
0 0.929896283455 4
0.000986635785864 0.929896283455 0
0.00394264934276 0.929896283455 0
0.00885637463566 0.929896283455 0
0.0157084194357 0.929896283455 0
0.0244717418524 0.929896283455 0
0.0351117570559 0.929896283455 0
0.047586473767 0.929896283455 0
0.0618466599781 0.929896283455 0
0.077836037249 0.929896283455 0
0.0954915028125 0.929896283455 0
0.114743378612 0.929896283455 0
0.135515686289 0.929896283455 0
0.157726447036 0.929896283455 0
0.181288005126 0.929896283455 0
0.206107373854 0.929896283455 0
0.232086602511 0.929896283455 0
0.259123162949 0.929896283455 0
0.287110354217 0.929896283455 0
0.315937723658 0.929896283455 0
0.345491502813 0.929896283455 0
0.375655056418 0.929896283455 0
0.406309342707 0.929896283455 0
0.437333383218 0.929896283455 0
0.468604740235 0.929896283455 0
0.5 0.929896283455 0
0.531395259765 0.929896283455 0
0.562666616782 0.929896283455 0
0.593690657293 0.929896283455 0
0.624344943582 0.929896283455 0
0.654508497187 0.929896283455 0
0.684062276342 0.929896283455 0
0.712889645783 0.929896283455 0
0.740876837051 0.929896283455 0
0.767913397489 0.929896283455 0
0.793892626146 0.929896283455 0
0.818711994874 0.929896283455 0
0.842273552964 0.929896283455 0
0.864484313711 0.929896283455 0
0.885256621388 0.929896283455 0
0.904508497187 0.929896283455 0
0.922163962751 0.929896283455 0
0.938153340022 0.929896283455 0
0.952413526233 0.929896283455 0
0.964888242944 0.929896283455 0
0.975528258148 0.929896283455 0
0.984291580564 0.929896283455 0
0.991143625364 0.929896283455 0
0.996057350657 0.929896283455 0
0.999013364214 0.929896283455 0
1 0.929896283455 2
0 0.940933028932 4
0.000986635785864 0.940933028932 0
0.00394264934276 0.940933028932 0
0.00885637463566 0.940933028932 0
0.0157084194357 0.940933028932 0
0.0244717418524 0.940933028932 0
0.0351117570559 0.940933028932 0
0.047586473767 0.940933028932 0
0.0618466599781 0.940933028932 0
0.077836037249 0.940933028932 0
0.0954915028125 0.940933028932 0
0.114743378612 0.940933028932 0
0.135515686289 0.940933028932 0
0.157726447036 0.940933028932 0
0.181288005126 0.940933028932 0
0.206107373854 0.940933028932 0
0.232086602511 0.940933028932 0
0.259123162949 0.940933028932 0
0.287110354217 0.940933028932 0
0.315937723658 0.940933028932 0
0.345491502813 0.940933028932 0
0.375655056418 0.940933028932 0
0.406309342707 0.940933028932 0
0.437333383218 0.940933028932 0
0.468604740235 0.940933028932 0
0.5 0.940933028932 0
0.531395259765 0.940933028932 0
0.562666616782 0.940933028932 0
0.593690657293 0.940933028932 0
0.624344943582 0.940933028932 0
0.654508497187 0.940933028932 0
0.684062276342 0.940933028932 0
0.712889645783 0.940933028932 0
0.740876837051 0.940933028932 0
0.767913397489 0.940933028932 0
0.793892626146 0.940933028932 0
0.818711994874 0.940933028932 0
0.842273552964 0.940933028932 0
0.864484313711 0.940933028932 0
0.885256621388 0.940933028932 0
0.904508497187 0.940933028932 0
0.922163962751 0.940933028932 0
0.938153340022 0.940933028932 0
0.952413526233 0.940933028932 0
0.964888242944 0.940933028932 0
0.975528258148 0.940933028932 0
0.984291580564 0.940933028932 0
0.991143625364 0.940933028932 0
0.996057350657 0.940933028932 0
0.999013364214 0.940933028932 0
1 0.940933028932 2
0 0.950480740726 4
0.000986635785864 0.950480740726 0
0.00394264934276 0.950480740726 0
0.00885637463566 0.950480740726 0
0.0157084194357 0.950480740726 0
0.0244717418524 0.950480740726 0
0.0351117570559 0.950480740726 0
0.047586473767 0.950480740726 0
0.0618466599781 0.950480740726 0
0.077836037249 0.950480740726 0
0.0954915028125 0.950480740726 0
0.114743378612 0.950480740726 0
0.135515686289 0.950480740726 0
0.157726447036 0.950480740726 0
0.181288005126 0.950480740726 0
0.206107373854 0.950480740726 0
0.232086602511 0.950480740726 0
0.259123162949 0.950480740726 0
0.287110354217 0.950480740726 0
0.315937723658 0.950480740726 0
0.345491502813 0.950480740726 0
0.375655056418 0.950480740726 0
0.406309342707 0.950480740726 0
0.437333383218 0.950480740726 0
0.468604740235 0.950480740726 0
0.5 0.950480740726 0
0.531395259765 0.950480740726 0
0.562666616782 0.950480740726 0
0.593690657293 0.950480740726 0
0.624344943582 0.950480740726 0
0.654508497187 0.950480740726 0
0.684062276342 0.950480740726 0
0.712889645783 0.950480740726 0
0.740876837051 0.950480740726 0
0.767913397489 0.950480740726 0
0.793892626146 0.950480740726 0
0.818711994874 0.950480740726 0
0.842273552964 0.950480740726 0
0.864484313711 0.950480740726 0
0.885256621388 0.950480740726 0
0.904508497187 0.950480740726 0
0.922163962751 0.950480740726 0
0.938153340022 0.950480740726 0
0.952413526233 0.950480740726 0
0.964888242944 0.950480740726 0
0.975528258148 0.950480740726 0
0.984291580564 0.950480740726 0
0.991143625364 0.950480740726 0
0.996057350657 0.950480740726 0
0.999013364214 0.950480740726 0
1 0.950480740726 2
0 0.958714340214 4
0.000986635785864 0.958714340214 0
0.00394264934276 0.958714340214 0
0.00885637463566 0.958714340214 0
0.0157084194357 0.958714340214 0
0.0244717418524 0.958714340214 0
0.0351117570559 0.958714340214 0
0.047586473767 0.958714340214 0
0.0618466599781 0.958714340214 0
0.077836037249 0.958714340214 0
0.0954915028125 0.958714340214 0
0.114743378612 0.958714340214 0
0.135515686289 0.958714340214 0
0.157726447036 0.958714340214 0
0.181288005126 0.958714340214 0
0.206107373854 0.958714340214 0
0.232086602511 0.958714340214 0
0.259123162949 0.958714340214 0
0.287110354217 0.958714340214 0
0.315937723658 0.958714340214 0
0.345491502813 0.958714340214 0
0.375655056418 0.958714340214 0
0.406309342707 0.958714340214 0
0.437333383218 0.958714340214 0
0.468604740235 0.958714340214 0
0.5 0.958714340214 0
0.531395259765 0.958714340214 0
0.562666616782 0.958714340214 0
0.593690657293 0.958714340214 0
0.624344943582 0.958714340214 0
0.654508497187 0.958714340214 0
0.684062276342 0.958714340214 0
0.712889645783 0.958714340214 0
0.740876837051 0.958714340214 0
0.767913397489 0.958714340214 0
0.793892626146 0.958714340214 0
0.818711994874 0.958714340214 0
0.842273552964 0.958714340214 0
0.864484313711 0.958714340214 0
0.885256621388 0.958714340214 0
0.904508497187 0.958714340214 0
0.922163962751 0.958714340214 0
0.938153340022 0.958714340214 0
0.952413526233 0.958714340214 0
0.964888242944 0.958714340214 0
0.975528258148 0.958714340214 0
0.984291580564 0.958714340214 0
0.991143625364 0.958714340214 0
0.996057350657 0.958714340214 0
0.999013364214 0.958714340214 0
1 0.958714340214 2
0 0.965795433984 4
0.000986635785864 0.965795433984 0
0.00394264934276 0.965795433984 0
0.00885637463566 0.965795433984 0
0.0157084194357 0.965795433984 0
0.0244717418524 0.965795433984 0
0.0351117570559 0.965795433984 0
0.047586473767 0.965795433984 0
0.0618466599781 0.965795433984 0
0.077836037249 0.965795433984 0
0.0954915028125 0.965795433984 0
0.114743378612 0.965795433984 0
0.135515686289 0.965795433984 0
0.157726447036 0.965795433984 0
0.181288005126 0.965795433984 0
0.206107373854 0.965795433984 0
0.232086602511 0.965795433984 0
0.259123162949 0.965795433984 0
0.287110354217 0.965795433984 0
0.315937723658 0.965795433984 0
0.345491502813 0.965795433984 0
0.375655056418 0.965795433984 0
0.406309342707 0.965795433984 0
0.437333383218 0.965795433984 0
0.468604740235 0.965795433984 0
0.5 0.965795433984 0
0.531395259765 0.965795433984 0
0.562666616782 0.965795433984 0
0.593690657293 0.965795433984 0
0.624344943582 0.965795433984 0
0.654508497187 0.965795433984 0
0.684062276342 0.965795433984 0
0.712889645783 0.965795433984 0
0.740876837051 0.965795433984 0
0.767913397489 0.965795433984 0
0.793892626146 0.965795433984 0
0.818711994874 0.965795433984 0
0.842273552964 0.965795433984 0
0.864484313711 0.965795433984 0
0.885256621388 0.965795433984 0
0.904508497187 0.965795433984 0
0.922163962751 0.965795433984 0
0.938153340022 0.965795433984 0
0.952413526233 0.965795433984 0
0.964888242944 0.965795433984 0
0.975528258148 0.965795433984 0
0.984291580564 0.965795433984 0
0.991143625364 0.965795433984 0
0.996057350657 0.965795433984 0
0.999013364214 0.965795433984 0
1 0.965795433984 2
0 0.971871130599 4
0.000986635785864 0.971871130599 0
0.00394264934276 0.971871130599 0
0.00885637463566 0.971871130599 0
0.0157084194357 0.971871130599 0
0.0244717418524 0.971871130599 0
0.0351117570559 0.971871130599 0
0.047586473767 0.971871130599 0
0.0618466599781 0.971871130599 0
0.077836037249 0.971871130599 0
0.0954915028125 0.971871130599 0
0.114743378612 0.971871130599 0
0.135515686289 0.971871130599 0
0.157726447036 0.971871130599 0
0.181288005126 0.971871130599 0
0.206107373854 0.971871130599 0
0.232086602511 0.971871130599 0
0.259123162949 0.971871130599 0
0.287110354217 0.971871130599 0
0.315937723658 0.971871130599 0
0.345491502813 0.971871130599 0
0.375655056418 0.971871130599 0
0.406309342707 0.971871130599 0
0.437333383218 0.971871130599 0
0.468604740235 0.971871130599 0
0.5 0.971871130599 0
0.531395259765 0.971871130599 0
0.562666616782 0.971871130599 0
0.593690657293 0.971871130599 0
0.624344943582 0.971871130599 0
0.654508497187 0.971871130599 0
0.684062276342 0.971871130599 0
0.712889645783 0.971871130599 0
0.740876837051 0.971871130599 0
0.767913397489 0.971871130599 0
0.793892626146 0.971871130599 0
0.818711994874 0.971871130599 0
0.842273552964 0.971871130599 0
0.864484313711 0.971871130599 0
0.885256621388 0.971871130599 0
0.904508497187 0.971871130599 0
0.922163962751 0.971871130599 0
0.938153340022 0.971871130599 0
0.952413526233 0.971871130599 0
0.964888242944 0.971871130599 0
0.975528258148 0.971871130599 0
0.984291580564 0.971871130599 0
0.991143625364 0.971871130599 0
0.996057350657 0.971871130599 0
0.999013364214 0.971871130599 0
1 0.971871130599 2
0 0.977073736039 4
0.000986635785864 0.977073736039 0
0.00394264934276 0.977073736039 0
0.00885637463566 0.977073736039 0
0.0157084194357 0.977073736039 0
0.0244717418524 0.977073736039 0
0.0351117570559 0.977073736039 0
0.047586473767 0.977073736039 0
0.0618466599781 0.977073736039 0
0.077836037249 0.977073736039 0
0.0954915028125 0.977073736039 0
0.114743378612 0.977073736039 0
0.135515686289 0.977073736039 0
0.157726447036 0.977073736039 0
0.181288005126 0.977073736039 0
0.206107373854 0.977073736039 0
0.232086602511 0.977073736039 0
0.259123162949 0.977073736039 0
0.287110354217 0.977073736039 0
0.315937723658 0.977073736039 0
0.345491502813 0.977073736039 0
0.375655056418 0.977073736039 0
0.406309342707 0.977073736039 0
0.437333383218 0.977073736039 0
0.468604740235 0.977073736039 0
0.5 0.977073736039 0
0.531395259765 0.977073736039 0
0.562666616782 0.977073736039 0
0.593690657293 0.977073736039 0
0.624344943582 0.977073736039 0
0.654508497187 0.977073736039 0
0.684062276342 0.977073736039 0
0.712889645783 0.977073736039 0
0.740876837051 0.977073736039 0
0.767913397489 0.977073736039 0
0.793892626146 0.977073736039 0
0.818711994874 0.977073736039 0
0.842273552964 0.977073736039 0
0.864484313711 0.977073736039 0
0.885256621388 0.977073736039 0
0.904508497187 0.977073736039 0
0.922163962751 0.977073736039 0
0.938153340022 0.977073736039 0
0.952413526233 0.977073736039 0
0.964888242944 0.977073736039 0
0.975528258148 0.977073736039 0
0.984291580564 0.977073736039 0
0.991143625364 0.977073736039 0
0.996057350657 0.977073736039 0
0.999013364214 0.977073736039 0
1 0.977073736039 2
0 0.981521070841 4
0.000986635785864 0.981521070841 0
0.00394264934276 0.981521070841 0
0.00885637463566 0.981521070841 0
0.0157084194357 0.981521070841 0
0.0244717418524 0.981521070841 0
0.0351117570559 0.981521070841 0
0.047586473767 0.981521070841 0
0.0618466599781 0.981521070841 0
0.077836037249 0.981521070841 0
0.0954915028125 0.981521070841 0
0.114743378612 0.981521070841 0
0.135515686289 0.981521070841 0
0.157726447036 0.981521070841 0
0.181288005126 0.981521070841 0
0.206107373854 0.981521070841 0
0.232086602511 0.981521070841 0
0.259123162949 0.981521070841 0
0.287110354217 0.981521070841 0
0.315937723658 0.981521070841 0
0.345491502813 0.981521070841 0
0.375655056418 0.981521070841 0
0.406309342707 0.981521070841 0
0.437333383218 0.981521070841 0
0.468604740235 0.981521070841 0
0.5 0.981521070841 0
0.531395259765 0.981521070841 0
0.562666616782 0.981521070841 0
0.593690657293 0.981521070841 0
0.624344943582 0.981521070841 0
0.654508497187 0.981521070841 0
0.684062276342 0.981521070841 0
0.712889645783 0.981521070841 0
0.740876837051 0.981521070841 0
0.767913397489 0.981521070841 0
0.793892626146 0.981521070841 0
0.818711994874 0.981521070841 0
0.842273552964 0.981521070841 0
0.864484313711 0.981521070841 0
0.885256621388 0.981521070841 0
0.904508497187 0.981521070841 0
0.922163962751 0.981521070841 0
0.938153340022 0.981521070841 0
0.952413526233 0.981521070841 0
0.964888242944 0.981521070841 0
0.975528258148 0.981521070841 0
0.984291580564 0.981521070841 0
0.991143625364 0.981521070841 0
0.996057350657 0.981521070841 0
0.999013364214 0.981521070841 0
1 0.981521070841 2
0 0.985317200898 4
0.000986635785864 0.985317200898 0
0.00394264934276 0.985317200898 0
0.00885637463566 0.985317200898 0
0.0157084194357 0.985317200898 0
0.0244717418524 0.985317200898 0
0.0351117570559 0.985317200898 0
0.047586473767 0.985317200898 0
0.0618466599781 0.985317200898 0
0.077836037249 0.985317200898 0
0.0954915028125 0.985317200898 0
0.114743378612 0.985317200898 0
0.135515686289 0.985317200898 0
0.157726447036 0.985317200898 0
0.181288005126 0.985317200898 0
0.206107373854 0.985317200898 0
0.232086602511 0.985317200898 0
0.259123162949 0.985317200898 0
0.287110354217 0.985317200898 0
0.315937723658 0.985317200898 0
0.345491502813 0.985317200898 0
0.375655056418 0.985317200898 0
0.406309342707 0.985317200898 0
0.437333383218 0.985317200898 0
0.468604740235 0.985317200898 0
0.5 0.985317200898 0
0.531395259765 0.985317200898 0
0.562666616782 0.985317200898 0
0.593690657293 0.985317200898 0
0.624344943582 0.985317200898 0
0.654508497187 0.985317200898 0
0.684062276342 0.985317200898 0
0.712889645783 0.985317200898 0
0.740876837051 0.985317200898 0
0.767913397489 0.985317200898 0
0.793892626146 0.985317200898 0
0.818711994874 0.985317200898 0
0.842273552964 0.985317200898 0
0.864484313711 0.985317200898 0
0.885256621388 0.985317200898 0
0.904508497187 0.985317200898 0
0.922163962751 0.985317200898 0
0.938153340022 0.985317200898 0
0.952413526233 0.985317200898 0
0.964888242944 0.985317200898 0
0.975528258148 0.985317200898 0
0.984291580564 0.985317200898 0
0.991143625364 0.985317200898 0
0.996057350657 0.985317200898 0
0.999013364214 0.985317200898 0
1 0.985317200898 2
0 0.988553420461 4
0.000986635785864 0.988553420461 0
0.00394264934276 0.988553420461 0
0.00885637463566 0.988553420461 0
0.0157084194357 0.988553420461 0
0.0244717418524 0.988553420461 0
0.0351117570559 0.988553420461 0
0.047586473767 0.988553420461 0
0.0618466599781 0.988553420461 0
0.077836037249 0.988553420461 0
0.0954915028125 0.988553420461 0
0.114743378612 0.988553420461 0
0.135515686289 0.988553420461 0
0.157726447036 0.988553420461 0
0.181288005126 0.988553420461 0
0.206107373854 0.988553420461 0
0.232086602511 0.988553420461 0
0.259123162949 0.988553420461 0
0.287110354217 0.988553420461 0
0.315937723658 0.988553420461 0
0.345491502813 0.988553420461 0
0.375655056418 0.988553420461 0
0.406309342707 0.988553420461 0
0.437333383218 0.988553420461 0
0.468604740235 0.988553420461 0
0.5 0.988553420461 0
0.531395259765 0.988553420461 0
0.562666616782 0.988553420461 0
0.593690657293 0.988553420461 0
0.624344943582 0.988553420461 0
0.654508497187 0.988553420461 0
0.684062276342 0.988553420461 0
0.712889645783 0.988553420461 0
0.740876837051 0.988553420461 0
0.767913397489 0.988553420461 0
0.793892626146 0.988553420461 0
0.818711994874 0.988553420461 0
0.842273552964 0.988553420461 0
0.864484313711 0.988553420461 0
0.885256621388 0.988553420461 0
0.904508497187 0.988553420461 0
0.922163962751 0.988553420461 0
0.938153340022 0.988553420461 0
0.952413526233 0.988553420461 0
0.964888242944 0.988553420461 0
0.975528258148 0.988553420461 0
0.984291580564 0.988553420461 0
0.991143625364 0.988553420461 0
0.996057350657 0.988553420461 0
0.999013364214 0.988553420461 0
1 0.988553420461 2
0 0.991309366819 4
0.000986635785864 0.991309366819 0
0.00394264934276 0.991309366819 0
0.00885637463566 0.991309366819 0
0.0157084194357 0.991309366819 0
0.0244717418524 0.991309366819 0
0.0351117570559 0.991309366819 0
0.047586473767 0.991309366819 0
0.0618466599781 0.991309366819 0
0.077836037249 0.991309366819 0
0.0954915028125 0.991309366819 0
0.114743378612 0.991309366819 0
0.135515686289 0.991309366819 0
0.157726447036 0.991309366819 0
0.181288005126 0.991309366819 0
0.206107373854 0.991309366819 0
0.232086602511 0.991309366819 0
0.259123162949 0.991309366819 0
0.287110354217 0.991309366819 0
0.315937723658 0.991309366819 0
0.345491502813 0.991309366819 0
0.375655056418 0.991309366819 0
0.406309342707 0.991309366819 0
0.437333383218 0.991309366819 0
0.468604740235 0.991309366819 0
0.5 0.991309366819 0
0.531395259765 0.991309366819 0
0.562666616782 0.991309366819 0
0.593690657293 0.991309366819 0
0.624344943582 0.991309366819 0
0.654508497187 0.991309366819 0
0.684062276342 0.991309366819 0
0.712889645783 0.991309366819 0
0.740876837051 0.991309366819 0
0.767913397489 0.991309366819 0
0.793892626146 0.991309366819 0
0.818711994874 0.991309366819 0
0.842273552964 0.991309366819 0
0.864484313711 0.991309366819 0
0.885256621388 0.991309366819 0
0.904508497187 0.991309366819 0
0.922163962751 0.991309366819 0
0.938153340022 0.991309366819 0
0.952413526233 0.991309366819 0
0.964888242944 0.991309366819 0
0.975528258148 0.991309366819 0
0.984291580564 0.991309366819 0
0.991143625364 0.991309366819 0
0.996057350657 0.991309366819 0
0.999013364214 0.991309366819 0
1 0.991309366819 2
0 0.993654180141 4
0.000986635785864 0.993654180141 0
0.00394264934276 0.993654180141 0
0.00885637463566 0.993654180141 0
0.0157084194357 0.993654180141 0
0.0244717418524 0.993654180141 0
0.0351117570559 0.993654180141 0
0.047586473767 0.993654180141 0
0.0618466599781 0.993654180141 0
0.077836037249 0.993654180141 0
0.0954915028125 0.993654180141 0
0.114743378612 0.993654180141 0
0.135515686289 0.993654180141 0
0.157726447036 0.993654180141 0
0.181288005126 0.993654180141 0
0.206107373854 0.993654180141 0
0.232086602511 0.993654180141 0
0.259123162949 0.993654180141 0
0.287110354217 0.993654180141 0
0.315937723658 0.993654180141 0
0.345491502813 0.993654180141 0
0.375655056418 0.993654180141 0
0.406309342707 0.993654180141 0
0.437333383218 0.993654180141 0
0.468604740235 0.993654180141 0
0.5 0.993654180141 0
0.531395259765 0.993654180141 0
0.562666616782 0.993654180141 0
0.593690657293 0.993654180141 0
0.624344943582 0.993654180141 0
0.654508497187 0.993654180141 0
0.684062276342 0.993654180141 0
0.712889645783 0.993654180141 0
0.740876837051 0.993654180141 0
0.767913397489 0.993654180141 0
0.793892626146 0.993654180141 0
0.818711994874 0.993654180141 0
0.842273552964 0.993654180141 0
0.864484313711 0.993654180141 0
0.885256621388 0.993654180141 0
0.904508497187 0.993654180141 0
0.922163962751 0.993654180141 0
0.938153340022 0.993654180141 0
0.952413526233 0.993654180141 0
0.964888242944 0.993654180141 0
0.975528258148 0.993654180141 0
0.984291580564 0.993654180141 0
0.991143625364 0.993654180141 0
0.996057350657 0.993654180141 0
0.999013364214 0.993654180141 0
1 0.993654180141 2
0 0.995647649021 4
0.000986635785864 0.995647649021 0
0.00394264934276 0.995647649021 0
0.00885637463566 0.995647649021 0
0.0157084194357 0.995647649021 0
0.0244717418524 0.995647649021 0
0.0351117570559 0.995647649021 0
0.047586473767 0.995647649021 0
0.0618466599781 0.995647649021 0
0.077836037249 0.995647649021 0
0.0954915028125 0.995647649021 0
0.114743378612 0.995647649021 0
0.135515686289 0.995647649021 0
0.157726447036 0.995647649021 0
0.181288005126 0.995647649021 0
0.206107373854 0.995647649021 0
0.232086602511 0.995647649021 0
0.259123162949 0.995647649021 0
0.287110354217 0.995647649021 0
0.315937723658 0.995647649021 0
0.345491502813 0.995647649021 0
0.375655056418 0.995647649021 0
0.406309342707 0.995647649021 0
0.437333383218 0.995647649021 0
0.468604740235 0.995647649021 0
0.5 0.995647649021 0
0.531395259765 0.995647649021 0
0.562666616782 0.995647649021 0
0.593690657293 0.995647649021 0
0.624344943582 0.995647649021 0
0.654508497187 0.995647649021 0
0.684062276342 0.995647649021 0
0.712889645783 0.995647649021 0
0.740876837051 0.995647649021 0
0.767913397489 0.995647649021 0
0.793892626146 0.995647649021 0
0.818711994874 0.995647649021 0
0.842273552964 0.995647649021 0
0.864484313711 0.995647649021 0
0.885256621388 0.995647649021 0
0.904508497187 0.995647649021 0
0.922163962751 0.995647649021 0
0.938153340022 0.995647649021 0
0.952413526233 0.995647649021 0
0.964888242944 0.995647649021 0
0.975528258148 0.995647649021 0
0.984291580564 0.995647649021 0
0.991143625364 0.995647649021 0
0.996057350657 0.995647649021 0
0.999013364214 0.995647649021 0
1 0.995647649021 2
0 0.997341303055 4
0.000986635785864 0.997341303055 0
0.00394264934276 0.997341303055 0
0.00885637463566 0.997341303055 0
0.0157084194357 0.997341303055 0
0.0244717418524 0.997341303055 0
0.0351117570559 0.997341303055 0
0.047586473767 0.997341303055 0
0.0618466599781 0.997341303055 0
0.077836037249 0.997341303055 0
0.0954915028125 0.997341303055 0
0.114743378612 0.997341303055 0
0.135515686289 0.997341303055 0
0.157726447036 0.997341303055 0
0.181288005126 0.997341303055 0
0.206107373854 0.997341303055 0
0.232086602511 0.997341303055 0
0.259123162949 0.997341303055 0
0.287110354217 0.997341303055 0
0.315937723658 0.997341303055 0
0.345491502813 0.997341303055 0
0.375655056418 0.997341303055 0
0.406309342707 0.997341303055 0
0.437333383218 0.997341303055 0
0.468604740235 0.997341303055 0
0.5 0.997341303055 0
0.531395259765 0.997341303055 0
0.562666616782 0.997341303055 0
0.593690657293 0.997341303055 0
0.624344943582 0.997341303055 0
0.654508497187 0.997341303055 0
0.684062276342 0.997341303055 0
0.712889645783 0.997341303055 0
0.740876837051 0.997341303055 0
0.767913397489 0.997341303055 0
0.793892626146 0.997341303055 0
0.818711994874 0.997341303055 0
0.842273552964 0.997341303055 0
0.864484313711 0.997341303055 0
0.885256621388 0.997341303055 0
0.904508497187 0.997341303055 0
0.922163962751 0.997341303055 0
0.938153340022 0.997341303055 0
0.952413526233 0.997341303055 0
0.964888242944 0.997341303055 0
0.975528258148 0.997341303055 0
0.984291580564 0.997341303055 0
0.991143625364 0.997341303055 0
0.996057350657 0.997341303055 0
0.999013364214 0.997341303055 0
1 0.997341303055 2
0 0.99877942922 4
0.000986635785864 0.99877942922 0
0.00394264934276 0.99877942922 0
0.00885637463566 0.99877942922 0
0.0157084194357 0.99877942922 0
0.0244717418524 0.99877942922 0
0.0351117570559 0.99877942922 0
0.047586473767 0.99877942922 0
0.0618466599781 0.99877942922 0
0.077836037249 0.99877942922 0
0.0954915028125 0.99877942922 0
0.114743378612 0.99877942922 0
0.135515686289 0.99877942922 0
0.157726447036 0.99877942922 0
0.181288005126 0.99877942922 0
0.206107373854 0.99877942922 0
0.232086602511 0.99877942922 0
0.259123162949 0.99877942922 0
0.287110354217 0.99877942922 0
0.315937723658 0.99877942922 0
0.345491502813 0.99877942922 0
0.375655056418 0.99877942922 0
0.406309342707 0.99877942922 0
0.437333383218 0.99877942922 0
0.468604740235 0.99877942922 0
0.5 0.99877942922 0
0.531395259765 0.99877942922 0
0.562666616782 0.99877942922 0
0.593690657293 0.99877942922 0
0.624344943582 0.99877942922 0
0.654508497187 0.99877942922 0
0.684062276342 0.99877942922 0
0.712889645783 0.99877942922 0
0.740876837051 0.99877942922 0
0.767913397489 0.99877942922 0
0.793892626146 0.99877942922 0
0.818711994874 0.99877942922 0
0.842273552964 0.99877942922 0
0.864484313711 0.99877942922 0
0.885256621388 0.99877942922 0
0.904508497187 0.99877942922 0
0.922163962751 0.99877942922 0
0.938153340022 0.99877942922 0
0.952413526233 0.99877942922 0
0.964888242944 0.99877942922 0
0.975528258148 0.99877942922 0
0.984291580564 0.99877942922 0
0.991143625364 0.99877942922 0
0.996057350657 0.99877942922 0
0.999013364214 0.99877942922 0
1 0.99877942922 2
0 1 4
0.000986635785864 1 3
0.00394264934276 1 3
0.00885637463566 1 3
0.0157084194357 1 3
0.0244717418524 1 3
0.0351117570559 1 3
0.047586473767 1 3
0.0618466599781 1 3
0.077836037249 1 3
0.0954915028125 1 3
0.114743378612 1 3
0.135515686289 1 3
0.157726447036 1 3
0.181288005126 1 3
0.206107373854 1 3
0.232086602511 1 3
0.259123162949 1 3
0.287110354217 1 3
0.315937723658 1 3
0.345491502813 1 3
0.375655056418 1 3
0.406309342707 1 3
0.437333383218 1 3
0.468604740235 1 3
0.5 1 3
0.531395259765 1 3
0.562666616782 1 3
0.593690657293 1 3
0.624344943582 1 3
0.654508497187 1 3
0.684062276342 1 3
0.712889645783 1 3
0.740876837051 1 3
0.767913397489 1 3
0.793892626146 1 3
0.818711994874 1 3
0.842273552964 1 3
0.864484313711 1 3
0.885256621388 1 3
0.904508497187 1 3
0.922163962751 1 3
0.938153340022 1 3
0.952413526233 1 3
0.964888242944 1 3
0.975528258148 1 3
0.984291580564 1 3
0.991143625364 1 3
0.996057350657 1 3
0.999013364214 1 3
1 1 3
1 2 52 0
52 2 53 0
2 3 53 0
53 3 54 0
3 4 54 0
54 4 55 0
4 5 55 0
55 5 56 0
5 6 56 0
56 6 57 0
6 7 57 0
57 7 58 0
7 8 58 0
58 8 59 0
8 9 59 0
59 9 60 0
9 10 60 0
60 10 61 0
10 11 61 0
61 11 62 0
11 12 62 0
62 12 63 0
12 13 63 0
63 13 64 0
13 14 64 0
64 14 65 0
14 15 65 0
65 15 66 0
15 16 66 0
66 16 67 0
16 17 67 0
67 17 68 0
17 18 68 0
68 18 69 0
18 19 69 0
69 19 70 0
19 20 70 0
70 20 71 0
20 21 71 0
71 21 72 0
21 22 72 0
72 22 73 0
22 23 73 0
73 23 74 0
23 24 74 0
74 24 75 0
24 25 75 0
75 25 76 0
25 26 76 0
76 26 77 0
26 27 77 0
77 27 78 0
27 28 78 0
78 28 79 0
28 29 79 0
79 29 80 0
29 30 80 0
80 30 81 0
30 31 81 0
81 31 82 0
31 32 82 0
82 32 83 0
32 33 83 0
83 33 84 0
33 34 84 0
84 34 85 0
34 35 85 0
85 35 86 0
35 36 86 0
86 36 87 0
36 37 87 0
87 37 88 0
37 38 88 0
88 38 89 0
38 39 89 0
89 39 90 0
39 40 90 0
90 40 91 0
40 41 91 0
91 41 92 0
41 42 92 0
92 42 93 0
42 43 93 0
93 43 94 0
43 44 94 0
94 44 95 0
44 45 95 0
95 45 96 0
45 46 96 0
96 46 97 0
46 47 97 0
97 47 98 0
47 48 98 0
98 48 99 0
48 49 99 0
99 49 100 0
49 50 100 0
100 50 101 0
50 51 101 0
101 51 102 0
52 53 103 0
103 53 104 0
53 54 104 0
104 54 105 0
54 55 105 0
105 55 106 0
55 56 106 0
106 56 107 0
56 57 107 0
107 57 108 0
57 58 108 0
108 58 109 0
58 59 109 0
109 59 110 0
59 60 110 0
110 60 111 0
60 61 111 0
111 61 112 0
61 62 112 0
112 62 113 0
62 63 113 0
113 63 114 0
63 64 114 0
114 64 115 0
64 65 115 0
115 65 116 0
65 66 116 0
116 66 117 0
66 67 117 0
117 67 118 0
67 68 118 0
118 68 119 0
68 69 119 0
119 69 120 0
69 70 120 0
120 70 121 0
70 71 121 0
121 71 122 0
71 72 122 0
122 72 123 0
72 73 123 0
123 73 124 0
73 74 124 0
124 74 125 0
74 75 125 0
125 75 126 0
75 76 126 0
126 76 127 0
76 77 127 0
127 77 128 0
77 78 128 0
128 78 129 0
78 79 129 0
129 79 130 0
79 80 130 0
130 80 131 0
80 81 131 0
131 81 132 0
81 82 132 0
132 82 133 0
82 83 133 0
133 83 134 0
83 84 134 0
134 84 135 0
84 85 135 0
135 85 136 0
85 86 136 0
136 86 137 0
86 87 137 0
137 87 138 0
87 88 138 0
138 88 139 0
88 89 139 0
139 89 140 0
89 90 140 0
140 90 141 0
90 91 141 0
141 91 142 0
91 92 142 0
142 92 143 0
92 93 143 0
143 93 144 0
93 94 144 0
144 94 145 0
94 95 145 0
145 95 146 0
95 96 146 0
146 96 147 0
96 97 147 0
147 97 148 0
97 98 148 0
148 98 149 0
98 99 149 0
149 99 150 0
99 100 150 0
150 100 151 0
100 101 151 0
151 101 152 0
101 102 152 0
152 102 153 0
103 104 154 0
154 104 155 0
104 105 155 0
155 105 156 0
105 106 156 0
156 106 157 0
106 107 157 0
157 107 158 0
107 108 158 0
158 108 159 0
108 109 159 0
159 109 160 0
109 110 160 0
160 110 161 0
110 111 161 0
161 111 162 0
111 112 162 0
162 112 163 0
112 113 163 0
163 113 164 0
113 114 164 0
164 114 165 0
114 115 165 0
165 115 166 0
115 116 166 0
166 116 167 0
116 117 167 0
167 117 168 0
117 118 168 0
168 118 169 0
118 119 169 0
169 119 170 0
119 120 170 0
170 120 171 0
120 121 171 0
171 121 172 0
121 122 172 0
172 122 173 0
122 123 173 0
173 123 174 0
123 124 174 0
174 124 175 0
124 125 175 0
175 125 176 0
125 126 176 0
176 126 177 0
126 127 177 0
177 127 178 0
127 128 178 0
178 128 179 0
128 129 179 0
179 129 180 0
129 130 180 0
180 130 181 0
130 131 181 0
181 131 182 0
131 132 182 0
182 132 183 0
132 133 183 0
183 133 184 0
133 134 184 0
184 134 185 0
134 135 185 0
185 135 186 0
135 136 186 0
186 136 187 0
136 137 187 0
187 137 188 0
137 138 188 0
188 138 189 0
138 139 189 0
189 139 190 0
139 140 190 0
190 140 191 0
140 141 191 0
191 141 192 0
141 142 192 0
192 142 193 0
142 143 193 0
193 143 194 0
143 144 194 0
194 144 195 0
144 145 195 0
195 145 196 0
145 146 196 0
196 146 197 0
146 147 197 0
197 147 198 0
147 148 198 0
198 148 199 0
148 149 199 0
199 149 200 0
149 150 200 0
200 150 201 0
150 151 201 0
201 151 202 0
151 152 202 0
202 152 203 0
152 153 203 0
203 153 204 0
154 155 205 0
205 155 206 0
155 156 206 0
206 156 207 0
156 157 207 0
207 157 208 0
157 158 208 0
208 158 209 0
158 159 209 0
209 159 210 0
159 160 210 0
210 160 211 0
160 161 211 0
211 161 212 0
161 162 212 0
212 162 213 0
162 163 213 0
213 163 214 0
163 164 214 0
214 164 215 0
164 165 215 0
215 165 216 0
165 166 216 0
216 166 217 0
166 167 217 0
217 167 218 0
167 168 218 0
218 168 219 0
168 169 219 0
219 169 220 0
169 170 220 0
220 170 221 0
170 171 221 0
221 171 222 0
171 172 222 0
222 172 223 0
172 173 223 0
223 173 224 0
173 174 224 0
224 174 225 0
174 175 225 0
225 175 226 0
175 176 226 0
226 176 227 0
176 177 227 0
227 177 228 0
177 178 228 0
228 178 229 0
178 179 229 0
229 179 230 0
179 180 230 0
230 180 231 0
180 181 231 0
231 181 232 0
181 182 232 0
232 182 233 0
182 183 233 0
233 183 234 0
183 184 234 0
234 184 235 0
184 185 235 0
235 185 236 0
185 186 236 0
236 186 237 0
186 187 237 0
237 187 238 0
187 188 238 0
238 188 239 0
188 189 239 0
239 189 240 0
189 190 240 0
240 190 241 0
190 191 241 0
241 191 242 0
191 192 242 0
242 192 243 0
192 193 243 0
243 193 244 0
193 194 244 0
244 194 245 0
194 195 245 0
245 195 246 0
195 196 246 0
246 196 247 0
196 197 247 0
247 197 248 0
197 198 248 0
248 198 249 0
198 199 249 0
249 199 250 0
199 200 250 0
250 200 251 0
200 201 251 0
251 201 252 0
201 202 252 0
252 202 253 0
202 203 253 0
253 203 254 0
203 204 254 0
254 204 255 0
205 206 256 0
256 206 257 0
206 207 257 0
257 207 258 0
207 208 258 0
258 208 259 0
208 209 259 0
259 209 260 0
209 210 260 0
260 210 261 0
210 211 261 0
261 211 262 0
211 212 262 0
262 212 263 0
212 213 263 0
263 213 264 0
213 214 264 0
264 214 265 0
214 215 265 0
265 215 266 0
215 216 266 0
266 216 267 0
216 217 267 0
267 217 268 0
217 218 268 0
268 218 269 0
218 219 269 0
269 219 270 0
219 220 270 0
270 220 271 0
220 221 271 0
271 221 272 0
221 222 272 0
272 222 273 0
222 223 273 0
273 223 274 0
223 224 274 0
274 224 275 0
224 225 275 0
275 225 276 0
225 226 276 0
276 226 277 0
226 227 277 0
277 227 278 0
227 228 278 0
278 228 279 0
228 229 279 0
279 229 280 0
229 230 280 0
280 230 281 0
230 231 281 0
281 231 282 0
231 232 282 0
282 232 283 0
232 233 283 0
283 233 284 0
233 234 284 0
284 234 285 0
234 235 285 0
285 235 286 0
235 236 286 0
286 236 287 0
236 237 287 0
287 237 288 0
237 238 288 0
288 238 289 0
238 239 289 0
289 239 290 0
239 240 290 0
290 240 291 0
240 241 291 0
291 241 292 0
241 242 292 0
292 242 293 0
242 243 293 0
293 243 294 0
243 244 294 0
294 244 295 0
244 245 295 0
295 245 296 0
245 246 296 0
296 246 297 0
246 247 297 0
297 247 298 0
247 248 298 0
298 248 299 0
248 249 299 0
299 249 300 0
249 250 300 0
300 250 301 0
250 251 301 0
301 251 302 0
251 252 302 0
302 252 303 0
252 253 303 0
303 253 304 0
253 254 304 0
304 254 305 0
254 255 305 0
305 255 306 0
256 257 307 0
307 257 308 0
257 258 308 0
308 258 309 0
258 259 309 0
309 259 310 0
259 260 310 0
310 260 311 0
260 261 311 0
311 261 312 0
261 262 312 0
312 262 313 0
262 263 313 0
313 263 314 0
263 264 314 0
314 264 315 0
264 265 315 0
315 265 316 0
265 266 316 0
316 266 317 0
266 267 317 0
317 267 318 0
267 268 318 0
318 268 319 0
268 269 319 0
319 269 320 0
269 270 320 0
320 270 321 0
270 271 321 0
321 271 322 0
271 272 322 0
322 272 323 0
272 273 323 0
323 273 324 0
273 274 324 0
324 274 325 0
274 275 325 0
325 275 326 0
275 276 326 0
326 276 327 0
276 277 327 0
327 277 328 0
277 278 328 0
328 278 329 0
278 279 329 0
329 279 330 0
279 280 330 0
330 280 331 0
280 281 331 0
331 281 332 0
281 282 332 0
332 282 333 0
282 283 333 0
333 283 334 0
283 284 334 0
334 284 335 0
284 285 335 0
335 285 336 0
285 286 336 0
336 286 337 0
286 287 337 0
337 287 338 0
287 288 338 0
338 288 339 0
288 289 339 0
339 289 340 0
289 290 340 0
340 290 341 0
290 291 341 0
341 291 342 0
291 292 342 0
342 292 343 0
292 293 343 0
343 293 344 0
293 294 344 0
344 294 345 0
294 295 345 0
345 295 346 0
295 296 346 0
346 296 347 0
296 297 347 0
347 297 348 0
297 298 348 0
348 298 349 0
298 299 349 0
349 299 350 0
299 300 350 0
350 300 351 0
300 301 351 0
351 301 352 0
301 302 352 0
352 302 353 0
302 303 353 0
353 303 354 0
303 304 354 0
354 304 355 0
304 305 355 0
355 305 356 0
305 306 356 0
356 306 357 0
307 308 358 0
358 308 359 0
308 309 359 0
359 309 360 0
309 310 360 0
360 310 361 0
310 311 361 0
361 311 362 0
311 312 362 0
362 312 363 0
312 313 363 0
363 313 364 0
313 314 364 0
364 314 365 0
314 315 365 0
365 315 366 0
315 316 366 0
366 316 367 0
316 317 367 0
367 317 368 0
317 318 368 0
368 318 369 0
318 319 369 0
369 319 370 0
319 320 370 0
370 320 371 0
320 321 371 0
371 321 372 0
321 322 372 0
372 322 373 0
322 323 373 0
373 323 374 0
323 324 374 0
374 324 375 0
324 325 375 0
375 325 376 0
325 326 376 0
376 326 377 0
326 327 377 0
377 327 378 0
327 328 378 0
378 328 379 0
328 329 379 0
379 329 380 0
329 330 380 0
380 330 381 0
330 331 381 0
381 331 382 0
331 332 382 0
382 332 383 0
332 333 383 0
383 333 384 0
333 334 384 0
384 334 385 0
334 335 385 0
385 335 386 0
335 336 386 0
386 336 387 0
336 337 387 0
387 337 388 0
337 338 388 0
388 338 389 0
338 339 389 0
389 339 390 0
339 340 390 0
390 340 391 0
340 341 391 0
391 341 392 0
341 342 392 0
392 342 393 0
342 343 393 0
393 343 394 0
343 344 394 0
394 344 395 0
344 345 395 0
395 345 396 0
345 346 396 0
396 346 397 0
346 347 397 0
397 347 398 0
347 348 398 0
398 348 399 0
348 349 399 0
399 349 400 0
349 350 400 0
400 350 401 0
350 351 401 0
401 351 402 0
351 352 402 0
402 352 403 0
352 353 403 0
403 353 404 0
353 354 404 0
404 354 405 0
354 355 405 0
405 355 406 0
355 356 406 0
406 356 407 0
356 357 407 0
407 357 408 0
358 359 409 0
409 359 410 0
359 360 410 0
410 360 411 0
360 361 411 0
411 361 412 0
361 362 412 0
412 362 413 0
362 363 413 0
413 363 414 0
363 364 414 0
414 364 415 0
364 365 415 0
415 365 416 0
365 366 416 0
416 366 417 0
366 367 417 0
417 367 418 0
367 368 418 0
418 368 419 0
368 369 419 0
419 369 420 0
369 370 420 0
420 370 421 0
370 371 421 0
421 371 422 0
371 372 422 0
422 372 423 0
372 373 423 0
423 373 424 0
373 374 424 0
424 374 425 0
374 375 425 0
425 375 426 0
375 376 426 0
426 376 427 0
376 377 427 0
427 377 428 0
377 378 428 0
428 378 429 0
378 379 429 0
429 379 430 0
379 380 430 0
430 380 431 0
380 381 431 0
431 381 432 0
381 382 432 0
432 382 433 0
382 383 433 0
433 383 434 0
383 384 434 0
434 384 435 0
384 385 435 0
435 385 436 0
385 386 436 0
436 386 437 0
386 387 437 0
437 387 438 0
387 388 438 0
438 388 439 0
388 389 439 0
439 389 440 0
389 390 440 0
440 390 441 0
390 391 441 0
441 391 442 0
391 392 442 0
442 392 443 0
392 393 443 0
443 393 444 0
393 394 444 0
444 394 445 0
394 395 445 0
445 395 446 0
395 396 446 0
446 396 447 0
396 397 447 0
447 397 448 0
397 398 448 0
448 398 449 0
398 399 449 0
449 399 450 0
399 400 450 0
450 400 451 0
400 401 451 0
451 401 452 0
401 402 452 0
452 402 453 0
402 403 453 0
453 403 454 0
403 404 454 0
454 404 455 0
404 405 455 0
455 405 456 0
405 406 456 0
456 406 457 0
406 407 457 0
457 407 458 0
407 408 458 0
458 408 459 0
409 410 460 0
460 410 461 0
410 411 461 0
461 411 462 0
411 412 462 0
462 412 463 0
412 413 463 0
463 413 464 0
413 414 464 0
464 414 465 0
414 415 465 0
465 415 466 0
415 416 466 0
466 416 467 0
416 417 467 0
467 417 468 0
417 418 468 0
468 418 469 0
418 419 469 0
469 419 470 0
419 420 470 0
470 420 471 0
420 421 471 0
471 421 472 0
421 422 472 0
472 422 473 0
422 423 473 0
473 423 474 0
423 424 474 0
474 424 475 0
424 425 475 0
475 425 476 0
425 426 476 0
476 426 477 0
426 427 477 0
477 427 478 0
427 428 478 0
478 428 479 0
428 429 479 0
479 429 480 0
429 430 480 0
480 430 481 0
430 431 481 0
481 431 482 0
431 432 482 0
482 432 483 0
432 433 483 0
483 433 484 0
433 434 484 0
484 434 485 0
434 435 485 0
485 435 486 0
435 436 486 0
486 436 487 0
436 437 487 0
487 437 488 0
437 438 488 0
488 438 489 0
438 439 489 0
489 439 490 0
439 440 490 0
490 440 491 0
440 441 491 0
491 441 492 0
441 442 492 0
492 442 493 0
442 443 493 0
493 443 494 0
443 444 494 0
494 444 495 0
444 445 495 0
495 445 496 0
445 446 496 0
496 446 497 0
446 447 497 0
497 447 498 0
447 448 498 0
498 448 499 0
448 449 499 0
499 449 500 0
449 450 500 0
500 450 501 0
450 451 501 0
501 451 502 0
451 452 502 0
502 452 503 0
452 453 503 0
503 453 504 0
453 454 504 0
504 454 505 0
454 455 505 0
505 455 506 0
455 456 506 0
506 456 507 0
456 457 507 0
507 457 508 0
457 458 508 0
508 458 509 0
458 459 509 0
509 459 510 0
460 461 511 0
511 461 512 0
461 462 512 0
512 462 513 0
462 463 513 0
513 463 514 0
463 464 514 0
514 464 515 0
464 465 515 0
515 465 516 0
465 466 516 0
516 466 517 0
466 467 517 0
517 467 518 0
467 468 518 0
518 468 519 0
468 469 519 0
519 469 520 0
469 470 520 0
520 470 521 0
470 471 521 0
521 471 522 0
471 472 522 0
522 472 523 0
472 473 523 0
523 473 524 0
473 474 524 0
524 474 525 0
474 475 525 0
525 475 526 0
475 476 526 0
526 476 527 0
476 477 527 0
527 477 528 0
477 478 528 0
528 478 529 0
478 479 529 0
529 479 530 0
479 480 530 0
530 480 531 0
480 481 531 0
531 481 532 0
481 482 532 0
532 482 533 0
482 483 533 0
533 483 534 0
483 484 534 0
534 484 535 0
484 485 535 0
535 485 536 0
485 486 536 0
536 486 537 0
486 487 537 0
537 487 538 0
487 488 538 0
538 488 539 0
488 489 539 0
539 489 540 0
489 490 540 0
540 490 541 0
490 491 541 0
541 491 542 0
491 492 542 0
542 492 543 0
492 493 543 0
543 493 544 0
493 494 544 0
544 494 545 0
494 495 545 0
545 495 546 0
495 496 546 0
546 496 547 0
496 497 547 0
547 497 548 0
497 498 548 0
548 498 549 0
498 499 549 0
549 499 550 0
499 500 550 0
550 500 551 0
500 501 551 0
551 501 552 0
501 502 552 0
552 502 553 0
502 503 553 0
553 503 554 0
503 504 554 0
554 504 555 0
504 505 555 0
555 505 556 0
505 506 556 0
556 506 557 0
506 507 557 0
557 507 558 0
507 508 558 0
558 508 559 0
508 509 559 0
559 509 560 0
509 510 560 0
560 510 561 0
511 512 562 0
562 512 563 0
512 513 563 0
563 513 564 0
513 514 564 0
564 514 565 0
514 515 565 0
565 515 566 0
515 516 566 0
566 516 567 0
516 517 567 0
567 517 568 0
517 518 568 0
568 518 569 0
518 519 569 0
569 519 570 0
519 520 570 0
570 520 571 0
520 521 571 0
571 521 572 0
521 522 572 0
572 522 573 0
522 523 573 0
573 523 574 0
523 524 574 0
574 524 575 0
524 525 575 0
575 525 576 0
525 526 576 0
576 526 577 0
526 527 577 0
577 527 578 0
527 528 578 0
578 528 579 0
528 529 579 0
579 529 580 0
529 530 580 0
580 530 581 0
530 531 581 0
581 531 582 0
531 532 582 0
582 532 583 0
532 533 583 0
583 533 584 0
533 534 584 0
584 534 585 0
534 535 585 0
585 535 586 0
535 536 586 0
586 536 587 0
536 537 587 0
587 537 588 0
537 538 588 0
588 538 589 0
538 539 589 0
589 539 590 0
539 540 590 0
590 540 591 0
540 541 591 0
591 541 592 0
541 542 592 0
592 542 593 0
542 543 593 0
593 543 594 0
543 544 594 0
594 544 595 0
544 545 595 0
595 545 596 0
545 546 596 0
596 546 597 0
546 547 597 0
597 547 598 0
547 548 598 0
598 548 599 0
548 549 599 0
599 549 600 0
549 550 600 0
600 550 601 0
550 551 601 0
601 551 602 0
551 552 602 0
602 552 603 0
552 553 603 0
603 553 604 0
553 554 604 0
604 554 605 0
554 555 605 0
605 555 606 0
555 556 606 0
606 556 607 0
556 557 607 0
607 557 608 0
557 558 608 0
608 558 609 0
558 559 609 0
609 559 610 0
559 560 610 0
610 560 611 0
560 561 611 0
611 561 612 0
562 563 613 0
613 563 614 0
563 564 614 0
614 564 615 0
564 565 615 0
615 565 616 0
565 566 616 0
616 566 617 0
566 567 617 0
617 567 618 0
567 568 618 0
618 568 619 0
568 569 619 0
619 569 620 0
569 570 620 0
620 570 621 0
570 571 621 0
621 571 622 0
571 572 622 0
622 572 623 0
572 573 623 0
623 573 624 0
573 574 624 0
624 574 625 0
574 575 625 0
625 575 626 0
575 576 626 0
626 576 627 0
576 577 627 0
627 577 628 0
577 578 628 0
628 578 629 0
578 579 629 0
629 579 630 0
579 580 630 0
630 580 631 0
580 581 631 0
631 581 632 0
581 582 632 0
632 582 633 0
582 583 633 0
633 583 634 0
583 584 634 0
634 584 635 0
584 585 635 0
635 585 636 0
585 586 636 0
636 586 637 0
586 587 637 0
637 587 638 0
587 588 638 0
638 588 639 0
588 589 639 0
639 589 640 0
589 590 640 0
640 590 641 0
590 591 641 0
641 591 642 0
591 592 642 0
642 592 643 0
592 593 643 0
643 593 644 0
593 594 644 0
644 594 645 0
594 595 645 0
645 595 646 0
595 596 646 0
646 596 647 0
596 597 647 0
647 597 648 0
597 598 648 0
648 598 649 0
598 599 649 0
649 599 650 0
599 600 650 0
650 600 651 0
600 601 651 0
651 601 652 0
601 602 652 0
652 602 653 0
602 603 653 0
653 603 654 0
603 604 654 0
654 604 655 0
604 605 655 0
655 605 656 0
605 606 656 0
656 606 657 0
606 607 657 0
657 607 658 0
607 608 658 0
658 608 659 0
608 609 659 0
659 609 660 0
609 610 660 0
660 610 661 0
610 611 661 0
661 611 662 0
611 612 662 0
662 612 663 0
613 614 664 0
664 614 665 0
614 615 665 0
665 615 666 0
615 616 666 0
666 616 667 0
616 617 667 0
667 617 668 0
617 618 668 0
668 618 669 0
618 619 669 0
669 619 670 0
619 620 670 0
670 620 671 0
620 621 671 0
671 621 672 0
621 622 672 0
672 622 673 0
622 623 673 0
673 623 674 0
623 624 674 0
674 624 675 0
624 625 675 0
675 625 676 0
625 626 676 0
676 626 677 0
626 627 677 0
677 627 678 0
627 628 678 0
678 628 679 0
628 629 679 0
679 629 680 0
629 630 680 0
680 630 681 0
630 631 681 0
681 631 682 0
631 632 682 0
682 632 683 0
632 633 683 0
683 633 684 0
633 634 684 0
684 634 685 0
634 635 685 0
685 635 686 0
635 636 686 0
686 636 687 0
636 637 687 0
687 637 688 0
637 638 688 0
688 638 689 0
638 639 689 0
689 639 690 0
639 640 690 0
690 640 691 0
640 641 691 0
691 641 692 0
641 642 692 0
692 642 693 0
642 643 693 0
693 643 694 0
643 644 694 0
694 644 695 0
644 645 695 0
695 645 696 0
645 646 696 0
696 646 697 0
646 647 697 0
697 647 698 0
647 648 698 0
698 648 699 0
648 649 699 0
699 649 700 0
649 650 700 0
700 650 701 0
650 651 701 0
701 651 702 0
651 652 702 0
702 652 703 0
652 653 703 0
703 653 704 0
653 654 704 0
704 654 705 0
654 655 705 0
705 655 706 0
655 656 706 0
706 656 707 0
656 657 707 0
707 657 708 0
657 658 708 0
708 658 709 0
658 659 709 0
709 659 710 0
659 660 710 0
710 660 711 0
660 661 711 0
711 661 712 0
661 662 712 0
712 662 713 0
662 663 713 0
713 663 714 0
664 665 715 0
715 665 716 0
665 666 716 0
716 666 717 0
666 667 717 0
717 667 718 0
667 668 718 0
718 668 719 0
668 669 719 0
719 669 720 0
669 670 720 0
720 670 721 0
670 671 721 0
721 671 722 0
671 672 722 0
722 672 723 0
672 673 723 0
723 673 724 0
673 674 724 0
724 674 725 0
674 675 725 0
725 675 726 0
675 676 726 0
726 676 727 0
676 677 727 0
727 677 728 0
677 678 728 0
728 678 729 0
678 679 729 0
729 679 730 0
679 680 730 0
730 680 731 0
680 681 731 0
731 681 732 0
681 682 732 0
732 682 733 0
682 683 733 0
733 683 734 0
683 684 734 0
734 684 735 0
684 685 735 0
735 685 736 0
685 686 736 0
736 686 737 0
686 687 737 0
737 687 738 0
687 688 738 0
738 688 739 0
688 689 739 0
739 689 740 0
689 690 740 0
740 690 741 0
690 691 741 0
741 691 742 0
691 692 742 0
742 692 743 0
692 693 743 0
743 693 744 0
693 694 744 0
744 694 745 0
694 695 745 0
745 695 746 0
695 696 746 0
746 696 747 0
696 697 747 0
747 697 748 0
697 698 748 0
748 698 749 0
698 699 749 0
749 699 750 0
699 700 750 0
750 700 751 0
700 701 751 0
751 701 752 0
701 702 752 0
752 702 753 0
702 703 753 0
753 703 754 0
703 704 754 0
754 704 755 0
704 705 755 0
755 705 756 0
705 706 756 0
756 706 757 0
706 707 757 0
757 707 758 0
707 708 758 0
758 708 759 0
708 709 759 0
759 709 760 0
709 710 760 0
760 710 761 0
710 711 761 0
761 711 762 0
711 712 762 0
762 712 763 0
712 713 763 0
763 713 764 0
713 714 764 0
764 714 765 0
715 716 766 0
766 716 767 0
716 717 767 0
767 717 768 0
717 718 768 0
768 718 769 0
718 719 769 0
769 719 770 0
719 720 770 0
770 720 771 0
720 721 771 0
771 721 772 0
721 722 772 0
772 722 773 0
722 723 773 0
773 723 774 0
723 724 774 0
774 724 775 0
724 725 775 0
775 725 776 0
725 726 776 0
776 726 777 0
726 727 777 0
777 727 778 0
727 728 778 0
778 728 779 0
728 729 779 0
779 729 780 0
729 730 780 0
780 730 781 0
730 731 781 0
781 731 782 0
731 732 782 0
782 732 783 0
732 733 783 0
783 733 784 0
733 734 784 0
784 734 785 0
734 735 785 0
785 735 786 0
735 736 786 0
786 736 787 0
736 737 787 0
787 737 788 0
737 738 788 0
788 738 789 0
738 739 789 0
789 739 790 0
739 740 790 0
790 740 791 0
740 741 791 0
791 741 792 0
741 742 792 0
792 742 793 0
742 743 793 0
793 743 794 0
743 744 794 0
794 744 795 0
744 745 795 0
795 745 796 0
745 746 796 0
796 746 797 0
746 747 797 0
797 747 798 0
747 748 798 0
798 748 799 0
748 749 799 0
799 749 800 0
749 750 800 0
800 750 801 0
750 751 801 0
801 751 802 0
751 752 802 0
802 752 803 0
752 753 803 0
803 753 804 0
753 754 804 0
804 754 805 0
754 755 805 0
805 755 806 0
755 756 806 0
806 756 807 0
756 757 807 0
807 757 808 0
757 758 808 0
808 758 809 0
758 759 809 0
809 759 810 0
759 760 810 0
810 760 811 0
760 761 811 0
811 761 812 0
761 762 812 0
812 762 813 0
762 763 813 0
813 763 814 0
763 764 814 0
814 764 815 0
764 765 815 0
815 765 816 0
766 767 817 0
817 767 818 0
767 768 818 0
818 768 819 0
768 769 819 0
819 769 820 0
769 770 820 0
820 770 821 0
770 771 821 0
821 771 822 0
771 772 822 0
822 772 823 0
772 773 823 0
823 773 824 0
773 774 824 0
824 774 825 0
774 775 825 0
825 775 826 0
775 776 826 0
826 776 827 0
776 777 827 0
827 777 828 0
777 778 828 0
828 778 829 0
778 779 829 0
829 779 830 0
779 780 830 0
830 780 831 0
780 781 831 0
831 781 832 0
781 782 832 0
832 782 833 0
782 783 833 0
833 783 834 0
783 784 834 0
834 784 835 0
784 785 835 0
835 785 836 0
785 786 836 0
836 786 837 0
786 787 837 0
837 787 838 0
787 788 838 0
838 788 839 0
788 789 839 0
839 789 840 0
789 790 840 0
840 790 841 0
790 791 841 0
841 791 842 0
791 792 842 0
842 792 843 0
792 793 843 0
843 793 844 0
793 794 844 0
844 794 845 0
794 795 845 0
845 795 846 0
795 796 846 0
846 796 847 0
796 797 847 0
847 797 848 0
797 798 848 0
848 798 849 0
798 799 849 0
849 799 850 0
799 800 850 0
850 800 851 0
800 801 851 0
851 801 852 0
801 802 852 0
852 802 853 0
802 803 853 0
853 803 854 0
803 804 854 0
854 804 855 0
804 805 855 0
855 805 856 0
805 806 856 0
856 806 857 0
806 807 857 0
857 807 858 0
807 808 858 0
858 808 859 0
808 809 859 0
859 809 860 0
809 810 860 0
860 810 861 0
810 811 861 0
861 811 862 0
811 812 862 0
862 812 863 0
812 813 863 0
863 813 864 0
813 814 864 0
864 814 865 0
814 815 865 0
865 815 866 0
815 816 866 0
866 816 867 0
817 818 868 0
868 818 869 0
818 819 869 0
869 819 870 0
819 820 870 0
870 820 871 0
820 821 871 0
871 821 872 0
821 822 872 0
872 822 873 0
822 823 873 0
873 823 874 0
823 824 874 0
874 824 875 0
824 825 875 0
875 825 876 0
825 826 876 0
876 826 877 0
826 827 877 0
877 827 878 0
827 828 878 0
878 828 879 0
828 829 879 0
879 829 880 0
829 830 880 0
880 830 881 0
830 831 881 0
881 831 882 0
831 832 882 0
882 832 883 0
832 833 883 0
883 833 884 0
833 834 884 0
884 834 885 0
834 835 885 0
885 835 886 0
835 836 886 0
886 836 887 0
836 837 887 0
887 837 888 0
837 838 888 0
888 838 889 0
838 839 889 0
889 839 890 0
839 840 890 0
890 840 891 0
840 841 891 0
891 841 892 0
841 842 892 0
892 842 893 0
842 843 893 0
893 843 894 0
843 844 894 0
894 844 895 0
844 845 895 0
895 845 896 0
845 846 896 0
896 846 897 0
846 847 897 0
897 847 898 0
847 848 898 0
898 848 899 0
848 849 899 0
899 849 900 0
849 850 900 0
900 850 901 0
850 851 901 0
901 851 902 0
851 852 902 0
902 852 903 0
852 853 903 0
903 853 904 0
853 854 904 0
904 854 905 0
854 855 905 0
905 855 906 0
855 856 906 0
906 856 907 0
856 857 907 0
907 857 908 0
857 858 908 0
908 858 909 0
858 859 909 0
909 859 910 0
859 860 910 0
910 860 911 0
860 861 911 0
911 861 912 0
861 862 912 0
912 862 913 0
862 863 913 0
913 863 914 0
863 864 914 0
914 864 915 0
864 865 915 0
915 865 916 0
865 866 916 0
916 866 917 0
866 867 917 0
917 867 918 0
868 869 919 0
919 869 920 0
869 870 920 0
920 870 921 0
870 871 921 0
921 871 922 0
871 872 922 0
922 872 923 0
872 873 923 0
923 873 924 0
873 874 924 0
924 874 925 0
874 875 925 0
925 875 926 0
875 876 926 0
926 876 927 0
876 877 927 0
927 877 928 0
877 878 928 0
928 878 929 0
878 879 929 0
929 879 930 0
879 880 930 0
930 880 931 0
880 881 931 0
931 881 932 0
881 882 932 0
932 882 933 0
882 883 933 0
933 883 934 0
883 884 934 0
934 884 935 0
884 885 935 0
935 885 936 0
885 886 936 0
936 886 937 0
886 887 937 0
937 887 938 0
887 888 938 0
938 888 939 0
888 889 939 0
939 889 940 0
889 890 940 0
940 890 941 0
890 891 941 0
941 891 942 0
891 892 942 0
942 892 943 0
892 893 943 0
943 893 944 0
893 894 944 0
944 894 945 0
894 895 945 0
945 895 946 0
895 896 946 0
946 896 947 0
896 897 947 0
947 897 948 0
897 898 948 0
948 898 949 0
898 899 949 0
949 899 950 0
899 900 950 0
950 900 951 0
900 901 951 0
951 901 952 0
901 902 952 0
952 902 953 0
902 903 953 0
953 903 954 0
903 904 954 0
954 904 955 0
904 905 955 0
955 905 956 0
905 906 956 0
956 906 957 0
906 907 957 0
957 907 958 0
907 908 958 0
958 908 959 0
908 909 959 0
959 909 960 0
909 910 960 0
960 910 961 0
910 911 961 0
961 911 962 0
911 912 962 0
962 912 963 0
912 913 963 0
963 913 964 0
913 914 964 0
964 914 965 0
914 915 965 0
965 915 966 0
915 916 966 0
966 916 967 0
916 917 967 0
967 917 968 0
917 918 968 0
968 918 969 0
919 920 970 0
970 920 971 0
920 921 971 0
971 921 972 0
921 922 972 0
972 922 973 0
922 923 973 0
973 923 974 0
923 924 974 0
974 924 975 0
924 925 975 0
975 925 976 0
925 926 976 0
976 926 977 0
926 927 977 0
977 927 978 0
927 928 978 0
978 928 979 0
928 929 979 0
979 929 980 0
929 930 980 0
980 930 981 0
930 931 981 0
981 931 982 0
931 932 982 0
982 932 983 0
932 933 983 0
983 933 984 0
933 934 984 0
984 934 985 0
934 935 985 0
985 935 986 0
935 936 986 0
986 936 987 0
936 937 987 0
987 937 988 0
937 938 988 0
988 938 989 0
938 939 989 0
989 939 990 0
939 940 990 0
990 940 991 0
940 941 991 0
991 941 992 0
941 942 992 0
992 942 993 0
942 943 993 0
993 943 994 0
943 944 994 0
994 944 995 0
944 945 995 0
995 945 996 0
945 946 996 0
996 946 997 0
946 947 997 0
997 947 998 0
947 948 998 0
998 948 999 0
948 949 999 0
999 949 1000 0
949 950 1000 0
1000 950 1001 0
950 951 1001 0
1001 951 1002 0
951 952 1002 0
1002 952 1003 0
952 953 1003 0
1003 953 1004 0
953 954 1004 0
1004 954 1005 0
954 955 1005 0
1005 955 1006 0
955 956 1006 0
1006 956 1007 0
956 957 1007 0
1007 957 1008 0
957 958 1008 0
1008 958 1009 0
958 959 1009 0
1009 959 1010 0
959 960 1010 0
1010 960 1011 0
960 961 1011 0
1011 961 1012 0
961 962 1012 0
1012 962 1013 0
962 963 1013 0
1013 963 1014 0
963 964 1014 0
1014 964 1015 0
964 965 1015 0
1015 965 1016 0
965 966 1016 0
1016 966 1017 0
966 967 1017 0
1017 967 1018 0
967 968 1018 0
1018 968 1019 0
968 969 1019 0
1019 969 1020 0
970 971 1021 0
1021 971 1022 0
971 972 1022 0
1022 972 1023 0
972 973 1023 0
1023 973 1024 0
973 974 1024 0
1024 974 1025 0
974 975 1025 0
1025 975 1026 0
975 976 1026 0
1026 976 1027 0
976 977 1027 0
1027 977 1028 0
977 978 1028 0
1028 978 1029 0
978 979 1029 0
1029 979 1030 0
979 980 1030 0
1030 980 1031 0
980 981 1031 0
1031 981 1032 0
981 982 1032 0
1032 982 1033 0
982 983 1033 0
1033 983 1034 0
983 984 1034 0
1034 984 1035 0
984 985 1035 0
1035 985 1036 0
985 986 1036 0
1036 986 1037 0
986 987 1037 0
1037 987 1038 0
987 988 1038 0
1038 988 1039 0
988 989 1039 0
1039 989 1040 0
989 990 1040 0
1040 990 1041 0
990 991 1041 0
1041 991 1042 0
991 992 1042 0
1042 992 1043 0
992 993 1043 0
1043 993 1044 0
993 994 1044 0
1044 994 1045 0
994 995 1045 0
1045 995 1046 0
995 996 1046 0
1046 996 1047 0
996 997 1047 0
1047 997 1048 0
997 998 1048 0
1048 998 1049 0
998 999 1049 0
1049 999 1050 0
999 1000 1050 0
1050 1000 1051 0
1000 1001 1051 0
1051 1001 1052 0
1001 1002 1052 0
1052 1002 1053 0
1002 1003 1053 0
1053 1003 1054 0
1003 1004 1054 0
1054 1004 1055 0
1004 1005 1055 0
1055 1005 1056 0
1005 1006 1056 0
1056 1006 1057 0
1006 1007 1057 0
1057 1007 1058 0
1007 1008 1058 0
1058 1008 1059 0
1008 1009 1059 0
1059 1009 1060 0
1009 1010 1060 0
1060 1010 1061 0
1010 1011 1061 0
1061 1011 1062 0
1011 1012 1062 0
1062 1012 1063 0
1012 1013 1063 0
1063 1013 1064 0
1013 1014 1064 0
1064 1014 1065 0
1014 1015 1065 0
1065 1015 1066 0
1015 1016 1066 0
1066 1016 1067 0
1016 1017 1067 0
1067 1017 1068 0
1017 1018 1068 0
1068 1018 1069 0
1018 1019 1069 0
1069 1019 1070 0
1019 1020 1070 0
1070 1020 1071 0
1021 1022 1072 0
1072 1022 1073 0
1022 1023 1073 0
1073 1023 1074 0
1023 1024 1074 0
1074 1024 1075 0
1024 1025 1075 0
1075 1025 1076 0
1025 1026 1076 0
1076 1026 1077 0
1026 1027 1077 0
1077 1027 1078 0
1027 1028 1078 0
1078 1028 1079 0
1028 1029 1079 0
1079 1029 1080 0
1029 1030 1080 0
1080 1030 1081 0
1030 1031 1081 0
1081 1031 1082 0
1031 1032 1082 0
1082 1032 1083 0
1032 1033 1083 0
1083 1033 1084 0
1033 1034 1084 0
1084 1034 1085 0
1034 1035 1085 0
1085 1035 1086 0
1035 1036 1086 0
1086 1036 1087 0
1036 1037 1087 0
1087 1037 1088 0
1037 1038 1088 0
1088 1038 1089 0
1038 1039 1089 0
1089 1039 1090 0
1039 1040 1090 0
1090 1040 1091 0
1040 1041 1091 0
1091 1041 1092 0
1041 1042 1092 0
1092 1042 1093 0
1042 1043 1093 0
1093 1043 1094 0
1043 1044 1094 0
1094 1044 1095 0
1044 1045 1095 0
1095 1045 1096 0
1045 1046 1096 0
1096 1046 1097 0
1046 1047 1097 0
1097 1047 1098 0
1047 1048 1098 0
1098 1048 1099 0
1048 1049 1099 0
1099 1049 1100 0
1049 1050 1100 0
1100 1050 1101 0
1050 1051 1101 0
1101 1051 1102 0
1051 1052 1102 0
1102 1052 1103 0
1052 1053 1103 0
1103 1053 1104 0
1053 1054 1104 0
1104 1054 1105 0
1054 1055 1105 0
1105 1055 1106 0
1055 1056 1106 0
1106 1056 1107 0
1056 1057 1107 0
1107 1057 1108 0
1057 1058 1108 0
1108 1058 1109 0
1058 1059 1109 0
1109 1059 1110 0
1059 1060 1110 0
1110 1060 1111 0
1060 1061 1111 0
1111 1061 1112 0
1061 1062 1112 0
1112 1062 1113 0
1062 1063 1113 0
1113 1063 1114 0
1063 1064 1114 0
1114 1064 1115 0
1064 1065 1115 0
1115 1065 1116 0
1065 1066 1116 0
1116 1066 1117 0
1066 1067 1117 0
1117 1067 1118 0
1067 1068 1118 0
1118 1068 1119 0
1068 1069 1119 0
1119 1069 1120 0
1069 1070 1120 0
1120 1070 1121 0
1070 1071 1121 0
1121 1071 1122 0
1072 1073 1123 0
1123 1073 1124 0
1073 1074 1124 0
1124 1074 1125 0
1074 1075 1125 0
1125 1075 1126 0
1075 1076 1126 0
1126 1076 1127 0
1076 1077 1127 0
1127 1077 1128 0
1077 1078 1128 0
1128 1078 1129 0
1078 1079 1129 0
1129 1079 1130 0
1079 1080 1130 0
1130 1080 1131 0
1080 1081 1131 0
1131 1081 1132 0
1081 1082 1132 0
1132 1082 1133 0
1082 1083 1133 0
1133 1083 1134 0
1083 1084 1134 0
1134 1084 1135 0
1084 1085 1135 0
1135 1085 1136 0
1085 1086 1136 0
1136 1086 1137 0
1086 1087 1137 0
1137 1087 1138 0
1087 1088 1138 0
1138 1088 1139 0
1088 1089 1139 0
1139 1089 1140 0
1089 1090 1140 0
1140 1090 1141 0
1090 1091 1141 0
1141 1091 1142 0
1091 1092 1142 0
1142 1092 1143 0
1092 1093 1143 0
1143 1093 1144 0
1093 1094 1144 0
1144 1094 1145 0
1094 1095 1145 0
1145 1095 1146 0
1095 1096 1146 0
1146 1096 1147 0
1096 1097 1147 0
1147 1097 1148 0
1097 1098 1148 0
1148 1098 1149 0
1098 1099 1149 0
1149 1099 1150 0
1099 1100 1150 0
1150 1100 1151 0
1100 1101 1151 0
1151 1101 1152 0
1101 1102 1152 0
1152 1102 1153 0
1102 1103 1153 0
1153 1103 1154 0
1103 1104 1154 0
1154 1104 1155 0
1104 1105 1155 0
1155 1105 1156 0
1105 1106 1156 0
1156 1106 1157 0
1106 1107 1157 0
1157 1107 1158 0
1107 1108 1158 0
1158 1108 1159 0
1108 1109 1159 0
1159 1109 1160 0
1109 1110 1160 0
1160 1110 1161 0
1110 1111 1161 0
1161 1111 1162 0
1111 1112 1162 0
1162 1112 1163 0
1112 1113 1163 0
1163 1113 1164 0
1113 1114 1164 0
1164 1114 1165 0
1114 1115 1165 0
1165 1115 1166 0
1115 1116 1166 0
1166 1116 1167 0
1116 1117 1167 0
1167 1117 1168 0
1117 1118 1168 0
1168 1118 1169 0
1118 1119 1169 0
1169 1119 1170 0
1119 1120 1170 0
1170 1120 1171 0
1120 1121 1171 0
1171 1121 1172 0
1121 1122 1172 0
1172 1122 1173 0
1123 1124 1174 0
1174 1124 1175 0
1124 1125 1175 0
1175 1125 1176 0
1125 1126 1176 0
1176 1126 1177 0
1126 1127 1177 0
1177 1127 1178 0
1127 1128 1178 0
1178 1128 1179 0
1128 1129 1179 0
1179 1129 1180 0
1129 1130 1180 0
1180 1130 1181 0
1130 1131 1181 0
1181 1131 1182 0
1131 1132 1182 0
1182 1132 1183 0
1132 1133 1183 0
1183 1133 1184 0
1133 1134 1184 0
1184 1134 1185 0
1134 1135 1185 0
1185 1135 1186 0
1135 1136 1186 0
1186 1136 1187 0
1136 1137 1187 0
1187 1137 1188 0
1137 1138 1188 0
1188 1138 1189 0
1138 1139 1189 0
1189 1139 1190 0
1139 1140 1190 0
1190 1140 1191 0
1140 1141 1191 0
1191 1141 1192 0
1141 1142 1192 0
1192 1142 1193 0
1142 1143 1193 0
1193 1143 1194 0
1143 1144 1194 0
1194 1144 1195 0
1144 1145 1195 0
1195 1145 1196 0
1145 1146 1196 0
1196 1146 1197 0
1146 1147 1197 0
1197 1147 1198 0
1147 1148 1198 0
1198 1148 1199 0
1148 1149 1199 0
1199 1149 1200 0
1149 1150 1200 0
1200 1150 1201 0
1150 1151 1201 0
1201 1151 1202 0
1151 1152 1202 0
1202 1152 1203 0
1152 1153 1203 0
1203 1153 1204 0
1153 1154 1204 0
1204 1154 1205 0
1154 1155 1205 0
1205 1155 1206 0
1155 1156 1206 0
1206 1156 1207 0
1156 1157 1207 0
1207 1157 1208 0
1157 1158 1208 0
1208 1158 1209 0
1158 1159 1209 0
1209 1159 1210 0
1159 1160 1210 0
1210 1160 1211 0
1160 1161 1211 0
1211 1161 1212 0
1161 1162 1212 0
1212 1162 1213 0
1162 1163 1213 0
1213 1163 1214 0
1163 1164 1214 0
1214 1164 1215 0
1164 1165 1215 0
1215 1165 1216 0
1165 1166 1216 0
1216 1166 1217 0
1166 1167 1217 0
1217 1167 1218 0
1167 1168 1218 0
1218 1168 1219 0
1168 1169 1219 0
1219 1169 1220 0
1169 1170 1220 0
1220 1170 1221 0
1170 1171 1221 0
1221 1171 1222 0
1171 1172 1222 0
1222 1172 1223 0
1172 1173 1223 0
1223 1173 1224 0
1174 1175 1225 0
1225 1175 1226 0
1175 1176 1226 0
1226 1176 1227 0
1176 1177 1227 0
1227 1177 1228 0
1177 1178 1228 0
1228 1178 1229 0
1178 1179 1229 0
1229 1179 1230 0
1179 1180 1230 0
1230 1180 1231 0
1180 1181 1231 0
1231 1181 1232 0
1181 1182 1232 0
1232 1182 1233 0
1182 1183 1233 0
1233 1183 1234 0
1183 1184 1234 0
1234 1184 1235 0
1184 1185 1235 0
1235 1185 1236 0
1185 1186 1236 0
1236 1186 1237 0
1186 1187 1237 0
1237 1187 1238 0
1187 1188 1238 0
1238 1188 1239 0
1188 1189 1239 0
1239 1189 1240 0
1189 1190 1240 0
1240 1190 1241 0
1190 1191 1241 0
1241 1191 1242 0
1191 1192 1242 0
1242 1192 1243 0
1192 1193 1243 0
1243 1193 1244 0
1193 1194 1244 0
1244 1194 1245 0
1194 1195 1245 0
1245 1195 1246 0
1195 1196 1246 0
1246 1196 1247 0
1196 1197 1247 0
1247 1197 1248 0
1197 1198 1248 0
1248 1198 1249 0
1198 1199 1249 0
1249 1199 1250 0
1199 1200 1250 0
1250 1200 1251 0
1200 1201 1251 0
1251 1201 1252 0
1201 1202 1252 0
1252 1202 1253 0
1202 1203 1253 0
1253 1203 1254 0
1203 1204 1254 0
1254 1204 1255 0
1204 1205 1255 0
1255 1205 1256 0
1205 1206 1256 0
1256 1206 1257 0
1206 1207 1257 0
1257 1207 1258 0
1207 1208 1258 0
1258 1208 1259 0
1208 1209 1259 0
1259 1209 1260 0
1209 1210 1260 0
1260 1210 1261 0
1210 1211 1261 0
1261 1211 1262 0
1211 1212 1262 0
1262 1212 1263 0
1212 1213 1263 0
1263 1213 1264 0
1213 1214 1264 0
1264 1214 1265 0
1214 1215 1265 0
1265 1215 1266 0
1215 1216 1266 0
1266 1216 1267 0
1216 1217 1267 0
1267 1217 1268 0
1217 1218 1268 0
1268 1218 1269 0
1218 1219 1269 0
1269 1219 1270 0
1219 1220 1270 0
1270 1220 1271 0
1220 1221 1271 0
1271 1221 1272 0
1221 1222 1272 0
1272 1222 1273 0
1222 1223 1273 0
1273 1223 1274 0
1223 1224 1274 0
1274 1224 1275 0
1225 1226 1276 0
1276 1226 1277 0
1226 1227 1277 0
1277 1227 1278 0
1227 1228 1278 0
1278 1228 1279 0
1228 1229 1279 0
1279 1229 1280 0
1229 1230 1280 0
1280 1230 1281 0
1230 1231 1281 0
1281 1231 1282 0
1231 1232 1282 0
1282 1232 1283 0
1232 1233 1283 0
1283 1233 1284 0
1233 1234 1284 0
1284 1234 1285 0
1234 1235 1285 0
1285 1235 1286 0
1235 1236 1286 0
1286 1236 1287 0
1236 1237 1287 0
1287 1237 1288 0
1237 1238 1288 0
1288 1238 1289 0
1238 1239 1289 0
1289 1239 1290 0
1239 1240 1290 0
1290 1240 1291 0
1240 1241 1291 0
1291 1241 1292 0
1241 1242 1292 0
1292 1242 1293 0
1242 1243 1293 0
1293 1243 1294 0
1243 1244 1294 0
1294 1244 1295 0
1244 1245 1295 0
1295 1245 1296 0
1245 1246 1296 0
1296 1246 1297 0
1246 1247 1297 0
1297 1247 1298 0
1247 1248 1298 0
1298 1248 1299 0
1248 1249 1299 0
1299 1249 1300 0
1249 1250 1300 0
1300 1250 1301 0
1250 1251 1301 0
1301 1251 1302 0
1251 1252 1302 0
1302 1252 1303 0
1252 1253 1303 0
1303 1253 1304 0
1253 1254 1304 0
1304 1254 1305 0
1254 1255 1305 0
1305 1255 1306 0
1255 1256 1306 0
1306 1256 1307 0
1256 1257 1307 0
1307 1257 1308 0
1257 1258 1308 0
1308 1258 1309 0
1258 1259 1309 0
1309 1259 1310 0
1259 1260 1310 0
1310 1260 1311 0
1260 1261 1311 0
1311 1261 1312 0
1261 1262 1312 0
1312 1262 1313 0
1262 1263 1313 0
1313 1263 1314 0
1263 1264 1314 0
1314 1264 1315 0
1264 1265 1315 0
1315 1265 1316 0
1265 1266 1316 0
1316 1266 1317 0
1266 1267 1317 0
1317 1267 1318 0
1267 1268 1318 0
1318 1268 1319 0
1268 1269 1319 0
1319 1269 1320 0
1269 1270 1320 0
1320 1270 1321 0
1270 1271 1321 0
1321 1271 1322 0
1271 1272 1322 0
1322 1272 1323 0
1272 1273 1323 0
1323 1273 1324 0
1273 1274 1324 0
1324 1274 1325 0
1274 1275 1325 0
1325 1275 1326 0
1276 1277 1327 0
1327 1277 1328 0
1277 1278 1328 0
1328 1278 1329 0
1278 1279 1329 0
1329 1279 1330 0
1279 1280 1330 0
1330 1280 1331 0
1280 1281 1331 0
1331 1281 1332 0
1281 1282 1332 0
1332 1282 1333 0
1282 1283 1333 0
1333 1283 1334 0
1283 1284 1334 0
1334 1284 1335 0
1284 1285 1335 0
1335 1285 1336 0
1285 1286 1336 0
1336 1286 1337 0
1286 1287 1337 0
1337 1287 1338 0
1287 1288 1338 0
1338 1288 1339 0
1288 1289 1339 0
1339 1289 1340 0
1289 1290 1340 0
1340 1290 1341 0
1290 1291 1341 0
1341 1291 1342 0
1291 1292 1342 0
1342 1292 1343 0
1292 1293 1343 0
1343 1293 1344 0
1293 1294 1344 0
1344 1294 1345 0
1294 1295 1345 0
1345 1295 1346 0
1295 1296 1346 0
1346 1296 1347 0
1296 1297 1347 0
1347 1297 1348 0
1297 1298 1348 0
1348 1298 1349 0
1298 1299 1349 0
1349 1299 1350 0
1299 1300 1350 0
1350 1300 1351 0
1300 1301 1351 0
1351 1301 1352 0
1301 1302 1352 0
1352 1302 1353 0
1302 1303 1353 0
1353 1303 1354 0
1303 1304 1354 0
1354 1304 1355 0
1304 1305 1355 0
1355 1305 1356 0
1305 1306 1356 0
1356 1306 1357 0
1306 1307 1357 0
1357 1307 1358 0
1307 1308 1358 0
1358 1308 1359 0
1308 1309 1359 0
1359 1309 1360 0
1309 1310 1360 0
1360 1310 1361 0
1310 1311 1361 0
1361 1311 1362 0
1311 1312 1362 0
1362 1312 1363 0
1312 1313 1363 0
1363 1313 1364 0
1313 1314 1364 0
1364 1314 1365 0
1314 1315 1365 0
1365 1315 1366 0
1315 1316 1366 0
1366 1316 1367 0
1316 1317 1367 0
1367 1317 1368 0
1317 1318 1368 0
1368 1318 1369 0
1318 1319 1369 0
1369 1319 1370 0
1319 1320 1370 0
1370 1320 1371 0
1320 1321 1371 0
1371 1321 1372 0
1321 1322 1372 0
1372 1322 1373 0
1322 1323 1373 0
1373 1323 1374 0
1323 1324 1374 0
1374 1324 1375 0
1324 1325 1375 0
1375 1325 1376 0
1325 1326 1376 0
1376 1326 1377 0
1327 1328 1378 0
1378 1328 1379 0
1328 1329 1379 0
1379 1329 1380 0
1329 1330 1380 0
1380 1330 1381 0
1330 1331 1381 0
1381 1331 1382 0
1331 1332 1382 0
1382 1332 1383 0
1332 1333 1383 0
1383 1333 1384 0
1333 1334 1384 0
1384 1334 1385 0
1334 1335 1385 0
1385 1335 1386 0
1335 1336 1386 0
1386 1336 1387 0
1336 1337 1387 0
1387 1337 1388 0
1337 1338 1388 0
1388 1338 1389 0
1338 1339 1389 0
1389 1339 1390 0
1339 1340 1390 0
1390 1340 1391 0
1340 1341 1391 0
1391 1341 1392 0
1341 1342 1392 0
1392 1342 1393 0
1342 1343 1393 0
1393 1343 1394 0
1343 1344 1394 0
1394 1344 1395 0
1344 1345 1395 0
1395 1345 1396 0
1345 1346 1396 0
1396 1346 1397 0
1346 1347 1397 0
1397 1347 1398 0
1347 1348 1398 0
1398 1348 1399 0
1348 1349 1399 0
1399 1349 1400 0
1349 1350 1400 0
1400 1350 1401 0
1350 1351 1401 0
1401 1351 1402 0
1351 1352 1402 0
1402 1352 1403 0
1352 1353 1403 0
1403 1353 1404 0
1353 1354 1404 0
1404 1354 1405 0
1354 1355 1405 0
1405 1355 1406 0
1355 1356 1406 0
1406 1356 1407 0
1356 1357 1407 0
1407 1357 1408 0
1357 1358 1408 0
1408 1358 1409 0
1358 1359 1409 0
1409 1359 1410 0
1359 1360 1410 0
1410 1360 1411 0
1360 1361 1411 0
1411 1361 1412 0
1361 1362 1412 0
1412 1362 1413 0
1362 1363 1413 0
1413 1363 1414 0
1363 1364 1414 0
1414 1364 1415 0
1364 1365 1415 0
1415 1365 1416 0
1365 1366 1416 0
1416 1366 1417 0
1366 1367 1417 0
1417 1367 1418 0
1367 1368 1418 0
1418 1368 1419 0
1368 1369 1419 0
1419 1369 1420 0
1369 1370 1420 0
1420 1370 1421 0
1370 1371 1421 0
1421 1371 1422 0
1371 1372 1422 0
1422 1372 1423 0
1372 1373 1423 0
1423 1373 1424 0
1373 1374 1424 0
1424 1374 1425 0
1374 1375 1425 0
1425 1375 1426 0
1375 1376 1426 0
1426 1376 1427 0
1376 1377 1427 0
1427 1377 1428 0
1378 1379 1429 0
1429 1379 1430 0
1379 1380 1430 0
1430 1380 1431 0
1380 1381 1431 0
1431 1381 1432 0
1381 1382 1432 0
1432 1382 1433 0
1382 1383 1433 0
1433 1383 1434 0
1383 1384 1434 0
1434 1384 1435 0
1384 1385 1435 0
1435 1385 1436 0
1385 1386 1436 0
1436 1386 1437 0
1386 1387 1437 0
1437 1387 1438 0
1387 1388 1438 0
1438 1388 1439 0
1388 1389 1439 0
1439 1389 1440 0
1389 1390 1440 0
1440 1390 1441 0
1390 1391 1441 0
1441 1391 1442 0
1391 1392 1442 0
1442 1392 1443 0
1392 1393 1443 0
1443 1393 1444 0
1393 1394 1444 0
1444 1394 1445 0
1394 1395 1445 0
1445 1395 1446 0
1395 1396 1446 0
1446 1396 1447 0
1396 1397 1447 0
1447 1397 1448 0
1397 1398 1448 0
1448 1398 1449 0
1398 1399 1449 0
1449 1399 1450 0
1399 1400 1450 0
1450 1400 1451 0
1400 1401 1451 0
1451 1401 1452 0
1401 1402 1452 0
1452 1402 1453 0
1402 1403 1453 0
1453 1403 1454 0
1403 1404 1454 0
1454 1404 1455 0
1404 1405 1455 0
1455 1405 1456 0
1405 1406 1456 0
1456 1406 1457 0
1406 1407 1457 0
1457 1407 1458 0
1407 1408 1458 0
1458 1408 1459 0
1408 1409 1459 0
1459 1409 1460 0
1409 1410 1460 0
1460 1410 1461 0
1410 1411 1461 0
1461 1411 1462 0
1411 1412 1462 0
1462 1412 1463 0
1412 1413 1463 0
1463 1413 1464 0
1413 1414 1464 0
1464 1414 1465 0
1414 1415 1465 0
1465 1415 1466 0
1415 1416 1466 0
1466 1416 1467 0
1416 1417 1467 0
1467 1417 1468 0
1417 1418 1468 0
1468 1418 1469 0
1418 1419 1469 0
1469 1419 1470 0
1419 1420 1470 0
1470 1420 1471 0
1420 1421 1471 0
1471 1421 1472 0
1421 1422 1472 0
1472 1422 1473 0
1422 1423 1473 0
1473 1423 1474 0
1423 1424 1474 0
1474 1424 1475 0
1424 1425 1475 0
1475 1425 1476 0
1425 1426 1476 0
1476 1426 1477 0
1426 1427 1477 0
1477 1427 1478 0
1427 1428 1478 0
1478 1428 1479 0
1429 1430 1480 0
1480 1430 1481 0
1430 1431 1481 0
1481 1431 1482 0
1431 1432 1482 0
1482 1432 1483 0
1432 1433 1483 0
1483 1433 1484 0
1433 1434 1484 0
1484 1434 1485 0
1434 1435 1485 0
1485 1435 1486 0
1435 1436 1486 0
1486 1436 1487 0
1436 1437 1487 0
1487 1437 1488 0
1437 1438 1488 0
1488 1438 1489 0
1438 1439 1489 0
1489 1439 1490 0
1439 1440 1490 0
1490 1440 1491 0
1440 1441 1491 0
1491 1441 1492 0
1441 1442 1492 0
1492 1442 1493 0
1442 1443 1493 0
1493 1443 1494 0
1443 1444 1494 0
1494 1444 1495 0
1444 1445 1495 0
1495 1445 1496 0
1445 1446 1496 0
1496 1446 1497 0
1446 1447 1497 0
1497 1447 1498 0
1447 1448 1498 0
1498 1448 1499 0
1448 1449 1499 0
1499 1449 1500 0
1449 1450 1500 0
1500 1450 1501 0
1450 1451 1501 0
1501 1451 1502 0
1451 1452 1502 0
1502 1452 1503 0
1452 1453 1503 0
1503 1453 1504 0
1453 1454 1504 0
1504 1454 1505 0
1454 1455 1505 0
1505 1455 1506 0
1455 1456 1506 0
1506 1456 1507 0
1456 1457 1507 0
1507 1457 1508 0
1457 1458 1508 0
1508 1458 1509 0
1458 1459 1509 0
1509 1459 1510 0
1459 1460 1510 0
1510 1460 1511 0
1460 1461 1511 0
1511 1461 1512 0
1461 1462 1512 0
1512 1462 1513 0
1462 1463 1513 0
1513 1463 1514 0
1463 1464 1514 0
1514 1464 1515 0
1464 1465 1515 0
1515 1465 1516 0
1465 1466 1516 0
1516 1466 1517 0
1466 1467 1517 0
1517 1467 1518 0
1467 1468 1518 0
1518 1468 1519 0
1468 1469 1519 0
1519 1469 1520 0
1469 1470 1520 0
1520 1470 1521 0
1470 1471 1521 0
1521 1471 1522 0
1471 1472 1522 0
1522 1472 1523 0
1472 1473 1523 0
1523 1473 1524 0
1473 1474 1524 0
1524 1474 1525 0
1474 1475 1525 0
1525 1475 1526 0
1475 1476 1526 0
1526 1476 1527 0
1476 1477 1527 0
1527 1477 1528 0
1477 1478 1528 0
1528 1478 1529 0
1478 1479 1529 0
1529 1479 1530 0
1480 1481 1531 0
1531 1481 1532 0
1481 1482 1532 0
1532 1482 1533 0
1482 1483 1533 0
1533 1483 1534 0
1483 1484 1534 0
1534 1484 1535 0
1484 1485 1535 0
1535 1485 1536 0
1485 1486 1536 0
1536 1486 1537 0
1486 1487 1537 0
1537 1487 1538 0
1487 1488 1538 0
1538 1488 1539 0
1488 1489 1539 0
1539 1489 1540 0
1489 1490 1540 0
1540 1490 1541 0
1490 1491 1541 0
1541 1491 1542 0
1491 1492 1542 0
1542 1492 1543 0
1492 1493 1543 0
1543 1493 1544 0
1493 1494 1544 0
1544 1494 1545 0
1494 1495 1545 0
1545 1495 1546 0
1495 1496 1546 0
1546 1496 1547 0
1496 1497 1547 0
1547 1497 1548 0
1497 1498 1548 0
1548 1498 1549 0
1498 1499 1549 0
1549 1499 1550 0
1499 1500 1550 0
1550 1500 1551 0
1500 1501 1551 0
1551 1501 1552 0
1501 1502 1552 0
1552 1502 1553 0
1502 1503 1553 0
1553 1503 1554 0
1503 1504 1554 0
1554 1504 1555 0
1504 1505 1555 0
1555 1505 1556 0
1505 1506 1556 0
1556 1506 1557 0
1506 1507 1557 0
1557 1507 1558 0
1507 1508 1558 0
1558 1508 1559 0
1508 1509 1559 0
1559 1509 1560 0
1509 1510 1560 0
1560 1510 1561 0
1510 1511 1561 0
1561 1511 1562 0
1511 1512 1562 0
1562 1512 1563 0
1512 1513 1563 0
1563 1513 1564 0
1513 1514 1564 0
1564 1514 1565 0
1514 1515 1565 0
1565 1515 1566 0
1515 1516 1566 0
1566 1516 1567 0
1516 1517 1567 0
1567 1517 1568 0
1517 1518 1568 0
1568 1518 1569 0
1518 1519 1569 0
1569 1519 1570 0
1519 1520 1570 0
1570 1520 1571 0
1520 1521 1571 0
1571 1521 1572 0
1521 1522 1572 0
1572 1522 1573 0
1522 1523 1573 0
1573 1523 1574 0
1523 1524 1574 0
1574 1524 1575 0
1524 1525 1575 0
1575 1525 1576 0
1525 1526 1576 0
1576 1526 1577 0
1526 1527 1577 0
1577 1527 1578 0
1527 1528 1578 0
1578 1528 1579 0
1528 1529 1579 0
1579 1529 1580 0
1529 1530 1580 0
1580 1530 1581 0
1531 1532 1582 0
1582 1532 1583 0
1532 1533 1583 0
1583 1533 1584 0
1533 1534 1584 0
1584 1534 1585 0
1534 1535 1585 0
1585 1535 1586 0
1535 1536 1586 0
1586 1536 1587 0
1536 1537 1587 0
1587 1537 1588 0
1537 1538 1588 0
1588 1538 1589 0
1538 1539 1589 0
1589 1539 1590 0
1539 1540 1590 0
1590 1540 1591 0
1540 1541 1591 0
1591 1541 1592 0
1541 1542 1592 0
1592 1542 1593 0
1542 1543 1593 0
1593 1543 1594 0
1543 1544 1594 0
1594 1544 1595 0
1544 1545 1595 0
1595 1545 1596 0
1545 1546 1596 0
1596 1546 1597 0
1546 1547 1597 0
1597 1547 1598 0
1547 1548 1598 0
1598 1548 1599 0
1548 1549 1599 0
1599 1549 1600 0
1549 1550 1600 0
1600 1550 1601 0
1550 1551 1601 0
1601 1551 1602 0
1551 1552 1602 0
1602 1552 1603 0
1552 1553 1603 0
1603 1553 1604 0
1553 1554 1604 0
1604 1554 1605 0
1554 1555 1605 0
1605 1555 1606 0
1555 1556 1606 0
1606 1556 1607 0
1556 1557 1607 0
1607 1557 1608 0
1557 1558 1608 0
1608 1558 1609 0
1558 1559 1609 0
1609 1559 1610 0
1559 1560 1610 0
1610 1560 1611 0
1560 1561 1611 0
1611 1561 1612 0
1561 1562 1612 0
1612 1562 1613 0
1562 1563 1613 0
1613 1563 1614 0
1563 1564 1614 0
1614 1564 1615 0
1564 1565 1615 0
1615 1565 1616 0
1565 1566 1616 0
1616 1566 1617 0
1566 1567 1617 0
1617 1567 1618 0
1567 1568 1618 0
1618 1568 1619 0
1568 1569 1619 0
1619 1569 1620 0
1569 1570 1620 0
1620 1570 1621 0
1570 1571 1621 0
1621 1571 1622 0
1571 1572 1622 0
1622 1572 1623 0
1572 1573 1623 0
1623 1573 1624 0
1573 1574 1624 0
1624 1574 1625 0
1574 1575 1625 0
1625 1575 1626 0
1575 1576 1626 0
1626 1576 1627 0
1576 1577 1627 0
1627 1577 1628 0
1577 1578 1628 0
1628 1578 1629 0
1578 1579 1629 0
1629 1579 1630 0
1579 1580 1630 0
1630 1580 1631 0
1580 1581 1631 0
1631 1581 1632 0
1582 1583 1633 0
1633 1583 1634 0
1583 1584 1634 0
1634 1584 1635 0
1584 1585 1635 0
1635 1585 1636 0
1585 1586 1636 0
1636 1586 1637 0
1586 1587 1637 0
1637 1587 1638 0
1587 1588 1638 0
1638 1588 1639 0
1588 1589 1639 0
1639 1589 1640 0
1589 1590 1640 0
1640 1590 1641 0
1590 1591 1641 0
1641 1591 1642 0
1591 1592 1642 0
1642 1592 1643 0
1592 1593 1643 0
1643 1593 1644 0
1593 1594 1644 0
1644 1594 1645 0
1594 1595 1645 0
1645 1595 1646 0
1595 1596 1646 0
1646 1596 1647 0
1596 1597 1647 0
1647 1597 1648 0
1597 1598 1648 0
1648 1598 1649 0
1598 1599 1649 0
1649 1599 1650 0
1599 1600 1650 0
1650 1600 1651 0
1600 1601 1651 0
1651 1601 1652 0
1601 1602 1652 0
1652 1602 1653 0
1602 1603 1653 0
1653 1603 1654 0
1603 1604 1654 0
1654 1604 1655 0
1604 1605 1655 0
1655 1605 1656 0
1605 1606 1656 0
1656 1606 1657 0
1606 1607 1657 0
1657 1607 1658 0
1607 1608 1658 0
1658 1608 1659 0
1608 1609 1659 0
1659 1609 1660 0
1609 1610 1660 0
1660 1610 1661 0
1610 1611 1661 0
1661 1611 1662 0
1611 1612 1662 0
1662 1612 1663 0
1612 1613 1663 0
1663 1613 1664 0
1613 1614 1664 0
1664 1614 1665 0
1614 1615 1665 0
1665 1615 1666 0
1615 1616 1666 0
1666 1616 1667 0
1616 1617 1667 0
1667 1617 1668 0
1617 1618 1668 0
1668 1618 1669 0
1618 1619 1669 0
1669 1619 1670 0
1619 1620 1670 0
1670 1620 1671 0
1620 1621 1671 0
1671 1621 1672 0
1621 1622 1672 0
1672 1622 1673 0
1622 1623 1673 0
1673 1623 1674 0
1623 1624 1674 0
1674 1624 1675 0
1624 1625 1675 0
1675 1625 1676 0
1625 1626 1676 0
1676 1626 1677 0
1626 1627 1677 0
1677 1627 1678 0
1627 1628 1678 0
1678 1628 1679 0
1628 1629 1679 0
1679 1629 1680 0
1629 1630 1680 0
1680 1630 1681 0
1630 1631 1681 0
1681 1631 1682 0
1631 1632 1682 0
1682 1632 1683 0
1633 1634 1684 0
1684 1634 1685 0
1634 1635 1685 0
1685 1635 1686 0
1635 1636 1686 0
1686 1636 1687 0
1636 1637 1687 0
1687 1637 1688 0
1637 1638 1688 0
1688 1638 1689 0
1638 1639 1689 0
1689 1639 1690 0
1639 1640 1690 0
1690 1640 1691 0
1640 1641 1691 0
1691 1641 1692 0
1641 1642 1692 0
1692 1642 1693 0
1642 1643 1693 0
1693 1643 1694 0
1643 1644 1694 0
1694 1644 1695 0
1644 1645 1695 0
1695 1645 1696 0
1645 1646 1696 0
1696 1646 1697 0
1646 1647 1697 0
1697 1647 1698 0
1647 1648 1698 0
1698 1648 1699 0
1648 1649 1699 0
1699 1649 1700 0
1649 1650 1700 0
1700 1650 1701 0
1650 1651 1701 0
1701 1651 1702 0
1651 1652 1702 0
1702 1652 1703 0
1652 1653 1703 0
1703 1653 1704 0
1653 1654 1704 0
1704 1654 1705 0
1654 1655 1705 0
1705 1655 1706 0
1655 1656 1706 0
1706 1656 1707 0
1656 1657 1707 0
1707 1657 1708 0
1657 1658 1708 0
1708 1658 1709 0
1658 1659 1709 0
1709 1659 1710 0
1659 1660 1710 0
1710 1660 1711 0
1660 1661 1711 0
1711 1661 1712 0
1661 1662 1712 0
1712 1662 1713 0
1662 1663 1713 0
1713 1663 1714 0
1663 1664 1714 0
1714 1664 1715 0
1664 1665 1715 0
1715 1665 1716 0
1665 1666 1716 0
1716 1666 1717 0
1666 1667 1717 0
1717 1667 1718 0
1667 1668 1718 0
1718 1668 1719 0
1668 1669 1719 0
1719 1669 1720 0
1669 1670 1720 0
1720 1670 1721 0
1670 1671 1721 0
1721 1671 1722 0
1671 1672 1722 0
1722 1672 1723 0
1672 1673 1723 0
1723 1673 1724 0
1673 1674 1724 0
1724 1674 1725 0
1674 1675 1725 0
1725 1675 1726 0
1675 1676 1726 0
1726 1676 1727 0
1676 1677 1727 0
1727 1677 1728 0
1677 1678 1728 0
1728 1678 1729 0
1678 1679 1729 0
1729 1679 1730 0
1679 1680 1730 0
1730 1680 1731 0
1680 1681 1731 0
1731 1681 1732 0
1681 1682 1732 0
1732 1682 1733 0
1682 1683 1733 0
1733 1683 1734 0
1684 1685 1735 0
1735 1685 1736 0
1685 1686 1736 0
1736 1686 1737 0
1686 1687 1737 0
1737 1687 1738 0
1687 1688 1738 0
1738 1688 1739 0
1688 1689 1739 0
1739 1689 1740 0
1689 1690 1740 0
1740 1690 1741 0
1690 1691 1741 0
1741 1691 1742 0
1691 1692 1742 0
1742 1692 1743 0
1692 1693 1743 0
1743 1693 1744 0
1693 1694 1744 0
1744 1694 1745 0
1694 1695 1745 0
1745 1695 1746 0
1695 1696 1746 0
1746 1696 1747 0
1696 1697 1747 0
1747 1697 1748 0
1697 1698 1748 0
1748 1698 1749 0
1698 1699 1749 0
1749 1699 1750 0
1699 1700 1750 0
1750 1700 1751 0
1700 1701 1751 0
1751 1701 1752 0
1701 1702 1752 0
1752 1702 1753 0
1702 1703 1753 0
1753 1703 1754 0
1703 1704 1754 0
1754 1704 1755 0
1704 1705 1755 0
1755 1705 1756 0
1705 1706 1756 0
1756 1706 1757 0
1706 1707 1757 0
1757 1707 1758 0
1707 1708 1758 0
1758 1708 1759 0
1708 1709 1759 0
1759 1709 1760 0
1709 1710 1760 0
1760 1710 1761 0
1710 1711 1761 0
1761 1711 1762 0
1711 1712 1762 0
1762 1712 1763 0
1712 1713 1763 0
1763 1713 1764 0
1713 1714 1764 0
1764 1714 1765 0
1714 1715 1765 0
1765 1715 1766 0
1715 1716 1766 0
1766 1716 1767 0
1716 1717 1767 0
1767 1717 1768 0
1717 1718 1768 0
1768 1718 1769 0
1718 1719 1769 0
1769 1719 1770 0
1719 1720 1770 0
1770 1720 1771 0
1720 1721 1771 0
1771 1721 1772 0
1721 1722 1772 0
1772 1722 1773 0
1722 1723 1773 0
1773 1723 1774 0
1723 1724 1774 0
1774 1724 1775 0
1724 1725 1775 0
1775 1725 1776 0
1725 1726 1776 0
1776 1726 1777 0
1726 1727 1777 0
1777 1727 1778 0
1727 1728 1778 0
1778 1728 1779 0
1728 1729 1779 0
1779 1729 1780 0
1729 1730 1780 0
1780 1730 1781 0
1730 1731 1781 0
1781 1731 1782 0
1731 1732 1782 0
1782 1732 1783 0
1732 1733 1783 0
1783 1733 1784 0
1733 1734 1784 0
1784 1734 1785 0
1735 1736 1786 0
1786 1736 1787 0
1736 1737 1787 0
1787 1737 1788 0
1737 1738 1788 0
1788 1738 1789 0
1738 1739 1789 0
1789 1739 1790 0
1739 1740 1790 0
1790 1740 1791 0
1740 1741 1791 0
1791 1741 1792 0
1741 1742 1792 0
1792 1742 1793 0
1742 1743 1793 0
1793 1743 1794 0
1743 1744 1794 0
1794 1744 1795 0
1744 1745 1795 0
1795 1745 1796 0
1745 1746 1796 0
1796 1746 1797 0
1746 1747 1797 0
1797 1747 1798 0
1747 1748 1798 0
1798 1748 1799 0
1748 1749 1799 0
1799 1749 1800 0
1749 1750 1800 0
1800 1750 1801 0
1750 1751 1801 0
1801 1751 1802 0
1751 1752 1802 0
1802 1752 1803 0
1752 1753 1803 0
1803 1753 1804 0
1753 1754 1804 0
1804 1754 1805 0
1754 1755 1805 0
1805 1755 1806 0
1755 1756 1806 0
1806 1756 1807 0
1756 1757 1807 0
1807 1757 1808 0
1757 1758 1808 0
1808 1758 1809 0
1758 1759 1809 0
1809 1759 1810 0
1759 1760 1810 0
1810 1760 1811 0
1760 1761 1811 0
1811 1761 1812 0
1761 1762 1812 0
1812 1762 1813 0
1762 1763 1813 0
1813 1763 1814 0
1763 1764 1814 0
1814 1764 1815 0
1764 1765 1815 0
1815 1765 1816 0
1765 1766 1816 0
1816 1766 1817 0
1766 1767 1817 0
1817 1767 1818 0
1767 1768 1818 0
1818 1768 1819 0
1768 1769 1819 0
1819 1769 1820 0
1769 1770 1820 0
1820 1770 1821 0
1770 1771 1821 0
1821 1771 1822 0
1771 1772 1822 0
1822 1772 1823 0
1772 1773 1823 0
1823 1773 1824 0
1773 1774 1824 0
1824 1774 1825 0
1774 1775 1825 0
1825 1775 1826 0
1775 1776 1826 0
1826 1776 1827 0
1776 1777 1827 0
1827 1777 1828 0
1777 1778 1828 0
1828 1778 1829 0
1778 1779 1829 0
1829 1779 1830 0
1779 1780 1830 0
1830 1780 1831 0
1780 1781 1831 0
1831 1781 1832 0
1781 1782 1832 0
1832 1782 1833 0
1782 1783 1833 0
1833 1783 1834 0
1783 1784 1834 0
1834 1784 1835 0
1784 1785 1835 0
1835 1785 1836 0
1786 1787 1837 0
1837 1787 1838 0
1787 1788 1838 0
1838 1788 1839 0
1788 1789 1839 0
1839 1789 1840 0
1789 1790 1840 0
1840 1790 1841 0
1790 1791 1841 0
1841 1791 1842 0
1791 1792 1842 0
1842 1792 1843 0
1792 1793 1843 0
1843 1793 1844 0
1793 1794 1844 0
1844 1794 1845 0
1794 1795 1845 0
1845 1795 1846 0
1795 1796 1846 0
1846 1796 1847 0
1796 1797 1847 0
1847 1797 1848 0
1797 1798 1848 0
1848 1798 1849 0
1798 1799 1849 0
1849 1799 1850 0
1799 1800 1850 0
1850 1800 1851 0
1800 1801 1851 0
1851 1801 1852 0
1801 1802 1852 0
1852 1802 1853 0
1802 1803 1853 0
1853 1803 1854 0
1803 1804 1854 0
1854 1804 1855 0
1804 1805 1855 0
1855 1805 1856 0
1805 1806 1856 0
1856 1806 1857 0
1806 1807 1857 0
1857 1807 1858 0
1807 1808 1858 0
1858 1808 1859 0
1808 1809 1859 0
1859 1809 1860 0
1809 1810 1860 0
1860 1810 1861 0
1810 1811 1861 0
1861 1811 1862 0
1811 1812 1862 0
1862 1812 1863 0
1812 1813 1863 0
1863 1813 1864 0
1813 1814 1864 0
1864 1814 1865 0
1814 1815 1865 0
1865 1815 1866 0
1815 1816 1866 0
1866 1816 1867 0
1816 1817 1867 0
1867 1817 1868 0
1817 1818 1868 0
1868 1818 1869 0
1818 1819 1869 0
1869 1819 1870 0
1819 1820 1870 0
1870 1820 1871 0
1820 1821 1871 0
1871 1821 1872 0
1821 1822 1872 0
1872 1822 1873 0
1822 1823 1873 0
1873 1823 1874 0
1823 1824 1874 0
1874 1824 1875 0
1824 1825 1875 0
1875 1825 1876 0
1825 1826 1876 0
1876 1826 1877 0
1826 1827 1877 0
1877 1827 1878 0
1827 1828 1878 0
1878 1828 1879 0
1828 1829 1879 0
1879 1829 1880 0
1829 1830 1880 0
1880 1830 1881 0
1830 1831 1881 0
1881 1831 1882 0
1831 1832 1882 0
1882 1832 1883 0
1832 1833 1883 0
1883 1833 1884 0
1833 1834 1884 0
1884 1834 1885 0
1834 1835 1885 0
1885 1835 1886 0
1835 1836 1886 0
1886 1836 1887 0
1837 1838 1888 0
1888 1838 1889 0
1838 1839 1889 0
1889 1839 1890 0
1839 1840 1890 0
1890 1840 1891 0
1840 1841 1891 0
1891 1841 1892 0
1841 1842 1892 0
1892 1842 1893 0
1842 1843 1893 0
1893 1843 1894 0
1843 1844 1894 0
1894 1844 1895 0
1844 1845 1895 0
1895 1845 1896 0
1845 1846 1896 0
1896 1846 1897 0
1846 1847 1897 0
1897 1847 1898 0
1847 1848 1898 0
1898 1848 1899 0
1848 1849 1899 0
1899 1849 1900 0
1849 1850 1900 0
1900 1850 1901 0
1850 1851 1901 0
1901 1851 1902 0
1851 1852 1902 0
1902 1852 1903 0
1852 1853 1903 0
1903 1853 1904 0
1853 1854 1904 0
1904 1854 1905 0
1854 1855 1905 0
1905 1855 1906 0
1855 1856 1906 0
1906 1856 1907 0
1856 1857 1907 0
1907 1857 1908 0
1857 1858 1908 0
1908 1858 1909 0
1858 1859 1909 0
1909 1859 1910 0
1859 1860 1910 0
1910 1860 1911 0
1860 1861 1911 0
1911 1861 1912 0
1861 1862 1912 0
1912 1862 1913 0
1862 1863 1913 0
1913 1863 1914 0
1863 1864 1914 0
1914 1864 1915 0
1864 1865 1915 0
1915 1865 1916 0
1865 1866 1916 0
1916 1866 1917 0
1866 1867 1917 0
1917 1867 1918 0
1867 1868 1918 0
1918 1868 1919 0
1868 1869 1919 0
1919 1869 1920 0
1869 1870 1920 0
1920 1870 1921 0
1870 1871 1921 0
1921 1871 1922 0
1871 1872 1922 0
1922 1872 1923 0
1872 1873 1923 0
1923 1873 1924 0
1873 1874 1924 0
1924 1874 1925 0
1874 1875 1925 0
1925 1875 1926 0
1875 1876 1926 0
1926 1876 1927 0
1876 1877 1927 0
1927 1877 1928 0
1877 1878 1928 0
1928 1878 1929 0
1878 1879 1929 0
1929 1879 1930 0
1879 1880 1930 0
1930 1880 1931 0
1880 1881 1931 0
1931 1881 1932 0
1881 1882 1932 0
1932 1882 1933 0
1882 1883 1933 0
1933 1883 1934 0
1883 1884 1934 0
1934 1884 1935 0
1884 1885 1935 0
1935 1885 1936 0
1885 1886 1936 0
1936 1886 1937 0
1886 1887 1937 0
1937 1887 1938 0
1888 1889 1939 0
1939 1889 1940 0
1889 1890 1940 0
1940 1890 1941 0
1890 1891 1941 0
1941 1891 1942 0
1891 1892 1942 0
1942 1892 1943 0
1892 1893 1943 0
1943 1893 1944 0
1893 1894 1944 0
1944 1894 1945 0
1894 1895 1945 0
1945 1895 1946 0
1895 1896 1946 0
1946 1896 1947 0
1896 1897 1947 0
1947 1897 1948 0
1897 1898 1948 0
1948 1898 1949 0
1898 1899 1949 0
1949 1899 1950 0
1899 1900 1950 0
1950 1900 1951 0
1900 1901 1951 0
1951 1901 1952 0
1901 1902 1952 0
1952 1902 1953 0
1902 1903 1953 0
1953 1903 1954 0
1903 1904 1954 0
1954 1904 1955 0
1904 1905 1955 0
1955 1905 1956 0
1905 1906 1956 0
1956 1906 1957 0
1906 1907 1957 0
1957 1907 1958 0
1907 1908 1958 0
1958 1908 1959 0
1908 1909 1959 0
1959 1909 1960 0
1909 1910 1960 0
1960 1910 1961 0
1910 1911 1961 0
1961 1911 1962 0
1911 1912 1962 0
1962 1912 1963 0
1912 1913 1963 0
1963 1913 1964 0
1913 1914 1964 0
1964 1914 1965 0
1914 1915 1965 0
1965 1915 1966 0
1915 1916 1966 0
1966 1916 1967 0
1916 1917 1967 0
1967 1917 1968 0
1917 1918 1968 0
1968 1918 1969 0
1918 1919 1969 0
1969 1919 1970 0
1919 1920 1970 0
1970 1920 1971 0
1920 1921 1971 0
1971 1921 1972 0
1921 1922 1972 0
1972 1922 1973 0
1922 1923 1973 0
1973 1923 1974 0
1923 1924 1974 0
1974 1924 1975 0
1924 1925 1975 0
1975 1925 1976 0
1925 1926 1976 0
1976 1926 1977 0
1926 1927 1977 0
1977 1927 1978 0
1927 1928 1978 0
1978 1928 1979 0
1928 1929 1979 0
1979 1929 1980 0
1929 1930 1980 0
1980 1930 1981 0
1930 1931 1981 0
1981 1931 1982 0
1931 1932 1982 0
1982 1932 1983 0
1932 1933 1983 0
1983 1933 1984 0
1933 1934 1984 0
1984 1934 1985 0
1934 1935 1985 0
1985 1935 1986 0
1935 1936 1986 0
1986 1936 1987 0
1936 1937 1987 0
1987 1937 1988 0
1937 1938 1988 0
1988 1938 1989 0
1939 1940 1990 0
1990 1940 1991 0
1940 1941 1991 0
1991 1941 1992 0
1941 1942 1992 0
1992 1942 1993 0
1942 1943 1993 0
1993 1943 1994 0
1943 1944 1994 0
1994 1944 1995 0
1944 1945 1995 0
1995 1945 1996 0
1945 1946 1996 0
1996 1946 1997 0
1946 1947 1997 0
1997 1947 1998 0
1947 1948 1998 0
1998 1948 1999 0
1948 1949 1999 0
1999 1949 2000 0
1949 1950 2000 0
2000 1950 2001 0
1950 1951 2001 0
2001 1951 2002 0
1951 1952 2002 0
2002 1952 2003 0
1952 1953 2003 0
2003 1953 2004 0
1953 1954 2004 0
2004 1954 2005 0
1954 1955 2005 0
2005 1955 2006 0
1955 1956 2006 0
2006 1956 2007 0
1956 1957 2007 0
2007 1957 2008 0
1957 1958 2008 0
2008 1958 2009 0
1958 1959 2009 0
2009 1959 2010 0
1959 1960 2010 0
2010 1960 2011 0
1960 1961 2011 0
2011 1961 2012 0
1961 1962 2012 0
2012 1962 2013 0
1962 1963 2013 0
2013 1963 2014 0
1963 1964 2014 0
2014 1964 2015 0
1964 1965 2015 0
2015 1965 2016 0
1965 1966 2016 0
2016 1966 2017 0
1966 1967 2017 0
2017 1967 2018 0
1967 1968 2018 0
2018 1968 2019 0
1968 1969 2019 0
2019 1969 2020 0
1969 1970 2020 0
2020 1970 2021 0
1970 1971 2021 0
2021 1971 2022 0
1971 1972 2022 0
2022 1972 2023 0
1972 1973 2023 0
2023 1973 2024 0
1973 1974 2024 0
2024 1974 2025 0
1974 1975 2025 0
2025 1975 2026 0
1975 1976 2026 0
2026 1976 2027 0
1976 1977 2027 0
2027 1977 2028 0
1977 1978 2028 0
2028 1978 2029 0
1978 1979 2029 0
2029 1979 2030 0
1979 1980 2030 0
2030 1980 2031 0
1980 1981 2031 0
2031 1981 2032 0
1981 1982 2032 0
2032 1982 2033 0
1982 1983 2033 0
2033 1983 2034 0
1983 1984 2034 0
2034 1984 2035 0
1984 1985 2035 0
2035 1985 2036 0
1985 1986 2036 0
2036 1986 2037 0
1986 1987 2037 0
2037 1987 2038 0
1987 1988 2038 0
2038 1988 2039 0
1988 1989 2039 0
2039 1989 2040 0
1990 1991 2041 0
2041 1991 2042 0
1991 1992 2042 0
2042 1992 2043 0
1992 1993 2043 0
2043 1993 2044 0
1993 1994 2044 0
2044 1994 2045 0
1994 1995 2045 0
2045 1995 2046 0
1995 1996 2046 0
2046 1996 2047 0
1996 1997 2047 0
2047 1997 2048 0
1997 1998 2048 0
2048 1998 2049 0
1998 1999 2049 0
2049 1999 2050 0
1999 2000 2050 0
2050 2000 2051 0
2000 2001 2051 0
2051 2001 2052 0
2001 2002 2052 0
2052 2002 2053 0
2002 2003 2053 0
2053 2003 2054 0
2003 2004 2054 0
2054 2004 2055 0
2004 2005 2055 0
2055 2005 2056 0
2005 2006 2056 0
2056 2006 2057 0
2006 2007 2057 0
2057 2007 2058 0
2007 2008 2058 0
2058 2008 2059 0
2008 2009 2059 0
2059 2009 2060 0
2009 2010 2060 0
2060 2010 2061 0
2010 2011 2061 0
2061 2011 2062 0
2011 2012 2062 0
2062 2012 2063 0
2012 2013 2063 0
2063 2013 2064 0
2013 2014 2064 0
2064 2014 2065 0
2014 2015 2065 0
2065 2015 2066 0
2015 2016 2066 0
2066 2016 2067 0
2016 2017 2067 0
2067 2017 2068 0
2017 2018 2068 0
2068 2018 2069 0
2018 2019 2069 0
2069 2019 2070 0
2019 2020 2070 0
2070 2020 2071 0
2020 2021 2071 0
2071 2021 2072 0
2021 2022 2072 0
2072 2022 2073 0
2022 2023 2073 0
2073 2023 2074 0
2023 2024 2074 0
2074 2024 2075 0
2024 2025 2075 0
2075 2025 2076 0
2025 2026 2076 0
2076 2026 2077 0
2026 2027 2077 0
2077 2027 2078 0
2027 2028 2078 0
2078 2028 2079 0
2028 2029 2079 0
2079 2029 2080 0
2029 2030 2080 0
2080 2030 2081 0
2030 2031 2081 0
2081 2031 2082 0
2031 2032 2082 0
2082 2032 2083 0
2032 2033 2083 0
2083 2033 2084 0
2033 2034 2084 0
2084 2034 2085 0
2034 2035 2085 0
2085 2035 2086 0
2035 2036 2086 0
2086 2036 2087 0
2036 2037 2087 0
2087 2037 2088 0
2037 2038 2088 0
2088 2038 2089 0
2038 2039 2089 0
2089 2039 2090 0
2039 2040 2090 0
2090 2040 2091 0
2041 2042 2092 0
2092 2042 2093 0
2042 2043 2093 0
2093 2043 2094 0
2043 2044 2094 0
2094 2044 2095 0
2044 2045 2095 0
2095 2045 2096 0
2045 2046 2096 0
2096 2046 2097 0
2046 2047 2097 0
2097 2047 2098 0
2047 2048 2098 0
2098 2048 2099 0
2048 2049 2099 0
2099 2049 2100 0
2049 2050 2100 0
2100 2050 2101 0
2050 2051 2101 0
2101 2051 2102 0
2051 2052 2102 0
2102 2052 2103 0
2052 2053 2103 0
2103 2053 2104 0
2053 2054 2104 0
2104 2054 2105 0
2054 2055 2105 0
2105 2055 2106 0
2055 2056 2106 0
2106 2056 2107 0
2056 2057 2107 0
2107 2057 2108 0
2057 2058 2108 0
2108 2058 2109 0
2058 2059 2109 0
2109 2059 2110 0
2059 2060 2110 0
2110 2060 2111 0
2060 2061 2111 0
2111 2061 2112 0
2061 2062 2112 0
2112 2062 2113 0
2062 2063 2113 0
2113 2063 2114 0
2063 2064 2114 0
2114 2064 2115 0
2064 2065 2115 0
2115 2065 2116 0
2065 2066 2116 0
2116 2066 2117 0
2066 2067 2117 0
2117 2067 2118 0
2067 2068 2118 0
2118 2068 2119 0
2068 2069 2119 0
2119 2069 2120 0
2069 2070 2120 0
2120 2070 2121 0
2070 2071 2121 0
2121 2071 2122 0
2071 2072 2122 0
2122 2072 2123 0
2072 2073 2123 0
2123 2073 2124 0
2073 2074 2124 0
2124 2074 2125 0
2074 2075 2125 0
2125 2075 2126 0
2075 2076 2126 0
2126 2076 2127 0
2076 2077 2127 0
2127 2077 2128 0
2077 2078 2128 0
2128 2078 2129 0
2078 2079 2129 0
2129 2079 2130 0
2079 2080 2130 0
2130 2080 2131 0
2080 2081 2131 0
2131 2081 2132 0
2081 2082 2132 0
2132 2082 2133 0
2082 2083 2133 0
2133 2083 2134 0
2083 2084 2134 0
2134 2084 2135 0
2084 2085 2135 0
2135 2085 2136 0
2085 2086 2136 0
2136 2086 2137 0
2086 2087 2137 0
2137 2087 2138 0
2087 2088 2138 0
2138 2088 2139 0
2088 2089 2139 0
2139 2089 2140 0
2089 2090 2140 0
2140 2090 2141 0
2090 2091 2141 0
2141 2091 2142 0
2092 2093 2143 0
2143 2093 2144 0
2093 2094 2144 0
2144 2094 2145 0
2094 2095 2145 0
2145 2095 2146 0
2095 2096 2146 0
2146 2096 2147 0
2096 2097 2147 0
2147 2097 2148 0
2097 2098 2148 0
2148 2098 2149 0
2098 2099 2149 0
2149 2099 2150 0
2099 2100 2150 0
2150 2100 2151 0
2100 2101 2151 0
2151 2101 2152 0
2101 2102 2152 0
2152 2102 2153 0
2102 2103 2153 0
2153 2103 2154 0
2103 2104 2154 0
2154 2104 2155 0
2104 2105 2155 0
2155 2105 2156 0
2105 2106 2156 0
2156 2106 2157 0
2106 2107 2157 0
2157 2107 2158 0
2107 2108 2158 0
2158 2108 2159 0
2108 2109 2159 0
2159 2109 2160 0
2109 2110 2160 0
2160 2110 2161 0
2110 2111 2161 0
2161 2111 2162 0
2111 2112 2162 0
2162 2112 2163 0
2112 2113 2163 0
2163 2113 2164 0
2113 2114 2164 0
2164 2114 2165 0
2114 2115 2165 0
2165 2115 2166 0
2115 2116 2166 0
2166 2116 2167 0
2116 2117 2167 0
2167 2117 2168 0
2117 2118 2168 0
2168 2118 2169 0
2118 2119 2169 0
2169 2119 2170 0
2119 2120 2170 0
2170 2120 2171 0
2120 2121 2171 0
2171 2121 2172 0
2121 2122 2172 0
2172 2122 2173 0
2122 2123 2173 0
2173 2123 2174 0
2123 2124 2174 0
2174 2124 2175 0
2124 2125 2175 0
2175 2125 2176 0
2125 2126 2176 0
2176 2126 2177 0
2126 2127 2177 0
2177 2127 2178 0
2127 2128 2178 0
2178 2128 2179 0
2128 2129 2179 0
2179 2129 2180 0
2129 2130 2180 0
2180 2130 2181 0
2130 2131 2181 0
2181 2131 2182 0
2131 2132 2182 0
2182 2132 2183 0
2132 2133 2183 0
2183 2133 2184 0
2133 2134 2184 0
2184 2134 2185 0
2134 2135 2185 0
2185 2135 2186 0
2135 2136 2186 0
2186 2136 2187 0
2136 2137 2187 0
2187 2137 2188 0
2137 2138 2188 0
2188 2138 2189 0
2138 2139 2189 0
2189 2139 2190 0
2139 2140 2190 0
2190 2140 2191 0
2140 2141 2191 0
2191 2141 2192 0
2141 2142 2192 0
2192 2142 2193 0
2143 2144 2194 0
2194 2144 2195 0
2144 2145 2195 0
2195 2145 2196 0
2145 2146 2196 0
2196 2146 2197 0
2146 2147 2197 0
2197 2147 2198 0
2147 2148 2198 0
2198 2148 2199 0
2148 2149 2199 0
2199 2149 2200 0
2149 2150 2200 0
2200 2150 2201 0
2150 2151 2201 0
2201 2151 2202 0
2151 2152 2202 0
2202 2152 2203 0
2152 2153 2203 0
2203 2153 2204 0
2153 2154 2204 0
2204 2154 2205 0
2154 2155 2205 0
2205 2155 2206 0
2155 2156 2206 0
2206 2156 2207 0
2156 2157 2207 0
2207 2157 2208 0
2157 2158 2208 0
2208 2158 2209 0
2158 2159 2209 0
2209 2159 2210 0
2159 2160 2210 0
2210 2160 2211 0
2160 2161 2211 0
2211 2161 2212 0
2161 2162 2212 0
2212 2162 2213 0
2162 2163 2213 0
2213 2163 2214 0
2163 2164 2214 0
2214 2164 2215 0
2164 2165 2215 0
2215 2165 2216 0
2165 2166 2216 0
2216 2166 2217 0
2166 2167 2217 0
2217 2167 2218 0
2167 2168 2218 0
2218 2168 2219 0
2168 2169 2219 0
2219 2169 2220 0
2169 2170 2220 0
2220 2170 2221 0
2170 2171 2221 0
2221 2171 2222 0
2171 2172 2222 0
2222 2172 2223 0
2172 2173 2223 0
2223 2173 2224 0
2173 2174 2224 0
2224 2174 2225 0
2174 2175 2225 0
2225 2175 2226 0
2175 2176 2226 0
2226 2176 2227 0
2176 2177 2227 0
2227 2177 2228 0
2177 2178 2228 0
2228 2178 2229 0
2178 2179 2229 0
2229 2179 2230 0
2179 2180 2230 0
2230 2180 2231 0
2180 2181 2231 0
2231 2181 2232 0
2181 2182 2232 0
2232 2182 2233 0
2182 2183 2233 0
2233 2183 2234 0
2183 2184 2234 0
2234 2184 2235 0
2184 2185 2235 0
2235 2185 2236 0
2185 2186 2236 0
2236 2186 2237 0
2186 2187 2237 0
2237 2187 2238 0
2187 2188 2238 0
2238 2188 2239 0
2188 2189 2239 0
2239 2189 2240 0
2189 2190 2240 0
2240 2190 2241 0
2190 2191 2241 0
2241 2191 2242 0
2191 2192 2242 0
2242 2192 2243 0
2192 2193 2243 0
2243 2193 2244 0
2194 2195 2245 0
2245 2195 2246 0
2195 2196 2246 0
2246 2196 2247 0
2196 2197 2247 0
2247 2197 2248 0
2197 2198 2248 0
2248 2198 2249 0
2198 2199 2249 0
2249 2199 2250 0
2199 2200 2250 0
2250 2200 2251 0
2200 2201 2251 0
2251 2201 2252 0
2201 2202 2252 0
2252 2202 2253 0
2202 2203 2253 0
2253 2203 2254 0
2203 2204 2254 0
2254 2204 2255 0
2204 2205 2255 0
2255 2205 2256 0
2205 2206 2256 0
2256 2206 2257 0
2206 2207 2257 0
2257 2207 2258 0
2207 2208 2258 0
2258 2208 2259 0
2208 2209 2259 0
2259 2209 2260 0
2209 2210 2260 0
2260 2210 2261 0
2210 2211 2261 0
2261 2211 2262 0
2211 2212 2262 0
2262 2212 2263 0
2212 2213 2263 0
2263 2213 2264 0
2213 2214 2264 0
2264 2214 2265 0
2214 2215 2265 0
2265 2215 2266 0
2215 2216 2266 0
2266 2216 2267 0
2216 2217 2267 0
2267 2217 2268 0
2217 2218 2268 0
2268 2218 2269 0
2218 2219 2269 0
2269 2219 2270 0
2219 2220 2270 0
2270 2220 2271 0
2220 2221 2271 0
2271 2221 2272 0
2221 2222 2272 0
2272 2222 2273 0
2222 2223 2273 0
2273 2223 2274 0
2223 2224 2274 0
2274 2224 2275 0
2224 2225 2275 0
2275 2225 2276 0
2225 2226 2276 0
2276 2226 2277 0
2226 2227 2277 0
2277 2227 2278 0
2227 2228 2278 0
2278 2228 2279 0
2228 2229 2279 0
2279 2229 2280 0
2229 2230 2280 0
2280 2230 2281 0
2230 2231 2281 0
2281 2231 2282 0
2231 2232 2282 0
2282 2232 2283 0
2232 2233 2283 0
2283 2233 2284 0
2233 2234 2284 0
2284 2234 2285 0
2234 2235 2285 0
2285 2235 2286 0
2235 2236 2286 0
2286 2236 2287 0
2236 2237 2287 0
2287 2237 2288 0
2237 2238 2288 0
2288 2238 2289 0
2238 2239 2289 0
2289 2239 2290 0
2239 2240 2290 0
2290 2240 2291 0
2240 2241 2291 0
2291 2241 2292 0
2241 2242 2292 0
2292 2242 2293 0
2242 2243 2293 0
2293 2243 2294 0
2243 2244 2294 0
2294 2244 2295 0
2245 2246 2296 0
2296 2246 2297 0
2246 2247 2297 0
2297 2247 2298 0
2247 2248 2298 0
2298 2248 2299 0
2248 2249 2299 0
2299 2249 2300 0
2249 2250 2300 0
2300 2250 2301 0
2250 2251 2301 0
2301 2251 2302 0
2251 2252 2302 0
2302 2252 2303 0
2252 2253 2303 0
2303 2253 2304 0
2253 2254 2304 0
2304 2254 2305 0
2254 2255 2305 0
2305 2255 2306 0
2255 2256 2306 0
2306 2256 2307 0
2256 2257 2307 0
2307 2257 2308 0
2257 2258 2308 0
2308 2258 2309 0
2258 2259 2309 0
2309 2259 2310 0
2259 2260 2310 0
2310 2260 2311 0
2260 2261 2311 0
2311 2261 2312 0
2261 2262 2312 0
2312 2262 2313 0
2262 2263 2313 0
2313 2263 2314 0
2263 2264 2314 0
2314 2264 2315 0
2264 2265 2315 0
2315 2265 2316 0
2265 2266 2316 0
2316 2266 2317 0
2266 2267 2317 0
2317 2267 2318 0
2267 2268 2318 0
2318 2268 2319 0
2268 2269 2319 0
2319 2269 2320 0
2269 2270 2320 0
2320 2270 2321 0
2270 2271 2321 0
2321 2271 2322 0
2271 2272 2322 0
2322 2272 2323 0
2272 2273 2323 0
2323 2273 2324 0
2273 2274 2324 0
2324 2274 2325 0
2274 2275 2325 0
2325 2275 2326 0
2275 2276 2326 0
2326 2276 2327 0
2276 2277 2327 0
2327 2277 2328 0
2277 2278 2328 0
2328 2278 2329 0
2278 2279 2329 0
2329 2279 2330 0
2279 2280 2330 0
2330 2280 2331 0
2280 2281 2331 0
2331 2281 2332 0
2281 2282 2332 0
2332 2282 2333 0
2282 2283 2333 0
2333 2283 2334 0
2283 2284 2334 0
2334 2284 2335 0
2284 2285 2335 0
2335 2285 2336 0
2285 2286 2336 0
2336 2286 2337 0
2286 2287 2337 0
2337 2287 2338 0
2287 2288 2338 0
2338 2288 2339 0
2288 2289 2339 0
2339 2289 2340 0
2289 2290 2340 0
2340 2290 2341 0
2290 2291 2341 0
2341 2291 2342 0
2291 2292 2342 0
2342 2292 2343 0
2292 2293 2343 0
2343 2293 2344 0
2293 2294 2344 0
2344 2294 2345 0
2294 2295 2345 0
2345 2295 2346 0
2296 2297 2347 0
2347 2297 2348 0
2297 2298 2348 0
2348 2298 2349 0
2298 2299 2349 0
2349 2299 2350 0
2299 2300 2350 0
2350 2300 2351 0
2300 2301 2351 0
2351 2301 2352 0
2301 2302 2352 0
2352 2302 2353 0
2302 2303 2353 0
2353 2303 2354 0
2303 2304 2354 0
2354 2304 2355 0
2304 2305 2355 0
2355 2305 2356 0
2305 2306 2356 0
2356 2306 2357 0
2306 2307 2357 0
2357 2307 2358 0
2307 2308 2358 0
2358 2308 2359 0
2308 2309 2359 0
2359 2309 2360 0
2309 2310 2360 0
2360 2310 2361 0
2310 2311 2361 0
2361 2311 2362 0
2311 2312 2362 0
2362 2312 2363 0
2312 2313 2363 0
2363 2313 2364 0
2313 2314 2364 0
2364 2314 2365 0
2314 2315 2365 0
2365 2315 2366 0
2315 2316 2366 0
2366 2316 2367 0
2316 2317 2367 0
2367 2317 2368 0
2317 2318 2368 0
2368 2318 2369 0
2318 2319 2369 0
2369 2319 2370 0
2319 2320 2370 0
2370 2320 2371 0
2320 2321 2371 0
2371 2321 2372 0
2321 2322 2372 0
2372 2322 2373 0
2322 2323 2373 0
2373 2323 2374 0
2323 2324 2374 0
2374 2324 2375 0
2324 2325 2375 0
2375 2325 2376 0
2325 2326 2376 0
2376 2326 2377 0
2326 2327 2377 0
2377 2327 2378 0
2327 2328 2378 0
2378 2328 2379 0
2328 2329 2379 0
2379 2329 2380 0
2329 2330 2380 0
2380 2330 2381 0
2330 2331 2381 0
2381 2331 2382 0
2331 2332 2382 0
2382 2332 2383 0
2332 2333 2383 0
2383 2333 2384 0
2333 2334 2384 0
2384 2334 2385 0
2334 2335 2385 0
2385 2335 2386 0
2335 2336 2386 0
2386 2336 2387 0
2336 2337 2387 0
2387 2337 2388 0
2337 2338 2388 0
2388 2338 2389 0
2338 2339 2389 0
2389 2339 2390 0
2339 2340 2390 0
2390 2340 2391 0
2340 2341 2391 0
2391 2341 2392 0
2341 2342 2392 0
2392 2342 2393 0
2342 2343 2393 0
2393 2343 2394 0
2343 2344 2394 0
2394 2344 2395 0
2344 2345 2395 0
2395 2345 2396 0
2345 2346 2396 0
2396 2346 2397 0
2347 2348 2398 0
2398 2348 2399 0
2348 2349 2399 0
2399 2349 2400 0
2349 2350 2400 0
2400 2350 2401 0
2350 2351 2401 0
2401 2351 2402 0
2351 2352 2402 0
2402 2352 2403 0
2352 2353 2403 0
2403 2353 2404 0
2353 2354 2404 0
2404 2354 2405 0
2354 2355 2405 0
2405 2355 2406 0
2355 2356 2406 0
2406 2356 2407 0
2356 2357 2407 0
2407 2357 2408 0
2357 2358 2408 0
2408 2358 2409 0
2358 2359 2409 0
2409 2359 2410 0
2359 2360 2410 0
2410 2360 2411 0
2360 2361 2411 0
2411 2361 2412 0
2361 2362 2412 0
2412 2362 2413 0
2362 2363 2413 0
2413 2363 2414 0
2363 2364 2414 0
2414 2364 2415 0
2364 2365 2415 0
2415 2365 2416 0
2365 2366 2416 0
2416 2366 2417 0
2366 2367 2417 0
2417 2367 2418 0
2367 2368 2418 0
2418 2368 2419 0
2368 2369 2419 0
2419 2369 2420 0
2369 2370 2420 0
2420 2370 2421 0
2370 2371 2421 0
2421 2371 2422 0
2371 2372 2422 0
2422 2372 2423 0
2372 2373 2423 0
2423 2373 2424 0
2373 2374 2424 0
2424 2374 2425 0
2374 2375 2425 0
2425 2375 2426 0
2375 2376 2426 0
2426 2376 2427 0
2376 2377 2427 0
2427 2377 2428 0
2377 2378 2428 0
2428 2378 2429 0
2378 2379 2429 0
2429 2379 2430 0
2379 2380 2430 0
2430 2380 2431 0
2380 2381 2431 0
2431 2381 2432 0
2381 2382 2432 0
2432 2382 2433 0
2382 2383 2433 0
2433 2383 2434 0
2383 2384 2434 0
2434 2384 2435 0
2384 2385 2435 0
2435 2385 2436 0
2385 2386 2436 0
2436 2386 2437 0
2386 2387 2437 0
2437 2387 2438 0
2387 2388 2438 0
2438 2388 2439 0
2388 2389 2439 0
2439 2389 2440 0
2389 2390 2440 0
2440 2390 2441 0
2390 2391 2441 0
2441 2391 2442 0
2391 2392 2442 0
2442 2392 2443 0
2392 2393 2443 0
2443 2393 2444 0
2393 2394 2444 0
2444 2394 2445 0
2394 2395 2445 0
2445 2395 2446 0
2395 2396 2446 0
2446 2396 2447 0
2396 2397 2447 0
2447 2397 2448 0
2398 2399 2449 0
2449 2399 2450 0
2399 2400 2450 0
2450 2400 2451 0
2400 2401 2451 0
2451 2401 2452 0
2401 2402 2452 0
2452 2402 2453 0
2402 2403 2453 0
2453 2403 2454 0
2403 2404 2454 0
2454 2404 2455 0
2404 2405 2455 0
2455 2405 2456 0
2405 2406 2456 0
2456 2406 2457 0
2406 2407 2457 0
2457 2407 2458 0
2407 2408 2458 0
2458 2408 2459 0
2408 2409 2459 0
2459 2409 2460 0
2409 2410 2460 0
2460 2410 2461 0
2410 2411 2461 0
2461 2411 2462 0
2411 2412 2462 0
2462 2412 2463 0
2412 2413 2463 0
2463 2413 2464 0
2413 2414 2464 0
2464 2414 2465 0
2414 2415 2465 0
2465 2415 2466 0
2415 2416 2466 0
2466 2416 2467 0
2416 2417 2467 0
2467 2417 2468 0
2417 2418 2468 0
2468 2418 2469 0
2418 2419 2469 0
2469 2419 2470 0
2419 2420 2470 0
2470 2420 2471 0
2420 2421 2471 0
2471 2421 2472 0
2421 2422 2472 0
2472 2422 2473 0
2422 2423 2473 0
2473 2423 2474 0
2423 2424 2474 0
2474 2424 2475 0
2424 2425 2475 0
2475 2425 2476 0
2425 2426 2476 0
2476 2426 2477 0
2426 2427 2477 0
2477 2427 2478 0
2427 2428 2478 0
2478 2428 2479 0
2428 2429 2479 0
2479 2429 2480 0
2429 2430 2480 0
2480 2430 2481 0
2430 2431 2481 0
2481 2431 2482 0
2431 2432 2482 0
2482 2432 2483 0
2432 2433 2483 0
2483 2433 2484 0
2433 2434 2484 0
2484 2434 2485 0
2434 2435 2485 0
2485 2435 2486 0
2435 2436 2486 0
2486 2436 2487 0
2436 2437 2487 0
2487 2437 2488 0
2437 2438 2488 0
2488 2438 2489 0
2438 2439 2489 0
2489 2439 2490 0
2439 2440 2490 0
2490 2440 2491 0
2440 2441 2491 0
2491 2441 2492 0
2441 2442 2492 0
2492 2442 2493 0
2442 2443 2493 0
2493 2443 2494 0
2443 2444 2494 0
2494 2444 2495 0
2444 2445 2495 0
2495 2445 2496 0
2445 2446 2496 0
2496 2446 2497 0
2446 2447 2497 0
2497 2447 2498 0
2447 2448 2498 0
2498 2448 2499 0
2449 2450 2500 0
2500 2450 2501 0
2450 2451 2501 0
2501 2451 2502 0
2451 2452 2502 0
2502 2452 2503 0
2452 2453 2503 0
2503 2453 2504 0
2453 2454 2504 0
2504 2454 2505 0
2454 2455 2505 0
2505 2455 2506 0
2455 2456 2506 0
2506 2456 2507 0
2456 2457 2507 0
2507 2457 2508 0
2457 2458 2508 0
2508 2458 2509 0
2458 2459 2509 0
2509 2459 2510 0
2459 2460 2510 0
2510 2460 2511 0
2460 2461 2511 0
2511 2461 2512 0
2461 2462 2512 0
2512 2462 2513 0
2462 2463 2513 0
2513 2463 2514 0
2463 2464 2514 0
2514 2464 2515 0
2464 2465 2515 0
2515 2465 2516 0
2465 2466 2516 0
2516 2466 2517 0
2466 2467 2517 0
2517 2467 2518 0
2467 2468 2518 0
2518 2468 2519 0
2468 2469 2519 0
2519 2469 2520 0
2469 2470 2520 0
2520 2470 2521 0
2470 2471 2521 0
2521 2471 2522 0
2471 2472 2522 0
2522 2472 2523 0
2472 2473 2523 0
2523 2473 2524 0
2473 2474 2524 0
2524 2474 2525 0
2474 2475 2525 0
2525 2475 2526 0
2475 2476 2526 0
2526 2476 2527 0
2476 2477 2527 0
2527 2477 2528 0
2477 2478 2528 0
2528 2478 2529 0
2478 2479 2529 0
2529 2479 2530 0
2479 2480 2530 0
2530 2480 2531 0
2480 2481 2531 0
2531 2481 2532 0
2481 2482 2532 0
2532 2482 2533 0
2482 2483 2533 0
2533 2483 2534 0
2483 2484 2534 0
2534 2484 2535 0
2484 2485 2535 0
2535 2485 2536 0
2485 2486 2536 0
2536 2486 2537 0
2486 2487 2537 0
2537 2487 2538 0
2487 2488 2538 0
2538 2488 2539 0
2488 2489 2539 0
2539 2489 2540 0
2489 2490 2540 0
2540 2490 2541 0
2490 2491 2541 0
2541 2491 2542 0
2491 2492 2542 0
2542 2492 2543 0
2492 2493 2543 0
2543 2493 2544 0
2493 2494 2544 0
2544 2494 2545 0
2494 2495 2545 0
2545 2495 2546 0
2495 2496 2546 0
2546 2496 2547 0
2496 2497 2547 0
2547 2497 2548 0
2497 2498 2548 0
2548 2498 2549 0
2498 2499 2549 0
2549 2499 2550 0
2500 2501 2551 0
2551 2501 2552 0
2501 2502 2552 0
2552 2502 2553 0
2502 2503 2553 0
2553 2503 2554 0
2503 2504 2554 0
2554 2504 2555 0
2504 2505 2555 0
2555 2505 2556 0
2505 2506 2556 0
2556 2506 2557 0
2506 2507 2557 0
2557 2507 2558 0
2507 2508 2558 0
2558 2508 2559 0
2508 2509 2559 0
2559 2509 2560 0
2509 2510 2560 0
2560 2510 2561 0
2510 2511 2561 0
2561 2511 2562 0
2511 2512 2562 0
2562 2512 2563 0
2512 2513 2563 0
2563 2513 2564 0
2513 2514 2564 0
2564 2514 2565 0
2514 2515 2565 0
2565 2515 2566 0
2515 2516 2566 0
2566 2516 2567 0
2516 2517 2567 0
2567 2517 2568 0
2517 2518 2568 0
2568 2518 2569 0
2518 2519 2569 0
2569 2519 2570 0
2519 2520 2570 0
2570 2520 2571 0
2520 2521 2571 0
2571 2521 2572 0
2521 2522 2572 0
2572 2522 2573 0
2522 2523 2573 0
2573 2523 2574 0
2523 2524 2574 0
2574 2524 2575 0
2524 2525 2575 0
2575 2525 2576 0
2525 2526 2576 0
2576 2526 2577 0
2526 2527 2577 0
2577 2527 2578 0
2527 2528 2578 0
2578 2528 2579 0
2528 2529 2579 0
2579 2529 2580 0
2529 2530 2580 0
2580 2530 2581 0
2530 2531 2581 0
2581 2531 2582 0
2531 2532 2582 0
2582 2532 2583 0
2532 2533 2583 0
2583 2533 2584 0
2533 2534 2584 0
2584 2534 2585 0
2534 2535 2585 0
2585 2535 2586 0
2535 2536 2586 0
2586 2536 2587 0
2536 2537 2587 0
2587 2537 2588 0
2537 2538 2588 0
2588 2538 2589 0
2538 2539 2589 0
2589 2539 2590 0
2539 2540 2590 0
2590 2540 2591 0
2540 2541 2591 0
2591 2541 2592 0
2541 2542 2592 0
2592 2542 2593 0
2542 2543 2593 0
2593 2543 2594 0
2543 2544 2594 0
2594 2544 2595 0
2544 2545 2595 0
2595 2545 2596 0
2545 2546 2596 0
2596 2546 2597 0
2546 2547 2597 0
2597 2547 2598 0
2547 2548 2598 0
2598 2548 2599 0
2548 2549 2599 0
2599 2549 2600 0
2549 2550 2600 0
2600 2550 2601 0
2551 2552 2602 0
2602 2552 2603 0
2552 2553 2603 0
2603 2553 2604 0
2553 2554 2604 0
2604 2554 2605 0
2554 2555 2605 0
2605 2555 2606 0
2555 2556 2606 0
2606 2556 2607 0
2556 2557 2607 0
2607 2557 2608 0
2557 2558 2608 0
2608 2558 2609 0
2558 2559 2609 0
2609 2559 2610 0
2559 2560 2610 0
2610 2560 2611 0
2560 2561 2611 0
2611 2561 2612 0
2561 2562 2612 0
2612 2562 2613 0
2562 2563 2613 0
2613 2563 2614 0
2563 2564 2614 0
2614 2564 2615 0
2564 2565 2615 0
2615 2565 2616 0
2565 2566 2616 0
2616 2566 2617 0
2566 2567 2617 0
2617 2567 2618 0
2567 2568 2618 0
2618 2568 2619 0
2568 2569 2619 0
2619 2569 2620 0
2569 2570 2620 0
2620 2570 2621 0
2570 2571 2621 0
2621 2571 2622 0
2571 2572 2622 0
2622 2572 2623 0
2572 2573 2623 0
2623 2573 2624 0
2573 2574 2624 0
2624 2574 2625 0
2574 2575 2625 0
2625 2575 2626 0
2575 2576 2626 0
2626 2576 2627 0
2576 2577 2627 0
2627 2577 2628 0
2577 2578 2628 0
2628 2578 2629 0
2578 2579 2629 0
2629 2579 2630 0
2579 2580 2630 0
2630 2580 2631 0
2580 2581 2631 0
2631 2581 2632 0
2581 2582 2632 0
2632 2582 2633 0
2582 2583 2633 0
2633 2583 2634 0
2583 2584 2634 0
2634 2584 2635 0
2584 2585 2635 0
2635 2585 2636 0
2585 2586 2636 0
2636 2586 2637 0
2586 2587 2637 0
2637 2587 2638 0
2587 2588 2638 0
2638 2588 2639 0
2588 2589 2639 0
2639 2589 2640 0
2589 2590 2640 0
2640 2590 2641 0
2590 2591 2641 0
2641 2591 2642 0
2591 2592 2642 0
2642 2592 2643 0
2592 2593 2643 0
2643 2593 2644 0
2593 2594 2644 0
2644 2594 2645 0
2594 2595 2645 0
2645 2595 2646 0
2595 2596 2646 0
2646 2596 2647 0
2596 2597 2647 0
2647 2597 2648 0
2597 2598 2648 0
2648 2598 2649 0
2598 2599 2649 0
2649 2599 2650 0
2599 2600 2650 0
2650 2600 2651 0
2600 2601 2651 0
2651 2601 2652 0
2602 2603 2653 0
2653 2603 2654 0
2603 2604 2654 0
2654 2604 2655 0
2604 2605 2655 0
2655 2605 2656 0
2605 2606 2656 0
2656 2606 2657 0
2606 2607 2657 0
2657 2607 2658 0
2607 2608 2658 0
2658 2608 2659 0
2608 2609 2659 0
2659 2609 2660 0
2609 2610 2660 0
2660 2610 2661 0
2610 2611 2661 0
2661 2611 2662 0
2611 2612 2662 0
2662 2612 2663 0
2612 2613 2663 0
2663 2613 2664 0
2613 2614 2664 0
2664 2614 2665 0
2614 2615 2665 0
2665 2615 2666 0
2615 2616 2666 0
2666 2616 2667 0
2616 2617 2667 0
2667 2617 2668 0
2617 2618 2668 0
2668 2618 2669 0
2618 2619 2669 0
2669 2619 2670 0
2619 2620 2670 0
2670 2620 2671 0
2620 2621 2671 0
2671 2621 2672 0
2621 2622 2672 0
2672 2622 2673 0
2622 2623 2673 0
2673 2623 2674 0
2623 2624 2674 0
2674 2624 2675 0
2624 2625 2675 0
2675 2625 2676 0
2625 2626 2676 0
2676 2626 2677 0
2626 2627 2677 0
2677 2627 2678 0
2627 2628 2678 0
2678 2628 2679 0
2628 2629 2679 0
2679 2629 2680 0
2629 2630 2680 0
2680 2630 2681 0
2630 2631 2681 0
2681 2631 2682 0
2631 2632 2682 0
2682 2632 2683 0
2632 2633 2683 0
2683 2633 2684 0
2633 2634 2684 0
2684 2634 2685 0
2634 2635 2685 0
2685 2635 2686 0
2635 2636 2686 0
2686 2636 2687 0
2636 2637 2687 0
2687 2637 2688 0
2637 2638 2688 0
2688 2638 2689 0
2638 2639 2689 0
2689 2639 2690 0
2639 2640 2690 0
2690 2640 2691 0
2640 2641 2691 0
2691 2641 2692 0
2641 2642 2692 0
2692 2642 2693 0
2642 2643 2693 0
2693 2643 2694 0
2643 2644 2694 0
2694 2644 2695 0
2644 2645 2695 0
2695 2645 2696 0
2645 2646 2696 0
2696 2646 2697 0
2646 2647 2697 0
2697 2647 2698 0
2647 2648 2698 0
2698 2648 2699 0
2648 2649 2699 0
2699 2649 2700 0
2649 2650 2700 0
2700 2650 2701 0
2650 2651 2701 0
2701 2651 2702 0
2651 2652 2702 0
2702 2652 2703 0
2653 2654 2704 0
2704 2654 2705 0
2654 2655 2705 0
2705 2655 2706 0
2655 2656 2706 0
2706 2656 2707 0
2656 2657 2707 0
2707 2657 2708 0
2657 2658 2708 0
2708 2658 2709 0
2658 2659 2709 0
2709 2659 2710 0
2659 2660 2710 0
2710 2660 2711 0
2660 2661 2711 0
2711 2661 2712 0
2661 2662 2712 0
2712 2662 2713 0
2662 2663 2713 0
2713 2663 2714 0
2663 2664 2714 0
2714 2664 2715 0
2664 2665 2715 0
2715 2665 2716 0
2665 2666 2716 0
2716 2666 2717 0
2666 2667 2717 0
2717 2667 2718 0
2667 2668 2718 0
2718 2668 2719 0
2668 2669 2719 0
2719 2669 2720 0
2669 2670 2720 0
2720 2670 2721 0
2670 2671 2721 0
2721 2671 2722 0
2671 2672 2722 0
2722 2672 2723 0
2672 2673 2723 0
2723 2673 2724 0
2673 2674 2724 0
2724 2674 2725 0
2674 2675 2725 0
2725 2675 2726 0
2675 2676 2726 0
2726 2676 2727 0
2676 2677 2727 0
2727 2677 2728 0
2677 2678 2728 0
2728 2678 2729 0
2678 2679 2729 0
2729 2679 2730 0
2679 2680 2730 0
2730 2680 2731 0
2680 2681 2731 0
2731 2681 2732 0
2681 2682 2732 0
2732 2682 2733 0
2682 2683 2733 0
2733 2683 2734 0
2683 2684 2734 0
2734 2684 2735 0
2684 2685 2735 0
2735 2685 2736 0
2685 2686 2736 0
2736 2686 2737 0
2686 2687 2737 0
2737 2687 2738 0
2687 2688 2738 0
2738 2688 2739 0
2688 2689 2739 0
2739 2689 2740 0
2689 2690 2740 0
2740 2690 2741 0
2690 2691 2741 0
2741 2691 2742 0
2691 2692 2742 0
2742 2692 2743 0
2692 2693 2743 0
2743 2693 2744 0
2693 2694 2744 0
2744 2694 2745 0
2694 2695 2745 0
2745 2695 2746 0
2695 2696 2746 0
2746 2696 2747 0
2696 2697 2747 0
2747 2697 2748 0
2697 2698 2748 0
2748 2698 2749 0
2698 2699 2749 0
2749 2699 2750 0
2699 2700 2750 0
2750 2700 2751 0
2700 2701 2751 0
2751 2701 2752 0
2701 2702 2752 0
2752 2702 2753 0
2702 2703 2753 0
2753 2703 2754 0
2704 2705 2755 0
2755 2705 2756 0
2705 2706 2756 0
2756 2706 2757 0
2706 2707 2757 0
2757 2707 2758 0
2707 2708 2758 0
2758 2708 2759 0
2708 2709 2759 0
2759 2709 2760 0
2709 2710 2760 0
2760 2710 2761 0
2710 2711 2761 0
2761 2711 2762 0
2711 2712 2762 0
2762 2712 2763 0
2712 2713 2763 0
2763 2713 2764 0
2713 2714 2764 0
2764 2714 2765 0
2714 2715 2765 0
2765 2715 2766 0
2715 2716 2766 0
2766 2716 2767 0
2716 2717 2767 0
2767 2717 2768 0
2717 2718 2768 0
2768 2718 2769 0
2718 2719 2769 0
2769 2719 2770 0
2719 2720 2770 0
2770 2720 2771 0
2720 2721 2771 0
2771 2721 2772 0
2721 2722 2772 0
2772 2722 2773 0
2722 2723 2773 0
2773 2723 2774 0
2723 2724 2774 0
2774 2724 2775 0
2724 2725 2775 0
2775 2725 2776 0
2725 2726 2776 0
2776 2726 2777 0
2726 2727 2777 0
2777 2727 2778 0
2727 2728 2778 0
2778 2728 2779 0
2728 2729 2779 0
2779 2729 2780 0
2729 2730 2780 0
2780 2730 2781 0
2730 2731 2781 0
2781 2731 2782 0
2731 2732 2782 0
2782 2732 2783 0
2732 2733 2783 0
2783 2733 2784 0
2733 2734 2784 0
2784 2734 2785 0
2734 2735 2785 0
2785 2735 2786 0
2735 2736 2786 0
2786 2736 2787 0
2736 2737 2787 0
2787 2737 2788 0
2737 2738 2788 0
2788 2738 2789 0
2738 2739 2789 0
2789 2739 2790 0
2739 2740 2790 0
2790 2740 2791 0
2740 2741 2791 0
2791 2741 2792 0
2741 2742 2792 0
2792 2742 2793 0
2742 2743 2793 0
2793 2743 2794 0
2743 2744 2794 0
2794 2744 2795 0
2744 2745 2795 0
2795 2745 2796 0
2745 2746 2796 0
2796 2746 2797 0
2746 2747 2797 0
2797 2747 2798 0
2747 2748 2798 0
2798 2748 2799 0
2748 2749 2799 0
2799 2749 2800 0
2749 2750 2800 0
2800 2750 2801 0
2750 2751 2801 0
2801 2751 2802 0
2751 2752 2802 0
2802 2752 2803 0
2752 2753 2803 0
2803 2753 2804 0
2753 2754 2804 0
2804 2754 2805 0
2755 2756 2806 0
2806 2756 2807 0
2756 2757 2807 0
2807 2757 2808 0
2757 2758 2808 0
2808 2758 2809 0
2758 2759 2809 0
2809 2759 2810 0
2759 2760 2810 0
2810 2760 2811 0
2760 2761 2811 0
2811 2761 2812 0
2761 2762 2812 0
2812 2762 2813 0
2762 2763 2813 0
2813 2763 2814 0
2763 2764 2814 0
2814 2764 2815 0
2764 2765 2815 0
2815 2765 2816 0
2765 2766 2816 0
2816 2766 2817 0
2766 2767 2817 0
2817 2767 2818 0
2767 2768 2818 0
2818 2768 2819 0
2768 2769 2819 0
2819 2769 2820 0
2769 2770 2820 0
2820 2770 2821 0
2770 2771 2821 0
2821 2771 2822 0
2771 2772 2822 0
2822 2772 2823 0
2772 2773 2823 0
2823 2773 2824 0
2773 2774 2824 0
2824 2774 2825 0
2774 2775 2825 0
2825 2775 2826 0
2775 2776 2826 0
2826 2776 2827 0
2776 2777 2827 0
2827 2777 2828 0
2777 2778 2828 0
2828 2778 2829 0
2778 2779 2829 0
2829 2779 2830 0
2779 2780 2830 0
2830 2780 2831 0
2780 2781 2831 0
2831 2781 2832 0
2781 2782 2832 0
2832 2782 2833 0
2782 2783 2833 0
2833 2783 2834 0
2783 2784 2834 0
2834 2784 2835 0
2784 2785 2835 0
2835 2785 2836 0
2785 2786 2836 0
2836 2786 2837 0
2786 2787 2837 0
2837 2787 2838 0
2787 2788 2838 0
2838 2788 2839 0
2788 2789 2839 0
2839 2789 2840 0
2789 2790 2840 0
2840 2790 2841 0
2790 2791 2841 0
2841 2791 2842 0
2791 2792 2842 0
2842 2792 2843 0
2792 2793 2843 0
2843 2793 2844 0
2793 2794 2844 0
2844 2794 2845 0
2794 2795 2845 0
2845 2795 2846 0
2795 2796 2846 0
2846 2796 2847 0
2796 2797 2847 0
2847 2797 2848 0
2797 2798 2848 0
2848 2798 2849 0
2798 2799 2849 0
2849 2799 2850 0
2799 2800 2850 0
2850 2800 2851 0
2800 2801 2851 0
2851 2801 2852 0
2801 2802 2852 0
2852 2802 2853 0
2802 2803 2853 0
2853 2803 2854 0
2803 2804 2854 0
2854 2804 2855 0
2804 2805 2855 0
2855 2805 2856 0
2806 2807 2857 0
2857 2807 2858 0
2807 2808 2858 0
2858 2808 2859 0
2808 2809 2859 0
2859 2809 2860 0
2809 2810 2860 0
2860 2810 2861 0
2810 2811 2861 0
2861 2811 2862 0
2811 2812 2862 0
2862 2812 2863 0
2812 2813 2863 0
2863 2813 2864 0
2813 2814 2864 0
2864 2814 2865 0
2814 2815 2865 0
2865 2815 2866 0
2815 2816 2866 0
2866 2816 2867 0
2816 2817 2867 0
2867 2817 2868 0
2817 2818 2868 0
2868 2818 2869 0
2818 2819 2869 0
2869 2819 2870 0
2819 2820 2870 0
2870 2820 2871 0
2820 2821 2871 0
2871 2821 2872 0
2821 2822 2872 0
2872 2822 2873 0
2822 2823 2873 0
2873 2823 2874 0
2823 2824 2874 0
2874 2824 2875 0
2824 2825 2875 0
2875 2825 2876 0
2825 2826 2876 0
2876 2826 2877 0
2826 2827 2877 0
2877 2827 2878 0
2827 2828 2878 0
2878 2828 2879 0
2828 2829 2879 0
2879 2829 2880 0
2829 2830 2880 0
2880 2830 2881 0
2830 2831 2881 0
2881 2831 2882 0
2831 2832 2882 0
2882 2832 2883 0
2832 2833 2883 0
2883 2833 2884 0
2833 2834 2884 0
2884 2834 2885 0
2834 2835 2885 0
2885 2835 2886 0
2835 2836 2886 0
2886 2836 2887 0
2836 2837 2887 0
2887 2837 2888 0
2837 2838 2888 0
2888 2838 2889 0
2838 2839 2889 0
2889 2839 2890 0
2839 2840 2890 0
2890 2840 2891 0
2840 2841 2891 0
2891 2841 2892 0
2841 2842 2892 0
2892 2842 2893 0
2842 2843 2893 0
2893 2843 2894 0
2843 2844 2894 0
2894 2844 2895 0
2844 2845 2895 0
2895 2845 2896 0
2845 2846 2896 0
2896 2846 2897 0
2846 2847 2897 0
2897 2847 2898 0
2847 2848 2898 0
2898 2848 2899 0
2848 2849 2899 0
2899 2849 2900 0
2849 2850 2900 0
2900 2850 2901 0
2850 2851 2901 0
2901 2851 2902 0
2851 2852 2902 0
2902 2852 2903 0
2852 2853 2903 0
2903 2853 2904 0
2853 2854 2904 0
2904 2854 2905 0
2854 2855 2905 0
2905 2855 2906 0
2855 2856 2906 0
2906 2856 2907 0
2857 2858 2908 0
2908 2858 2909 0
2858 2859 2909 0
2909 2859 2910 0
2859 2860 2910 0
2910 2860 2911 0
2860 2861 2911 0
2911 2861 2912 0
2861 2862 2912 0
2912 2862 2913 0
2862 2863 2913 0
2913 2863 2914 0
2863 2864 2914 0
2914 2864 2915 0
2864 2865 2915 0
2915 2865 2916 0
2865 2866 2916 0
2916 2866 2917 0
2866 2867 2917 0
2917 2867 2918 0
2867 2868 2918 0
2918 2868 2919 0
2868 2869 2919 0
2919 2869 2920 0
2869 2870 2920 0
2920 2870 2921 0
2870 2871 2921 0
2921 2871 2922 0
2871 2872 2922 0
2922 2872 2923 0
2872 2873 2923 0
2923 2873 2924 0
2873 2874 2924 0
2924 2874 2925 0
2874 2875 2925 0
2925 2875 2926 0
2875 2876 2926 0
2926 2876 2927 0
2876 2877 2927 0
2927 2877 2928 0
2877 2878 2928 0
2928 2878 2929 0
2878 2879 2929 0
2929 2879 2930 0
2879 2880 2930 0
2930 2880 2931 0
2880 2881 2931 0
2931 2881 2932 0
2881 2882 2932 0
2932 2882 2933 0
2882 2883 2933 0
2933 2883 2934 0
2883 2884 2934 0
2934 2884 2935 0
2884 2885 2935 0
2935 2885 2936 0
2885 2886 2936 0
2936 2886 2937 0
2886 2887 2937 0
2937 2887 2938 0
2887 2888 2938 0
2938 2888 2939 0
2888 2889 2939 0
2939 2889 2940 0
2889 2890 2940 0
2940 2890 2941 0
2890 2891 2941 0
2941 2891 2942 0
2891 2892 2942 0
2942 2892 2943 0
2892 2893 2943 0
2943 2893 2944 0
2893 2894 2944 0
2944 2894 2945 0
2894 2895 2945 0
2945 2895 2946 0
2895 2896 2946 0
2946 2896 2947 0
2896 2897 2947 0
2947 2897 2948 0
2897 2898 2948 0
2948 2898 2949 0
2898 2899 2949 0
2949 2899 2950 0
2899 2900 2950 0
2950 2900 2951 0
2900 2901 2951 0
2951 2901 2952 0
2901 2902 2952 0
2952 2902 2953 0
2902 2903 2953 0
2953 2903 2954 0
2903 2904 2954 0
2954 2904 2955 0
2904 2905 2955 0
2955 2905 2956 0
2905 2906 2956 0
2956 2906 2957 0
2906 2907 2957 0
2957 2907 2958 0
2908 2909 2959 0
2959 2909 2960 0
2909 2910 2960 0
2960 2910 2961 0
2910 2911 2961 0
2961 2911 2962 0
2911 2912 2962 0
2962 2912 2963 0
2912 2913 2963 0
2963 2913 2964 0
2913 2914 2964 0
2964 2914 2965 0
2914 2915 2965 0
2965 2915 2966 0
2915 2916 2966 0
2966 2916 2967 0
2916 2917 2967 0
2967 2917 2968 0
2917 2918 2968 0
2968 2918 2969 0
2918 2919 2969 0
2969 2919 2970 0
2919 2920 2970 0
2970 2920 2971 0
2920 2921 2971 0
2971 2921 2972 0
2921 2922 2972 0
2972 2922 2973 0
2922 2923 2973 0
2973 2923 2974 0
2923 2924 2974 0
2974 2924 2975 0
2924 2925 2975 0
2975 2925 2976 0
2925 2926 2976 0
2976 2926 2977 0
2926 2927 2977 0
2977 2927 2978 0
2927 2928 2978 0
2978 2928 2979 0
2928 2929 2979 0
2979 2929 2980 0
2929 2930 2980 0
2980 2930 2981 0
2930 2931 2981 0
2981 2931 2982 0
2931 2932 2982 0
2982 2932 2983 0
2932 2933 2983 0
2983 2933 2984 0
2933 2934 2984 0
2984 2934 2985 0
2934 2935 2985 0
2985 2935 2986 0
2935 2936 2986 0
2986 2936 2987 0
2936 2937 2987 0
2987 2937 2988 0
2937 2938 2988 0
2988 2938 2989 0
2938 2939 2989 0
2989 2939 2990 0
2939 2940 2990 0
2990 2940 2991 0
2940 2941 2991 0
2991 2941 2992 0
2941 2942 2992 0
2992 2942 2993 0
2942 2943 2993 0
2993 2943 2994 0
2943 2944 2994 0
2994 2944 2995 0
2944 2945 2995 0
2995 2945 2996 0
2945 2946 2996 0
2996 2946 2997 0
2946 2947 2997 0
2997 2947 2998 0
2947 2948 2998 0
2998 2948 2999 0
2948 2949 2999 0
2999 2949 3000 0
2949 2950 3000 0
3000 2950 3001 0
2950 2951 3001 0
3001 2951 3002 0
2951 2952 3002 0
3002 2952 3003 0
2952 2953 3003 0
3003 2953 3004 0
2953 2954 3004 0
3004 2954 3005 0
2954 2955 3005 0
3005 2955 3006 0
2955 2956 3006 0
3006 2956 3007 0
2956 2957 3007 0
3007 2957 3008 0
2957 2958 3008 0
3008 2958 3009 0
2959 2960 3010 0
3010 2960 3011 0
2960 2961 3011 0
3011 2961 3012 0
2961 2962 3012 0
3012 2962 3013 0
2962 2963 3013 0
3013 2963 3014 0
2963 2964 3014 0
3014 2964 3015 0
2964 2965 3015 0
3015 2965 3016 0
2965 2966 3016 0
3016 2966 3017 0
2966 2967 3017 0
3017 2967 3018 0
2967 2968 3018 0
3018 2968 3019 0
2968 2969 3019 0
3019 2969 3020 0
2969 2970 3020 0
3020 2970 3021 0
2970 2971 3021 0
3021 2971 3022 0
2971 2972 3022 0
3022 2972 3023 0
2972 2973 3023 0
3023 2973 3024 0
2973 2974 3024 0
3024 2974 3025 0
2974 2975 3025 0
3025 2975 3026 0
2975 2976 3026 0
3026 2976 3027 0
2976 2977 3027 0
3027 2977 3028 0
2977 2978 3028 0
3028 2978 3029 0
2978 2979 3029 0
3029 2979 3030 0
2979 2980 3030 0
3030 2980 3031 0
2980 2981 3031 0
3031 2981 3032 0
2981 2982 3032 0
3032 2982 3033 0
2982 2983 3033 0
3033 2983 3034 0
2983 2984 3034 0
3034 2984 3035 0
2984 2985 3035 0
3035 2985 3036 0
2985 2986 3036 0
3036 2986 3037 0
2986 2987 3037 0
3037 2987 3038 0
2987 2988 3038 0
3038 2988 3039 0
2988 2989 3039 0
3039 2989 3040 0
2989 2990 3040 0
3040 2990 3041 0
2990 2991 3041 0
3041 2991 3042 0
2991 2992 3042 0
3042 2992 3043 0
2992 2993 3043 0
3043 2993 3044 0
2993 2994 3044 0
3044 2994 3045 0
2994 2995 3045 0
3045 2995 3046 0
2995 2996 3046 0
3046 2996 3047 0
2996 2997 3047 0
3047 2997 3048 0
2997 2998 3048 0
3048 2998 3049 0
2998 2999 3049 0
3049 2999 3050 0
2999 3000 3050 0
3050 3000 3051 0
3000 3001 3051 0
3051 3001 3052 0
3001 3002 3052 0
3052 3002 3053 0
3002 3003 3053 0
3053 3003 3054 0
3003 3004 3054 0
3054 3004 3055 0
3004 3005 3055 0
3055 3005 3056 0
3005 3006 3056 0
3056 3006 3057 0
3006 3007 3057 0
3057 3007 3058 0
3007 3008 3058 0
3058 3008 3059 0
3008 3009 3059 0
3059 3009 3060 0
3010 3011 3061 0
3061 3011 3062 0
3011 3012 3062 0
3062 3012 3063 0
3012 3013 3063 0
3063 3013 3064 0
3013 3014 3064 0
3064 3014 3065 0
3014 3015 3065 0
3065 3015 3066 0
3015 3016 3066 0
3066 3016 3067 0
3016 3017 3067 0
3067 3017 3068 0
3017 3018 3068 0
3068 3018 3069 0
3018 3019 3069 0
3069 3019 3070 0
3019 3020 3070 0
3070 3020 3071 0
3020 3021 3071 0
3071 3021 3072 0
3021 3022 3072 0
3072 3022 3073 0
3022 3023 3073 0
3073 3023 3074 0
3023 3024 3074 0
3074 3024 3075 0
3024 3025 3075 0
3075 3025 3076 0
3025 3026 3076 0
3076 3026 3077 0
3026 3027 3077 0
3077 3027 3078 0
3027 3028 3078 0
3078 3028 3079 0
3028 3029 3079 0
3079 3029 3080 0
3029 3030 3080 0
3080 3030 3081 0
3030 3031 3081 0
3081 3031 3082 0
3031 3032 3082 0
3082 3032 3083 0
3032 3033 3083 0
3083 3033 3084 0
3033 3034 3084 0
3084 3034 3085 0
3034 3035 3085 0
3085 3035 3086 0
3035 3036 3086 0
3086 3036 3087 0
3036 3037 3087 0
3087 3037 3088 0
3037 3038 3088 0
3088 3038 3089 0
3038 3039 3089 0
3089 3039 3090 0
3039 3040 3090 0
3090 3040 3091 0
3040 3041 3091 0
3091 3041 3092 0
3041 3042 3092 0
3092 3042 3093 0
3042 3043 3093 0
3093 3043 3094 0
3043 3044 3094 0
3094 3044 3095 0
3044 3045 3095 0
3095 3045 3096 0
3045 3046 3096 0
3096 3046 3097 0
3046 3047 3097 0
3097 3047 3098 0
3047 3048 3098 0
3098 3048 3099 0
3048 3049 3099 0
3099 3049 3100 0
3049 3050 3100 0
3100 3050 3101 0
3050 3051 3101 0
3101 3051 3102 0
3051 3052 3102 0
3102 3052 3103 0
3052 3053 3103 0
3103 3053 3104 0
3053 3054 3104 0
3104 3054 3105 0
3054 3055 3105 0
3105 3055 3106 0
3055 3056 3106 0
3106 3056 3107 0
3056 3057 3107 0
3107 3057 3108 0
3057 3058 3108 0
3108 3058 3109 0
3058 3059 3109 0
3109 3059 3110 0
3059 3060 3110 0
3110 3060 3111 0
1 2 1
2 3 1
3 4 1
4 5 1
5 6 1
6 7 1
7 8 1
8 9 1
9 10 1
10 11 1
11 12 1
12 13 1
13 14 1
14 15 1
15 16 1
16 17 1
17 18 1
18 19 1
19 20 1
20 21 1
21 22 1
22 23 1
23 24 1
24 25 1
25 26 1
26 27 1
27 28 1
28 29 1
29 30 1
30 31 1
31 32 1
32 33 1
33 34 1
34 35 1
35 36 1
36 37 1
37 38 1
38 39 1
39 40 1
40 41 1
41 42 1
42 43 1
43 44 1
44 45 1
45 46 1
46 47 1
47 48 1
48 49 1
49 50 1
50 51 1
51 102 2
102 153 2
153 204 2
204 255 2
255 306 2
306 357 2
357 408 2
408 459 2
459 510 2
510 561 2
561 612 2
612 663 2
663 714 2
714 765 2
765 816 2
816 867 2
867 918 2
918 969 2
969 1020 2
1020 1071 2
1071 1122 2
1122 1173 2
1173 1224 2
1224 1275 2
1275 1326 2
1326 1377 2
1377 1428 2
1428 1479 2
1479 1530 2
1530 1581 2
1581 1632 2
1632 1683 2
1683 1734 2
1734 1785 2
1785 1836 2
1836 1887 2
1887 1938 2
1938 1989 2
1989 2040 2
2040 2091 2
2091 2142 2
2142 2193 2
2193 2244 2
2244 2295 2
2295 2346 2
2346 2397 2
2397 2448 2
2448 2499 2
2499 2550 2
2550 2601 2
2601 2652 2
2652 2703 2
2703 2754 2
2754 2805 2
2805 2856 2
2856 2907 2
2907 2958 2
2958 3009 2
3009 3060 2
3060 3111 2
3062 3061 3
3063 3062 3
3064 3063 3
3065 3064 3
3066 3065 3
3067 3066 3
3068 3067 3
3069 3068 3
3070 3069 3
3071 3070 3
3072 3071 3
3073 3072 3
3074 3073 3
3075 3074 3
3076 3075 3
3077 3076 3
3078 3077 3
3079 3078 3
3080 3079 3
3081 3080 3
3082 3081 3
3083 3082 3
3084 3083 3
3085 3084 3
3086 3085 3
3087 3086 3
3088 3087 3
3089 3088 3
3090 3089 3
3091 3090 3
3092 3091 3
3093 3092 3
3094 3093 3
3095 3094 3
3096 3095 3
3097 3096 3
3098 3097 3
3099 3098 3
3100 3099 3
3101 3100 3
3102 3101 3
3103 3102 3
3104 3103 3
3105 3104 3
3106 3105 3
3107 3106 3
3108 3107 3
3109 3108 3
3110 3109 3
3111 3110 3
52 1 4
103 52 4
154 103 4
205 154 4
256 205 4
307 256 4
358 307 4
409 358 4
460 409 4
511 460 4
562 511 4
613 562 4
664 613 4
715 664 4
766 715 4
817 766 4
868 817 4
919 868 4
970 919 4
1021 970 4
1072 1021 4
1123 1072 4
1174 1123 4
1225 1174 4
1276 1225 4
1327 1276 4
1378 1327 4
1429 1378 4
1480 1429 4
1531 1480 4
1582 1531 4
1633 1582 4
1684 1633 4
1735 1684 4
1786 1735 4
1837 1786 4
1888 1837 4
1939 1888 4
1990 1939 4
2041 1990 4
2092 2041 4
2143 2092 4
2194 2143 4
2245 2194 4
2296 2245 4
2347 2296 4
2398 2347 4
2449 2398 4
2500 2449 4
2551 2500 4
2602 2551 4
2653 2602 4
2704 2653 4
2755 2704 4
2806 2755 4
2857 2806 4
2908 2857 4
2959 2908 4
3010 2959 4
3061 3010 4
